{"__type__":"cc.AnimationClip","_name":"T_yujing_red","_duration":1,"sample":30,"wrapMode":2,"curveData":{"paths":{"New Sprite":{"props":{"scaleX":[{"frame":0,"value":0.88},{"frame":0.5,"value":1.03},{"frame":1,"value":0.88}],"scaleY":[{"frame":0,"value":0.88},{"frame":0.5,"value":1.03},{"frame":1,"value":0.88}]}},"New Sprite1":{"props":{"scaleX":[{"frame":0,"value":1},{"frame":0.5,"value":0.9},{"frame":1,"value":1}],"scaleY":[{"frame":0,"value":1},{"frame":0.5,"value":0.9},{"frame":1,"value":1}],"opacity":[{"frame":0,"value":150},{"frame":0.5,"value":255},{"frame":1,"value":150}]}}}}}