{"ID":"ac646898-d628-42ad-93a3-4a851e8894dc","Version":"3.10.0.0","Name":"LoginScene","Content":{"Content":{"Animation":{"Duration":0,"Speed":1.0,"Timelines":[],"ctype":"TimelineActionData"},"AnimationList":[],"ObjectData":{"Tag":72,"Children":[{"FileData":{"Type":"Normal","Path":"inner/M_Login_Bg.jpg","Plist":""},"Scale9OriginX":211,"Scale9OriginY":374,"Scale9Width":218,"Scale9Height":388,"AnchorPoint":{"ScaleX":0.5,"ScaleY":0.5},"Position":{"X":320.0,"Y":568.0},"Scale":{"ScaleX":1.0,"ScaleY":1.0},"CColor":{},"IconVisible":false,"PositionPercentXEnabled":true,"PositionPercentYEnabled":true,"PrePosition":{"X":0.5,"Y":0.5},"PercentWidthEnable":true,"PercentHeightEnable":true,"PercentWidthEnabled":true,"PercentHeightEnabled":true,"PreSize":{"X":1.0,"Y":1.0},"Tag":200,"ActionTag":-1029356910,"Size":{"X":640.0,"Y":1136.0},"Name":"ImageView_99_Copy0","ctype":"ImageViewObjectData"},{"IsCustomSize":true,"FontSize":30,"LabelText":"\n","HorizontalAlignmentType":"HT_Center","VerticalAlignmentType":"VT_Center","OutlineColor":{"R":0,"G":0,"B":0},"ShadowColor":{"R":0,"G":0,"B":0},"ShadowOffsetX":2.0,"ShadowOffsetY":-2.0,"AnchorPoint":{"ScaleX":0.5,"ScaleY":0.5},"Position":{"X":320.0,"Y":340.8},"Scale":{"ScaleX":1.0,"ScaleY":1.0},"CColor":{"R":221,"G":159,"B":101},"IconVisible":false,"PositionPercentXEnabled":true,"PositionPercentYEnabled":true,"PrePosition":{"X":0.5,"Y":0.3},"PreSize":{"X":0.625,"Y":0.0528},"LeftMargin":120.0,"RightMargin":120.0,"TopMargin":765.2,"BottomMargin":310.8,"Tag":190,"ActionTag":-1967655407,"ZOrder":1,"Size":{"X":400.0,"Y":60.0},"Name":"Text_LoadingTips","ctype":"TextObjectData"},{"FileData":{"Type":"Normal","Path":"inner/M_LoginText.png","Plist":""},"Scale9OriginX":197,"Scale9OriginY":40,"Scale9Width":204,"Scale9Height":42,"AnchorPoint":{"ScaleX":0.5,"ScaleY":0.5},"Position":{"X":320.0,"Y":71.0},"Scale":{"ScaleX":1.0,"ScaleY":1.0},"CColor":{},"IconVisible":false,"PositionPercentXEnabled":true,"PrePosition":{"X":0.5,"Y":0.0625},"PreSize":{"X":0.9344,"Y":0.1074},"VerticalEdge":"BottomEdge","LeftMargin":21.0,"RightMargin":21.0,"TopMargin":1004.0,"BottomMargin":10.0,"Tag":21,"ActionTag":-1202347529,"Size":{"X":598.0,"Y":122.0},"Name":"Image_1","ctype":"ImageViewObjectData"}],"Size":{"X":640.0,"Y":1136.0},"Name":"Scene","ctype":"SingleNodeObjectData"},"UsedResources":["M_Login_Bg.jpg","M_LoginText.png"],"ctype":"GameFileData"}},"Type":"Scene"}