{"__type__":"cc.AnimationClip","_name":"chusheng","_duration":0.52,"curveData":{"paths":{"line1":{"props":{"scaleX":[{"frame":0,"value":0.6},{"frame":0.08333333333333333,"value":1.2},{"frame":0.16666666666666666,"value":1.2},{"frame":0.25,"value":1},{"frame":0.3333333333333333,"value":0.6}],"scaleY":[{"frame":0,"value":0.3},{"frame":0.08333333333333333,"value":0.4},{"frame":0.16666666666666666,"value":0.6},{"frame":0.3333333333333333,"value":1}],"position":[{"frame":0,"value":[0,10]},{"frame":0.08333333333333333,"value":[0,15]},{"frame":0.16666666666666666,"value":[0,25]},{"frame":0.3333333333333333,"value":[0,50]}],"opacity":[{"frame":0.16666666666666666,"value":255},{"frame":0.3333333333333333,"value":5}],"color":[{"frame":0.16666666666666666,"value":{"__type__":"cc.Color","r":255,"g":255,"b":255}},{"frame":0.3333333333333333,"value":{"__type__":"cc.Color","r":255,"g":125}}]},"comps":{"cc.Sprite":{}}},"gh_d":{"props":{"scaleX":[{"frame":0,"value":0.25},{"frame":0.08333333333333333,"value":1},{"frame":0.25,"value":1.25}],"scaleY":[{"frame":0,"value":0.25},{"frame":0.08333333333333333,"value":1},{"frame":0.25,"value":1.25}],"opacity":[{"frame":0.08333333333333333,"value":255},{"frame":0.16666666666666666,"value":127},{"frame":0.25,"value":0}],"color":[{"frame":0.08333333333333333,"value":{"__type__":"cc.Color","r":255,"g":255,"b":255}},{"frame":0.16666666666666666,"value":{"__type__":"cc.Color","r":255,"g":225,"b":125}},{"frame":0.25,"value":{"__type__":"cc.Color","r":255,"g":150}}]}},"glow":{"props":{"scaleX":[{"frame":0,"value":0.5},{"frame":0.16666666666666666,"value":1.5},{"frame":0.4166666666666667,"value":2}],"scaleY":[{"frame":0,"value":0.5},{"frame":0.16666666666666666,"value":1.5},{"frame":0.4166666666666667,"value":2}],"opacity":[{"frame":0.16666666666666666,"value":255},{"frame":0.25,"value":75},{"frame":0.4166666666666667,"value":0}],"color":[{"frame":0.08333333333333333,"value":{"__type__":"cc.Color","r":255,"g":255,"b":255}},{"frame":0.16666666666666666,"value":{"__type__":"cc.Color","r":255,"g":250,"b":125}},{"frame":0.4166666666666667,"value":{"__type__":"cc.Color","r":255,"g":125}}]}},"line2":{"props":{"position":[{"frame":0,"value":[-7.5,10.2]},{"frame":0.08333333333333333,"value":[-25,25]},{"frame":0.36666666666666664,"value":[-25,50]}],"scaleX":[{"frame":0,"value":0.25},{"frame":0.08333333333333333,"value":0.5},{"frame":0.36666666666666664,"value":0}],"scaleY":[{"frame":0,"value":0.5},{"frame":0.08333333333333333,"value":1.5},{"frame":0.36666666666666664,"value":1}],"color":[{"frame":0.08333333333333333,"value":{"__type__":"cc.Color","r":255,"g":255,"b":255}},{"frame":0.36666666666666664,"value":{"__type__":"cc.Color","r":255,"g":175,"b":50}}]}},"line3":{"props":{"position":[{"frame":0,"value":[0,0]},{"frame":0.08333333333333333,"value":[30,8.661290322580644]},{"frame":0.5166666666666667,"value":[30,53.7]}],"scaleX":[{"frame":0,"value":0.25},{"frame":0.08333333333333333,"value":0.5},{"frame":0.5166666666666667,"value":0}],"scaleY":[{"frame":0,"value":0.5},{"frame":0.08333333333333333,"value":1}],"opacity":[{"frame":0.25,"value":255},{"frame":0.5166666666666667,"value":100}],"color":[{"frame":0.16666666666666666,"value":{"__type__":"cc.Color","r":255,"g":225,"b":150}},{"frame":0.5166666666666667,"value":{"__type__":"cc.Color","r":255,"g":225}}]}},"line4":{"props":{"position":[{"frame":0,"value":[7.2,12.2]},{"frame":0.08333333333333333,"value":[7.2,40]},{"frame":0.16666666666666666,"value":[7.2,60]},{"frame":0.4666666666666667,"value":[7.2,100]}],"scaleX":[{"frame":0,"value":0.25},{"frame":0.25,"value":0.25},{"frame":0.4666666666666667,"value":0}],"scaleY":[{"frame":0,"value":1},{"frame":0.08333333333333333,"value":1.5},{"frame":0.25,"value":1.75},{"frame":0.4666666666666667,"value":1}],"color":[{"frame":0.08333333333333333,"value":{"__type__":"cc.Color","r":255,"g":255,"b":255}},{"frame":0.25,"value":{"__type__":"cc.Color","r":255,"g":225,"b":150}}]}}}}}