[{"__type__":"cc.SpriteFrame","content":{"name":"zidan04","texture":"20wkx7r05LO5L2PvQg5zW3","rect":[989,1155,31,43],"offset":[0,0],"originalSize":[31,43]}},{"__type__":"cc.SpriteFrame","content":{"name":"zidan02","texture":"20wkx7r05LO5L2PvQg5zW3","rect":[143,498,19,56],"offset":[0,0],"originalSize":[19,56]}},{"__type__":"cc.SpriteFrame","content":{"name":"zidan05_2","texture":"20wkx7r05LO5L2PvQg5zW3","rect":[231,1160,28,53],"offset":[0,0],"originalSize":[30,53]}},{"__type__":"cc.SpriteFrame","content":{"name":"zidan06","texture":"20wkx7r05LO5L2PvQg5zW3","rect":[231,1101,30,39],"offset":[0,0],"originalSize":[30,39]}},{"__type__":"cc.AnimationClip","_name":"T_zidan_jiaxue_M","_duration":0.36666666666666664,"sample":30,"wrapMode":2,"curveData":{"paths":{"tuowei":{"props":{"scaleY":[{"frame":0,"value":1.98},{"frame":0.1,"value":2.7},{"frame":0.16666666666666666,"value":1.91},{"frame":0.26666666666666666,"value":2.68},{"frame":0.36666666666666664,"value":1.98}],"scaleX":[{"frame":0,"value":1.02},{"frame":0.1,"value":1.14},{"frame":0.16666666666666666,"value":1.02},{"frame":0.26666666666666666,"value":1.14},{"frame":0.36666666666666664,"value":1.02}],"x":[{"frame":0.3333333333333333,"value":0}],"y":[{"frame":0.3333333333333333,"value":-13.5}]}},"zidan":{"props":{}},"tuowei2":{"props":{"scaleX":[{"frame":0,"value":1.55},{"frame":0.06666666666666667,"value":1.29},{"frame":0.16666666666666666,"value":1.55},{"frame":0.26666666666666666,"value":1.29},{"frame":0.36666666666666664,"value":1.55}],"scaleY":[{"frame":0,"value":1.55},{"frame":0.06666666666666667,"value":1.23},{"frame":0.16666666666666666,"value":1.55},{"frame":0.26666666666666666,"value":1.23},{"frame":0.36666666666666664,"value":1.55}],"y":[{"frame":0,"value":-55},{"frame":0.06666666666666667,"value":-44.2},{"frame":0.16666666666666666,"value":-55},{"frame":0.26666666666666666,"value":-44.2},{"frame":0.3333333333333333,"value":-47.8},{"frame":0.36666666666666664,"value":-55}],"x":[{"frame":0,"value":-0.9},{"frame":0.16666666666666666,"value":-0.9},{"frame":0.3333333333333333,"value":-0.9},{"frame":0.36666666666666664,"value":-0.9}]}}},"props":{}}},[{"__type__":"cc.Prefab","_name":"Bulletjiaxue_M","data":{"__id__":1},"asyncLoadAssets":false},{"__type__":"cc.Node","_name":"Bulletjiaxue_M","_children":[{"__id__":2}],"_components":[{"__id__":8},{"__type__":"f4db7hX/9JG34obQhIL9xYo","node":{"__id__":1},"EntityType":12,"DeadPrefab":{"__uuid__":"45TEPLtsJDgYcBu4JrF4ce"},"DeadPrefabName":"T_shouji_zhiliao_H","Body":{"__id__":3},"dieAnimationClip":"T_shouji_zhiliao_M","MyCollider":{"__id__":8},"colorSpriteChange":[{"__id__":4},{"__id__":5},{"__id__":6},{"__id__":7}],"blueTeamColor":{"__type__":"cc.Color","r":252,"g":247,"b":247,"a":5},"redTeamColor":{"__type__":"cc.Color","r":241,"g":121,"b":121}}],"_prefab":{"__type__":"cc.PrefabInfo","root":{"__id__":1},"asset":{"__uuid__":"be+ab/d/FIeKntu865Sna0"},"fileId":"fbT5c+7q5Ai57oVT1aOUtx"},"_contentSize":{"__type__":"cc.Size","width":25,"height":40},"groupIndex":6},{"__type__":"cc.Node","_name":"Body","_parent":{"__id__":1},"_children":[{"__id__":3}],"_prefab":{"__type__":"cc.PrefabInfo","root":{"__id__":1},"asset":{"__uuid__":"be+ab/d/FIeKntu865Sna0"},"fileId":"6e51+LM9VGpoLGpGOhnxMX"},"_contentSize":{"__type__":"cc.Size","width":23,"height":34}},{"__type__":"cc.Node","_name":"T_zidan_jiaxue_M","_parent":{"__id__":2},"_children":[{"__id__":4},{"__id__":5},{"__id__":6},{"__id__":7}],"_components":[{"__type__":"cc.Animation","node":{"__id__":3},"_defaultClip":{"__uuid__":"8f8ExFn8tOiIHQaPeBwW9m"},"_clips":[{"__uuid__":"8f8ExFn8tOiIHQaPeBwW9m"}],"playOnLoad":true}],"_prefab":{"__type__":"cc.PrefabInfo","root":{"__id__":1},"asset":{"__uuid__":"be+ab/d/FIeKntu865Sna0"},"fileId":"8azNG3HjhJbphu/iElI9my"},"_scaleX":0.95,"_scaleY":0.95},{"__type__":"cc.Node","_name":"tuowei","_parent":{"__id__":3},"_components":[{"__type__":"cc.Sprite","node":{"__id__":4},"_spriteFrame":{"__uuid__":"50H3/BaIdOGqoXs92bPMNi"},"_dstBlendFactor":0}],"_prefab":{"__type__":"cc.PrefabInfo","root":{"__id__":1},"asset":{"__uuid__":"be+ab/d/FIeKntu865Sna0"},"fileId":"7dkSJJaXFMlpv3CQIWjtL5"},"_opacity":200,"_color":{"__type__":"cc.Color","r":122,"g":255},"_anchorPoint":{"__type__":"cc.Vec2","x":0.5,"y":1},"_contentSize":{"__type__":"cc.Size","width":19,"height":56},"_scaleX":1.04,"_scaleY":3.13,"_position":{"__type__":"cc.Vec2","y":-13.5}},{"__type__":"cc.Node","_name":"tuowei2","_parent":{"__id__":3},"_components":[{"__type__":"cc.Sprite","node":{"__id__":5},"_spriteFrame":{"__uuid__":"67qRjCYs9MEou/Fr+qv31t"},"_dstBlendFactor":0}],"_prefab":{"__type__":"cc.PrefabInfo","root":{"__id__":1},"asset":{"__uuid__":"be+ab/d/FIeKntu865Sna0"},"fileId":"7c5W7MmvlBcZNDtXI68ZCX"},"_contentSize":{"__type__":"cc.Size","width":28,"height":53},"_scaleX":1.28,"_scaleY":1.37,"_position":{"__type__":"cc.Vec2","y":-50.2}},{"__type__":"cc.Node","_name":"zidan","_parent":{"__id__":3},"_components":[{"__type__":"cc.Sprite","node":{"__id__":6},"_spriteFrame":{"__uuid__":"46GZwveUFOAIT2bUCxO28I"},"_dstBlendFactor":0}],"_prefab":{"__type__":"cc.PrefabInfo","root":{"__id__":1},"asset":{"__uuid__":"be+ab/d/FIeKntu865Sna0"},"fileId":"8fjpiWnf5JZZ8GfFnPq71n"},"_color":{"__type__":"cc.Color","r":251,"g":255,"b":243},"_contentSize":{"__type__":"cc.Size","width":31,"height":43},"_scaleX":0.7,"_scaleY":0.7},{"__type__":"cc.Node","_name":"tuowei3","_parent":{"__id__":3},"_components":[{"__type__":"cc.Sprite","node":{"__id__":7},"_spriteFrame":{"__uuid__":"7e7bk4C/NFb7p3+vr4CFEP"},"_dstBlendFactor":0}],"_prefab":{"__type__":"cc.PrefabInfo","root":{"__id__":1},"asset":{"__uuid__":"be+ab/d/FIeKntu865Sna0"},"fileId":"16OX2n93FGP7AqMkgGQpoK"},"_contentSize":{"__type__":"cc.Size","width":30,"height":39},"_scaleX":1.25,"_scaleY":1.32,"_position":{"__type__":"cc.Vec2","y":2}},{"__type__":"cc.BoxCollider","node":{"__id__":1},"_size":{"__type__":"cc.Size","width":25,"height":25}}]]