[{"__type__":"cc.SpriteFrame","content":{"name":"zidan10","texture":"20wkx7r05LO5L2PvQg5zW3","rect":[143,439,20,29],"offset":[0,0],"originalSize":[24,29]}},[{"__type__":"cc.Prefab","_name":"Bulletfantan","data":{"__id__":1},"asyncLoadAssets":false},{"__type__":"cc.Node","_name":"Bulletfantan","_components":[{"__type__":"37830rJx5NI777jGKkfIvjL","node":{"__id__":1},"EntityType":12,"DeadPrefab":{"__uuid__":"4e6UuKZMtOrYV1CSqAYAXM"},"DeadPrefabName":"T_fantanshouji_n","Body":{"__id__":1},"dieAnimationClip":"T_fantanshouji_n","MyCollider":{"__id__":2},"tuoWeiSprite":{"__id__":1},"colorSpriteChange":[{"__id__":1}],"blueTeamColor":{"__type__":"cc.Color","r":255,"g":255,"b":255},"redTeamColor":{"__type__":"cc.Color","r":255,"g":68,"b":33}},{"__type__":"cc.Sprite","node":{"__id__":1},"_spriteFrame":{"__uuid__":"63Vw/Ro9lMCpR/qVaeKh9A"}},{"__id__":2}],"_prefab":{"__type__":"cc.PrefabInfo","root":{"__id__":1},"asset":{"__uuid__":"78M+4X2KhJ0JOw/GW92JUw"},"fileId":"798BmeXsxEIp8GE316sJvA"},"_contentSize":{"__type__":"cc.Size","width":20,"height":29},"_scaleX":1.27,"_scaleY":1.33,"groupIndex":6},{"__type__":"cc.BoxCollider","node":{"__id__":1},"_size":{"__type__":"cc.Size","width":20,"height":28}}]]