[[{"__type__":"cc.Prefab","_name":"Battle_Self_Word","data":{"__id__":1},"asyncLoadAssets":false},{"__type__":"cc.Node","_name":"Battle_Self_Word","_children":[{"__id__":2}],"_components":[{"__type__":"16798xaPnVLdZwNbixFe2cV","node":{"__id__":1},"LabelAtlas":{"__uuid__":"64k/npa81EH6oKnC7vnPVr"},"LabelStr":"0123456789","ResFormat":"Self_","Template":{"__id__":3}}],"_prefab":{"__type__":"cc.PrefabInfo","root":{"__id__":1},"asset":{"__id__":0},"fileId":"15nRUX+XNPQq7bNnRsBL6T"},"_position":{"__type__":"cc.Vec2","x":-82,"y":4}},{"__type__":"cc.Node","_name":"Template","_parent":{"__id__":1},"_active":false,"_components":[{"__id__":3}],"_prefab":{"__type__":"cc.PrefabInfo","root":{"__id__":1},"asset":{"__id__":0},"fileId":"fbJs575ZBPtaTUzG/I3JBn"},"_contentSize":{"__type__":"cc.Size","width":22,"height":40}},{"__type__":"cc.Sprite","node":{"__id__":2},"_spriteFrame":{"__uuid__":"e5r2p3AoJJar3d9UOOsMCI"},"_sizeMode":0,"_isTrimmedMode":false}],{"__type__":"cc.SpriteFrame","content":{"name":"Self_48","texture":"661XjWfv1BOayrl/asTWcd","rect":[233,256,22,36],"offset":[0,-2],"originalSize":[22,40]}}]