[{"__type__":"cc.AnimationClip","_name":"shouji_n_L","_duration":0.3,"sample":30,"wrapMode":0,"curveData":{"paths":{},"props":{"opacity":[{"frame":0,"value":0},{"frame":0.13333333333333333,"value":255},{"frame":0.3,"value":0}],"scaleX":[{"frame":0,"value":0.1},{"frame":0.13333333333333333,"value":1.19},{"frame":0.3,"value":1.52}],"scaleY":[{"frame":0,"value":0.1},{"frame":0.13333333333333333,"value":1.19},{"frame":0.3,"value":1.52}]}}},{"__type__":"cc.SpriteFrame","content":{"name":"shouji04","texture":"20wkx7r05LO5L2PvQg5zW3","rect":[324,1027,74,72],"offset":[1,-4],"originalSize":[86,86]}},[{"__type__":"cc.Prefab","_name":"T_shouji_n_L","data":{"__id__":1},"asyncLoadAssets":false},{"__type__":"cc.Node","_name":"T_shouji_n_L","_components":[{"__id__":2},{"__type__":"cc.Sprite","node":{"__id__":1},"_spriteFrame":{"__uuid__":"596a0BgDdAI50NfAxDKwmi"},"_dstBlendFactor":0},{"__type__":"3f6973JHftFpKTMspSNwhiz","node":{"__id__":1},"animationCtrl":{"__id__":2}}],"_prefab":{"__type__":"cc.PrefabInfo","root":{"__id__":1},"asset":{"__uuid__":"f4KY1w8bhI9LITCkEa8N5H"},"fileId":"20xcA+odVDcbphNHrzP5+o"},"_contentSize":{"__type__":"cc.Size","width":74,"height":72}},{"__type__":"cc.Animation","node":{"__id__":1},"_defaultClip":{"__uuid__":"38AG2Li2NFXo/ACS43D7IG"},"_clips":[{"__uuid__":"38AG2Li2NFXo/ACS43D7IG"}]}]]