[{"__type__":"cc.SpriteFrame","content":{"name":"Enemy_48","texture":"661XjWfv1BOayrl/asTWcd","rect":[348,256,22,36],"offset":[0,-2],"originalSize":[22,40]}},[{"__type__":"cc.Prefab","_name":"Enemy_Word","data":{"__id__":1},"asyncLoadAssets":false},{"__type__":"cc.Node","_name":"Enemy_Word","_children":[{"__id__":2}],"_components":[{"__type__":"16798xaPnVLdZwNbixFe2cV","node":{"__id__":1},"LabelAtlas":{"__uuid__":"64k/npa81EH6oKnC7vnPVr"},"LabelStr":"0123456789","ResFormat":"Enemy_","Template":{"__id__":3}}],"_prefab":{"__type__":"cc.PrefabInfo","root":{"__id__":1},"asset":{"__uuid__":"74bgXxLvREHpU7gcGCRZ7F"},"fileId":"f6U1+UCiZODKDEEoyyCYQV"},"_position":{"__type__":"cc.Vec2","x":230,"y":397}},{"__type__":"cc.Node","_name":"Template","_parent":{"__id__":1},"_active":false,"_components":[{"__id__":3}],"_prefab":{"__type__":"cc.PrefabInfo","root":{"__id__":1},"asset":{"__uuid__":"74bgXxLvREHpU7gcGCRZ7F"},"fileId":"04e0jKYPRGA5U03AAcxMMK"},"_contentSize":{"__type__":"cc.Size","width":12,"height":16}},{"__type__":"cc.Sprite","node":{"__id__":2},"_spriteFrame":{"__uuid__":"02f+NHH21JvYhDH+j0F0yV"},"_sizeMode":0,"_isTrimmedMode":false}]]