[{"__type__":"cc.SpriteFrame","content":{"name":"tp_1","texture":"96v2cfPGRMrK08a9XaXlj/","rect":[177,409,52,52],"offset":[0,0],"originalSize":[52,52]}},[{"__type__":"cc.Prefab","_name":"SteelPrefab","data":{"__id__":1},"asyncLoadAssets":false},{"__type__":"cc.Node","_name":"SteelPrefab","_components":[{"__type__":"9fe5bsogOBPBr0CkvkCEOSM","node":{"__id__":1},"SpAtlas":{"__uuid__":"0dybIr3kNFYrJo5LVNQ/d2"},"EntityType":4,"DeadPrefab":{"__uuid__":"f5vfLnbzpECalgeJtITfS8"},"DeadPrefabName":"Zhangai_hit_01_H","Body":{"__id__":1},"dieAnimationClip":"Zhangai_hit1"},{"__type__":"cc.BoxCollider","node":{"__id__":1},"_size":{"__type__":"cc.Size","width":50,"height":50}},{"__type__":"cc.Sprite","node":{"__id__":1},"_spriteFrame":{"__uuid__":"6e4z248MNFAL6JEj2H+fqq"},"_sizeMode":0}],"_prefab":{"__type__":"cc.PrefabInfo","root":{"__id__":1},"asset":{"__uuid__":"834RTkAThGcrnHTIBD8gak"},"fileId":"cb8l4u5clNFL68HJqcN7YC"},"_contentSize":{"__type__":"cc.Size","width":50,"height":50},"groupIndex":7}]]