[[{"__type__":"cc.Prefab","_name":"NoBrokenPrefab","data":{"__id__":1},"asyncLoadAssets":false},{"__type__":"cc.Node","_name":"NoBrokenPrefab","_components":[{"__type__":"cc.Sprite","node":{"__id__":1},"_spriteFrame":{"__uuid__":"55rWkpRglCkpDgpFvhOzOf"},"_type":2,"_sizeMode":0,"_isTrimmedMode":false},{"__type__":"cc.BoxCollider","node":{"__id__":1}},{"__type__":"13789sOD31A5bcoWJD9S7Gz","node":{"__id__":1},"SpAtlas":{"__uuid__":"0dybIr3kNFYrJo5LVNQ/d2"},"EntityType":20}],"_prefab":{"__type__":"cc.PrefabInfo","root":{"__id__":1},"asset":{"__uuid__":"31XufLGQ5EsZovsYGHf2N/"},"fileId":"83mjgrxP9MXpy/WH9wVqVv"},"_contentSize":{"__type__":"cc.Size","width":100,"height":100},"groupIndex":10}],{"__type__":"cc.SpriteFrame","content":{"name":"NoBroken","texture":"96v2cfPGRMrK08a9XaXlj/","rect":[230,312,101,101],"offset":[0,0],"originalSize":[101,101]}}]