[{"__type__":"cc.AnimationClip","_name":"shouji_n_H","_duration":0.43,"sample":30,"wrapMode":0,"curveData":{"paths":{"sprite1":{"props":{"scaleX":[{"frame":0,"value":0.1},{"frame":0.06666666666666667,"value":1.06},{"frame":0.13333333333333333,"value":0.6}],"scaleY":[{"frame":0,"value":0.1},{"frame":0.06666666666666667,"value":1.06},{"frame":0.13333333333333333,"value":0.77}],"anchorX":[{"frame":0,"value":0.6}],"anchorY":[{"frame":0,"value":0.3}],"opacity":[{"frame":0,"value":0},{"frame":0.06666666666666667,"value":250},{"frame":0.13333333333333333,"value":0}],"y":[{"frame":0.06666666666666667,"value":-14}],"x":[{"frame":0.06666666666666667,"value":-9}],"rotation":[{"frame":0.06666666666666667,"value":34}],"color":[{"frame":0.06666666666666667,"value":{"__type__":"cc.Color","r":255,"g":251,"b":207}}]}},"sprite2":{"props":{"scaleX":[{"frame":0,"value":0.2},{"frame":0.03333333333333333,"value":0.44666666666666666},{"frame":0.1,"value":1.28}],"scaleY":[{"frame":0,"value":0.2},{"frame":0.03333333333333333,"value":0.44666666666666666},{"frame":0.1,"value":1.28}],"opacity":[{"frame":0,"value":0},{"frame":0.03333333333333333,"value":255},{"frame":0.06666666666666667,"value":254},{"frame":0.1,"value":254},{"frame":0.16666666666666666,"value":0}],"rotation":[{"frame":0.03333333333333333,"value":-103}]}},"sprite3":{"comps":{"cc.Sprite":{}},"props":{"scaleX":[{"frame":0,"value":0.1},{"frame":0.13333333333333333,"value":1.19},{"frame":0.3,"value":1.52}],"scaleY":[{"frame":0,"value":0.1},{"frame":0.13333333333333333,"value":1.19},{"frame":0.3,"value":1.52}],"position":[{"frame":0,"value":[0,0]}],"opacity":[{"frame":0,"value":0},{"frame":0.03333333333333333,"value":255},{"frame":0.13333333333333333,"value":255},{"frame":0.2,"value":255},{"frame":0.3,"value":0}],"color":[{"frame":0.13333333333333333,"value":{"__type__":"cc.Color","r":255,"g":255,"b":255}}]}},"sprite4":{"props":{"scaleX":[{"frame":0,"value":0.5},{"frame":0.23333333333333334,"value":0.3,"curve":"linear"},{"frame":0.43333333333333335,"value":0.03}],"scaleY":[{"frame":0,"value":0.5},{"frame":0.23333333333333334,"value":0.3},{"frame":0.43333333333333335,"value":0.03}],"position":[{"frame":0,"value":[0,0]},{"frame":0.13333333333333333,"value":[29.963636363636372,27.200000000000003]},{"frame":0.43333333333333335,"value":[41.2,37.4]}],"opacity":[{"frame":0,"value":0},{"frame":0.03333333333333333,"value":255},{"frame":0.16666666666666666,"value":255},{"frame":0.3,"value":255},{"frame":0.43333333333333335,"value":0}],"color":[{"frame":0.16666666666666666,"value":{"__type__":"cc.Color","r":248,"g":196,"b":156}}],"rotation":[{"frame":0.16666666666666666,"value":42}]}},"sprite5":{"props":{"scaleX":[{"frame":0,"value":0.3},{"frame":0.16666666666666666,"value":0.5},{"frame":0.43333333333333335,"value":0.03}],"scaleY":[{"frame":0,"value":0.3},{"frame":0.16666666666666666,"value":0.5},{"frame":0.43333333333333335,"value":0.03}],"position":[{"frame":0,"value":[0,0]},{"frame":0.16666666666666666,"value":[-43.04666666666667,6.526666666666666]},{"frame":0.43333333333333335,"value":[-58.7,8.9]}],"opacity":[{"frame":0,"value":0},{"frame":0.03333333333333333,"value":255},{"frame":0.16666666666666666,"value":255},{"frame":0.3,"value":255},{"frame":0.43333333333333335,"value":0}],"color":[{"frame":0.16666666666666666,"value":{"__type__":"cc.Color","r":250,"g":231,"b":172}}],"rotation":[{"frame":0.16666666666666666,"value":-80}]}},"sprite6":{"props":{"scaleX":[{"frame":0,"value":0.3},{"frame":0.13333333333333333,"value":0.5},{"frame":0.43333333333333335,"value":0.03}],"scaleY":[{"frame":0,"value":0.3},{"frame":0.13333333333333333,"value":0.5},{"frame":0.43333333333333335,"value":0.03}],"opacity":[{"frame":0,"value":0},{"frame":0.03333333333333333,"value":255},{"frame":0.3333333333333333,"value":255},{"frame":0.43333333333333335,"value":0}],"position":[{"frame":0,"value":[0,0]},{"frame":0.43333333333333335,"value":[33.1,-37.4]}],"color":[{"frame":0.23333333333333334,"value":{"__type__":"cc.Color","r":255,"g":228,"b":199}}],"rotation":[{"frame":0.23333333333333334,"value":131}]}}},"props":{"opacity":[{"frame":0,"value":255}]}}},[{"__type__":"cc.Prefab","_name":"T_shouji_n_H","data":{"__id__":1},"asyncLoadAssets":false},{"__type__":"cc.Node","_name":"T_shouji_n_H","_children":[{"__id__":2},{"__id__":3},{"__id__":4},{"__id__":5},{"__id__":6},{"__id__":7}],"_components":[{"__id__":8},{"__type__":"3f6973JHftFpKTMspSNwhiz","node":{"__id__":1},"animationCtrl":{"__id__":8}}],"_prefab":{"__type__":"cc.PrefabInfo","root":{"__id__":1},"asset":{"__uuid__":"40R3rH+qJFqIhH5cFjtsPa"},"fileId":"4126f1LLFNOr7i7NA7Vxe1"},"_scaleX":1.2,"_scaleY":1.2},{"__type__":"cc.Node","_name":"sprite3","_parent":{"__id__":1},"_components":[{"__type__":"cc.Sprite","node":{"__id__":2},"_spriteFrame":{"__uuid__":"596a0BgDdAI50NfAxDKwmi"},"_dstBlendFactor":0}],"_prefab":{"__type__":"cc.PrefabInfo","root":{"__id__":1},"asset":{"__uuid__":"40R3rH+qJFqIhH5cFjtsPa"},"fileId":"44+tQv3JJB6IOGu6QZPork"},"_opacity":0,"_color":{"__type__":"cc.Color","r":255,"g":184},"_contentSize":{"__type__":"cc.Size","width":74,"height":72},"_scaleX":0.599999976,"_scaleY":0.599999976},{"__type__":"cc.Node","_name":"sprite4","_parent":{"__id__":1},"_components":[{"__type__":"cc.Sprite","node":{"__id__":3},"_spriteFrame":{"__uuid__":"f9/W1sOmlOW4U8n/PVS6R+"},"_dstBlendFactor":0}],"_prefab":{"__type__":"cc.PrefabInfo","root":{"__id__":1},"asset":{"__uuid__":"40R3rH+qJFqIhH5cFjtsPa"},"fileId":"64kOeRYP9DoagHyK9rbBHB"},"_opacity":0,"_color":{"__type__":"cc.Color","r":255,"g":234,"b":77},"_contentSize":{"__type__":"cc.Size","width":19,"height":19},"_scaleX":0.029999998799999997,"_scaleY":0.029999998799999997,"_position":{"__type__":"cc.Vec2","x":41.20000001866663,"y":37.40000000399991}},{"__type__":"cc.Node","_name":"sprite5","_parent":{"__id__":1},"_components":[{"__type__":"cc.Sprite","node":{"__id__":4},"_spriteFrame":{"__uuid__":"f9/W1sOmlOW4U8n/PVS6R+"},"_dstBlendFactor":0}],"_prefab":{"__type__":"cc.PrefabInfo","root":{"__id__":1},"asset":{"__uuid__":"40R3rH+qJFqIhH5cFjtsPa"},"fileId":"fb0Hyeie5FrIERniXxX4mB"},"_opacity":0,"_color":{"__type__":"cc.Color","r":255,"g":234,"b":77},"_contentSize":{"__type__":"cc.Size","width":19,"height":19},"_scaleX":0.029999998799999997,"_scaleY":0.029999998799999997,"_position":{"__type__":"cc.Vec2","x":-58.69999998533319,"y":8.899999977333295}},{"__type__":"cc.Node","_name":"sprite6","_parent":{"__id__":1},"_components":[{"__type__":"cc.Sprite","node":{"__id__":5},"_spriteFrame":{"__uuid__":"f9/W1sOmlOW4U8n/PVS6R+"},"_dstBlendFactor":0}],"_prefab":{"__type__":"cc.PrefabInfo","root":{"__id__":1},"asset":{"__uuid__":"40R3rH+qJFqIhH5cFjtsPa"},"fileId":"3945dEdolJ8JpWpCkVrU/B"},"_opacity":0,"_color":{"__type__":"cc.Color","r":255,"g":234,"b":77},"_contentSize":{"__type__":"cc.Size","width":19,"height":19},"_scaleX":0.029999998799999997,"_scaleY":0.029999998799999997,"_position":{"__type__":"cc.Vec2","x":33.100000009333314,"y":-37.40000000399996}},{"__type__":"cc.Node","_name":"sprite2","_parent":{"__id__":1},"_components":[{"__type__":"cc.Sprite","node":{"__id__":6},"_spriteFrame":{"__uuid__":"4bbZRLwOBKooalsfw6FOCT"},"_dstBlendFactor":0}],"_prefab":{"__type__":"cc.PrefabInfo","root":{"__id__":1},"asset":{"__uuid__":"40R3rH+qJFqIhH5cFjtsPa"},"fileId":"2d9q7HYc1AjqTm8MGODhAs"},"_opacity":0,"_contentSize":{"__type__":"cc.Size","width":80,"height":74},"_scaleX":1.5000000233333302,"_scaleY":1.5000000233333302},{"__type__":"cc.Node","_name":"sprite1","_parent":{"__id__":1},"_components":[{"__type__":"cc.Sprite","node":{"__id__":7},"_spriteFrame":{"__uuid__":"68toe4Em1DeKJEbg+tnLqX"},"_dstBlendFactor":0}],"_prefab":{"__type__":"cc.PrefabInfo","root":{"__id__":1},"asset":{"__uuid__":"40R3rH+qJFqIhH5cFjtsPa"},"fileId":"c8+3gjVwpNWJ0GssmStCuD"},"_opacity":0,"_color":{"__type__":"cc.Color","r":255,"g":244,"b":121},"_anchorPoint":{"__type__":"cc.Vec2","x":0.6,"y":0.3},"_contentSize":{"__type__":"cc.Size","width":52,"height":62},"_scaleX":0.599999976,"_scaleY":0.599999976},{"__type__":"cc.Animation","node":{"__id__":1},"_defaultClip":{"__uuid__":"3dsotOR6dKZIoqKKekaZec"},"_clips":[{"__uuid__":"3dsotOR6dKZIoqKKekaZec"}]}],{"__type__":"cc.SpriteFrame","content":{"name":"shouji21","texture":"20wkx7r05LO5L2PvQg5zW3","rect":[84,1092,80,74],"offset":[0,-2],"originalSize":[80,80]}},{"__type__":"cc.SpriteFrame","content":{"name":"shouji04","texture":"20wkx7r05LO5L2PvQg5zW3","rect":[324,1027,74,72],"offset":[1,-4],"originalSize":[86,86]}},{"__type__":"cc.SpriteFrame","content":{"name":"shouji08","texture":"20wkx7r05LO5L2PvQg5zW3","rect":[203,1214,52,62],"offset":[-3,-1],"originalSize":[64,64]}},{"__type__":"cc.SpriteFrame","content":{"name":"zidan01","texture":"20wkx7r05LO5L2PvQg5zW3","rect":[143,555,19,19],"offset":[0,0],"originalSize":[19,19]}}]