[{"__type__":"cc.SpriteFrame","content":{"name":"zidan02","texture":"20wkx7r05LO5L2PvQg5zW3","rect":[143,498,19,56],"offset":[0,0],"originalSize":[19,56]}},[{"__type__":"cc.Prefab","_name":"Bulletqianghua_H","data":{"__id__":1},"asyncLoadAssets":false},{"__type__":"cc.Node","_name":"Bulletqianghua_H","_children":[{"__id__":2}],"_components":[{"__id__":7},{"__type__":"71a93I3hEVFh4S+mJpr7C/k","node":{"__id__":1},"EntityType":12,"DeadPrefab":{"__uuid__":"45IjZ/UNFB9qEOhb321oYb"},"DeadPrefabName":"T_shouji_qianghua_H","Body":{"__id__":3},"dieAnimationClip":"T_shouji_qianghua","MyCollider":{"__id__":7},"tuoWeiSprite":{"__id__":4},"colorSpriteChange":[{"__id__":4},{"__id__":5},{"__id__":6}],"blueTeamColor":{"__type__":"cc.Color","r":248,"g":246,"b":246},"redTeamColor":{"__type__":"cc.Color","r":243,"g":70,"b":70}}],"_prefab":{"__type__":"cc.PrefabInfo","root":{"__id__":1},"asset":{"__uuid__":"697ztheAhJ6q0dtKzFL/He"},"fileId":"25G0ClPSRFuJMO52whvetm"},"_contentSize":{"__type__":"cc.Size","width":23,"height":50},"groupIndex":6},{"__type__":"cc.Node","_name":"Body","_parent":{"__id__":1},"_children":[{"__id__":3}],"_prefab":{"__type__":"cc.PrefabInfo","root":{"__id__":1},"asset":{"__uuid__":"697ztheAhJ6q0dtKzFL/He"},"fileId":"2cl9pXCV1IPJ+UdVGqkTC3"},"_contentSize":{"__type__":"cc.Size","width":23,"height":34}},{"__type__":"cc.Node","_name":"T_zidan_qianghua","_parent":{"__id__":2},"_children":[{"__id__":4},{"__id__":5},{"__id__":6}],"_components":[{"__type__":"cc.Animation","node":{"__id__":3},"_defaultClip":{"__uuid__":"2cCxHcvVlCKawoP5Xo51xL"},"_clips":[{"__uuid__":"2cCxHcvVlCKawoP5Xo51xL"}],"playOnLoad":true}],"_prefab":{"__type__":"cc.PrefabInfo","root":{"__id__":1},"asset":{"__uuid__":"697ztheAhJ6q0dtKzFL/He"},"fileId":"b7oxkD1QNGs7TaGA25nW2b"},"_scaleX":0.9,"_scaleY":0.9},{"__type__":"cc.Node","_name":"tuowei","_parent":{"__id__":3},"_components":[{"__type__":"cc.Sprite","node":{"__id__":4},"_spriteFrame":{"__uuid__":"50H3/BaIdOGqoXs92bPMNi"},"_dstBlendFactor":0}],"_prefab":{"__type__":"cc.PrefabInfo","root":{"__id__":1},"asset":{"__uuid__":"697ztheAhJ6q0dtKzFL/He"},"fileId":"95kAN0uWZDVbksrIfpmPeh"},"_opacity":200,"_color":{"__type__":"cc.Color","r":255,"g":166,"b":84},"_anchorPoint":{"__type__":"cc.Vec2","x":0.5,"y":1},"_contentSize":{"__type__":"cc.Size","width":19,"height":56},"_scaleX":1.02,"_scaleY":2.71,"_position":{"__type__":"cc.Vec2","y":-8.5}},{"__type__":"cc.Node","_name":"tuowei2","_parent":{"__id__":3},"_components":[{"__type__":"cc.Sprite","node":{"__id__":5},"_spriteFrame":{"__uuid__":"89qFomUQhA85D0an2MULV4"},"_dstBlendFactor":0}],"_prefab":{"__type__":"cc.PrefabInfo","root":{"__id__":1},"asset":{"__uuid__":"697ztheAhJ6q0dtKzFL/He"},"fileId":"20XJft84VA0bbYsqAQByfz"},"_contentSize":{"__type__":"cc.Size","width":30,"height":53},"_scaleX":1.28,"_scaleY":1.37,"_position":{"__type__":"cc.Vec2","y":-45.2}},{"__type__":"cc.Node","_name":"zidan","_parent":{"__id__":3},"_components":[{"__type__":"cc.Sprite","node":{"__id__":6},"_spriteFrame":{"__uuid__":"f9/W1sOmlOW4U8n/PVS6R+"},"_dstBlendFactor":0}],"_prefab":{"__type__":"cc.PrefabInfo","root":{"__id__":1},"asset":{"__uuid__":"697ztheAhJ6q0dtKzFL/He"},"fileId":"50X1LjNmdOtrqW7THGLC1b"},"_contentSize":{"__type__":"cc.Size","width":19,"height":19},"_scaleX":1.22,"_scaleY":1.92,"_position":{"__type__":"cc.Vec2","y":-1.6}},{"__type__":"cc.BoxCollider","node":{"__id__":1},"_size":{"__type__":"cc.Size","width":25,"height":25}}],{"__type__":"cc.SpriteFrame","content":{"name":"zidan05","texture":"20wkx7r05LO5L2PvQg5zW3","rect":[989,1199,30,53],"offset":[0,0],"originalSize":[30,53]}},{"__type__":"cc.SpriteFrame","content":{"name":"zidan01","texture":"20wkx7r05LO5L2PvQg5zW3","rect":[143,555,19,19],"offset":[0,0],"originalSize":[19,19]}}]