[{"__type__":"cc.SpriteFrame","content":{"name":"light2","texture":"20wkx7r05LO5L2PvQg5zW3","rect":[775,689,58,48],"offset":[1,4],"originalSize":[64,64]}},{"__type__":"cc.SpriteFrame","content":{"name":"light4","texture":"20wkx7r05LO5L2PvQg5zW3","rect":[989,1104,32,50],"offset":[16,7],"originalSize":[64,64]}},{"__type__":"cc.AnimationClip","_name":"dingshen","_duration":0.68,"wrapMode":2,"curveData":{"props":{},"paths":{"sprite_splash":{"comps":{"cc.Sprite":{"spriteFrame":[{"frame":0,"value":{"__uuid__":"a3dK9RrShDYJLl4/SAsHri"}},{"frame":0.016666666666666666,"value":{"__uuid__":"a3dK9RrShDYJLl4/SAsHri"}},{"frame":0.06666666666666667,"value":{"__uuid__":"27xU46lz9GEaERn6qcuulx"}},{"frame":0.1,"value":{"__uuid__":"27xU46lz9GEaERn6qcuulx"}},{"frame":0.11666666666666667,"value":{"__uuid__":"27xU46lz9GEaERn6qcuulx"}},{"frame":0.13333333333333333,"value":{"__uuid__":"d4Lnnp1PBGsaGtlL6xWl1w"}},{"frame":0.2,"value":{"__uuid__":"805MvGq19FL5OKawj/5Gns"}},{"frame":0.26666666666666666,"value":{"__uuid__":"a3dK9RrShDYJLl4/SAsHri"}},{"frame":0.3,"value":{"__uuid__":"a3dK9RrShDYJLl4/SAsHri"}},{"frame":0.35,"value":{"__uuid__":"27xU46lz9GEaERn6qcuulx"}},{"frame":0.4166666666666667,"value":{"__uuid__":"d4Lnnp1PBGsaGtlL6xWl1w"}},{"frame":0.48333333333333334,"value":{"__uuid__":"805MvGq19FL5OKawj/5Gns"}},{"frame":0.55,"value":{"__uuid__":"805MvGq19FL5OKawj/5Gns"}},{"frame":0.5666666666666667,"value":{"__uuid__":"a3dK9RrShDYJLl4/SAsHri"}},{"frame":0.6166666666666667,"value":{"__uuid__":"d4Lnnp1PBGsaGtlL6xWl1w"}},{"frame":0.6666666666666666,"value":{"__uuid__":"d4Lnnp1PBGsaGtlL6xWl1w"}}]}},"props":{"width":[{"frame":0,"value":85}],"height":[{"frame":0,"value":85}],"rotation":[{"frame":0,"value":90},{"frame":0.016666666666666666,"value":90},{"frame":0.1,"value":90},{"frame":0.11666666666666667,"value":90},{"frame":0.13333333333333333,"value":90},{"frame":0.15,"value":0},{"frame":0.3,"value":0},{"frame":0.3333333333333333,"value":0},{"frame":0.35,"value":180},{"frame":0.4,"value":180}]}},"glow":{"props":{"color":[{"frame":0,"value":{"__type__":"cc.Color","r":75,"g":200,"b":255}},{"frame":0.6,"value":{"__type__":"cc.Color","g":100,"b":255}},{"frame":0.6166666666666667,"value":{"__type__":"cc.Color","g":150,"b":255}}],"opacity":[{"frame":0,"value":29},{"frame":0.06666666666666667,"value":10},{"frame":0.13333333333333333,"value":50},{"frame":0.18333333333333332,"value":15},{"frame":0.23333333333333334,"value":50},{"frame":0.2833333333333333,"value":10},{"frame":0.31666666666666665,"value":50},{"frame":0.36666666666666664,"value":5},{"frame":0.4166666666666667,"value":50},{"frame":0.45,"value":25},{"frame":0.5166666666666667,"value":40},{"frame":0.5666666666666667,"value":10},{"frame":0.6,"value":48},{"frame":0.6166666666666667,"value":40},{"frame":0.6666666666666666,"value":50}]}}}}},{"__type__":"cc.SpriteFrame","content":{"name":"light1","texture":"20wkx7r05LO5L2PvQg5zW3","rect":[271,756,56,50],"offset":[1,0],"originalSize":[64,64]}},{"__type__":"cc.SpriteFrame","content":{"name":"light3","texture":"20wkx7r05LO5L2PvQg5zW3","rect":[371,1193,52,48],"offset":[6,8],"originalSize":[64,64]}}]