[[{"__type__":"cc.Prefab","_name":"T_shouji_zhiliao_L","data":{"__id__":1},"asyncLoadAssets":false},{"__type__":"cc.Node","_name":"T_shouji_zhiliao_L","_components":[{"__id__":2},{"__type__":"cc.Sprite","node":{"__id__":1},"_spriteFrame":{"__uuid__":"a90ahEygtDQL2gSSuwNuAa"},"_dstBlendFactor":0},{"__type__":"3f6973JHftFpKTMspSNwhiz","node":{"__id__":1},"animationCtrl":{"__id__":2}}],"_prefab":{"__type__":"cc.PrefabInfo","root":{"__id__":1},"asset":{"__uuid__":"53mLED2x9NG7+1xRzLqzNU"},"fileId":"a7J8SZjcFNWanIg4nNGzqD"},"_contentSize":{"__type__":"cc.Size","width":80,"height":76},"_rotationX":-103,"_rotationY":-103,"_scaleX":1.28,"_scaleY":1.28},{"__type__":"cc.Animation","node":{"__id__":1},"_defaultClip":{"__uuid__":"a8tRVexMZOKLr3fKwWrF1l"},"_clips":[{"__uuid__":"a8tRVexMZOKLr3fKwWrF1l"}]}],{"__type__":"cc.AnimationClip","_name":"T_shouji_zhiliao_L","_duration":0.26666666666666666,"sample":30,"wrapMode":2,"curveData":{"paths":{},"props":{"opacity":[{"frame":0,"value":0},{"frame":0.03333333333333333,"value":255},{"frame":0.16666666666666666,"value":255},{"frame":0.26666666666666666,"value":0}],"scaleX":[{"frame":0,"value":0.2},{"frame":0.03333333333333333,"value":0.44},{"frame":0.26666666666666666,"value":1.28}],"scaleY":[{"frame":0,"value":0.2},{"frame":0.03333333333333333,"value":0.44},{"frame":0.26666666666666666,"value":1.28}]}}},{"__type__":"cc.SpriteFrame","content":{"name":"shouji21_2","texture":"20wkx7r05LO5L2PvQg5zW3","rect":[187,1024,80,76],"offset":[0,-2],"originalSize":[80,80]}}]