[{"__type__":"cc.SpriteFrame","content":{"name":"tk__0008","texture":"20wkx7r05LO5L2PvQg5zW3","rect":[958,73,62,64],"offset":[-1,0],"originalSize":[64,64]}},{"__type__":"cc.AnimationClip","_name":"T_shouji_zhiliao_H","_duration":0.43,"sample":30,"wrapMode":2,"curveData":{"paths":{"1":{"props":{"scaleX":[{"frame":0.16666666666666666,"value":1.2},{"frame":0.4,"value":2.16}],"scaleY":[{"frame":0.16666666666666666,"value":1.2},{"frame":0.4,"value":2.16}],"opacity":[{"frame":0.13333333333333333,"value":0},{"frame":0.16666666666666666,"value":255},{"frame":0.3333333333333333,"value":255},{"frame":0.4,"value":0}],"y":[{"frame":0.23333333333333334,"value":4}],"x":[{"frame":0.23333333333333334,"value":-4}]}},"sprite1":{"props":{"scaleX":[{"frame":0,"value":0.1},{"frame":0.06666666666666667,"value":1.06},{"frame":0.13333333333333333,"value":0.6}],"scaleY":[{"frame":0,"value":0.1},{"frame":0.06666666666666667,"value":1.06},{"frame":0.13333333333333333,"value":0.77}],"anchorX":[{"frame":0,"value":0.6}],"anchorY":[{"frame":0,"value":0.3}],"opacity":[{"frame":0,"value":0},{"frame":0.06666666666666667,"value":250},{"frame":0.13333333333333333,"value":0}],"y":[{"frame":0.06666666666666667,"value":-14}],"x":[{"frame":0.06666666666666667,"value":-9}],"rotation":[{"frame":0.06666666666666667,"value":34}],"color":[{"frame":0.06666666666666667,"value":{"__type__":"cc.Color","r":255,"g":252,"b":212}}]}},"sprite2":{"props":{"scaleX":[{"frame":0,"value":0.2},{"frame":0.03333333333333333,"value":0.44666666666666666},{"frame":0.1,"value":1.28}],"scaleY":[{"frame":0,"value":0.2},{"frame":0.03333333333333333,"value":0.44666666666666666},{"frame":0.1,"value":1.28}],"opacity":[{"frame":0,"value":0},{"frame":0.03333333333333333,"value":255},{"frame":0.06666666666666667,"value":254},{"frame":0.1,"value":254},{"frame":0.16666666666666666,"value":0}],"rotation":[{"frame":0.03333333333333333,"value":-103}]}},"sprite3":{"comps":{"cc.Sprite":{}},"props":{"scaleX":[{"frame":0,"value":0.1},{"frame":0.13333333333333333,"value":1.19},{"frame":0.3,"value":1.52}],"scaleY":[{"frame":0,"value":0.1},{"frame":0.13333333333333333,"value":1.19},{"frame":0.3,"value":1.52}],"position":[{"frame":0,"value":[0,0]}],"opacity":[{"frame":0,"value":0},{"frame":0.03333333333333333,"value":255},{"frame":0.13333333333333333,"value":255},{"frame":0.2,"value":255},{"frame":0.3,"value":0}],"color":[{"frame":0.13333333333333333,"value":{"__type__":"cc.Color","r":255,"g":255,"b":255}}]}},"sprite4":{"props":{"scaleX":[{"frame":0,"value":0.5},{"frame":0.23333333333333334,"value":0.3,"curve":"linear"},{"frame":0.43333333333333335,"value":0.03}],"scaleY":[{"frame":0,"value":0.5},{"frame":0.23333333333333334,"value":0.3},{"frame":0.43333333333333335,"value":0.03}],"position":[{"frame":0,"value":[0,0]},{"frame":0.13333333333333333,"value":[29.963636363636372,27.200000000000003]},{"frame":0.43333333333333335,"value":[41.2,37.4]}],"opacity":[{"frame":0,"value":0},{"frame":0.03333333333333333,"value":255},{"frame":0.16666666666666666,"value":255},{"frame":0.3,"value":255},{"frame":0.43333333333333335,"value":0}],"color":[{"frame":0.16666666666666666,"value":{"__type__":"cc.Color","r":248,"g":196,"b":156}}],"rotation":[{"frame":0.16666666666666666,"value":42}]}},"sprite5":{"props":{"scaleX":[{"frame":0,"value":0.3},{"frame":0.16666666666666666,"value":0.5},{"frame":0.43333333333333335,"value":0.03}],"scaleY":[{"frame":0,"value":0.3},{"frame":0.16666666666666666,"value":0.5},{"frame":0.43333333333333335,"value":0.03}],"position":[{"frame":0,"value":[0,0]},{"frame":0.16666666666666666,"value":[-43.04666666666667,6.526666666666666]},{"frame":0.43333333333333335,"value":[-58.7,8.9]}],"opacity":[{"frame":0,"value":0},{"frame":0.03333333333333333,"value":255},{"frame":0.16666666666666666,"value":255},{"frame":0.3,"value":255},{"frame":0.43333333333333335,"value":0}],"color":[{"frame":0.16666666666666666,"value":{"__type__":"cc.Color","r":250,"g":231,"b":172}}],"rotation":[{"frame":0.16666666666666666,"value":-80}]}},"sprite6":{"props":{"scaleX":[{"frame":0,"value":0.3},{"frame":0.13333333333333333,"value":0.5},{"frame":0.43333333333333335,"value":0.03}],"scaleY":[{"frame":0,"value":0.3},{"frame":0.13333333333333333,"value":0.5},{"frame":0.43333333333333335,"value":0.03}],"opacity":[{"frame":0,"value":0},{"frame":0.03333333333333333,"value":255},{"frame":0.3333333333333333,"value":255},{"frame":0.43333333333333335,"value":0}],"position":[{"frame":0,"value":[0,0]},{"frame":0.43333333333333335,"value":[33.1,-37.4]}],"color":[{"frame":0.23333333333333334,"value":{"__type__":"cc.Color","r":255,"g":228,"b":199}}],"rotation":[{"frame":0.23333333333333334,"value":131}]}}},"props":{"opacity":[{"frame":0,"value":255}]}}},{"__type__":"cc.SpriteFrame","content":{"name":"shouji08","texture":"20wkx7r05LO5L2PvQg5zW3","rect":[203,1214,52,62],"offset":[-3,-1],"originalSize":[64,64]}},{"__type__":"cc.SpriteFrame","content":{"name":"shouji21_2","texture":"20wkx7r05LO5L2PvQg5zW3","rect":[187,1024,80,76],"offset":[0,-2],"originalSize":[80,80]}},[{"__type__":"cc.Prefab","_name":"T_shouji_zhiliao_H","data":{"__id__":1},"asyncLoadAssets":false},{"__type__":"cc.Node","_name":"T_shouji_zhiliao_H","_children":[{"__id__":2},{"__id__":3},{"__id__":4},{"__id__":5},{"__id__":6},{"__id__":7},{"__id__":8}],"_components":[{"__id__":9},{"__type__":"3f6973JHftFpKTMspSNwhiz","node":{"__id__":1},"animationCtrl":{"__id__":9}}],"_prefab":{"__type__":"cc.PrefabInfo","root":{"__id__":1},"asset":{"__uuid__":"adtZm07yRBWY7+sh/HG8HL"},"fileId":"65fNMm6XJEjJMHT/ZlZhg5"},"_scaleX":1.2,"_scaleY":1.2},{"__type__":"cc.Node","_name":"1","_parent":{"__id__":1},"_components":[{"__type__":"cc.Sprite","node":{"__id__":2},"_spriteFrame":{"__uuid__":"09tpKjMpVA3Zv4JLwA2fZu"},"_dstBlendFactor":0}],"_prefab":{"__type__":"cc.PrefabInfo","root":{"__id__":1},"asset":{"__uuid__":"adtZm07yRBWY7+sh/HG8HL"},"fileId":"44K/YX9thDdrMmSFOixzHZ"},"_contentSize":{"__type__":"cc.Size","width":62,"height":64},"_scaleX":1.36,"_scaleY":1.36},{"__type__":"cc.Node","_name":"sprite3","_parent":{"__id__":1},"_components":[{"__type__":"cc.Sprite","node":{"__id__":3},"_spriteFrame":{"__uuid__":"d8UZuhG6hCf6/pft+EOf1w"},"_dstBlendFactor":0}],"_prefab":{"__type__":"cc.PrefabInfo","root":{"__id__":1},"asset":{"__uuid__":"adtZm07yRBWY7+sh/HG8HL"},"fileId":"f0pfmnyKdEA72GhXvkQ7be"},"_opacity":0,"_color":{"__type__":"cc.Color","r":255,"g":184},"_contentSize":{"__type__":"cc.Size","width":72,"height":70},"_scaleX":0.599999976,"_scaleY":0.599999976},{"__type__":"cc.Node","_name":"sprite4","_parent":{"__id__":1},"_components":[{"__type__":"cc.Sprite","node":{"__id__":4},"_spriteFrame":{"__uuid__":"f9/W1sOmlOW4U8n/PVS6R+"},"_dstBlendFactor":0}],"_prefab":{"__type__":"cc.PrefabInfo","root":{"__id__":1},"asset":{"__uuid__":"adtZm07yRBWY7+sh/HG8HL"},"fileId":"54LlNbLoBJ0bzipWK3rtrl"},"_opacity":0,"_color":{"__type__":"cc.Color","r":255,"g":234,"b":77},"_contentSize":{"__type__":"cc.Size","width":19,"height":19},"_scaleX":0.029999998799999997,"_scaleY":0.029999998799999997,"_position":{"__type__":"cc.Vec2","x":41.20000001866663,"y":37.40000000399991}},{"__type__":"cc.Node","_name":"sprite5","_parent":{"__id__":1},"_components":[{"__type__":"cc.Sprite","node":{"__id__":5},"_spriteFrame":{"__uuid__":"f9/W1sOmlOW4U8n/PVS6R+"},"_dstBlendFactor":0}],"_prefab":{"__type__":"cc.PrefabInfo","root":{"__id__":1},"asset":{"__uuid__":"adtZm07yRBWY7+sh/HG8HL"},"fileId":"39mCqPl0RAXoFrKaKwtsuH"},"_opacity":0,"_color":{"__type__":"cc.Color","r":255,"g":234,"b":77},"_contentSize":{"__type__":"cc.Size","width":19,"height":19},"_scaleX":0.029999998799999997,"_scaleY":0.029999998799999997,"_position":{"__type__":"cc.Vec2","x":-58.69999998533319,"y":8.899999977333295}},{"__type__":"cc.Node","_name":"sprite6","_parent":{"__id__":1},"_components":[{"__type__":"cc.Sprite","node":{"__id__":6},"_spriteFrame":{"__uuid__":"f9/W1sOmlOW4U8n/PVS6R+"},"_dstBlendFactor":0}],"_prefab":{"__type__":"cc.PrefabInfo","root":{"__id__":1},"asset":{"__uuid__":"adtZm07yRBWY7+sh/HG8HL"},"fileId":"b8uJckisdGUJ6HyAzqIUpI"},"_opacity":0,"_color":{"__type__":"cc.Color","r":255,"g":234,"b":77},"_contentSize":{"__type__":"cc.Size","width":19,"height":19},"_scaleX":0.029999998799999997,"_scaleY":0.029999998799999997,"_position":{"__type__":"cc.Vec2","x":33.100000009333314,"y":-37.40000000399996}},{"__type__":"cc.Node","_name":"sprite2","_parent":{"__id__":1},"_components":[{"__type__":"cc.Sprite","node":{"__id__":7},"_spriteFrame":{"__uuid__":"a90ahEygtDQL2gSSuwNuAa"},"_dstBlendFactor":0}],"_prefab":{"__type__":"cc.PrefabInfo","root":{"__id__":1},"asset":{"__uuid__":"adtZm07yRBWY7+sh/HG8HL"},"fileId":"7124UviZNH+K2Ejl9OqPAo"},"_opacity":0,"_contentSize":{"__type__":"cc.Size","width":80,"height":76},"_scaleX":1.5000000233333302,"_scaleY":1.5000000233333302},{"__type__":"cc.Node","_name":"sprite1","_parent":{"__id__":1},"_components":[{"__type__":"cc.Sprite","node":{"__id__":8},"_spriteFrame":{"__uuid__":"68toe4Em1DeKJEbg+tnLqX"},"_dstBlendFactor":0}],"_prefab":{"__type__":"cc.PrefabInfo","root":{"__id__":1},"asset":{"__uuid__":"adtZm07yRBWY7+sh/HG8HL"},"fileId":"84JQiWoHlIGbx4x+R8HNlL"},"_opacity":0,"_color":{"__type__":"cc.Color","r":255,"g":244,"b":121},"_anchorPoint":{"__type__":"cc.Vec2","x":0.6,"y":0.3},"_contentSize":{"__type__":"cc.Size","width":52,"height":62},"_scaleX":0.599999976,"_scaleY":0.599999976},{"__type__":"cc.Animation","node":{"__id__":1},"_defaultClip":{"__uuid__":"47G+5mDjtEuKTuuSb9V8MI"},"_clips":[{"__uuid__":"47G+5mDjtEuKTuuSb9V8MI"}]}],{"__type__":"cc.SpriteFrame","content":{"name":"shouji04_2","texture":"20wkx7r05LO5L2PvQg5zW3","rect":[255,878,72,70],"offset":[1,-4],"originalSize":[86,86]}},{"__type__":"cc.SpriteFrame","content":{"name":"zidan01","texture":"20wkx7r05LO5L2PvQg5zW3","rect":[143,555,19,19],"offset":[0,0],"originalSize":[19,19]}}]