[{"__type__":"cc.SpriteFrame","content":{"name":"default_radio_button_on","texture":"9dYAAftfRHJqYpJlnj3tC4","rect":[0,0,32,32],"offset":[0,0],"originalSize":[32,32]}},{"__type__":"cc.SpriteFrame","content":{"name":"default_btn_disabled","texture":"71VhFCTINJM6/Ky3oX9nBT","rect":[0,0,40,40],"offset":[0,0],"originalSize":[40,40],"capInsets":[15,7,15,9]}},[{"__type__":"cc.Prefab","_name":"FPSUI","data":{"__id__":1},"asyncLoadAssets":false},{"__type__":"cc.Node","_name":"FPSUI","_children":[{"__id__":2},{"__id__":5},{"__id__":9},{"__id__":10},{"__id__":34}],"_components":[{"__type__":"cc.Widget","node":{"__id__":1},"isAlignOnce":false,"_alignFlags":45},{"__type__":"41c78zUp31FqJsq8vBpP0qT","node":{"__id__":1},"FPS":{"__id__":8},"FPSBtn":{"__id__":4},"ServerInfo":{"__id__":35},"DumpNodeBtn":{"__id__":9},"EffLevelCfg":{"__id__":11},"EffLevelCfgToggle":[{"__id__":17},{"__id__":23},{"__id__":28}]}],"_prefab":{"__type__":"cc.PrefabInfo","root":{"__id__":1},"asset":{"__uuid__":"573Y0sOt5A+oic1PMkUECr"},"fileId":"0cVTSaT3tI7JEhi7/FdWMR"},"_contentSize":{"__type__":"cc.Size","width":1344,"height":750},"_position":{"__type__":"cc.Vec2","x":672,"y":375}},{"__type__":"cc.Node","_name":"FpsButton","_parent":{"__id__":1},"_children":[{"__id__":3}],"_components":[{"__type__":"cc.Sprite","node":{"__id__":2},"_spriteFrame":{"__uuid__":"f0BIwQ8D5Ml7nTNQbh1YlS"},"_type":1,"_sizeMode":0},{"__id__":4}],"_prefab":{"__type__":"cc.PrefabInfo","root":{"__id__":1},"asset":{"__uuid__":"573Y0sOt5A+oic1PMkUECr"},"fileId":"cakC37zTlGp5Hm+tKqvBL+"},"_contentSize":{"__type__":"cc.Size","width":100,"height":40},"_position":{"__type__":"cc.Vec2","x":-603,"y":100}},{"__type__":"cc.Node","_name":"Label","_parent":{"__id__":2},"_components":[{"__type__":"cc.Label","node":{"__id__":3},"_useOriginalSize":false,"_actualFontSize":20,"_fontSize":20,"_enableWrapText":false,"_N$string":"FPS Log","_N$horizontalAlign":1,"_N$verticalAlign":1,"_N$overflow":1}],"_prefab":{"__type__":"cc.PrefabInfo","root":{"__id__":1},"asset":{"__uuid__":"573Y0sOt5A+oic1PMkUECr"},"fileId":"9fiOfrrXxBbquIrNUzZ0Ip"},"_color":{"__type__":"cc.Color"},"_contentSize":{"__type__":"cc.Size","width":100,"height":40}},{"__type__":"cc.Button","node":{"__id__":2},"transition":2,"pressedColor":{"__type__":"cc.Color","r":255,"g":255,"b":255},"pressedSprite":{"__uuid__":"e97GVMl6JHh5Ml5qEDdSGa"},"hoverSprite":{"__uuid__":"e97GVMl6JHh5Ml5qEDdSGa"},"clickEvents":[{"__type__":"cc.ClickEvent","target":{"__id__":1},"component":"FPSUI","handler":"debugLog"}],"_N$normalColor":{"__type__":"cc.Color","r":255,"g":255,"b":255},"_N$disabledColor":{"__type__":"cc.Color","r":255,"g":255,"b":255},"_N$normalSprite":{"__uuid__":"f0BIwQ8D5Ml7nTNQbh1YlS"},"_N$disabledSprite":{"__uuid__":"29FYIk+N1GYaeWH/q1NxQO"},"_N$target":{"__id__":2}},{"__type__":"cc.Node","_name":"FPS","_parent":{"__id__":1},"_children":[{"__id__":6}],"_components":[{"__id__":8},{"__type__":"cc.Widget","node":{"__id__":5},"_alignFlags":9,"_left":26,"_top":82}],"_prefab":{"__type__":"cc.PrefabInfo","root":{"__id__":1},"asset":{"__uuid__":"573Y0sOt5A+oic1PMkUECr"},"fileId":"5fYSxJkrJONLYg1RSy0zKn"},"_position":{"__type__":"cc.Vec2","x":-646,"y":293}},{"__type__":"cc.Node","_name":"Template","_parent":{"__id__":5},"_active":false,"_components":[{"__id__":7}],"_prefab":{"__type__":"cc.PrefabInfo","root":{"__id__":1},"asset":{"__uuid__":"573Y0sOt5A+oic1PMkUECr"},"fileId":"04eUOlCFFNcImclDCNFduB"},"_contentSize":{"__type__":"cc.Size","width":12,"height":16}},{"__type__":"cc.Sprite","node":{"__id__":6},"_spriteFrame":{"__uuid__":"d7MnG4kxpKpK8pCaujFtXl"},"_sizeMode":0,"_isTrimmedMode":false},{"__type__":"16798xaPnVLdZwNbixFe2cV","node":{"__id__":5},"LabelAtlas":{"__uuid__":"7bRXkNrzhKoJqYv3aEXya7"},"LabelStr":"0123456789:","ResFormat":"CountDowm_","Template":{"__id__":7}},{"__type__":"cc.Node","_name":"DumpBtn","_parent":{"__id__":1},"_active":false,"_components":[{"__type__":"cc.Sprite","node":{"__id__":9},"_spriteFrame":{"__uuid__":"a18wvB+KRIj69H6umIvZtn"},"_type":1,"_sizeMode":0},{"__type__":"cc.Button","node":{"__id__":9},"transition":2,"pressedColor":{"__type__":"cc.Color","r":255,"g":255,"b":255},"pressedSprite":{"__uuid__":"a18wvB+KRIj69H6umIvZtn"},"hoverSprite":{"__uuid__":"a18wvB+KRIj69H6umIvZtn"},"clickEvents":[{"__type__":"cc.ClickEvent","target":{"__id__":1},"component":"FPSUI","handler":"OnDumpAllNodeBtn"}],"_N$normalColor":{"__type__":"cc.Color","r":255,"g":255,"b":255},"_N$disabledColor":{"__type__":"cc.Color","r":255,"g":255,"b":255},"_N$normalSprite":{"__uuid__":"a18wvB+KRIj69H6umIvZtn"},"_N$disabledSprite":{"__uuid__":"a18wvB+KRIj69H6umIvZtn"},"_N$target":{"__id__":9}},{"__type__":"cc.Widget","node":{"__id__":9},"_alignFlags":9,"_left":35,"_top":96}],"_prefab":{"__type__":"cc.PrefabInfo","root":{"__id__":1},"asset":{"__uuid__":"573Y0sOt5A+oic1PMkUECr"},"fileId":"33EF0J8ZVPM5aW7/SKEV0L"},"_contentSize":{"__type__":"cc.Size","width":50,"height":50},"_position":{"__type__":"cc.Vec2","x":-612,"y":254}},{"__type__":"cc.Node","_name":"EffLevelBtn","_parent":{"__id__":1},"_children":[{"__id__":11}],"_active":false,"_components":[{"__type__":"cc.Sprite","node":{"__id__":10},"_spriteFrame":{"__uuid__":"a18wvB+KRIj69H6umIvZtn"},"_type":1,"_sizeMode":0},{"__type__":"cc.Button","node":{"__id__":10},"transition":2,"pressedColor":{"__type__":"cc.Color","r":255,"g":255,"b":255},"pressedSprite":{"__uuid__":"a18wvB+KRIj69H6umIvZtn"},"hoverSprite":{"__uuid__":"a18wvB+KRIj69H6umIvZtn"},"clickEvents":[{"__type__":"cc.ClickEvent","target":{"__id__":1},"component":"FPSUI","handler":"OnEffLevelBtn"}],"_N$normalColor":{"__type__":"cc.Color","r":255,"g":255,"b":255},"_N$disabledColor":{"__type__":"cc.Color","r":255,"g":255,"b":255},"_N$normalSprite":{"__uuid__":"a18wvB+KRIj69H6umIvZtn"},"_N$disabledSprite":{"__uuid__":"a18wvB+KRIj69H6umIvZtn"},"_N$target":{"__id__":10}},{"__type__":"cc.Widget","node":{"__id__":10},"_alignFlags":9,"_left":113,"_top":96}],"_prefab":{"__type__":"cc.PrefabInfo","root":{"__id__":1},"asset":{"__uuid__":"573Y0sOt5A+oic1PMkUECr"},"fileId":"f0z50CsZdCgIpX4+yFZGQe"},"_color":{"__type__":"cc.Color","r":10,"g":255,"b":69},"_contentSize":{"__type__":"cc.Size","width":50,"height":50},"_position":{"__type__":"cc.Vec2","x":-534,"y":254}},{"__type__":"cc.Node","_name":"Win","_parent":{"__id__":10},"_children":[{"__id__":12},{"__id__":29},{"__id__":30},{"__id__":31},{"__id__":32}],"_active":false,"_components":[{"__type__":"cc.Sprite","node":{"__id__":11},"_spriteFrame":{"__uuid__":"a5+wExUapOgblwqcd8fyc9"},"_type":1,"_sizeMode":0}],"_prefab":{"__type__":"cc.PrefabInfo","root":{"__id__":1},"asset":{"__uuid__":"573Y0sOt5A+oic1PMkUECr"},"fileId":"f7a8VqmlxIoaZa6NEt6GeI"},"_contentSize":{"__type__":"cc.Size","width":300,"height":200},"_position":{"__type__":"cc.Vec2","x":160,"y":-131}},{"__type__":"cc.Node","_name":"New ToggleGroup","_parent":{"__id__":11},"_children":[{"__id__":13},{"__id__":19},{"__id__":24}],"_components":[{"__id__":18}],"_prefab":{"__type__":"cc.PrefabInfo","root":{"__id__":1},"asset":{"__uuid__":"573Y0sOt5A+oic1PMkUECr"},"fileId":"32zN9VF51OdasuUY0xvLv5"},"_contentSize":{"__type__":"cc.Size","width":221,"height":61},"_position":{"__type__":"cc.Vec2","y":53}},{"__type__":"cc.Node","_name":"toggle1","_parent":{"__id__":12},"_children":[{"__id__":14},{"__id__":15}],"_components":[{"__id__":17}],"_prefab":{"__type__":"cc.PrefabInfo","root":{"__id__":1},"asset":{"__uuid__":"573Y0sOt5A+oic1PMkUECr"},"fileId":"a8BCre1RJJ77fSqfrgfwnB"},"_contentSize":{"__type__":"cc.Size","width":50,"height":50},"_position":{"__type__":"cc.Vec2","x":-72,"y":3}},{"__type__":"cc.Node","_name":"Background","_parent":{"__id__":13},"_components":[{"__type__":"cc.Sprite","node":{"__id__":14},"_spriteFrame":{"__uuid__":"e7q6FL+VZEgLJUjVeDLic/"}}],"_prefab":{"__type__":"cc.PrefabInfo","root":{"__id__":1},"asset":{"__uuid__":"573Y0sOt5A+oic1PMkUECr"},"fileId":"a0gATtglVNy6dzbqlZWjUd"},"_contentSize":{"__type__":"cc.Size","width":28,"height":30}},{"__type__":"cc.Node","_name":"checkmark","_parent":{"__id__":13},"_components":[{"__id__":16}],"_prefab":{"__type__":"cc.PrefabInfo","root":{"__id__":1},"asset":{"__uuid__":"573Y0sOt5A+oic1PMkUECr"},"fileId":"19ptmBcrlPAYxFslBKg+FW"},"_contentSize":{"__type__":"cc.Size","width":32,"height":32}},{"__type__":"cc.Sprite","node":{"__id__":15},"_spriteFrame":{"__uuid__":"1aMvx28L1PZpgPVpKcDKCz"},"_sizeMode":2,"_isTrimmedMode":false},{"__type__":"cc.Toggle","node":{"__id__":13},"transition":3,"_N$target":{"__id__":14},"toggleGroup":{"__id__":18},"checkMark":{"__id__":16},"checkEvents":[{"__type__":"cc.ClickEvent","target":{"__id__":1},"component":"FPSUI","handler":"OnEffLevelCfgChanged","customEventData":"0"}]},{"__type__":"cc.ToggleGroup","node":{"__id__":12}},{"__type__":"cc.Node","_name":"toggle2","_parent":{"__id__":12},"_children":[{"__id__":20},{"__id__":21}],"_components":[{"__id__":23}],"_prefab":{"__type__":"cc.PrefabInfo","root":{"__id__":1},"asset":{"__uuid__":"573Y0sOt5A+oic1PMkUECr"},"fileId":"c301arWWRLc5nDbyHIQgJp"},"_contentSize":{"__type__":"cc.Size","width":50,"height":50},"_position":{"__type__":"cc.Vec2","x":15,"y":3}},{"__type__":"cc.Node","_name":"Background","_parent":{"__id__":19},"_components":[{"__type__":"cc.Sprite","node":{"__id__":20},"_spriteFrame":{"__uuid__":"e7q6FL+VZEgLJUjVeDLic/"}}],"_prefab":{"__type__":"cc.PrefabInfo","root":{"__id__":1},"asset":{"__uuid__":"573Y0sOt5A+oic1PMkUECr"},"fileId":"cdhZ7mQV1J9rV8HGpm4Tc8"},"_contentSize":{"__type__":"cc.Size","width":28,"height":30}},{"__type__":"cc.Node","_name":"checkmark","_parent":{"__id__":19},"_components":[{"__id__":22}],"_prefab":{"__type__":"cc.PrefabInfo","root":{"__id__":1},"asset":{"__uuid__":"573Y0sOt5A+oic1PMkUECr"},"fileId":"4axVBppjlNz7L48Jfb05MP"},"_contentSize":{"__type__":"cc.Size","width":32,"height":32}},{"__type__":"cc.Sprite","node":{"__id__":21},"_spriteFrame":{"__uuid__":"1aMvx28L1PZpgPVpKcDKCz"},"_sizeMode":2,"_isTrimmedMode":false},{"__type__":"cc.Toggle","node":{"__id__":19},"transition":3,"_N$target":{"__id__":20},"toggleGroup":{"__id__":18},"checkMark":{"__id__":22},"checkEvents":[{"__type__":"cc.ClickEvent","target":{"__id__":1},"component":"FPSUI","handler":"OnEffLevelCfgChanged","customEventData":"1"}]},{"__type__":"cc.Node","_name":"toggle3","_parent":{"__id__":12},"_children":[{"__id__":25},{"__id__":26}],"_components":[{"__id__":28}],"_prefab":{"__type__":"cc.PrefabInfo","root":{"__id__":1},"asset":{"__uuid__":"573Y0sOt5A+oic1PMkUECr"},"fileId":"a2ensYThZJgZvLYSsFiAkm"},"_contentSize":{"__type__":"cc.Size","width":50,"height":50},"_position":{"__type__":"cc.Vec2","x":101,"y":3}},{"__type__":"cc.Node","_name":"Background","_parent":{"__id__":24},"_components":[{"__type__":"cc.Sprite","node":{"__id__":25},"_spriteFrame":{"__uuid__":"e7q6FL+VZEgLJUjVeDLic/"}}],"_prefab":{"__type__":"cc.PrefabInfo","root":{"__id__":1},"asset":{"__uuid__":"573Y0sOt5A+oic1PMkUECr"},"fileId":"63cVq08ZBCL7wV+l4BDZfY"},"_contentSize":{"__type__":"cc.Size","width":28,"height":30}},{"__type__":"cc.Node","_name":"checkmark","_parent":{"__id__":24},"_components":[{"__id__":27}],"_prefab":{"__type__":"cc.PrefabInfo","root":{"__id__":1},"asset":{"__uuid__":"573Y0sOt5A+oic1PMkUECr"},"fileId":"06M05o/QpENLPr6nUiQyL0"},"_contentSize":{"__type__":"cc.Size","width":32,"height":32}},{"__type__":"cc.Sprite","node":{"__id__":26},"_spriteFrame":{"__uuid__":"1aMvx28L1PZpgPVpKcDKCz"},"_sizeMode":2,"_isTrimmedMode":false},{"__type__":"cc.Toggle","node":{"__id__":24},"transition":3,"_N$target":{"__id__":25},"toggleGroup":{"__id__":18},"checkMark":{"__id__":27},"checkEvents":[{"__type__":"cc.ClickEvent","target":{"__id__":1},"component":"FPSUI","handler":"OnEffLevelCfgChanged","customEventData":"2"}]},{"__type__":"cc.Node","_name":"High","_parent":{"__id__":11},"_components":[{"__type__":"cc.Label","node":{"__id__":29},"_useOriginalSize":false,"_actualFontSize":30,"_fontSize":30,"_lineHeight":30,"_N$string":"高","_N$horizontalAlign":1,"_N$verticalAlign":1}],"_prefab":{"__type__":"cc.PrefabInfo","root":{"__id__":1},"asset":{"__uuid__":"573Y0sOt5A+oic1PMkUECr"},"fileId":"f7x/SOoM1HKp7ALjXrKewY"},"_color":{"__type__":"cc.Color"},"_contentSize":{"__type__":"cc.Size","width":30,"height":30},"_position":{"__type__":"cc.Vec2","x":-109,"y":56}},{"__type__":"cc.Node","_name":"Mid","_parent":{"__id__":11},"_components":[{"__type__":"cc.Label","node":{"__id__":30},"_useOriginalSize":false,"_actualFontSize":30,"_fontSize":30,"_lineHeight":30,"_N$string":"中","_N$horizontalAlign":1,"_N$verticalAlign":1}],"_prefab":{"__type__":"cc.PrefabInfo","root":{"__id__":1},"asset":{"__uuid__":"573Y0sOt5A+oic1PMkUECr"},"fileId":"7aDIwzP0xDvapxN3hprmGW"},"_color":{"__type__":"cc.Color"},"_contentSize":{"__type__":"cc.Size","width":30,"height":30},"_position":{"__type__":"cc.Vec2","x":-16,"y":56}},{"__type__":"cc.Node","_name":"Low","_parent":{"__id__":11},"_components":[{"__type__":"cc.Label","node":{"__id__":31},"_useOriginalSize":false,"_actualFontSize":30,"_fontSize":30,"_lineHeight":30,"_N$string":"低","_N$horizontalAlign":1,"_N$verticalAlign":1}],"_prefab":{"__type__":"cc.PrefabInfo","root":{"__id__":1},"asset":{"__uuid__":"573Y0sOt5A+oic1PMkUECr"},"fileId":"adm/jwBixGzp7UplaBKo1b"},"_color":{"__type__":"cc.Color"},"_contentSize":{"__type__":"cc.Size","width":30,"height":30},"_position":{"__type__":"cc.Vec2","x":71,"y":56}},{"__type__":"cc.Node","_name":"EffOK","_parent":{"__id__":11},"_children":[{"__id__":33}],"_components":[{"__type__":"cc.Sprite","node":{"__id__":32},"_spriteFrame":{"__uuid__":"d6JtJ/ZNJFI5jAUF+ldE8N"},"_type":1,"_sizeMode":0},{"__type__":"cc.Button","node":{"__id__":32},"transition":2,"pressedColor":{"__type__":"cc.Color","r":255,"g":255,"b":255},"pressedSprite":{"__uuid__":"e97GVMl6JHh5Ml5qEDdSGa"},"hoverSprite":{"__uuid__":"e97GVMl6JHh5Ml5qEDdSGa"},"clickEvents":[{"__type__":"cc.ClickEvent","target":{"__id__":1},"component":"FPSUI","handler":"OnEffLevelCfgOK"}],"_N$normalColor":{"__type__":"cc.Color","r":255,"g":255,"b":255},"_N$disabledColor":{"__type__":"cc.Color","r":255,"g":255,"b":255},"_N$normalSprite":{"__uuid__":"d6JtJ/ZNJFI5jAUF+ldE8N"},"_N$disabledSprite":{"__uuid__":"29FYIk+N1GYaeWH/q1NxQO"},"_N$target":{"__id__":32}}],"_prefab":{"__type__":"cc.PrefabInfo","root":{"__id__":1},"asset":{"__uuid__":"573Y0sOt5A+oic1PMkUECr"},"fileId":"f99pVSs7dCp6IN0Ju811Mn"},"_contentSize":{"__type__":"cc.Size","width":130,"height":50},"_position":{"__type__":"cc.Vec2","x":-6,"y":-41}},{"__type__":"cc.Node","_name":"Label","_parent":{"__id__":32},"_components":[{"__type__":"cc.Label","node":{"__id__":33},"_useOriginalSize":false,"_actualFontSize":20,"_fontSize":20,"_enableWrapText":false,"_N$string":"OK","_N$horizontalAlign":1,"_N$verticalAlign":1,"_N$overflow":1}],"_prefab":{"__type__":"cc.PrefabInfo","root":{"__id__":1},"asset":{"__uuid__":"573Y0sOt5A+oic1PMkUECr"},"fileId":"42G77BKfpLrqSFyiTU29jP"},"_color":{"__type__":"cc.Color"},"_contentSize":{"__type__":"cc.Size","width":100,"height":40}},{"__type__":"cc.Node","_name":"ServerInfo","_parent":{"__id__":1},"_components":[{"__id__":35}],"_prefab":{"__type__":"cc.PrefabInfo","root":{"__id__":1},"asset":{"__uuid__":"573Y0sOt5A+oic1PMkUECr"},"fileId":"e5U4d0J7BOb7hd8T6IUHAy"},"_contentSize":{"__type__":"cc.Size","width":55.62,"height":80},"_position":{"__type__":"cc.Vec2","x":-469,"y":280}},{"__type__":"cc.Label","node":{"__id__":34},"_useOriginalSize":false,"_actualFontSize":20,"_fontSize":20,"_N$string":"aaaaa\n","_N$verticalAlign":2}],{"__type__":"cc.SpriteFrame","content":{"name":"_0005_shezhi","texture":"fcJS4K3v9B9LpajzpsNm+D","rect":[1922,760,54,52],"offset":[0,0],"originalSize":[54,52]}},{"__type__":"cc.SpriteFrame","content":{"name":"default_sprite_splash","texture":"fcJS4K3v9B9LpajzpsNm+D","rect":[972,760,32,32],"offset":[0,0],"originalSize":[32,32],"capInsets":[3,3,4,4]}},{"__type__":"cc.SpriteFrame","content":{"name":"_0013_yellowbutton","texture":"fcJS4K3v9B9LpajzpsNm+D","rect":[1824,760,48,58],"offset":[0,0],"originalSize":[48,58],"capInsets":[13,0,15,0]}},{"__type__":"cc.SpriteFrame","content":{"name":"CountDowm_48","texture":"fcJS4K3v9B9LpajzpsNm+D","rect":[1382,760,20,25],"offset":[0,0],"originalSize":[22,25]}},{"__type__":"cc.SpriteFrame","content":{"name":"default_radio_button_off","texture":"56fc2Ai/RFNYpaMT8crweK","rect":[2,2,28,30],"offset":[0,-1],"originalSize":[32,32]}},{"__type__":"cc.SpriteFrame","content":{"name":"default_btn_pressed","texture":"b4P/PCArtIdIH38t6mlw8Y","rect":[0,0,40,40],"offset":[0,0],"originalSize":[40,40],"capInsets":[11,11,11,7]}},{"__type__":"cc.SpriteFrame","content":{"name":"default_btn_normal","texture":"e8Ueib+qJEhL6mXAHdnwbi","rect":[0,0,40,40],"offset":[0,0],"originalSize":[40,40],"capInsets":[8,11,7,9]}}]