[{"__type__":"cc.SpriteFrame","content":{"name":"arrow","texture":"fcJS4K3v9B9LpajzpsNm+D","rect":[620,275,26,22],"offset":[0,0],"originalSize":[26,22]}},{"__type__":"cc.SpriteFrame","content":{"name":"angry","texture":"fcJS4K3v9B9LpajzpsNm+D","rect":[1165,288,72,72],"offset":[0,0],"originalSize":[72,72]}},[{"__type__":"cc.Prefab","_name":"EmoticonItem","data":{"__id__":1},"asyncLoadAssets":false},{"__type__":"cc.Node","_name":"EmoticonItem","_children":[{"__id__":2},{"__id__":3}],"_components":[{"__type__":"8da07jO2tlAvr/KKO8GnXaX","node":{"__id__":1}}],"_prefab":{"__type__":"cc.PrefabInfo","root":{"__id__":1},"asset":{"__uuid__":"abNI/4RfNPLr3udszWp7/d"},"fileId":"86XlJGHOtFZYMst4e6IW1s"},"_opacity":0,"_contentSize":{"__type__":"cc.Size","width":100,"height":100},"_position":{"__type__":"cc.Vec2","x":-72.4,"y":47.3}},{"__type__":"cc.Node","_name":"Arrow","_parent":{"__id__":1},"_components":[{"__type__":"cc.Sprite","node":{"__id__":2},"_spriteFrame":{"__uuid__":"58LiTPViZPKrHZe9c7BvC8"}}],"_prefab":{"__type__":"cc.PrefabInfo","root":{"__id__":1},"asset":{"__uuid__":"abNI/4RfNPLr3udszWp7/d"},"fileId":"7fGSQj15RJxKKHfrHtdeX5"},"_contentSize":{"__type__":"cc.Size","width":26,"height":22},"_rotationX":135,"_rotationY":135,"_position":{"__type__":"cc.Vec2","x":32.6,"y":-25.4}},{"__type__":"cc.Node","_name":"EmoticonSprite","_parent":{"__id__":1},"_components":[{"__type__":"cc.Sprite","node":{"__id__":3},"_spriteFrame":{"__uuid__":"60jCGiFNBHVLwSIBvVw3nh"},"_sizeMode":0}],"_prefab":{"__type__":"cc.PrefabInfo","root":{"__id__":1},"asset":{"__uuid__":"abNI/4RfNPLr3udszWp7/d"},"fileId":"72rv3AcJ5C1617gJBEeqcX"},"_contentSize":{"__type__":"cc.Size","width":72,"height":72}}]]