{"ID":"382caca5-3203-4ef8-a8dd-35888560a4e2","Version":"3.10.0.0","Name":"loading1","Content":{"Content":{"Animation":{"Duration":30,"Speed":0.5,"Timelines":[{"ActionTag":729637799,"Property":"Scale","Frames":[{"X":1.3,"Y":1.3,"FrameIndex":0,"EasingData":{"Type":9},"ctype":"ScaleValueFrameData"},{"X":0.7,"Y":1.3,"FrameIndex":15,"EasingData":{"Type":9},"ctype":"ScaleValueFrameData"},{"X":1.3,"Y":1.3,"FrameIndex":30,"EasingData":{"Type":9},"ctype":"ScaleValueFrameData"}],"ctype":"TimelineData"},{"ActionTag":-979999886,"Property":"Scale","Frames":[{"X":1.3,"Y":1.3,"FrameIndex":0,"EasingData":{"Type":9},"ctype":"ScaleValueFrameData"},{"X":0.7,"Y":1.3,"FrameIndex":15,"EasingData":{"Type":9},"ctype":"ScaleValueFrameData"},{"X":1.3,"Y":1.3,"FrameIndex":30,"EasingData":{"Type":9},"ctype":"ScaleValueFrameData"}],"ctype":"TimelineData"},{"ActionTag":-1421643982,"Property":"Scale","Frames":[{"X":1.3,"Y":1.3,"FrameIndex":0,"EasingData":{"Type":9},"ctype":"ScaleValueFrameData"},{"X":0.7,"Y":1.3,"FrameIndex":15,"EasingData":{"Type":9},"ctype":"ScaleValueFrameData"},{"X":1.3,"Y":1.3,"FrameIndex":30,"EasingData":{"Type":9},"ctype":"ScaleValueFrameData"}],"ctype":"TimelineData"},{"ActionTag":1698400071,"Property":"Scale","Frames":[{"X":0.7,"Y":1.3,"FrameIndex":0,"EasingData":{"Type":9},"ctype":"ScaleValueFrameData"},{"X":1.3,"Y":1.3,"FrameIndex":15,"EasingData":{"Type":9},"ctype":"ScaleValueFrameData"},{"X":0.7,"Y":1.3,"FrameIndex":30,"EasingData":{"Type":9},"ctype":"ScaleValueFrameData"}],"ctype":"TimelineData"},{"ActionTag":1319625144,"Property":"Scale","Frames":[{"X":0.7,"Y":1.3,"FrameIndex":0,"EasingData":{"Type":9},"ctype":"ScaleValueFrameData"},{"X":1.3,"Y":1.3,"FrameIndex":15,"EasingData":{"Type":9},"ctype":"ScaleValueFrameData"},{"X":0.7,"Y":1.3,"FrameIndex":30,"EasingData":{"Type":9},"ctype":"ScaleValueFrameData"}],"ctype":"TimelineData"},{"ActionTag":447138585,"Property":"Position","Frames":[{"X":-110.5,"Y":5.0866,"FrameIndex":0,"EasingData":{"Type":9},"ctype":"PointFrameData"},{"X":-110.5,"Y":45,"FrameIndex":15,"EasingData":{"Type":9},"ctype":"PointFrameData"},{"X":-110.5,"Y":5.0866,"FrameIndex":30,"EasingData":{"Type":9},"ctype":"PointFrameData"}],"ctype":"TimelineData"},{"ActionTag":447138585,"Property":"Scale","Frames":[{"X":1,"Y":0.65,"FrameIndex":0,"EasingData":{"Type":9},"ctype":"ScaleValueFrameData"},{"X":0.9,"Y":1.2,"FrameIndex":15,"EasingData":{"Type":9},"ctype":"ScaleValueFrameData"},{"X":1,"Y":0.65,"FrameIndex":30,"EasingData":{"Type":9},"ctype":"ScaleValueFrameData"}],"ctype":"TimelineData"},{"ActionTag":2018260125,"Property":"Position","Frames":[{"X":-55.5,"Y":45,"FrameIndex":0,"EasingData":{"Type":9},"ctype":"PointFrameData"},{"X":-55.5,"Y":4,"FrameIndex":15,"EasingData":{"Type":9},"ctype":"PointFrameData"},{"X":-55.5,"Y":45,"FrameIndex":30,"EasingData":{"Type":9},"ctype":"PointFrameData"}],"ctype":"TimelineData"},{"ActionTag":2018260125,"Property":"Scale","Frames":[{"X":0.9,"Y":1.2,"FrameIndex":0,"EasingData":{"Type":9},"ctype":"ScaleValueFrameData"},{"X":1,"Y":0.65,"FrameIndex":15,"EasingData":{"Type":9},"ctype":"ScaleValueFrameData"},{"X":0.9,"Y":1.2,"FrameIndex":30,"EasingData":{"Type":9},"ctype":"ScaleValueFrameData"}],"ctype":"TimelineData"},{"ActionTag":2018260125,"Property":"RotationSkew","Frames":[{"X":0,"Y":0,"FrameIndex":30,"EasingData":{"Type":9},"ctype":"ScaleValueFrameData"}],"ctype":"TimelineData"},{"ActionTag":-1568838019,"Property":"Position","Frames":[{"X":0,"Y":10,"FrameIndex":0,"EasingData":{"Type":9},"ctype":"PointFrameData"},{"X":0,"Y":45,"FrameIndex":15,"EasingData":{"Type":9},"ctype":"PointFrameData"},{"X":0,"Y":10,"FrameIndex":30,"EasingData":{"Type":9},"ctype":"PointFrameData"}],"ctype":"TimelineData"},{"ActionTag":-1568838019,"Property":"Scale","Frames":[{"X":1,"Y":0.65,"FrameIndex":0,"EasingData":{"Type":9},"ctype":"ScaleValueFrameData"},{"X":1.0001,"Y":1,"FrameIndex":15,"EasingData":{"Type":9},"ctype":"ScaleValueFrameData"},{"X":1,"Y":0.65,"FrameIndex":30,"EasingData":{"Type":9},"ctype":"ScaleValueFrameData"}],"ctype":"TimelineData"},{"ActionTag":-1907124484,"Property":"Position","Frames":[{"X":53.5,"Y":45,"FrameIndex":0,"EasingData":{"Type":9},"ctype":"PointFrameData"},{"X":53.5,"Y":0.9998,"FrameIndex":15,"EasingData":{"Type":9},"ctype":"PointFrameData"},{"X":53.5,"Y":45,"FrameIndex":30,"EasingData":{"Type":9},"ctype":"PointFrameData"}],"ctype":"TimelineData"},{"ActionTag":-1907124484,"Property":"Scale","Frames":[{"X":1,"Y":1.2,"FrameIndex":0,"EasingData":{"Type":9},"ctype":"ScaleValueFrameData"},{"X":1,"Y":0.65,"FrameIndex":15,"EasingData":{"Type":9},"ctype":"ScaleValueFrameData"},{"X":1,"Y":1.2,"FrameIndex":30,"EasingData":{"Type":9},"ctype":"ScaleValueFrameData"}],"ctype":"TimelineData"},{"ActionTag":-1907124484,"Property":"RotationSkew","Frames":[{"X":0,"Y":0,"FrameIndex":30,"EasingData":{"Type":9},"ctype":"ScaleValueFrameData"}],"ctype":"TimelineData"},{"ActionTag":-890279871,"Property":"Position","Frames":[{"X":108.4999,"Y":7,"FrameIndex":0,"EasingData":{"Type":9},"ctype":"PointFrameData"},{"X":108.5,"Y":45,"FrameIndex":15,"EasingData":{"Type":9},"ctype":"PointFrameData"},{"X":108.4999,"Y":7,"FrameIndex":30,"EasingData":{"Type":9},"ctype":"PointFrameData"}],"ctype":"TimelineData"},{"ActionTag":-890279871,"Property":"Scale","Frames":[{"X":1,"Y":0.65,"FrameIndex":0,"EasingData":{"Type":9},"ctype":"ScaleValueFrameData"},{"X":1,"Y":1.2,"FrameIndex":15,"EasingData":{"Type":9},"ctype":"ScaleValueFrameData"},{"X":1,"Y":0.65,"FrameIndex":30,"EasingData":{"Type":9},"ctype":"ScaleValueFrameData"}],"ctype":"TimelineData"},{"ActionTag":164412436,"Property":"Position","Frames":[{"X":51,"Y":-45.6805,"FrameIndex":0,"EasingData":{"Type":0},"ctype":"PointFrameData"}],"ctype":"TimelineData"},{"ActionTag":267771,"Property":"Alpha","Frames":[{"Value":0,"FrameIndex":9,"EasingData":{"Type":0},"ctype":"IntFrameData"},{"Value":255,"FrameIndex":10,"EasingData":{"Type":0},"ctype":"IntFrameData"}],"ctype":"TimelineData"},{"ActionTag":710542961,"Property":"Alpha","Frames":[{"Value":0,"FrameIndex":19,"EasingData":{"Type":0},"ctype":"IntFrameData"},{"Value":255,"FrameIndex":20,"EasingData":{"Type":0},"ctype":"IntFrameData"}],"ctype":"TimelineData"}],"ctype":"TimelineActionData"},"AnimationList":[],"ObjectData":{"Tag":12,"Children":[{"FileData":{"Type":"MarkedSubImage","Path":"loading/image/loadingshadow.png","Plist":"plist/Plist5.plist"},"BlendFunc":{"Src":1,"Dst":771},"AnchorPoint":{"ScaleX":0.5,"ScaleY":0.5},"Position":{"X":108.5,"Y":-8.5},"Scale":{"ScaleX":0.7007,"ScaleY":1.3},"CColor":{},"IconVisible":false,"PrePosition":{"X":0,"Y":0},"PreSize":{"X":0,"Y":0},"LeftMargin":97.5,"RightMargin":-119.5,"TopMargin":7,"BottomMargin":-10,"Tag":24,"ActionTag":729637799,"Size":{"X":22,"Y":3},"Name":"loadingshadow_7_1_0","ctype":"SpriteObjectData"},{"FileData":{"Type":"MarkedSubImage","Path":"loading/image/loadingshadow.png","Plist":"plist/Plist5.plist"},"BlendFunc":{"Src":1,"Dst":771},"AnchorPoint":{"ScaleX":0.5,"ScaleY":0.5},"Position":{"X":0,"Y":-8.5},"Scale":{"ScaleX":0.7007,"ScaleY":1.3},"CColor":{},"IconVisible":false,"PrePosition":{"X":0,"Y":0},"PreSize":{"X":0,"Y":0},"LeftMargin":-11,"RightMargin":-11,"TopMargin":7,"BottomMargin":-10,"Tag":23,"ActionTag":-979999886,"Size":{"X":22,"Y":3},"Name":"loadingshadow_7_1","ctype":"SpriteObjectData"},{"FileData":{"Type":"MarkedSubImage","Path":"loading/image/loadingshadow.png","Plist":"plist/Plist5.plist"},"BlendFunc":{"Src":1,"Dst":771},"AnchorPoint":{"ScaleX":0.5,"ScaleY":0.5},"Position":{"X":-110.5,"Y":-8.5},"Scale":{"ScaleX":0.7007,"ScaleY":1.3},"CColor":{},"IconVisible":false,"PrePosition":{"X":0,"Y":0},"PreSize":{"X":0,"Y":0},"LeftMargin":-121.5,"RightMargin":99.5,"TopMargin":7,"BottomMargin":-10,"Tag":22,"ActionTag":-1421643982,"Size":{"X":22,"Y":3},"Name":"loadingshadow_7_0","ctype":"SpriteObjectData"},{"FileData":{"Type":"MarkedSubImage","Path":"loading/image/loadingshadow.png","Plist":"plist/Plist5.plist"},"BlendFunc":{"Src":1,"Dst":771},"AnchorPoint":{"ScaleX":0.5,"ScaleY":0.5},"Position":{"X":53.5,"Y":-8.5},"Scale":{"ScaleX":1.2993,"ScaleY":1.3},"CColor":{},"IconVisible":false,"PrePosition":{"X":0,"Y":0},"PreSize":{"X":0,"Y":0},"LeftMargin":42.5,"RightMargin":-64.5,"TopMargin":7,"BottomMargin":-10,"Tag":25,"ActionTag":1698400071,"Size":{"X":22,"Y":3},"Name":"loadingshadow_7_2","ctype":"SpriteObjectData"},{"FileData":{"Type":"MarkedSubImage","Path":"loading/image/loadingshadow.png","Plist":"plist/Plist5.plist"},"BlendFunc":{"Src":1,"Dst":771},"AnchorPoint":{"ScaleX":0.5,"ScaleY":0.5},"Position":{"X":-55.5,"Y":-8.5},"Scale":{"ScaleX":1.2993,"ScaleY":1.3},"CColor":{},"IconVisible":false,"PrePosition":{"X":0,"Y":0},"PreSize":{"X":0,"Y":0},"LeftMargin":-66.5,"RightMargin":44.5,"TopMargin":7,"BottomMargin":-10,"Tag":19,"ActionTag":1319625144,"Size":{"X":22,"Y":3},"Name":"loadingshadow_7","ctype":"SpriteObjectData"},{"FileData":{"Type":"MarkedSubImage","Path":"loading/image/loading1.png","Plist":"plist/Plist5.plist"},"BlendFunc":{"Src":1,"Dst":771},"AnchorPoint":{"ScaleX":0.5,"ScaleY":0.5},"Position":{"X":-110.5,"Y":44.9527},"Scale":{"ScaleX":0.9001,"ScaleY":1.1993},"CColor":{},"IconVisible":false,"PrePosition":{"X":0,"Y":0},"PreSize":{"X":0,"Y":0},"LeftMargin":-133,"RightMargin":88,"TopMargin":-65.4527,"BottomMargin":24.4527,"Tag":14,"ActionTag":447138585,"Size":{"X":45,"Y":41},"Name":"loading1_2","ctype":"SpriteObjectData"},{"FileData":{"Type":"MarkedSubImage","Path":"loading/image/loading2.png","Plist":"plist/Plist5.plist"},"BlendFunc":{"Src":1,"Dst":771},"AnchorPoint":{"ScaleX":0.5,"ScaleY":0.5},"Position":{"X":-55.5,"Y":4.0486},"Scale":{"ScaleX":0.9999,"ScaleY":0.6507},"CColor":{},"IconVisible":false,"PrePosition":{"X":0,"Y":0},"PreSize":{"X":0,"Y":0},"LeftMargin":-78,"RightMargin":33,"TopMargin":-25.0486,"BottomMargin":-16.9514,"Tag":15,"ActionTag":2018260125,"Size":{"X":45,"Y":42},"Name":"loading2_3","ctype":"SpriteObjectData"},{"FileData":{"Type":"MarkedSubImage","Path":"loading/image/loading3.png","Plist":"plist/Plist5.plist"},"BlendFunc":{"Src":1,"Dst":771},"AnchorPoint":{"ScaleX":0.5,"ScaleY":0.5},"Position":{"X":0,"Y":44.9585},"Scale":{"ScaleX":1.0001,"ScaleY":0.9996},"CColor":{},"IconVisible":false,"PrePosition":{"X":0,"Y":0},"PreSize":{"X":0,"Y":0},"LeftMargin":-19.5,"RightMargin":-19.5,"TopMargin":-71.9585,"BottomMargin":17.9585,"Tag":16,"ActionTag":-1568838019,"Size":{"X":39,"Y":54},"Name":"loading3_4","ctype":"SpriteObjectData"},{"FileData":{"Type":"MarkedSubImage","Path":"loading/image/loading4.png","Plist":"plist/Plist5.plist"},"BlendFunc":{"Src":1,"Dst":771},"AnchorPoint":{"ScaleX":0.5,"ScaleY":0.5},"Position":{"X":53.5,"Y":1.0519},"Scale":{"ScaleX":1,"ScaleY":0.6507},"CColor":{},"IconVisible":false,"PrePosition":{"X":0,"Y":0},"PreSize":{"X":0,"Y":0},"LeftMargin":37,"RightMargin":-70,"TopMargin":-18.552,"BottomMargin":-16.448,"Tag":17,"ActionTag":-1907124484,"Size":{"X":33,"Y":35},"Name":"loading4_5","ctype":"SpriteObjectData"},{"FileData":{"Type":"MarkedSubImage","Path":"loading/image/loading5.png","Plist":"plist/Plist5.plist"},"BlendFunc":{"Src":1,"Dst":771},"AnchorPoint":{"ScaleX":0.5,"ScaleY":0.5},"Position":{"X":108.5,"Y":44.955},"Scale":{"ScaleX":1,"ScaleY":1.1993},"CColor":{},"IconVisible":false,"PrePosition":{"X":0,"Y":0},"PreSize":{"X":0,"Y":0},"LeftMargin":85.5,"RightMargin":-131.5,"TopMargin":-67.955,"BottomMargin":21.955,"Tag":18,"ActionTag":-890279871,"Size":{"X":46,"Y":46},"Name":"loading5_6","ctype":"SpriteObjectData"},{"FileData":{"Type":"MarkedSubImage","Path":"loading/image/loadingtitle.png","Plist":"plist/Plist5.plist"},"BlendFunc":{"Src":1,"Dst":771},"AnchorPoint":{"ScaleX":0.5,"ScaleY":0.5},"Position":{"X":-31.7029,"Y":-46.4285},"Scale":{"ScaleX":1,"ScaleY":1},"CColor":{},"IconVisible":false,"PrePosition":{"X":0,"Y":0},"PreSize":{"X":0,"Y":0},"LeftMargin":-96.7029,"RightMargin":-33.2971,"TopMargin":33.9285,"BottomMargin":-58.9285,"Tag":20,"ActionTag":1961052771,"Size":{"X":130,"Y":25},"Name":"loadingtitle_8","ctype":"SpriteObjectData"},{"FileData":{"Type":"MarkedSubImage","Path":"loading/image/loadpoint.png","Plist":"plist/Plist5.plist"},"BlendFunc":{"Src":1,"Dst":771},"AnchorPoint":{"ScaleX":0.5,"ScaleY":0.5},"Position":{"X":51,"Y":-45.6805},"Scale":{"ScaleX":1,"ScaleY":1},"CColor":{},"IconVisible":false,"PrePosition":{"X":0,"Y":0},"PreSize":{"X":0,"Y":0},"LeftMargin":45.5,"RightMargin":-56.5,"TopMargin":40.6805,"BottomMargin":-50.6805,"Tag":26,"ActionTag":164412436,"Size":{"X":11,"Y":10},"Name":"loadpoint_14","ctype":"SpriteObjectData"},{"FileData":{"Type":"MarkedSubImage","Path":"loading/image/loadpoint.png","Plist":"plist/Plist5.plist"},"BlendFunc":{"Src":1,"Dst":771},"AnchorPoint":{"ScaleX":0.5,"ScaleY":0.5},"Position":{"X":72,"Y":-45.68},"Scale":{"ScaleX":1,"ScaleY":1},"CColor":{},"IconVisible":false,"PrePosition":{"X":0,"Y":0},"PreSize":{"X":0,"Y":0},"LeftMargin":66.5,"RightMargin":-77.5,"TopMargin":40.68,"BottomMargin":-50.68,"Tag":27,"ActionTag":267771,"Size":{"X":11,"Y":10},"Name":"loadpoint_14_0","ctype":"SpriteObjectData"},{"FileData":{"Type":"MarkedSubImage","Path":"loading/image/loadpoint.png","Plist":"plist/Plist5.plist"},"BlendFunc":{"Src":1,"Dst":771},"AnchorPoint":{"ScaleX":0.5,"ScaleY":0.5},"Position":{"X":93,"Y":-45.68},"Scale":{"ScaleX":1,"ScaleY":1},"CColor":{},"IconVisible":false,"PrePosition":{"X":0,"Y":0},"PreSize":{"X":0,"Y":0},"LeftMargin":87.5,"RightMargin":-98.5,"TopMargin":40.68,"BottomMargin":-50.68,"Tag":28,"ActionTag":710542961,"Size":{"X":11,"Y":10},"Alpha":0,"Name":"loadpoint_14_0_0","ctype":"SpriteObjectData"}],"Size":{"X":0,"Y":0},"Name":"Node","ctype":"SingleNodeObjectData"},"UsedResources":["../plist/Plist5.plist","../plist/Plist5.png"],"ctype":"GameFileData"}},"Type":"Node"}