{"ID":"a279ac29-e9bf-412d-8010-cedfddc30245","Version":"3.10.0.0","Name":"loading2","Content":{"Content":{"Animation":{"Duration":30,"Speed":0.5,"Timelines":[{"ActionTag":267771,"Property":"Alpha","Frames":[{"Value":0,"FrameIndex":9,"EasingData":{"Type":0},"ctype":"IntFrameData"},{"Value":255,"FrameIndex":10,"EasingData":{"Type":0},"ctype":"IntFrameData"}],"ctype":"TimelineData"},{"ActionTag":710542961,"Property":"Alpha","Frames":[{"Value":0,"FrameIndex":19,"EasingData":{"Type":0},"ctype":"IntFrameData"},{"Value":255,"FrameIndex":20,"EasingData":{"Type":0},"ctype":"IntFrameData"}],"ctype":"TimelineData"},{"ActionTag":-979999886,"Property":"Scale","Frames":[{"X":1.3,"Y":1.3,"FrameIndex":0,"EasingData":{"Type":9},"ctype":"ScaleValueFrameData"},{"X":0.7,"Y":1.3,"FrameIndex":15,"EasingData":{"Type":9},"ctype":"ScaleValueFrameData"},{"X":1.3,"Y":1.3,"FrameIndex":30,"EasingData":{"Type":9},"ctype":"ScaleValueFrameData"}],"ctype":"TimelineData"},{"ActionTag":1698400071,"Property":"Scale","Frames":[{"X":0.7,"Y":1.3,"FrameIndex":0,"EasingData":{"Type":9},"ctype":"ScaleValueFrameData"},{"X":1.3,"Y":1.3,"FrameIndex":15,"EasingData":{"Type":9},"ctype":"ScaleValueFrameData"},{"X":0.7,"Y":1.3,"FrameIndex":30,"EasingData":{"Type":9},"ctype":"ScaleValueFrameData"}],"ctype":"TimelineData"},{"ActionTag":-1568838019,"Property":"Position","Frames":[{"X":-90,"Y":10,"FrameIndex":0,"EasingData":{"Type":9},"ctype":"PointFrameData"},{"X":-90,"Y":45,"FrameIndex":15,"EasingData":{"Type":9},"ctype":"PointFrameData"},{"X":-90,"Y":10,"FrameIndex":30,"EasingData":{"Type":9},"ctype":"PointFrameData"}],"ctype":"TimelineData"},{"ActionTag":-1568838019,"Property":"Scale","Frames":[{"X":1,"Y":0.65,"FrameIndex":0,"EasingData":{"Type":9},"ctype":"ScaleValueFrameData"},{"X":1.0001,"Y":1,"FrameIndex":15,"EasingData":{"Type":9},"ctype":"ScaleValueFrameData"},{"X":1,"Y":0.65,"FrameIndex":30,"EasingData":{"Type":9},"ctype":"ScaleValueFrameData"}],"ctype":"TimelineData"},{"ActionTag":-1907124484,"Property":"Position","Frames":[{"X":-36.5,"Y":45,"FrameIndex":0,"EasingData":{"Type":9},"ctype":"PointFrameData"},{"X":-36.5,"Y":0.9998,"FrameIndex":15,"EasingData":{"Type":9},"ctype":"PointFrameData"},{"X":-36.5,"Y":45,"FrameIndex":30,"EasingData":{"Type":9},"ctype":"PointFrameData"}],"ctype":"TimelineData"},{"ActionTag":-1907124484,"Property":"Scale","Frames":[{"X":1,"Y":1.2,"FrameIndex":0,"EasingData":{"Type":9},"ctype":"ScaleValueFrameData"},{"X":1,"Y":0.65,"FrameIndex":15,"EasingData":{"Type":9},"ctype":"ScaleValueFrameData"},{"X":1,"Y":1.2,"FrameIndex":30,"EasingData":{"Type":9},"ctype":"ScaleValueFrameData"}],"ctype":"TimelineData"},{"ActionTag":-1907124484,"Property":"RotationSkew","Frames":[{"X":0,"Y":0,"FrameIndex":30,"EasingData":{"Type":9},"ctype":"ScaleValueFrameData"}],"ctype":"TimelineData"}],"ctype":"TimelineActionData"},"AnimationList":[],"ObjectData":{"Tag":12,"Children":[{"FileData":{"Type":"MarkedSubImage","Path":"loading/image/loadingtitle.png","Plist":"plist/Plist5.plist"},"BlendFunc":{"Src":1,"Dst":771},"AnchorPoint":{"ScaleX":0.5,"ScaleY":0.5},"Position":{"X":-28.7029,"Y":-46},"Scale":{"ScaleX":1,"ScaleY":1},"CColor":{},"IconVisible":false,"PrePosition":{"X":0,"Y":0},"PreSize":{"X":0,"Y":0},"LeftMargin":-93.7029,"RightMargin":-36.2971,"TopMargin":33.5,"BottomMargin":-58.5,"Tag":20,"ActionTag":1961052771,"Size":{"X":130,"Y":25},"Name":"loadingtitle_8","ctype":"SpriteObjectData"},{"FileData":{"Type":"MarkedSubImage","Path":"loading/image/loadpoint.png","Plist":"plist/Plist5.plist"},"BlendFunc":{"Src":1,"Dst":771},"AnchorPoint":{"ScaleX":0.5,"ScaleY":0.5},"Position":{"X":52.76,"Y":-46},"Scale":{"ScaleX":1,"ScaleY":1},"CColor":{},"IconVisible":false,"PrePosition":{"X":0,"Y":0},"PreSize":{"X":0,"Y":0},"LeftMargin":47.26,"RightMargin":-58.26,"TopMargin":41,"BottomMargin":-51,"Tag":26,"ActionTag":164412436,"Size":{"X":11,"Y":10},"Name":"loadpoint_14","ctype":"SpriteObjectData"},{"FileData":{"Type":"MarkedSubImage","Path":"loading/image/loadpoint.png","Plist":"plist/Plist5.plist"},"BlendFunc":{"Src":1,"Dst":771},"AnchorPoint":{"ScaleX":0.5,"ScaleY":0.5},"Position":{"X":75,"Y":-46},"Scale":{"ScaleX":1,"ScaleY":1},"CColor":{},"IconVisible":false,"PrePosition":{"X":0,"Y":0},"PreSize":{"X":0,"Y":0},"LeftMargin":69.5,"RightMargin":-80.5,"TopMargin":41,"BottomMargin":-51,"Tag":27,"ActionTag":267771,"Size":{"X":11,"Y":10},"Alpha":0,"Name":"loadpoint_14_0","ctype":"SpriteObjectData"},{"FileData":{"Type":"MarkedSubImage","Path":"loading/image/loadpoint.png","Plist":"plist/Plist5.plist"},"BlendFunc":{"Src":1,"Dst":771},"AnchorPoint":{"ScaleX":0.5,"ScaleY":0.5},"Position":{"X":96,"Y":-46},"Scale":{"ScaleX":1,"ScaleY":1},"CColor":{},"IconVisible":false,"PrePosition":{"X":0,"Y":0},"PreSize":{"X":0,"Y":0},"LeftMargin":90.5,"RightMargin":-101.5,"TopMargin":41,"BottomMargin":-51,"Tag":28,"ActionTag":710542961,"Size":{"X":11,"Y":10},"Alpha":0,"Name":"loadpoint_14_0_0","ctype":"SpriteObjectData"},{"ClipAble":false,"BackColorAlpha":102,"SingleColor":{"R":150,"G":200},"FirstColor":{"R":150,"G":200},"EndColor":{},"ColorVector":{"ScaleY":1},"Scale9Width":1,"Scale9Height":1,"AnchorPoint":{},"Position":{"X":60,"Y":0},"Scale":{"ScaleX":1,"ScaleY":1},"CColor":{},"IconVisible":false,"PrePosition":{"X":0,"Y":0},"PreSize":{"X":0,"Y":0},"LeftMargin":60,"RightMargin":-260,"TopMargin":-200,"Tag":22,"Children":[{"FileData":{"Type":"MarkedSubImage","Path":"loading/image/loadingshadow.png","Plist":"plist/Plist5.plist"},"BlendFunc":{"Src":1,"Dst":771},"AnchorPoint":{"ScaleX":0.5,"ScaleY":0.5},"Position":{"X":-90,"Y":-8.5},"Scale":{"ScaleX":1.2808,"ScaleY":1.3},"CColor":{},"IconVisible":false,"PrePosition":{"X":-0.45,"Y":-0.0425},"PreSize":{"X":0.11,"Y":0.015},"LeftMargin":-101,"RightMargin":279,"TopMargin":207,"BottomMargin":-10,"Tag":23,"ActionTag":-979999886,"Size":{"X":22,"Y":3},"Name":"loadingshadow_7_1","ctype":"SpriteObjectData"},{"FileData":{"Type":"MarkedSubImage","Path":"loading/image/loadingshadow.png","Plist":"plist/Plist5.plist"},"BlendFunc":{"Src":1,"Dst":771},"AnchorPoint":{"ScaleX":0.5,"ScaleY":0.5},"Position":{"X":-36.5,"Y":-8.5},"Scale":{"ScaleX":0.7192,"ScaleY":1.3},"CColor":{},"IconVisible":false,"PrePosition":{"X":-0.1825,"Y":-0.0425},"PreSize":{"X":0.11,"Y":0.015},"LeftMargin":-47.5,"RightMargin":225.5,"TopMargin":207,"BottomMargin":-10,"Tag":25,"ActionTag":1698400071,"Size":{"X":22,"Y":3},"Name":"loadingshadow_7_2","ctype":"SpriteObjectData"},{"FileData":{"Type":"MarkedSubImage","Path":"loading/image/loading31.png","Plist":"plist/Plist5.plist"},"BlendFunc":{"Src":1,"Dst":771},"AnchorPoint":{"ScaleX":0.5,"ScaleY":0.5},"Position":{"X":-90,"Y":11.12},"Scale":{"ScaleX":1,"ScaleY":0.6612},"CColor":{},"IconVisible":false,"PrePosition":{"X":-0.45,"Y":0.0556},"PreSize":{"X":0.225,"Y":0.3},"LeftMargin":-112.5,"RightMargin":267.5,"TopMargin":158.88,"BottomMargin":-18.88,"Tag":16,"ActionTag":-1568838019,"Size":{"X":45,"Y":60},"Name":"loading3_4","ctype":"SpriteObjectData"},{"FileData":{"Type":"MarkedSubImage","Path":"loading/image/loading41.png","Plist":"plist/Plist5.plist"},"BlendFunc":{"Src":1,"Dst":771},"AnchorPoint":{"ScaleX":0.5,"ScaleY":0.5},"Position":{"X":-36.5,"Y":43.592},"Scale":{"ScaleX":1,"ScaleY":1.1824},"CColor":{},"IconVisible":false,"PrePosition":{"X":-0.1825,"Y":0.218},"PreSize":{"X":0.195,"Y":0.205},"LeftMargin":-56,"RightMargin":217,"TopMargin":135.908,"BottomMargin":23.092,"Tag":17,"ActionTag":-1907124484,"Size":{"X":39,"Y":41},"Name":"loading4_5","ctype":"SpriteObjectData"}],"ActionTag":-952592370,"Size":{"X":200,"Y":200},"Name":"Panel_1","ctype":"PanelObjectData"}],"Size":{"X":0,"Y":0},"Name":"Node","ctype":"SingleNodeObjectData"},"UsedResources":["../plist/Plist5.plist","../plist/Plist5.png"],"ctype":"GameFileData"}},"Type":"Node"}