[{"__type__":"cc.SpriteFrame","content":{"name":"_0011_back","texture":"aeQf/v2d5GzL/fTdnhZUd6","rect":[921,824,100,58],"offset":[0,0],"originalSize":[100,58]}},{"__type__":"cc.SpriteFrame","content":{"name":"default_btn_disabled","texture":"71VhFCTINJM6/Ky3oX9nBT","rect":[0,0,40,40],"offset":[0,0],"originalSize":[40,40],"capInsets":[15,7,15,9]}},[{"__type__":"cc.Prefab","_name":"GMPanel","data":{"__id__":1},"asyncLoadAssets":false},{"__type__":"cc.Node","_name":"GMPanel","_children":[{"__id__":2},{"__id__":16},{"__id__":19},{"__id__":20},{"__id__":22},{"__id__":24},{"__id__":28}],"_components":[{"__type__":"cc.Widget","node":{"__id__":1},"_alignFlags":45},{"__type__":"cc.Sprite","node":{"__id__":1},"_spriteFrame":{"__uuid__":"a5+wExUapOgblwqcd8fyc9"},"_sizeMode":0},{"__type__":"e997ab4WstJ/Juq/ckATVuM","node":{"__id__":1},"GMCmdPanel":{"__id__":18},"GMConsle":{"__id__":27},"GMClassContent":{"__id__":4},"GMClassItem":{"__uuid__":"f0+R8irPxJHrH7CEy/La6g"},"GMActionCmdItem":{"__uuid__":"01/VgncKtE2bWnHMXiyOIA"},"inputLabel":{"__id__":20},"goBackBtn":{"__id__":28},"sendGMCmdBtn":{"__id__":22}}],"_prefab":{"__type__":"cc.PrefabInfo","root":{"__id__":1},"asset":{"__uuid__":"31sh2XnLxCMoqlC7arm7RH"},"fileId":"99gvNmqm1HD4thZh7wVg3W"},"_color":{"__type__":"cc.Color","r":126,"g":78,"b":78},"_contentSize":{"__type__":"cc.Size","width":1344,"height":750},"_position":{"__type__":"cc.Vec2","x":672,"y":375}},{"__type__":"cc.Node","_name":"GMClass","_parent":{"__id__":1},"_children":[{"__id__":3}],"_components":[{"__type__":"cc.Widget","node":{"__id__":2},"_alignFlags":13,"_left":10,"_right":1344,"_top":80},{"__type__":"cc.ScrollView","node":{"__id__":2},"content":{"__id__":4},"horizontal":false}],"_prefab":{"__type__":"cc.PrefabInfo","root":{"__id__":1},"asset":{"__uuid__":"31sh2XnLxCMoqlC7arm7RH"},"fileId":"9e1oMn+9FEH5/PM1JjCLEa"},"_contentSize":{"__type__":"cc.Size","width":200,"height":670},"_position":{"__type__":"cc.Vec2","x":-562,"y":-40}},{"__type__":"cc.Node","_name":"viewPort","_parent":{"__id__":2},"_children":[{"__id__":4}],"_components":[{"__type__":"cc.Mask","node":{"__id__":3}}],"_prefab":{"__type__":"cc.PrefabInfo","root":{"__id__":1},"asset":{"__uuid__":"31sh2XnLxCMoqlC7arm7RH"},"fileId":"511QHegkVA6q7Gf4tvt1bs"},"_contentSize":{"__type__":"cc.Size","width":200,"height":670}},{"__type__":"cc.Node","_name":"content","_parent":{"__id__":3},"_children":[{"__id__":5},{"__id__":11}],"_components":[{"__type__":"cc.Layout","node":{"__id__":4},"_layoutSize":{"__type__":"cc.Size","width":200,"height":185},"_resize":1,"_N$layoutType":2,"_N$paddingTop":5,"_N$paddingBottom":5,"_N$spacingY":15},{"__id__":10}],"_prefab":{"__type__":"cc.PrefabInfo","root":{"__id__":1},"asset":{"__uuid__":"31sh2XnLxCMoqlC7arm7RH"},"fileId":"6esl+ai0hCjq/hfLxqT11U"},"_anchorPoint":{"__type__":"cc.Vec2","x":0.5,"y":1},"_contentSize":{"__type__":"cc.Size","width":200,"height":185},"_position":{"__type__":"cc.Vec2","y":335}},{"__type__":"cc.Node","_name":"GMClassItem","_parent":{"__id__":4},"_children":[{"__id__":6},{"__id__":8}],"_components":[{"__type__":"cc.Sprite","node":{"__id__":5},"_spriteFrame":{"__uuid__":"f0BIwQ8D5Ml7nTNQbh1YlS"},"_type":1,"_sizeMode":0},{"__type__":"cc.Toggle","node":{"__id__":5},"transition":3,"_N$target":{"__id__":5},"toggleGroup":{"__id__":10},"checkMark":{"__id__":7}},{"__type__":"6e6e79ltEVCI6aY8lmzsf4w","node":{"__id__":5},"label":{"__id__":9}}],"_prefab":{"__type__":"cc.PrefabInfo","root":{"__id__":1},"asset":{"__uuid__":"31sh2XnLxCMoqlC7arm7RH"},"fileId":"24v1iEIDVM07wQ6r8ADZPr"},"_contentSize":{"__type__":"cc.Size","width":200,"height":80},"_position":{"__type__":"cc.Vec2","y":-45}},{"__type__":"cc.Node","_name":"checkBG","_parent":{"__id__":5},"_components":[{"__id__":7}],"_prefab":{"__type__":"cc.PrefabInfo","root":{"__id__":1},"asset":{"__uuid__":"31sh2XnLxCMoqlC7arm7RH"},"fileId":"690NbzPTdP4aNv1baDHS2n"},"_color":{"__type__":"cc.Color","r":245,"g":245,"b":2},"_contentSize":{"__type__":"cc.Size","width":200,"height":80}},{"__type__":"cc.Sprite","node":{"__id__":6},"_spriteFrame":{"__uuid__":"a5+wExUapOgblwqcd8fyc9"},"_sizeMode":0},{"__type__":"cc.Node","_name":"Label","_parent":{"__id__":5},"_components":[{"__id__":9}],"_prefab":{"__type__":"cc.PrefabInfo","root":{"__id__":1},"asset":{"__uuid__":"31sh2XnLxCMoqlC7arm7RH"},"fileId":"bb3uR7BpdMYLp4o9r6stKG"},"_color":{"__type__":"cc.Color"},"_contentSize":{"__type__":"cc.Size","width":100,"height":40}},{"__type__":"cc.Label","node":{"__id__":8},"_useOriginalSize":false,"_actualFontSize":25,"_fontSize":25,"_enableWrapText":false,"_N$string":"常用指令","_N$horizontalAlign":1,"_N$verticalAlign":1,"_N$overflow":1},{"__type__":"cc.ToggleGroup","node":{"__id__":4}},{"__type__":"cc.Node","_name":"GMClassItem","_parent":{"__id__":4},"_children":[{"__id__":12},{"__id__":14}],"_components":[{"__type__":"cc.Sprite","node":{"__id__":11},"_spriteFrame":{"__uuid__":"f0BIwQ8D5Ml7nTNQbh1YlS"},"_type":1,"_sizeMode":0},{"__type__":"cc.Toggle","node":{"__id__":11},"transition":3,"_N$target":{"__id__":11},"toggleGroup":{"__id__":10},"checkMark":{"__id__":13},"_N$isChecked":false},{"__type__":"6e6e79ltEVCI6aY8lmzsf4w","node":{"__id__":11},"label":{"__id__":15},"toggleIndex":1}],"_prefab":{"__type__":"cc.PrefabInfo","root":{"__id__":1},"asset":{"__uuid__":"31sh2XnLxCMoqlC7arm7RH"},"fileId":"22Ja3duvpOcIoc/s/irQF6"},"_contentSize":{"__type__":"cc.Size","width":200,"height":80},"_position":{"__type__":"cc.Vec2","y":-140}},{"__type__":"cc.Node","_name":"checkBG","_parent":{"__id__":11},"_active":false,"_components":[{"__id__":13}],"_prefab":{"__type__":"cc.PrefabInfo","root":{"__id__":1},"asset":{"__uuid__":"31sh2XnLxCMoqlC7arm7RH"},"fileId":"11K5EeGsFIlb51qbaHQh57"},"_color":{"__type__":"cc.Color","r":245,"g":245,"b":2},"_contentSize":{"__type__":"cc.Size","width":200,"height":80}},{"__type__":"cc.Sprite","node":{"__id__":12},"_spriteFrame":{"__uuid__":"a5+wExUapOgblwqcd8fyc9"},"_sizeMode":0},{"__type__":"cc.Node","_name":"Label","_parent":{"__id__":11},"_components":[{"__id__":15}],"_prefab":{"__type__":"cc.PrefabInfo","root":{"__id__":1},"asset":{"__uuid__":"31sh2XnLxCMoqlC7arm7RH"},"fileId":"58/o5sy8tGgYSiNYeDKNmo"},"_color":{"__type__":"cc.Color"},"_contentSize":{"__type__":"cc.Size","width":100,"height":40}},{"__type__":"cc.Label","node":{"__id__":14},"_useOriginalSize":false,"_actualFontSize":25,"_fontSize":25,"_enableWrapText":false,"_N$string":"高级指令","_N$horizontalAlign":1,"_N$verticalAlign":1,"_N$overflow":1},{"__type__":"cc.Node","_name":"Commands","_parent":{"__id__":1},"_children":[{"__id__":17}],"_components":[{"__type__":"cc.ScrollView","node":{"__id__":16},"content":{"__id__":18},"horizontal":false}],"_prefab":{"__type__":"cc.PrefabInfo","root":{"__id__":1},"asset":{"__uuid__":"31sh2XnLxCMoqlC7arm7RH"},"fileId":"35FF4b531GIrwAws20dbbh"},"_contentSize":{"__type__":"cc.Size","width":1000,"height":300},"_position":{"__type__":"cc.Vec2","x":100,"y":200}},{"__type__":"cc.Node","_name":"viewPort","_parent":{"__id__":16},"_children":[{"__id__":18}],"_components":[{"__type__":"cc.Mask","node":{"__id__":17}}],"_prefab":{"__type__":"cc.PrefabInfo","root":{"__id__":1},"asset":{"__uuid__":"31sh2XnLxCMoqlC7arm7RH"},"fileId":"00oosFZ+VO9Im7UMIz40pf"},"_contentSize":{"__type__":"cc.Size","width":1000,"height":300}},{"__type__":"cc.Node","_name":"content","_parent":{"__id__":17},"_components":[{"__type__":"cc.Layout","node":{"__id__":18},"_layoutSize":{"__type__":"cc.Size","width":1000,"height":70},"_resize":1,"_N$layoutType":3,"_N$paddingLeft":5,"_N$paddingRight":5,"_N$paddingTop":5,"_N$paddingBottom":5,"_N$spacingX":10,"_N$spacingY":10}],"_prefab":{"__type__":"cc.PrefabInfo","root":{"__id__":1},"asset":{"__uuid__":"31sh2XnLxCMoqlC7arm7RH"},"fileId":"35AMfNoBtGO4Jl/AniMGSu"},"_anchorPoint":{"__type__":"cc.Vec2","x":0.5,"y":1},"_contentSize":{"__type__":"cc.Size","width":1000,"height":70},"_position":{"__type__":"cc.Vec2","y":150}},{"__type__":"cc.Node","_name":"BG","_parent":{"__id__":1},"_components":[{"__type__":"cc.Sprite","node":{"__id__":19},"_spriteFrame":{"__uuid__":"a5+wExUapOgblwqcd8fyc9"},"_sizeMode":0}],"_prefab":{"__type__":"cc.PrefabInfo","root":{"__id__":1},"asset":{"__uuid__":"31sh2XnLxCMoqlC7arm7RH"},"fileId":"27Fbsxq+RD4a/t7tWTsJeH"},"_opacity":125,"_color":{"__type__":"cc.Color"},"_contentSize":{"__type__":"cc.Size","width":880,"height":60},"_position":{"__type__":"cc.Vec2","x":40}},{"__type__":"cc.Node","_name":"inputLabel","_parent":{"__id__":1},"_components":[{"__id__":21},{"__type__":"27386YzqypByYFhbWnM+DO0","node":{"__id__":20},"label":{"__id__":21}}],"_prefab":{"__type__":"cc.PrefabInfo","root":{"__id__":1},"asset":{"__uuid__":"31sh2XnLxCMoqlC7arm7RH"},"fileId":"4fFUwEPPRIc7/h+ILwI+ei"},"_contentSize":{"__type__":"cc.Size","width":880,"height":60},"_position":{"__type__":"cc.Vec2","x":40}},{"__type__":"cc.Label","node":{"__id__":20},"_useOriginalSize":false,"_N$string":"Input text...","_N$verticalAlign":1,"_N$overflow":2},{"__type__":"cc.Node","_name":"sendBtn","_parent":{"__id__":1},"_children":[{"__id__":23}],"_components":[{"__type__":"cc.Sprite","node":{"__id__":22},"_spriteFrame":{"__uuid__":"f0BIwQ8D5Ml7nTNQbh1YlS"},"_type":1,"_sizeMode":0},{"__type__":"cc.Button","node":{"__id__":22},"transition":3,"pressedColor":{"__type__":"cc.Color","r":255,"g":255,"b":255},"pressedSprite":{"__uuid__":"e97GVMl6JHh5Ml5qEDdSGa"},"hoverSprite":{"__uuid__":"e97GVMl6JHh5Ml5qEDdSGa"},"_N$normalColor":{"__type__":"cc.Color","r":255,"g":255,"b":255},"_N$disabledColor":{"__type__":"cc.Color","r":255,"g":255,"b":255},"_N$normalSprite":{"__uuid__":"f0BIwQ8D5Ml7nTNQbh1YlS"},"_N$disabledSprite":{"__uuid__":"29FYIk+N1GYaeWH/q1NxQO"},"_N$target":{"__id__":22}}],"_prefab":{"__type__":"cc.PrefabInfo","root":{"__id__":1},"asset":{"__uuid__":"31sh2XnLxCMoqlC7arm7RH"},"fileId":"16HIcGCqdEDpRMnLRIa05W"},"_contentSize":{"__type__":"cc.Size","width":100,"height":60},"_position":{"__type__":"cc.Vec2","x":550}},{"__type__":"cc.Node","_name":"Label","_parent":{"__id__":22},"_components":[{"__type__":"cc.Label","node":{"__id__":23},"_useOriginalSize":false,"_actualFontSize":30,"_fontSize":30,"_enableWrapText":false,"_N$string":"发送","_N$horizontalAlign":1,"_N$verticalAlign":1,"_N$overflow":1}],"_prefab":{"__type__":"cc.PrefabInfo","root":{"__id__":1},"asset":{"__uuid__":"31sh2XnLxCMoqlC7arm7RH"},"fileId":"3fB/yAcjRODo30Tg9ofHHu"},"_color":{"__type__":"cc.Color"},"_contentSize":{"__type__":"cc.Size","width":100,"height":40}},{"__type__":"cc.Node","_name":"GMConsoleView","_parent":{"__id__":1},"_children":[{"__id__":25}],"_components":[{"__type__":"cc.Sprite","node":{"__id__":24},"_spriteFrame":{"__uuid__":"9bvaMerUlDyary99mJa6xp"},"_type":1,"_sizeMode":0},{"__type__":"cc.ScrollView","node":{"__id__":24},"content":{"__id__":26},"horizontal":false,"brake":0.75,"bounceDuration":0.23,"_N$horizontalScrollBar":null,"_N$verticalScrollBar":null}],"_prefab":{"__type__":"cc.PrefabInfo","root":{"__id__":1},"asset":{"__uuid__":"31sh2XnLxCMoqlC7arm7RH"},"fileId":"f0J5oJ5yFIdbsVZVKvvyJH"},"_color":{"__type__":"cc.Color","r":184,"g":184,"b":184},"_contentSize":{"__type__":"cc.Size","width":1000,"height":300},"_position":{"__type__":"cc.Vec2","x":100,"y":-200}},{"__type__":"cc.Node","_name":"view","_parent":{"__id__":24},"_children":[{"__id__":26}],"_components":[{"__type__":"cc.Mask","node":{"__id__":25}}],"_prefab":{"__type__":"cc.PrefabInfo","root":{"__id__":1},"asset":{"__uuid__":"31sh2XnLxCMoqlC7arm7RH"},"fileId":"e0CXXTySBJu7+2oUDew3LC"},"_contentSize":{"__type__":"cc.Size","width":1000,"height":300}},{"__type__":"cc.Node","_name":"GMConsole","_parent":{"__id__":25},"_components":[{"__id__":27}],"_prefab":{"__type__":"cc.PrefabInfo","root":{"__id__":1},"asset":{"__uuid__":"31sh2XnLxCMoqlC7arm7RH"},"fileId":"e7SEoYZQlM04AGls+TN2yJ"},"_anchorPoint":{"__type__":"cc.Vec2","x":0.5,"y":1},"_contentSize":{"__type__":"cc.Size","width":980,"height":40},"_position":{"__type__":"cc.Vec2","x":10,"y":150}},{"__type__":"cc.Label","node":{"__id__":26},"_useOriginalSize":false,"_actualFontSize":30,"_fontSize":30,"_N$string":"gm console","_N$overflow":3},{"__type__":"cc.Node","_name":"ExitBtn","_parent":{"__id__":1},"_children":[{"__id__":29}],"_components":[{"__type__":"cc.Sprite","node":{"__id__":28},"_spriteFrame":{"__uuid__":"220iHabAVM0o5fC/dX8u1H"},"_type":1,"_sizeMode":0},{"__type__":"cc.Button","node":{"__id__":28},"pressedColor":{"__type__":"cc.Color","r":255,"g":255,"b":255},"pressedSprite":{"__uuid__":"e97GVMl6JHh5Ml5qEDdSGa"},"hoverSprite":{"__uuid__":"e97GVMl6JHh5Ml5qEDdSGa"},"_N$normalColor":{"__type__":"cc.Color","r":255,"g":255,"b":255},"_N$disabledColor":{"__type__":"cc.Color","r":255,"g":255,"b":255},"_N$normalSprite":{"__uuid__":"220iHabAVM0o5fC/dX8u1H"},"_N$disabledSprite":{"__uuid__":"29FYIk+N1GYaeWH/q1NxQO"},"_N$target":{"__id__":28}},{"__type__":"583e37tDMZOyrHYOPD8BB3O","node":{"__id__":28},"pressedScale":0.8,"transDuration":0.1},{"__type__":"cc.Widget","node":{"__id__":28},"_alignFlags":9,"_left":22,"_top":10}],"_prefab":{"__type__":"cc.PrefabInfo","root":{"__id__":1},"asset":{"__uuid__":"31sh2XnLxCMoqlC7arm7RH"},"fileId":"afetqEdmBPnqBjXSD5DAUa"},"_contentSize":{"__type__":"cc.Size","width":100,"height":58},"_position":{"__type__":"cc.Vec2","x":-600,"y":336}},{"__type__":"cc.Node","_name":"Label","_parent":{"__id__":28},"_active":false,"_components":[{"__type__":"cc.Label","node":{"__id__":29},"_useOriginalSize":false,"_actualFontSize":20,"_fontSize":20,"_enableWrapText":false,"_N$string":"返回微信","_N$horizontalAlign":1,"_N$verticalAlign":1,"_N$overflow":1}],"_prefab":{"__type__":"cc.PrefabInfo","root":{"__id__":1},"asset":{"__uuid__":"31sh2XnLxCMoqlC7arm7RH"},"fileId":"edtTtTVHBCBaFy6MLyjxtO"},"_color":{"__type__":"cc.Color"},"_contentSize":{"__type__":"cc.Size","width":100,"height":40}}],{"__type__":"cc.SpriteFrame","content":{"name":"default_panel","texture":"d8HsitJHxOYqo801xBk8ev","rect":[0,0,20,20],"offset":[0,0],"originalSize":[20,20],"capInsets":[4,3,4,3]}},{"__type__":"cc.SpriteFrame","content":{"name":"default_sprite_splash","texture":"fcJS4K3v9B9LpajzpsNm+D","rect":[972,760,32,32],"offset":[0,0],"originalSize":[32,32],"capInsets":[3,3,4,4]}},{"__type__":"cc.SpriteFrame","content":{"name":"default_btn_pressed","texture":"b4P/PCArtIdIH38t6mlw8Y","rect":[0,0,40,40],"offset":[0,0],"originalSize":[40,40],"capInsets":[11,11,11,7]}},{"__type__":"cc.SpriteFrame","content":{"name":"default_btn_normal","texture":"e8Ueib+qJEhL6mXAHdnwbi","rect":[0,0,40,40],"offset":[0,0],"originalSize":[40,40],"capInsets":[8,11,7,9]}}]