[[{"__type__":"cc.Prefab","_name":"ServerUI","data":{"__id__":1},"asyncLoadAssets":false},{"__type__":"cc.Node","_name":"ServerUI","_components":[{"__type__":"cc.Widget","node":{"__id__":1},"_alignFlags":45},{"__type__":"8c3108GY5VBsIFch1oFndRC","node":{"__id__":1},"preItem":{"__uuid__":"11UicUf4FO4KUxRkYic+mO"}},{"__type__":"cc.Sprite","node":{"__id__":1},"_spriteFrame":{"__uuid__":"c5OvpjAOBBIJ9ZHjOjU4MQ"},"_sizeMode":0}],"_prefab":{"__type__":"cc.PrefabInfo","root":{"__id__":1},"asset":{"__uuid__":"9dDFZNSU9KFbz2dnohO8yj"},"fileId":"6bF0V1J49N643lMfgz6U7B"},"_contentSize":{"__type__":"cc.Size","width":1344,"height":750},"_position":{"__type__":"cc.Vec2","x":672,"y":375}}],{"__type__":"cc.SpriteFrame","content":{"name":"BG","texture":"25Si/Ki+hMlqF2yaosCl7I","rect":[1453,295,512,512],"offset":[0,0],"originalSize":[512,512]}}]