[{"__type__":"cc.SpriteFrame","content":{"name":"feiji_jiyi","texture":"20wkx7r05LO5L2PvQg5zW3","rect":[328,636,129,165],"offset":[0,0],"originalSize":[129,165]}},{"__type__":"cc.SpriteFrame","content":{"name":"feiji_jishen","texture":"20wkx7r05LO5L2PvQg5zW3","rect":[656,322,180,366],"offset":[0,0],"originalSize":[180,366]}},{"__type__":"cc.SpriteFrame","content":{"name":"zidan03","texture":"20wkx7r05LO5L2PvQg5zW3","rect":[144,382,19,56],"offset":[0,0],"originalSize":[19,56]}},{"__type__":"cc.SpriteFrame","content":{"name":"tuowei","texture":"20wkx7r05LO5L2PvQg5zW3","rect":[307,436,22,51],"offset":[0,0],"originalSize":[22,51]}},[{"__type__":"cc.Prefab","_name":"feiji_pre_H","data":{"__id__":1},"asyncLoadAssets":false},{"__type__":"cc.Node","_name":"feiji_pre_H","_children":[{"__id__":2},{"__id__":6},{"__id__":10}],"_prefab":{"__type__":"cc.PrefabInfo","root":{"__id__":1},"asset":{"__uuid__":"ecCEv/WllDbJdzolif4xgE"},"fileId":"beHz1+XatKxbyX9fCYP8k/"}},{"__type__":"cc.Node","_name":"feiji_yinying","_parent":{"__id__":1},"_children":[{"__id__":3},{"__id__":4},{"__id__":5}],"_prefab":{"__type__":"cc.PrefabInfo","root":{"__id__":1},"asset":{"__uuid__":"ecCEv/WllDbJdzolif4xgE"},"fileId":"2fT/Fzl+lJRosqXp4ALdxw"},"_position":{"__type__":"cc.Vec2","x":55,"y":-243}},{"__type__":"cc.Node","_name":"feiji_jiyiL","_parent":{"__id__":2},"_components":[{"__type__":"cc.Sprite","node":{"__id__":3},"_spriteFrame":{"__uuid__":"15C9JsxFxAlKWPzTcrYVM2"}}],"_prefab":{"__type__":"cc.PrefabInfo","root":{"__id__":1},"asset":{"__uuid__":"ecCEv/WllDbJdzolif4xgE"},"fileId":"99bNxTmoxIup/LN0BRedcJ"},"_opacity":100,"_color":{"__type__":"cc.Color"},"_contentSize":{"__type__":"cc.Size","width":129,"height":165},"_position":{"__type__":"cc.Vec2","x":-106,"y":-95}},{"__type__":"cc.Node","_name":"feiji_jiyiR","_parent":{"__id__":2},"_components":[{"__type__":"cc.Sprite","node":{"__id__":4},"_spriteFrame":{"__uuid__":"15C9JsxFxAlKWPzTcrYVM2"}}],"_prefab":{"__type__":"cc.PrefabInfo","root":{"__id__":1},"asset":{"__uuid__":"ecCEv/WllDbJdzolif4xgE"},"fileId":"7d/WBFNuBIcJ7DSgc2LFWk"},"_opacity":100,"_color":{"__type__":"cc.Color"},"_contentSize":{"__type__":"cc.Size","width":129,"height":165},"_scaleX":-1,"_position":{"__type__":"cc.Vec2","x":106,"y":-95}},{"__type__":"cc.Node","_name":"feiji_jishen","_parent":{"__id__":2},"_components":[{"__type__":"cc.Sprite","node":{"__id__":5},"_spriteFrame":{"__uuid__":"27aFvURKBBKqnlM04vh6ew"}}],"_prefab":{"__type__":"cc.PrefabInfo","root":{"__id__":1},"asset":{"__uuid__":"ecCEv/WllDbJdzolif4xgE"},"fileId":"2f6cFVlyVOsohBqhoBAc6m"},"_opacity":100,"_color":{"__type__":"cc.Color"},"_contentSize":{"__type__":"cc.Size","width":180,"height":366}},{"__type__":"cc.Node","_name":"feiji_G","_parent":{"__id__":1},"_children":[{"__id__":7},{"__id__":8},{"__id__":9}],"_prefab":{"__type__":"cc.PrefabInfo","root":{"__id__":1},"asset":{"__uuid__":"ecCEv/WllDbJdzolif4xgE"},"fileId":"3crjCSNMdOa6EL/GrY3KXw"}},{"__type__":"cc.Node","_name":"feiji_jiyiL","_parent":{"__id__":6},"_components":[{"__type__":"cc.Sprite","node":{"__id__":7},"_spriteFrame":{"__uuid__":"15C9JsxFxAlKWPzTcrYVM2"}}],"_prefab":{"__type__":"cc.PrefabInfo","root":{"__id__":1},"asset":{"__uuid__":"ecCEv/WllDbJdzolif4xgE"},"fileId":"07yn06FTpKr4xCPcs2eRrx"},"_contentSize":{"__type__":"cc.Size","width":129,"height":165},"_position":{"__type__":"cc.Vec2","x":-106,"y":-95}},{"__type__":"cc.Node","_name":"feiji_jiyiR","_parent":{"__id__":6},"_components":[{"__type__":"cc.Sprite","node":{"__id__":8},"_spriteFrame":{"__uuid__":"15C9JsxFxAlKWPzTcrYVM2"}}],"_prefab":{"__type__":"cc.PrefabInfo","root":{"__id__":1},"asset":{"__uuid__":"ecCEv/WllDbJdzolif4xgE"},"fileId":"3dSduDL4RBy6HsJdiY8F7d"},"_contentSize":{"__type__":"cc.Size","width":129,"height":165},"_scaleX":-1,"_position":{"__type__":"cc.Vec2","x":106,"y":-95}},{"__type__":"cc.Node","_name":"feiji_jishen","_parent":{"__id__":6},"_components":[{"__type__":"cc.Sprite","node":{"__id__":9},"_spriteFrame":{"__uuid__":"27aFvURKBBKqnlM04vh6ew"}}],"_prefab":{"__type__":"cc.PrefabInfo","root":{"__id__":1},"asset":{"__uuid__":"ecCEv/WllDbJdzolif4xgE"},"fileId":"5f8NV87whIGKr4tUMN4+29"},"_contentSize":{"__type__":"cc.Size","width":180,"height":366}},{"__type__":"cc.Node","_name":"feiji_weiyan","_parent":{"__id__":1},"_children":[{"__id__":11},{"__id__":12},{"__id__":13},{"__id__":14}],"_components":[{"__type__":"cc.Animation","node":{"__id__":10},"_defaultClip":{"__uuid__":"06n8SMk9lKf6ZJ1noZsEae"},"_clips":[{"__uuid__":"06n8SMk9lKf6ZJ1noZsEae"}]}],"_prefab":{"__type__":"cc.PrefabInfo","root":{"__id__":1},"asset":{"__uuid__":"ecCEv/WllDbJdzolif4xgE"},"fileId":"d6nGbxIzZGQo2aqT5vV/xa"},"_position":{"__type__":"cc.Vec2","y":-194}},{"__type__":"cc.Node","_name":"weiyan","_parent":{"__id__":10},"_components":[{"__type__":"cc.Sprite","node":{"__id__":11},"_spriteFrame":{"__uuid__":"a7X0PBMz9P4bSW6mCa8as5"}}],"_prefab":{"__type__":"cc.PrefabInfo","root":{"__id__":1},"asset":{"__uuid__":"ecCEv/WllDbJdzolif4xgE"},"fileId":"0bayA0WOZOXpUMrVw9EBNP"},"_contentSize":{"__type__":"cc.Size","width":22,"height":51},"_scaleX":1.47,"_scaleY":1.47,"_position":{"__type__":"cc.Vec2","x":-19.2,"y":-11.9}},{"__type__":"cc.Node","_name":"train","_parent":{"__id__":10},"_components":[{"__type__":"cc.Sprite","node":{"__id__":12},"_spriteFrame":{"__uuid__":"7cmNNmc/NCXo0MbaQytZu+"}}],"_prefab":{"__type__":"cc.PrefabInfo","root":{"__id__":1},"asset":{"__uuid__":"ecCEv/WllDbJdzolif4xgE"},"fileId":"b5lkdir8JGYLtlq1qf8mg0"},"_opacity":154,"_color":{"__type__":"cc.Color","r":112,"g":168,"b":240},"_contentSize":{"__type__":"cc.Size","width":19,"height":56},"_scaleX":1.1,"_scaleY":7.65,"_position":{"__type__":"cc.Vec2","x":-20,"y":-192}},{"__type__":"cc.Node","_name":"train2","_parent":{"__id__":10},"_components":[{"__type__":"cc.Sprite","node":{"__id__":13},"_spriteFrame":{"__uuid__":"7cmNNmc/NCXo0MbaQytZu+"}}],"_prefab":{"__type__":"cc.PrefabInfo","root":{"__id__":1},"asset":{"__uuid__":"ecCEv/WllDbJdzolif4xgE"},"fileId":"66fcFmEW9BcqpVQmZ6mn6+"},"_opacity":154,"_color":{"__type__":"cc.Color","r":112,"g":168,"b":240},"_contentSize":{"__type__":"cc.Size","width":19,"height":56},"_scaleX":1.1,"_scaleY":7.56,"_position":{"__type__":"cc.Vec2","x":19,"y":-190}},{"__type__":"cc.Node","_name":"weiyan1","_parent":{"__id__":10},"_components":[{"__type__":"cc.Sprite","node":{"__id__":14},"_spriteFrame":{"__uuid__":"a7X0PBMz9P4bSW6mCa8as5"}}],"_prefab":{"__type__":"cc.PrefabInfo","root":{"__id__":1},"asset":{"__uuid__":"ecCEv/WllDbJdzolif4xgE"},"fileId":"e2fTe3FyBImrmWZPQWQAt9"},"_contentSize":{"__type__":"cc.Size","width":22,"height":51},"_scaleX":1.47,"_scaleY":1.47,"_position":{"__type__":"cc.Vec2","x":19.2,"y":-11.9}}]]