[{"__type__":"cc.SpriteFrame","content":{"name":"button","texture":"d8kE3HskNOraYRnaYxnmiG","rect":[3,807,354,94],"offset":[0,0],"originalSize":[354,94]}},{"__type__":"cc.SpriteFrame","content":{"name":"2","texture":"d8kE3HskNOraYRnaYxnmiG","rect":[970,364,46,66],"offset":[0,0],"originalSize":[46,66]}},{"__type__":"cc.SpriteFrame","content":{"name":"biaoqian","texture":"d8kE3HskNOraYRnaYxnmiG","rect":[793,276,176,116],"offset":[0,0],"originalSize":[176,116]}},{"__type__":"cc.SpriteFrame","content":{"name":"dibantuan","texture":"d8kE3HskNOraYRnaYxnmiG","rect":[3,586,250,220],"offset":[0,0],"originalSize":[250,220]}},{"__type__":"cc.SpriteFrame","content":{"name":"lockfugaituceng","texture":"d8kE3HskNOraYRnaYxnmiG","rect":[3,3,394,536],"offset":[0,0],"originalSize":[394,536]}},{"__type__":"cc.SpriteFrame","content":{"name":"conglindazuozhandiban","texture":"d8kE3HskNOraYRnaYxnmiG","rect":[3,902,336,82],"offset":[0,0],"originalSize":[336,82]}},{"__type__":"cc.SpriteFrame","content":{"name":"1","texture":"d8kE3HskNOraYRnaYxnmiG","rect":[976,230,28,66],"offset":[-2,0],"originalSize":[46,66]}},{"__type__":"cc.SpriteFrame","content":{"name":"ModeNameBG2","texture":"d8kE3HskNOraYRnaYxnmiG","rect":[793,230,182,45],"offset":[0,0],"originalSize":[182,45],"capInsets":[40,0,40,0]}},{"__type__":"cc.SpriteAtlas","_name":"Activity.plist","_spriteFrames":{"1":{"__uuid__":"5fEqPNJ+xPv6x/WlZYFKgL"},"2":{"__uuid__":"11qg9pB3tFeqj3xAdcbpgY"},"3":{"__uuid__":"cdpxS8DvFFn6+3yWJyk8gz"},"ModeNameBG1":{"__uuid__":"f25QXFfQxFxo4zNiDeto8Q"},"ModeNameBG2":{"__uuid__":"6dhi1holVN0pSTQbtuBQXQ"},"anniu-xiamiandeditu":{"__uuid__":"c8JYssR7ZKBI0XJOVO+Ouw"},"biaoqian":{"__uuid__":"2a1EbNfQBNQIIl7wQeno6h"},"button":{"__uuid__":"11O4onlPpO+LvzPXbNQSA1"},"conglindazuozhandiban":{"__uuid__":"55DYvsO8BOvLjR7p6h9EPV"},"dibantuan":{"__uuid__":"39wxUGk8xPyZHnlWe4xOd+"},"lansedibanjiugongge":{"__uuid__":"dfxoTBP1VIK5KHRGft93cH"},"lock":{"__uuid__":"9bNjMw6zVP7I7ajVqWd5OF"},"lockfugaituceng":{"__uuid__":"4d5xQLnc9D37aFTMnQ2TSX"},"v":{"__uuid__":"b6orrHatdLgqeToRdngH01"}}},{"__type__":"cc.SpriteFrame","content":{"name":"lock","texture":"d8kE3HskNOraYRnaYxnmiG","rect":[793,3,226,226],"offset":[0,0],"originalSize":[226,226]}},{"__type__":"cc.SpriteFrame","content":{"name":"v","texture":"d8kE3HskNOraYRnaYxnmiG","rect":[936,431,46,36],"offset":[0,0],"originalSize":[46,36]}},{"__type__":"cc.SpriteFrame","content":{"name":"anniu-xiamiandeditu","texture":"d8kE3HskNOraYRnaYxnmiG","rect":[398,3,394,536],"offset":[0,0],"originalSize":[394,536]}},{"__type__":"cc.SpriteFrame","content":{"name":"3","texture":"d8kE3HskNOraYRnaYxnmiG","rect":[970,297,46,66],"offset":[0,0],"originalSize":[46,66]}},{"__type__":"cc.SpriteFrame","content":{"name":"lansedibanjiugongge","texture":"d8kE3HskNOraYRnaYxnmiG","rect":[793,393,142,142],"offset":[0,0],"originalSize":[142,142]}},{"__type__":"cc.SpriteFrame","content":{"name":"ModeNameBG1","texture":"d8kE3HskNOraYRnaYxnmiG","rect":[793,536,110,49],"offset":[0,0],"originalSize":[110,49],"capInsets":[40,0,40,0]}}]