[{"__type__":"cc.SpriteFrame","content":{"name":"_0016_jindutiaojianbian","texture":"20wkx7r05LO5L2PvQg5zW3","rect":[739,958,90,16],"offset":[0,0],"originalSize":[90,16],"capInsets":[6,0,5,0]}},{"__type__":"cc.AnimationClip","_name":"xiangzi_L","_duration":1.4333333333333333,"curveData":{"paths":{"xiangzi":{"props":{"scaleX":[{"frame":1.0666666666666667,"value":2},{"frame":1.2166666666666666,"value":0.587},{"frame":1.2333333333333334,"value":1.18},{"frame":1.25,"value":0.57},{"frame":1.2833333333333334,"value":0.48},{"frame":1.35,"value":0.67},{"frame":1.4333333333333333,"value":0.67}],"scaleY":[{"frame":1.0666666666666667,"value":2},{"frame":1.2166666666666666,"value":0.587},{"frame":1.2333333333333334,"value":0.29},{"frame":1.25,"value":1.3},{"frame":1.2833333333333334,"value":0.92},{"frame":1.35,"value":0.6},{"frame":1.4333333333333333,"value":0.67}],"opacity":[{"frame":1.0666666666666667,"value":0},{"frame":1.0833333333333333,"value":40},{"frame":1.2333333333333334,"value":255}],"y":[{"frame":1.0666666666666667,"value":302},{"frame":1.1833333333333333,"value":172},{"frame":1.2333333333333334,"value":-35},{"frame":1.25,"value":40},{"frame":1.35,"value":-8},{"frame":1.4333333333333333,"value":0}],"rotation":[{"frame":1.2,"value":0},{"frame":1.2333333333333334,"value":-8},{"frame":1.2833333333333334,"value":9},{"frame":1.3666666666666667,"value":0}]}},"New Sprite1":{"props":{"scaleX":[{"frame":0,"value":1.4},{"frame":1.1166666666666667,"value":1}],"scaleY":[{"frame":0,"value":1.4},{"frame":1.1166666666666667,"value":1}],"opacity":[{"frame":0,"value":0},{"frame":0.05,"value":255},{"frame":1.0666666666666667,"value":51.26953125},{"frame":1.1166666666666667,"value":41.25},{"frame":1.2833333333333334,"value":0}],"rotation":[{"frame":0,"value":0},{"frame":0.9166666666666666,"value":460},{"frame":0.9833333333333333,"value":440},{"frame":1.0666666666666667,"value":450}]}},"New Sprite":{"props":{"scaleY":[{"frame":0,"value":1.51},{"frame":1.1166666666666667,"value":1}],"scaleX":[{"frame":0,"value":1.51},{"frame":1.1166666666666667,"value":1}],"opacity":[{"frame":0,"value":0},{"frame":0.06666666666666667,"value":255},{"frame":1.1166666666666667,"value":255},{"frame":1.2833333333333334,"value":0}]}}}},"events":[{"frame":0.16666666666666666,"func":"","params":[]}]},{"__type__":"cc.SpriteFrame","content":{"name":"xiangzi","texture":"20wkx7r05LO5L2PvQg5zW3","rect":[3,846,110,110],"offset":[0,0],"originalSize":[110,110]}},{"__type__":"cc.SpriteFrame","content":{"name":"_0017_jindutiaoditu","texture":"20wkx7r05LO5L2PvQg5zW3","rect":[624,1032,94,20],"offset":[0,0],"originalSize":[94,20],"capInsets":[17,0,17,0]}},[{"__type__":"cc.Prefab","_name":"xiangzi_L","data":{"__id__":1},"asyncLoadAssets":false},{"__type__":"cc.Node","_name":"xiangzi_L","_children":[{"__id__":2},{"__id__":3},{"__id__":4},{"__id__":6}],"_components":[{"__type__":"cc.Animation","node":{"__id__":1},"_defaultClip":{"__uuid__":"38kW7+YX9KjqxfPPsEUbVW"},"_clips":[{"__uuid__":"38kW7+YX9KjqxfPPsEUbVW"}]},{"__type__":"bed2a3yMnxLbbRf1xQnc9+P","node":{"__id__":1},"SpAtlas":{"__uuid__":"49hgYBWs5C0osUMDkiP1E1"},"EntityType":18,"DeadPrefab":{"__uuid__":"a2kGB4MHVOibHHcLb48zt6"},"Body":{"__id__":4},"dieAnimationClip":"xiangzi_die","MyCollider":{"__id__":11},"LeftHPnode":{"__id__":7},"HPnode":{"__id__":6},"SpriteBox":{"__id__":5}},{"__id__":11}],"_prefab":{"__type__":"cc.PrefabInfo","root":{"__id__":1},"asset":{"__uuid__":"89MmLEcQdNlrMfBgJv9mvg"},"fileId":"10GQi61udFx4a7ujIwIb/H"},"groupIndex":9},{"__type__":"cc.Node","_name":"New Sprite","_parent":{"__id__":1},"_components":[{"__type__":"cc.Sprite","node":{"__id__":2},"_spriteFrame":{"__uuid__":"ddInceMQZPGZHr+bOYXl8z"}}],"_prefab":{"__type__":"cc.PrefabInfo","root":{"__id__":1},"asset":{"__uuid__":"89MmLEcQdNlrMfBgJv9mvg"},"fileId":"faIJELqa9BDovaFSntHjRa"},"_opacity":0,"_color":{"__type__":"cc.Color","r":255},"_contentSize":{"__type__":"cc.Size","width":18,"height":54}},{"__type__":"cc.Node","_name":"New Sprite1","_parent":{"__id__":1},"_components":[{"__type__":"cc.Sprite","node":{"__id__":3},"_spriteFrame":{"__uuid__":"d3hvGWVS9EXrV2d2qB4iIj"}}],"_prefab":{"__type__":"cc.PrefabInfo","root":{"__id__":1},"asset":{"__uuid__":"89MmLEcQdNlrMfBgJv9mvg"},"fileId":"365FAD78lKw6TsCgcDJerU"},"_opacity":0,"_color":{"__type__":"cc.Color","r":255},"_contentSize":{"__type__":"cc.Size","width":144,"height":144},"_rotationX":450,"_rotationY":450},{"__type__":"cc.Node","_name":"xiangzi","_parent":{"__id__":1},"_components":[{"__id__":5}],"_prefab":{"__type__":"cc.PrefabInfo","root":{"__id__":1},"asset":{"__uuid__":"89MmLEcQdNlrMfBgJv9mvg"},"fileId":"a5ZzMMmUVNsbZDqXLdvzZK"},"_contentSize":{"__type__":"cc.Size","width":110,"height":110},"_scaleX":0.67,"_scaleY":0.67},{"__type__":"cc.Sprite","node":{"__id__":4},"_spriteFrame":{"__uuid__":"80VX8eIJtP/bdYtT82o0ZB"}},{"__type__":"cc.Node","_name":"BlueHPBg","_parent":{"__id__":1},"_children":[{"__id__":7},{"__id__":8},{"__id__":9},{"__id__":10}],"_components":[{"__type__":"cc.Sprite","node":{"__id__":6},"_spriteFrame":{"__uuid__":"84oa/IQ/NAH5H2pPdK4Ehi"},"_sizeMode":0}],"_prefab":{"__type__":"cc.PrefabInfo","root":{"__id__":1},"asset":{"__uuid__":"89MmLEcQdNlrMfBgJv9mvg"},"fileId":"53p/L4i0hFSKYjYG+w40ys"},"_contentSize":{"__type__":"cc.Size","width":102,"height":18},"_scaleX":0,"_scaleY":0,"_position":{"__type__":"cc.Vec2","y":61},"groupIndex":8},{"__type__":"cc.Node","_name":"Left","_parent":{"__id__":6},"_components":[{"__type__":"cc.Sprite","node":{"__id__":7},"_spriteFrame":{"__uuid__":"21Jto3bLtH0o6JMo2+Ch0H"},"_type":3,"_sizeMode":0,"_fillRange":1}],"_prefab":{"__type__":"cc.PrefabInfo","root":{"__id__":1},"asset":{"__uuid__":"89MmLEcQdNlrMfBgJv9mvg"},"fileId":"10BWyWH5NIPa610Q9HE+U3"},"_anchorPoint":{"__type__":"cc.Vec2","y":0.5},"_contentSize":{"__type__":"cc.Size","width":96,"height":12},"_position":{"__type__":"cc.Vec2","x":-48}},{"__type__":"cc.Node","_name":"line","_parent":{"__id__":6},"_components":[{"__type__":"cc.Sprite","node":{"__id__":8},"_spriteFrame":{"__uuid__":"e0Fev8ANJIKKn4Z1OaMcay"}}],"_prefab":{"__type__":"cc.PrefabInfo","root":{"__id__":1},"asset":{"__uuid__":"89MmLEcQdNlrMfBgJv9mvg"},"fileId":"28Q5ZGsbpNDYERU6yruIbd"},"_contentSize":{"__type__":"cc.Size","width":8,"height":16},"_position":{"__type__":"cc.Vec2","x":26}},{"__type__":"cc.Node","_name":"line","_parent":{"__id__":6},"_components":[{"__type__":"cc.Sprite","node":{"__id__":9},"_spriteFrame":{"__uuid__":"e0Fev8ANJIKKn4Z1OaMcay"}}],"_prefab":{"__type__":"cc.PrefabInfo","root":{"__id__":1},"asset":{"__uuid__":"89MmLEcQdNlrMfBgJv9mvg"},"fileId":"4eA3H2uk1Iv4tXJJ6t8Zof"},"_contentSize":{"__type__":"cc.Size","width":8,"height":16},"_position":{"__type__":"cc.Vec2","x":1}},{"__type__":"cc.Node","_name":"line","_parent":{"__id__":6},"_components":[{"__type__":"cc.Sprite","node":{"__id__":10},"_spriteFrame":{"__uuid__":"e0Fev8ANJIKKn4Z1OaMcay"}}],"_prefab":{"__type__":"cc.PrefabInfo","root":{"__id__":1},"asset":{"__uuid__":"89MmLEcQdNlrMfBgJv9mvg"},"fileId":"cfC4KMZVVH8rOY3MvxrcPN"},"_contentSize":{"__type__":"cc.Size","width":8,"height":16},"_position":{"__type__":"cc.Vec2","x":-25}},{"__type__":"cc.BoxCollider","node":{"__id__":1},"_size":{"__type__":"cc.Size","width":75,"height":75}}],{"__type__":"cc.SpriteFrame","content":{"name":"shouji13","texture":"20wkx7r05LO5L2PvQg5zW3","rect":[164,221,144,144],"offset":[0,0],"originalSize":[144,144]}},{"__type__":"cc.SpriteFrame","content":{"name":"shouji18","texture":"20wkx7r05LO5L2PvQg5zW3","rect":[143,575,18,54],"offset":[-1,-1],"originalSize":[32,64]}},{"__type__":"cc.SpriteFrame","content":{"name":"line","texture":"20wkx7r05LO5L2PvQg5zW3","rect":[647,644,8,16],"offset":[0,0],"originalSize":[8,16]}}]