[{"__type__":"cc.SpriteFrame","content":{"name":"zidan02","texture":"20wkx7r05LO5L2PvQg5zW3","rect":[143,498,19,56],"offset":[0,0],"originalSize":[19,56]}},{"__type__":"cc.AnimationClip","_name":"T_zidan_n_M","wrapMode":2,"curveData":{"paths":{"tuowei":{"props":{"anchorY":[],"scaleY":[],"scaleX":[],"y":[],"x":[]}},"zidan":{"props":{"scaleX":[],"scaleY":[]}}}}},[{"__type__":"cc.Prefab","_name":"Bullet1_M","data":{"__id__":1},"asyncLoadAssets":false},{"__type__":"cc.Node","_name":"Bullet1_M","_children":[{"__id__":2}],"_components":[{"__type__":"71a93I3hEVFh4S+mJpr7C/k","node":{"__id__":1},"EntityType":12,"DeadPrefab":{"__uuid__":"08fGFcvPdNWZdtyK1xLYiz"},"DeadPrefabName":"T_shouji_n_H","Body":{"__id__":2},"dieAnimationClip":"T_zidan_n_M","MyCollider":{"__id__":5},"tuoWeiSprite":{"__id__":2},"colorSpriteChange":[{"__id__":3},{"__id__":4}],"blueTeamColor":{"__type__":"cc.Color","r":255,"g":255,"b":255},"redTeamColor":{"__type__":"cc.Color","r":248,"g":139,"b":118}},{"__id__":5}],"_prefab":{"__type__":"cc.PrefabInfo","root":{"__id__":1},"asset":{"__uuid__":"79wOj721RDCb/RjumUfhTw"},"fileId":"1e0JqQLoZM7YHqdx3JlGy/"},"_contentSize":{"__type__":"cc.Size","width":12,"height":15},"groupIndex":6},{"__type__":"cc.Node","_name":"T_zidan_n_M","_parent":{"__id__":1},"_children":[{"__id__":3},{"__id__":4}],"_components":[{"__type__":"cc.Animation","node":{"__id__":2},"_defaultClip":{"__uuid__":"75HksQBFFDIaauOcIPwgBN"},"_clips":[{"__uuid__":"75HksQBFFDIaauOcIPwgBN"}]}],"_prefab":{"__type__":"cc.PrefabInfo","root":{"__id__":1},"asset":{"__uuid__":"79wOj721RDCb/RjumUfhTw"},"fileId":"96gj9hvg1HxLSB/7iDSnb/"},"_scaleX":1.04,"_scaleY":1.28,"_position":{"__type__":"cc.Vec2","y":-9.7}},{"__type__":"cc.Node","_name":"tuowei","_parent":{"__id__":2},"_components":[{"__type__":"cc.Sprite","node":{"__id__":3},"_spriteFrame":{"__uuid__":"50H3/BaIdOGqoXs92bPMNi"}}],"_prefab":{"__type__":"cc.PrefabInfo","root":{"__id__":1},"asset":{"__uuid__":"79wOj721RDCb/RjumUfhTw"},"fileId":"efowQKjRRMC6qljwo2mYpp"},"_contentSize":{"__type__":"cc.Size","width":19,"height":56},"_scaleY":1.4,"_position":{"__type__":"cc.Vec2","y":-36}},{"__type__":"cc.Node","_name":"zidan","_parent":{"__id__":2},"_components":[{"__type__":"cc.Sprite","node":{"__id__":4},"_spriteFrame":{"__uuid__":"f9/W1sOmlOW4U8n/PVS6R+"},"_sizeMode":0}],"_prefab":{"__type__":"cc.PrefabInfo","root":{"__id__":1},"asset":{"__uuid__":"79wOj721RDCb/RjumUfhTw"},"fileId":"adfLNDsFlPA6tiNJ2vVR0B"},"_contentSize":{"__type__":"cc.Size","width":19,"height":22},"_scaleY":1.52,"_position":{"__type__":"cc.Vec2","y":2}},{"__type__":"cc.BoxCollider","node":{"__id__":1},"_size":{"__type__":"cc.Size","width":22,"height":22}}],{"__type__":"cc.SpriteFrame","content":{"name":"zidan01","texture":"20wkx7r05LO5L2PvQg5zW3","rect":[143,555,19,19],"offset":[0,0],"originalSize":[19,19]}}]