[{"__type__":"cc.SpriteFrame","content":{"name":"fanweiquan","texture":"20wkx7r05LO5L2PvQg5zW3","rect":[3,3,330,217],"offset":[0,0],"originalSize":[330,217]}},{"__type__":"cc.SpriteFrame","content":{"name":"_0016_jindutiaojianbian","texture":"20wkx7r05LO5L2PvQg5zW3","rect":[739,958,90,16],"offset":[0,0],"originalSize":[90,16],"capInsets":[6,0,5,0]}},{"__type__":"cc.SpriteFrame","content":{"name":"fanweiquan3","texture":"20wkx7r05LO5L2PvQg5zW3","rect":[334,3,326,156],"offset":[0,0],"originalSize":[326,156]}},{"__type__":"cc.SpriteFrame","content":{"name":"Tank_G","texture":"20wkx7r05LO5L2PvQg5zW3","rect":[255,949,69,74],"offset":[0,0],"originalSize":[69,74]}},{"__type__":"cc.SpriteFrame","content":{"name":"shouji05","texture":"20wkx7r05LO5L2PvQg5zW3","rect":[111,1273,40,41],"offset":[0,0],"originalSize":[40,41]}},{"__type__":"cc.SpriteFrame","content":{"name":"_0017_jindutiaoditu","texture":"20wkx7r05LO5L2PvQg5zW3","rect":[624,1032,94,20],"offset":[0,0],"originalSize":[94,20],"capInsets":[17,0,17,0]}},{"__type__":"cc.SpriteFrame","content":{"name":"Tank_lvdai02","texture":"20wkx7r05LO5L2PvQg5zW3","rect":[165,1101,65,66],"offset":[0,0],"originalSize":[65,66]}},{"__type__":"cc.SpriteFrame","content":{"name":"fanweiquan2","texture":"20wkx7r05LO5L2PvQg5zW3","rect":[334,160,274,348],"offset":[0,0],"originalSize":[274,348]}},{"__type__":"cc.SpriteFrame","content":{"name":"dizuo","texture":"fcJS4K3v9B9LpajzpsNm+D","rect":[799,743,88,50],"offset":[0,0],"originalSize":[88,50]}},{"__type__":"cc.SpriteFrame","content":{"name":"Tank_lvdai01","texture":"20wkx7r05LO5L2PvQg5zW3","rect":[958,69,63,3],"offset":[0,0],"originalSize":[63,3]}},[{"__type__":"cc.Prefab","_name":"Player","data":{"__id__":1},"asyncLoadAssets":false},{"__type__":"cc.Node","_name":"Player","_children":[{"__id__":2}],"_components":[{"__type__":"770c3zq3GVFfZ1IaJvbgzZ1","node":{"__id__":1},"SpAtlas":{"__uuid__":"49hgYBWs5C0osUMDkiP1E1"},"DeadPrefab":{"__uuid__":"a0OSIldwxLPbLWbBgZxA7a"},"DeadPrefabName":"T_boom_H","Body":{"__id__":2},"dieAnimationClip":"T_boom","ImageNode":{"__id__":3},"DirectionArrow":{"__id__":18},"MyCollider":{"__id__":41},"PaoTaiNode":{"__id__":17},"MyAnimationCtrl":{"__id__":42},"NewShootRule":false,"GuijiPrefab":{"__uuid__":"7cV6CgSa9GV4TGRvcgC8h0"},"GuijiPrefabName":"T_guiji_H","TankHpControl":{"__id__":32},"GuijiDistance":20,"GuijiFrameGap":12,"MotionStreak":{"__id__":43},"PlayerDieEffect":"Player_die_H","LineSpriteFrame":{"__uuid__":"e0Fev8ANJIKKn4Z1OaMcay"},"LeftHpNode":{"__id__":31},"CachedLineSprite":[{"__id__":33},{"__id__":34},{"__id__":35},{"__id__":36},{"__id__":37}],"Sprite1Change":{"__id__":16},"leftHPnode":{"__id__":32},"TankNamePrefab":{"__uuid__":"ddM2XaAaFH65ftAKWtuZu/"},"TankHeadImagePrefab":{"__uuid__":"6d7xG0wC1I+6d878TjLif5"},"TankHpNode":{"__id__":31},"TankUINode":{"__id__":30},"attackRing":{"__id__":5},"attackRingBG":[{"__uuid__":"31OLyzLldIObubFIKp+ar5"},{"__uuid__":"08p/hxJyZDYLXJGYhaFkvW"},{"__uuid__":"9d0PE4SEJDdZ2G1rbRMB2f"}]},{"__type__":"cc.RigidBody","node":{"__id__":1},"_allowSleep":false,"_fixedRotation":true,"enabledContactListener":true},{"__type__":"379b141W0BCZZwMTY7+7dWg","node":{"__id__":1}},{"__id__":41},{"__id__":42},{"__id__":43}],"_prefab":{"__type__":"cc.PrefabInfo","root":{"__id__":1},"asset":{"__uuid__":"be4EFGpVJLnL5rnzz+EnuL"},"fileId":"b2sJnSdKdMboymBlXfBSB5"},"_contentSize":{"__type__":"cc.Size","width":75,"height":75},"_position":{"__type__":"cc.Vec2","y":50},"groupIndex":1},{"__type__":"cc.Node","_name":"Body","_parent":{"__id__":1},"_children":[{"__id__":3},{"__id__":17},{"__id__":30}],"_prefab":{"__type__":"cc.PrefabInfo","root":{"__id__":1},"asset":{"__uuid__":"be4EFGpVJLnL5rnzz+EnuL"},"fileId":"f1gWHOF1NNILhHkJcHygGf"}},{"__type__":"cc.Node","_name":"Image","_parent":{"__id__":2},"_children":[{"__id__":4},{"__id__":5},{"__id__":6}],"_prefab":{"__type__":"cc.PrefabInfo","root":{"__id__":1},"asset":{"__uuid__":"be4EFGpVJLnL5rnzz+EnuL"},"fileId":"20DQqHYGFE+7vzm95jdUpd"},"_contentSize":{"__type__":"cc.Size","width":80,"height":80}},{"__type__":"cc.Node","_name":"dizuo","_parent":{"__id__":3},"_components":[{"__type__":"cc.Sprite","node":{"__id__":4},"_spriteFrame":{"__uuid__":"aeghF9A0hOGY6H0XXWBsyY"}}],"_prefab":{"__type__":"cc.PrefabInfo","root":{"__id__":1},"asset":{"__uuid__":"be4EFGpVJLnL5rnzz+EnuL"},"fileId":"0fUVkFEF9NKZ18BKx/njV+"},"_contentSize":{"__type__":"cc.Size","width":88,"height":50},"_rotationX":180,"_rotationY":180,"_scaleX":1.4285714,"_scaleY":1.4285714,"_position":{"__type__":"cc.Vec2","y":35.8}},{"__type__":"cc.Node","_name":"fangwei","_parent":{"__id__":3},"_components":[{"__type__":"cc.Sprite","node":{"__id__":5},"_spriteFrame":{"__uuid__":"31OLyzLldIObubFIKp+ar5"},"_sizeMode":0,"_isTrimmedMode":false}],"_prefab":{"__type__":"cc.PrefabInfo","root":{"__id__":1},"asset":{"__uuid__":"be4EFGpVJLnL5rnzz+EnuL"},"fileId":"84Vte5cdFLTbDH7lhBSyRd"},"_anchorPoint":{"__type__":"cc.Vec2","y":0.5},"_contentSize":{"__type__":"cc.Size","width":409,"height":253},"_rotationX":-90,"_rotationY":-90,"_position":{"__type__":"cc.Vec2","y":-37}},{"__type__":"cc.Node","_name":"Tank_LvDai_Y","_parent":{"__id__":3},"_children":[{"__id__":7}],"_prefab":{"__type__":"cc.PrefabInfo","root":{"__id__":1},"asset":{"__uuid__":"be4EFGpVJLnL5rnzz+EnuL"},"fileId":"42Btqoce9LSZVCMupAQzA4"}},{"__type__":"cc.Node","_name":"Tank_LvDai_Ani","_parent":{"__id__":6},"_children":[{"__id__":8},{"__id__":9},{"__id__":10},{"__id__":11},{"__id__":12},{"__id__":13},{"__id__":14},{"__id__":15}],"_components":[{"__type__":"cc.Animation","node":{"__id__":7},"_defaultClip":{"__uuid__":"6axa+WsclIc4D/Zz/j3Nf8"},"_clips":[{"__uuid__":"6axa+WsclIc4D/Zz/j3Nf8"}],"playOnLoad":true}],"_prefab":{"__type__":"cc.PrefabInfo","root":{"__id__":1},"asset":{"__uuid__":"be4EFGpVJLnL5rnzz+EnuL"},"fileId":"6c0IEhouNDzbH+7KFvAitr"}},{"__type__":"cc.Node","_name":"Tank_heidi","_parent":{"__id__":7},"_components":[{"__type__":"cc.Sprite","node":{"__id__":8},"_spriteFrame":{"__uuid__":"88MmydYDZHsL/IRggwIY4A"}}],"_prefab":{"__type__":"cc.PrefabInfo","root":{"__id__":1},"asset":{"__uuid__":"be4EFGpVJLnL5rnzz+EnuL"},"fileId":"43jU+R58BL/ov0Z+ip79Jq"},"_contentSize":{"__type__":"cc.Size","width":65,"height":66}},{"__type__":"cc.Node","_name":"Tank_henxian01","_parent":{"__id__":7},"_components":[{"__type__":"cc.Sprite","node":{"__id__":9},"_spriteFrame":{"__uuid__":"bdbj/6jbBEA7m8y0Fd8K6F"}}],"_prefab":{"__type__":"cc.PrefabInfo","root":{"__id__":1},"asset":{"__uuid__":"be4EFGpVJLnL5rnzz+EnuL"},"fileId":"42eZlZhGRGYYcwe83rMcDv"},"_contentSize":{"__type__":"cc.Size","width":63,"height":3},"_position":{"__type__":"cc.Vec2","y":23.6}},{"__type__":"cc.Node","_name":"Tank_henxian02","_parent":{"__id__":7},"_components":[{"__type__":"cc.Sprite","node":{"__id__":10},"_spriteFrame":{"__uuid__":"bdbj/6jbBEA7m8y0Fd8K6F"}}],"_prefab":{"__type__":"cc.PrefabInfo","root":{"__id__":1},"asset":{"__uuid__":"be4EFGpVJLnL5rnzz+EnuL"},"fileId":"df+7HtrkZCo4Pm2/dB9mLD"},"_contentSize":{"__type__":"cc.Size","width":63,"height":3},"_position":{"__type__":"cc.Vec2","y":12.5}},{"__type__":"cc.Node","_name":"Tank_henxian03","_parent":{"__id__":7},"_components":[{"__type__":"cc.Sprite","node":{"__id__":11},"_spriteFrame":{"__uuid__":"bdbj/6jbBEA7m8y0Fd8K6F"}}],"_prefab":{"__type__":"cc.PrefabInfo","root":{"__id__":1},"asset":{"__uuid__":"be4EFGpVJLnL5rnzz+EnuL"},"fileId":"9fevvCFy9NZpsR/JrKdVop"},"_contentSize":{"__type__":"cc.Size","width":63,"height":3},"_position":{"__type__":"cc.Vec2","y":1.3}},{"__type__":"cc.Node","_name":"Tank_henxian04","_parent":{"__id__":7},"_components":[{"__type__":"cc.Sprite","node":{"__id__":12},"_spriteFrame":{"__uuid__":"bdbj/6jbBEA7m8y0Fd8K6F"}}],"_prefab":{"__type__":"cc.PrefabInfo","root":{"__id__":1},"asset":{"__uuid__":"be4EFGpVJLnL5rnzz+EnuL"},"fileId":"ddKVuw6hlBuLxarne9wuFW"},"_contentSize":{"__type__":"cc.Size","width":63,"height":3},"_position":{"__type__":"cc.Vec2","y":-8.9}},{"__type__":"cc.Node","_name":"Tank_henxian05","_parent":{"__id__":7},"_components":[{"__type__":"cc.Sprite","node":{"__id__":13},"_spriteFrame":{"__uuid__":"bdbj/6jbBEA7m8y0Fd8K6F"}}],"_prefab":{"__type__":"cc.PrefabInfo","root":{"__id__":1},"asset":{"__uuid__":"be4EFGpVJLnL5rnzz+EnuL"},"fileId":"93sk1iJx5O2Y3VEErBcu76"},"_contentSize":{"__type__":"cc.Size","width":63,"height":3},"_position":{"__type__":"cc.Vec2","y":-19}},{"__type__":"cc.Node","_name":"Tank_henxian06","_parent":{"__id__":7},"_components":[{"__type__":"cc.Sprite","node":{"__id__":14},"_spriteFrame":{"__uuid__":"bdbj/6jbBEA7m8y0Fd8K6F"}}],"_prefab":{"__type__":"cc.PrefabInfo","root":{"__id__":1},"asset":{"__uuid__":"be4EFGpVJLnL5rnzz+EnuL"},"fileId":"a6OvpKtdlHgaplGG0dsktS"},"_contentSize":{"__type__":"cc.Size","width":63,"height":3},"_position":{"__type__":"cc.Vec2","y":-29.6}},{"__type__":"cc.Node","_name":"Tank_di_G","_parent":{"__id__":7},"_components":[{"__id__":16}],"_prefab":{"__type__":"cc.PrefabInfo","root":{"__id__":1},"asset":{"__uuid__":"be4EFGpVJLnL5rnzz+EnuL"},"fileId":"67x7WCkTxLQYsPVF+WEzwU"},"_contentSize":{"__type__":"cc.Size","width":69,"height":74},"_position":{"__type__":"cc.Vec2","y":8}},{"__type__":"cc.Sprite","node":{"__id__":15},"_spriteFrame":{"__uuid__":"63ACg++/pKi5xyML2ogiXg"}},{"__type__":"cc.Node","_name":"TankPaotai","_parent":{"__id__":2},"_children":[{"__id__":18},{"__id__":23}],"_active":false,"_prefab":{"__type__":"cc.PrefabInfo","root":{"__id__":1},"asset":{"__uuid__":"be4EFGpVJLnL5rnzz+EnuL"},"fileId":"bdrYqF47hFlLVcySEQffXh"}},{"__type__":"cc.Node","_name":"DirectionArrow","_parent":{"__id__":17},"_children":[{"__id__":19},{"__id__":20}],"_prefab":{"__type__":"cc.PrefabInfo","root":{"__id__":1},"asset":{"__uuid__":"be4EFGpVJLnL5rnzz+EnuL"},"fileId":"7b0jWbBc9Oh5+2uyI9sca2"},"_contentSize":{"__type__":"cc.Size","width":20,"height":20},"_scaleY":-1,"_position":{"__type__":"cc.Vec2","x":0.3,"y":51}},{"__type__":"cc.Node","_name":"T_Aim","_parent":{"__id__":18},"_components":[{"__type__":"cc.Sprite","node":{"__id__":19},"_sizeMode":0}],"_prefab":{"__type__":"cc.PrefabInfo","root":{"__id__":1},"asset":{"__uuid__":"be4EFGpVJLnL5rnzz+EnuL"},"fileId":"8di5y38sBPr5ZrkUdsx52v"},"_contentSize":{"__type__":"cc.Size","width":145,"height":150},"_scaleY":-1,"_position":{"__type__":"cc.Vec2","y":48}},{"__type__":"cc.Node","_name":"T_fire01","_parent":{"__id__":18},"_children":[{"__id__":21}],"_components":[{"__id__":22}],"_prefab":{"__type__":"cc.PrefabInfo","root":{"__id__":1},"asset":{"__uuid__":"be4EFGpVJLnL5rnzz+EnuL"},"fileId":"72qKDavCpHAo5BEJpWofaJ"},"_rotationX":180,"_rotationY":180,"_position":{"__type__":"cc.Vec2","x":-3,"y":68}},{"__type__":"cc.Node","_name":"sprite","_parent":{"__id__":20},"_components":[{"__type__":"cc.Sprite","node":{"__id__":21},"_spriteFrame":{"__uuid__":"7diTKu489FPqMdxQRfi4+1"}}],"_prefab":{"__type__":"cc.PrefabInfo","root":{"__id__":1},"asset":{"__uuid__":"be4EFGpVJLnL5rnzz+EnuL"},"fileId":"34opdJ7BNFTYHyHYt2tL25"},"_opacity":0,"_contentSize":{"__type__":"cc.Size","width":40,"height":41}},{"__type__":"cc.Animation","node":{"__id__":20},"_defaultClip":{"__uuid__":"8a0aNutoJBW5ZiEgtsPpfm"},"_clips":[{"__uuid__":"8a0aNutoJBW5ZiEgtsPpfm"}]},{"__type__":"cc.Node","_name":"Tank_Y","_parent":{"__id__":17},"_children":[{"__id__":24}],"_components":[{"__id__":29}],"_prefab":{"__type__":"cc.PrefabInfo","root":{"__id__":1},"asset":{"__uuid__":"be4EFGpVJLnL5rnzz+EnuL"},"fileId":"e0M1goa+tLJL11MrdWV/oW"}},{"__type__":"cc.Node","_name":"Tank_group","_parent":{"__id__":23},"_children":[{"__id__":25},{"__id__":26}],"_prefab":{"__type__":"cc.PrefabInfo","root":{"__id__":1},"asset":{"__uuid__":"be4EFGpVJLnL5rnzz+EnuL"},"fileId":"d9F9aQWM1Odp0VGlM2DAzL"},"_position":{"__type__":"cc.Vec2","y":-3.8}},{"__type__":"cc.Node","_name":"Tank_pao","_parent":{"__id__":24},"_components":[{"__type__":"cc.Sprite","node":{"__id__":25}}],"_prefab":{"__type__":"cc.PrefabInfo","root":{"__id__":1},"asset":{"__uuid__":"be4EFGpVJLnL5rnzz+EnuL"},"fileId":"f451Qs629D8LdPZ0mD0Xqm"},"_anchorPoint":{"__type__":"cc.Vec2","x":0.5},"_contentSize":{"__type__":"cc.Size","width":17,"height":26},"_position":{"__type__":"cc.Vec2","y":23}},{"__type__":"cc.Node","_name":"Tank_gaizi","_parent":{"__id__":24},"_children":[{"__id__":27}],"_components":[{"__type__":"cc.Sprite","node":{"__id__":26}}],"_prefab":{"__type__":"cc.PrefabInfo","root":{"__id__":1},"asset":{"__uuid__":"be4EFGpVJLnL5rnzz+EnuL"},"fileId":"30guy8EQ9FFIK87jP7RZEO"},"_contentSize":{"__type__":"cc.Size","width":47,"height":53},"_position":{"__type__":"cc.Vec2","y":3.8}},{"__type__":"cc.Node","_name":"Mask","_parent":{"__id__":26},"_children":[{"__id__":28}],"_active":false,"_components":[{"__type__":"cc.Mask","node":{"__id__":27},"_type":1,"_segements":15}],"_prefab":{"__type__":"cc.PrefabInfo","root":{"__id__":1},"asset":{"__uuid__":"be4EFGpVJLnL5rnzz+EnuL"},"fileId":"10jKGHH4ZEyKuj6mZfspX/"},"_contentSize":{"__type__":"cc.Size","width":40,"height":40},"_position":{"__type__":"cc.Vec2","y":-2}},{"__type__":"cc.Node","_name":"HeadIcon","_parent":{"__id__":27},"_components":[{"__type__":"cc.Sprite","node":{"__id__":28},"_sizeMode":0}],"_prefab":{"__type__":"cc.PrefabInfo","root":{"__id__":1},"asset":{"__uuid__":"be4EFGpVJLnL5rnzz+EnuL"},"fileId":"0fXCf3OlRMnbk5yg/G/Lec"},"_contentSize":{"__type__":"cc.Size","width":42,"height":42}},{"__type__":"cc.Animation","node":{"__id__":23},"_defaultClip":{"__uuid__":"f36ysosrRK47uCOraPea33"},"_clips":[{"__uuid__":"eaIFxZgZFISosIIoKPhGfh"},{"__uuid__":"f36ysosrRK47uCOraPea33"}],"playOnLoad":true},{"__type__":"cc.Node","_name":"TankUI","_parent":{"__id__":2},"_children":[{"__id__":31},{"__id__":38},{"__id__":39}],"_components":[{"__type__":"78dbeCvnJlL85Wz9jPECl0Y","node":{"__id__":30},"PreIconItem":{"__uuid__":"35SV/f7CpFLaGlubMl3UNR"},"BulletContainNode":{"__id__":38},"NameLabel":{"__id__":40}}],"_prefab":{"__type__":"cc.PrefabInfo","root":{"__id__":1},"asset":{"__uuid__":"be4EFGpVJLnL5rnzz+EnuL"},"fileId":"02g4Efqg5Pao7VYZhQVsNG"}},{"__type__":"cc.Node","_name":"HPBg","_parent":{"__id__":30},"_children":[{"__id__":32},{"__id__":33},{"__id__":34},{"__id__":35},{"__id__":36},{"__id__":37}],"_components":[{"__type__":"cc.Sprite","node":{"__id__":31},"_spriteFrame":{"__uuid__":"84oa/IQ/NAH5H2pPdK4Ehi"},"_sizeMode":2}],"_prefab":{"__type__":"cc.PrefabInfo","root":{"__id__":1},"asset":{"__uuid__":"be4EFGpVJLnL5rnzz+EnuL"},"fileId":"53wup9PLxCs46MoD6XMz+g"},"_contentSize":{"__type__":"cc.Size","width":94,"height":20},"_position":{"__type__":"cc.Vec2","y":85}},{"__type__":"cc.Node","_name":"Left","_parent":{"__id__":31},"_components":[{"__type__":"cc.Sprite","node":{"__id__":32},"_spriteFrame":{"__uuid__":"21Jto3bLtH0o6JMo2+Ch0H"},"_type":3,"_sizeMode":2,"_fillRange":1,"_isTrimmedMode":false}],"_prefab":{"__type__":"cc.PrefabInfo","root":{"__id__":1},"asset":{"__uuid__":"be4EFGpVJLnL5rnzz+EnuL"},"fileId":"deR84JXEVNfozTX2WhU65r"},"_anchorPoint":{"__type__":"cc.Vec2","y":0.5},"_contentSize":{"__type__":"cc.Size","width":90,"height":16},"_position":{"__type__":"cc.Vec2","x":-45}},{"__type__":"cc.Node","_name":"line","_parent":{"__id__":31},"_components":[{"__type__":"cc.Sprite","node":{"__id__":33},"_spriteFrame":{"__uuid__":"e0Fev8ANJIKKn4Z1OaMcay"}}],"_prefab":{"__type__":"cc.PrefabInfo","root":{"__id__":1},"asset":{"__uuid__":"be4EFGpVJLnL5rnzz+EnuL"},"fileId":"c7RmGa7yxDHo30yjOPl6/Z"},"_opacity":230,"_contentSize":{"__type__":"cc.Size","width":8,"height":16}},{"__type__":"cc.Node","_name":"line","_parent":{"__id__":31},"_components":[{"__type__":"cc.Sprite","node":{"__id__":34},"_spriteFrame":{"__uuid__":"e0Fev8ANJIKKn4Z1OaMcay"}}],"_prefab":{"__type__":"cc.PrefabInfo","root":{"__id__":1},"asset":{"__uuid__":"be4EFGpVJLnL5rnzz+EnuL"},"fileId":"9ekuNJAt1C0o3sfE0MBOQn"},"_opacity":230,"_contentSize":{"__type__":"cc.Size","width":8,"height":16}},{"__type__":"cc.Node","_name":"line","_parent":{"__id__":31},"_components":[{"__type__":"cc.Sprite","node":{"__id__":35},"_spriteFrame":{"__uuid__":"e0Fev8ANJIKKn4Z1OaMcay"}}],"_prefab":{"__type__":"cc.PrefabInfo","root":{"__id__":1},"asset":{"__uuid__":"be4EFGpVJLnL5rnzz+EnuL"},"fileId":"cbRWpItNtE+Jc3efO1O0Q4"},"_opacity":230,"_contentSize":{"__type__":"cc.Size","width":8,"height":16}},{"__type__":"cc.Node","_name":"line","_parent":{"__id__":31},"_components":[{"__type__":"cc.Sprite","node":{"__id__":36},"_spriteFrame":{"__uuid__":"e0Fev8ANJIKKn4Z1OaMcay"}}],"_prefab":{"__type__":"cc.PrefabInfo","root":{"__id__":1},"asset":{"__uuid__":"be4EFGpVJLnL5rnzz+EnuL"},"fileId":"e2viorVXBKT5GbtO1mcaua"},"_opacity":230,"_contentSize":{"__type__":"cc.Size","width":8,"height":16}},{"__type__":"cc.Node","_name":"line","_parent":{"__id__":31},"_components":[{"__type__":"cc.Sprite","node":{"__id__":37},"_spriteFrame":{"__uuid__":"e0Fev8ANJIKKn4Z1OaMcay"},"_sizeMode":2}],"_prefab":{"__type__":"cc.PrefabInfo","root":{"__id__":1},"asset":{"__uuid__":"be4EFGpVJLnL5rnzz+EnuL"},"fileId":"3eGZeMwQBITI/CavRj3fNI"},"_opacity":230,"_contentSize":{"__type__":"cc.Size","width":8,"height":16}},{"__type__":"cc.Node","_name":"BulletContainer","_parent":{"__id__":30},"_components":[{"__type__":"cc.Layout","node":{"__id__":38},"_layoutSize":{"__type__":"cc.Size","width":26,"height":30},"_resize":1,"_N$layoutType":1,"_N$spacingX":-2}],"_prefab":{"__type__":"cc.PrefabInfo","root":{"__id__":1},"asset":{"__uuid__":"be4EFGpVJLnL5rnzz+EnuL"},"fileId":"14m8mf4YZCuqHzidZy1FON"},"_color":{"__type__":"cc.Color","r":167,"g":167,"b":167},"_contentSize":{"__type__":"cc.Size","width":26,"height":30},"_position":{"__type__":"cc.Vec2","y":112}},{"__type__":"cc.Node","_name":"NameLabel","_parent":{"__id__":30},"_active":false,"_components":[{"__id__":40}],"_prefab":{"__type__":"cc.PrefabInfo","root":{"__id__":1},"asset":{"__uuid__":"be4EFGpVJLnL5rnzz+EnuL"},"fileId":"e7R8lOLF1Pr5SIGrgR088I"},"_contentSize":{"__type__":"cc.Size","width":80.01,"height":40},"_position":{"__type__":"cc.Vec2","y":142}},{"__type__":"cc.Label","node":{"__id__":39},"_useOriginalSize":false,"_actualFontSize":30,"_fontSize":30,"_N$string":"玩家A","_N$horizontalAlign":1,"_N$verticalAlign":1},{"__type__":"cc.BoxCollider","node":{"__id__":1},"_size":{"__type__":"cc.Size","width":75,"height":75}},{"__type__":"4af38Fv1sBLaoi/6ZqXjA0s","node":{"__id__":1},"bodyAnimation":{"__id__":29},"fireAnimation":{"__id__":22},"IdleAnimationClipName":"Tank_G_idle01","AttackAnimationClipName":"Tank_G_attack01","PickAnimationClipName":"huolijiaqiang","FireAnimationClipName":"T_fire01"},{"__type__":"cc.MotionStreak","node":{"__id__":1},"_enabled":false,"_fadeTime":0,"_minSeg":0.2,"_texture":{"__uuid__":"540wLvkHJCkYd3UnrqR9j/"}}],[{"__type__":"cc.Prefab","_name":"BasePlayerName","data":{"__id__":1},"asyncLoadAssets":false},{"__type__":"cc.Node","_name":"BasePlayerName","_components":[{"__type__":"36012RO3plHgZx8EAnktV3a","node":{"__id__":1},"OffsetY":143,"NameLabel":{"__id__":2}},{"__id__":2}],"_prefab":{"__type__":"cc.PrefabInfo","root":{"__id__":1},"asset":{"__uuid__":"ddM2XaAaFH65ftAKWtuZu/"},"fileId":"e2JeBBTnRHkoPtNsqncDto"},"_contentSize":{"__type__":"cc.Size","width":300,"height":40}},{"__type__":"cc.Label","node":{"__id__":1},"_useOriginalSize":false,"_actualFontSize":21,"_fontSize":21,"_N$string":"","_N$horizontalAlign":1,"_N$verticalAlign":1,"_N$overflow":2}],{"__type__":"cc.SpriteFrame","content":{"name":"line","texture":"20wkx7r05LO5L2PvQg5zW3","rect":[647,644,8,16],"offset":[0,0],"originalSize":[8,16]}}]