[{"__type__":"cc.SpriteFrame","content":{"name":"shikuai_03","texture":"20wkx7r05LO5L2PvQg5zW3","rect":[609,360,46,40],"offset":[0,-3],"originalSize":[64,64]}},{"__type__":"cc.AnimationClip","_name":"Zhangai_hit_01_M","_duration":0.7333333333333333,"sample":30,"wrapMode":2,"curveData":{"paths":{"New Node1/sprite3":{"props":{"position":[{"frame":0,"value":[0,0],"motionPath":[]},{"frame":0.13333333333333333,"value":[-14.4,29.3]},{"frame":0.23333333333333334,"value":[-24.6,30.9]},{"frame":0.26666666666666666,"value":[-33.8,30.7]},{"frame":0.3,"value":[-40.3,25.7]},{"frame":0.36666666666666664,"value":[-50.3,13.7]},{"frame":0.5333333333333333,"value":[-56.870000000000005,17.39]},{"frame":0.6,"value":[-57.6,17.8]},{"frame":0.6333333333333333,"value":[-62,19]},{"frame":0.7333333333333333,"value":[-65.9,11.3]}],"rotation":[{"frame":0,"value":40},{"frame":0.7333333333333333,"value":0}],"scaleX":[{"frame":0,"value":0.45}],"scaleY":[{"frame":0,"value":0.45}],"opacity":[{"frame":0,"value":0},{"frame":0.1,"value":255},{"frame":0.4666666666666667,"value":255},{"frame":0.7333333333333333,"value":0}]}},"New Node1/sprite4":{"props":{"position":[{"frame":0,"value":[0,-15]},{"frame":0.06666666666666667,"value":[-8,-5]},{"frame":0.16666666666666666,"value":[-18,-4]},{"frame":0.23333333333333334,"value":[-23,-9]},{"frame":0.4,"value":[-31,-36]},{"frame":0.4666666666666667,"value":[-43,-34]},{"frame":0.5333333333333333,"value":[-49,-37]},{"frame":0.6,"value":[-50,-48]}],"scaleX":[{"frame":0,"value":0.45},{"frame":0.6,"value":0.45}],"scaleY":[{"frame":0,"value":0.45},{"frame":0.6,"value":0.45}],"opacity":[{"frame":0,"value":0},{"frame":0.1,"value":255},{"frame":0.4,"value":255},{"frame":0.6,"value":0}]}},"New Node1/sprite5":{"props":{"position":[{"frame":0,"value":[1,4]},{"frame":0.06666666666666667,"value":[12,15]},{"frame":0.23333333333333334,"value":[22,12]},{"frame":0.3333333333333333,"value":[29,-7]},{"frame":0.43333333333333335,"value":[38,-1]},{"frame":0.6,"value":[47,-5]},{"frame":0.7333333333333333,"value":[50,-14]}],"scaleX":[{"frame":0,"value":0.65}],"scaleY":[{"frame":0,"value":0.65}],"rotation":[{"frame":0,"value":0},{"frame":0.7333333333333333,"value":10}],"opacity":[{"frame":0,"value":0},{"frame":0.1,"value":255},{"frame":0.4666666666666667,"value":255},{"frame":0.7333333333333333,"value":0}]}}},"props":{"opacity":[{"frame":0,"value":255}]}}},[{"__type__":"cc.Prefab","_name":"Zhangai_hit_01_M","data":{"__id__":1},"asyncLoadAssets":false},{"__type__":"cc.Node","_name":"Zhangai_hit_01_M","_children":[{"__id__":2}],"_components":[{"__id__":6},{"__type__":"3f6973JHftFpKTMspSNwhiz","node":{"__id__":1},"animationCtrl":{"__id__":6},"randomDelay":true,"randomDelayTime":0.27}],"_prefab":{"__type__":"cc.PrefabInfo","root":{"__id__":1},"asset":{"__uuid__":"9eqz9OM9hOnY0rU0BdJSfE"},"fileId":"95um3A7rhCAp5XTaSfkyZy"},"_opacity":0},{"__type__":"cc.Node","_name":"New Node1","_parent":{"__id__":1},"_children":[{"__id__":3},{"__id__":4},{"__id__":5}],"_prefab":{"__type__":"cc.PrefabInfo","root":{"__id__":1},"asset":{"__uuid__":"9eqz9OM9hOnY0rU0BdJSfE"},"fileId":"40Qrf7xGtOR5c7VmqTBLhi"}},{"__type__":"cc.Node","_name":"sprite3","_parent":{"__id__":2},"_components":[{"__type__":"cc.Sprite","node":{"__id__":3},"_spriteFrame":{"__uuid__":"06IqozQ0FDDbtvYtDUFv3o"},"_sizeMode":0}],"_prefab":{"__type__":"cc.PrefabInfo","root":{"__id__":1},"asset":{"__uuid__":"9eqz9OM9hOnY0rU0BdJSfE"},"fileId":"dfOefNTldIRrrqb2Ql1Grd"},"_contentSize":{"__type__":"cc.Size","width":65,"height":45},"_rotationX":252.00000000000006,"_rotationY":252.00000000000006,"_scaleX":0.86,"_scaleY":0.86,"_position":{"__type__":"cc.Vec2","x":-47.809999999999995,"y":26.809999999999995}},{"__type__":"cc.Node","_name":"sprite4","_parent":{"__id__":2},"_components":[{"__type__":"cc.Sprite","node":{"__id__":4},"_spriteFrame":{"__uuid__":"06IqozQ0FDDbtvYtDUFv3o"}}],"_prefab":{"__type__":"cc.PrefabInfo","root":{"__id__":1},"asset":{"__uuid__":"9eqz9OM9hOnY0rU0BdJSfE"},"fileId":"80zzhx5xlAF6eJVb1HKEg0"},"_contentSize":{"__type__":"cc.Size","width":46,"height":40},"_rotationX":-280.00000000000006,"_rotationY":-280.00000000000006,"_scaleX":0.8444444444444444,"_scaleY":0.8444444444444444,"_position":{"__type__":"cc.Vec2","x":-31.266666666666673,"y":-46.12222222222223}},{"__type__":"cc.Node","_name":"sprite5","_parent":{"__id__":2},"_components":[{"__type__":"cc.Sprite","node":{"__id__":5},"_spriteFrame":{"__uuid__":"06IqozQ0FDDbtvYtDUFv3o"}}],"_prefab":{"__type__":"cc.PrefabInfo","root":{"__id__":1},"asset":{"__uuid__":"9eqz9OM9hOnY0rU0BdJSfE"},"fileId":"4fXNLndftO3ZUy0g4JvmzF"},"_contentSize":{"__type__":"cc.Size","width":46,"height":40},"_rotationX":-190.90909090909093,"_rotationY":-190.90909090909093,"_scaleX":0.8727272727272728,"_scaleY":0.8727272727272728,"_position":{"__type__":"cc.Vec2","x":27.490909090909096,"y":-11.072727272727274}},{"__type__":"cc.Animation","node":{"__id__":1},"_defaultClip":{"__uuid__":"57dW4vCyFNn6pZbOW7pA1M"},"_clips":[{"__uuid__":"57dW4vCyFNn6pZbOW7pA1M"}]}]]