[{"__type__":"cc.SpriteFrame","content":{"name":"zidan04","texture":"20wkx7r05LO5L2PvQg5zW3","rect":[989,1155,31,43],"offset":[0,0],"originalSize":[31,43]}},{"__type__":"cc.AnimationClip","_name":"zidan_q_M","_duration":0.36666666666666664,"sample":30,"wrapMode":2,"curveData":{"paths":{"tuowei":{"props":{"scaleY":[{"frame":0,"value":3.81},{"frame":0.1,"value":2.7},{"frame":0.16666666666666666,"value":3.81},{"frame":0.26666666666666666,"value":2.68},{"frame":0.36666666666666664,"value":3.81}],"scaleX":[{"frame":0,"value":1.02},{"frame":0.1,"value":1.14},{"frame":0.16666666666666666,"value":1.02},{"frame":0.26666666666666666,"value":1.14},{"frame":0.36666666666666664,"value":1.02}],"x":[{"frame":0.3333333333333333,"value":0}],"y":[{"frame":0.3333333333333333,"value":-13.5}]}},"zidan":{"props":{}},"tuowei2":{"props":{"scaleX":[{"frame":0,"value":1.55},{"frame":0.06666666666666667,"value":1.29},{"frame":0.16666666666666666,"value":1.55},{"frame":0.26666666666666666,"value":1.29},{"frame":0.36666666666666664,"value":1.55}],"scaleY":[{"frame":0,"value":1.55},{"frame":0.06666666666666667,"value":1.23},{"frame":0.16666666666666666,"value":1.55},{"frame":0.26666666666666666,"value":1.23},{"frame":0.36666666666666664,"value":1.55}],"y":[{"frame":0,"value":-55},{"frame":0.06666666666666667,"value":-44.2},{"frame":0.16666666666666666,"value":-55},{"frame":0.26666666666666666,"value":-44.2},{"frame":0.3333333333333333,"value":-47.8},{"frame":0.36666666666666664,"value":-55}],"x":[{"frame":0,"value":-0.9},{"frame":0.16666666666666666,"value":-0.9},{"frame":0.3333333333333333,"value":-0.9},{"frame":0.36666666666666664,"value":-0.9}]}},"tuowei3":{"props":{"scaleY":[{"frame":0,"value":1.16},{"frame":0.1,"value":1.32},{"frame":0.16666666666666666,"value":1.16},{"frame":0.3,"value":1.32},{"frame":0.36666666666666664,"value":1.16}],"scaleX":[{"frame":0,"value":1.1},{"frame":0.1,"value":1.25},{"frame":0.16666666666666666,"value":1.1},{"frame":0.3,"value":1.25},{"frame":0.36666666666666664,"value":1.1}],"opacity":[{"frame":0,"value":180},{"frame":0.1,"value":220},{"frame":0.16666666666666666,"value":180},{"frame":0.3,"value":220},{"frame":0.36666666666666664,"value":180}]}}},"props":{}}},{"__type__":"cc.SpriteFrame","content":{"name":"zidan02","texture":"20wkx7r05LO5L2PvQg5zW3","rect":[143,498,19,56],"offset":[0,0],"originalSize":[19,56]}},{"__type__":"cc.SpriteFrame","content":{"name":"zidan06","texture":"20wkx7r05LO5L2PvQg5zW3","rect":[231,1101,30,39],"offset":[0,0],"originalSize":[30,39]}},{"__type__":"cc.SpriteFrame","content":{"name":"zidan05","texture":"20wkx7r05LO5L2PvQg5zW3","rect":[989,1199,30,53],"offset":[0,0],"originalSize":[30,53]}},[{"__type__":"cc.Prefab","_name":"BulletThrough_M","data":{"__id__":1},"asyncLoadAssets":false},{"__type__":"cc.Node","_name":"BulletThrough_M","_children":[{"__id__":2}],"_components":[{"__type__":"37830rJx5NI777jGKkfIvjL","node":{"__id__":1},"EntityType":12,"DeadPrefab":{"__uuid__":"c823cnkN5DGpmJc/YyZtwT"},"DeadPrefabName":"T_shouji_q_H","Body":{"__id__":2},"dieAnimationClip":"T_shouji_q_M","MyCollider":{"__id__":8},"tuoWeiSprite":{"__id__":3},"colorSpriteChange":[{"__id__":4},{"__id__":5},{"__id__":6},{"__id__":7}],"blueTeamColor":{"__type__":"cc.Color","r":255,"g":255,"b":255},"redTeamColor":{"__type__":"cc.Color","r":252,"g":139,"b":118}},{"__id__":8}],"_prefab":{"__type__":"cc.PrefabInfo","root":{"__id__":1},"asset":{"__uuid__":"95Ltuf22hAfpkWe2hMcThJ"},"fileId":"98VlCPfHBEPbRn4ghJejS1"},"_contentSize":{"__type__":"cc.Size","width":23,"height":50},"groupIndex":6},{"__type__":"cc.Node","_name":"Body","_parent":{"__id__":1},"_children":[{"__id__":3}],"_prefab":{"__type__":"cc.PrefabInfo","root":{"__id__":1},"asset":{"__uuid__":"95Ltuf22hAfpkWe2hMcThJ"},"fileId":"75bDtpiDBEoIqL720OzIAE"},"_contentSize":{"__type__":"cc.Size","width":23,"height":34}},{"__type__":"cc.Node","_name":"T_zidan_q_M","_parent":{"__id__":2},"_children":[{"__id__":4},{"__id__":5},{"__id__":6},{"__id__":7}],"_components":[{"__type__":"cc.Animation","node":{"__id__":3},"_defaultClip":{"__uuid__":"4caXuVRyxNvoC/Hdy56m7W"},"_clips":[{"__uuid__":"4caXuVRyxNvoC/Hdy56m7W"}],"playOnLoad":true}],"_prefab":{"__type__":"cc.PrefabInfo","root":{"__id__":1},"asset":{"__uuid__":"95Ltuf22hAfpkWe2hMcThJ"},"fileId":"3b7lARrAhGArISsTfoolLm"},"_scaleX":1.3,"_scaleY":1.3},{"__type__":"cc.Node","_name":"tuowei","_parent":{"__id__":3},"_components":[{"__type__":"cc.Sprite","node":{"__id__":4},"_spriteFrame":{"__uuid__":"50H3/BaIdOGqoXs92bPMNi"},"_dstBlendFactor":0}],"_prefab":{"__type__":"cc.PrefabInfo","root":{"__id__":1},"asset":{"__uuid__":"95Ltuf22hAfpkWe2hMcThJ"},"fileId":"fbQ+AwYJZKtYeL4aa6BVoJ"},"_opacity":154,"_color":{"__type__":"cc.Color","r":255,"g":122},"_anchorPoint":{"__type__":"cc.Vec2","x":0.5,"y":1},"_contentSize":{"__type__":"cc.Size","width":19,"height":56},"_scaleX":1.02,"_scaleY":4.23,"_position":{"__type__":"cc.Vec2","y":-13.5}},{"__type__":"cc.Node","_name":"tuowei2","_parent":{"__id__":3},"_components":[{"__type__":"cc.Sprite","node":{"__id__":5},"_spriteFrame":{"__uuid__":"89qFomUQhA85D0an2MULV4"},"_dstBlendFactor":0}],"_prefab":{"__type__":"cc.PrefabInfo","root":{"__id__":1},"asset":{"__uuid__":"95Ltuf22hAfpkWe2hMcThJ"},"fileId":"57hWRVjAFN37Tz9pgm7bgl"},"_contentSize":{"__type__":"cc.Size","width":30,"height":53},"_scaleX":1.28,"_scaleY":1.37,"_position":{"__type__":"cc.Vec2","y":-50.2}},{"__type__":"cc.Node","_name":"zidan","_parent":{"__id__":3},"_components":[{"__type__":"cc.Sprite","node":{"__id__":6},"_spriteFrame":{"__uuid__":"46GZwveUFOAIT2bUCxO28I"},"_dstBlendFactor":0}],"_prefab":{"__type__":"cc.PrefabInfo","root":{"__id__":1},"asset":{"__uuid__":"95Ltuf22hAfpkWe2hMcThJ"},"fileId":"580BpOLSZNMLEqnHGiFk3F"},"_contentSize":{"__type__":"cc.Size","width":31,"height":43},"_scaleX":0.7,"_scaleY":0.7},{"__type__":"cc.Node","_name":"tuowei3","_parent":{"__id__":3},"_components":[{"__type__":"cc.Sprite","node":{"__id__":7},"_spriteFrame":{"__uuid__":"7e7bk4C/NFb7p3+vr4CFEP"},"_dstBlendFactor":0}],"_prefab":{"__type__":"cc.PrefabInfo","root":{"__id__":1},"asset":{"__uuid__":"95Ltuf22hAfpkWe2hMcThJ"},"fileId":"c7Bgbfp1JKHL70GQbfU6KM"},"_contentSize":{"__type__":"cc.Size","width":30,"height":39},"_scaleX":1.25,"_scaleY":1.32,"_position":{"__type__":"cc.Vec2","y":2}},{"__type__":"cc.BoxCollider","node":{"__id__":1},"_size":{"__type__":"cc.Size","width":42,"height":42}}]]