[[{"__type__":"cc.Prefab","_name":"T_shouji_qianghua_L","data":{"__id__":1},"asyncLoadAssets":false},{"__type__":"cc.Node","_name":"T_shouji_qianghua_L","_components":[{"__id__":2},{"__type__":"cc.Sprite","node":{"__id__":1},"_spriteFrame":{"__uuid__":"91EZJvUgVMNLNfqktjkUIu"},"_dstBlendFactor":1},{"__type__":"3f6973JHftFpKTMspSNwhiz","node":{"__id__":1},"animationCtrl":{"__id__":2}}],"_prefab":{"__type__":"cc.PrefabInfo","root":{"__id__":1},"asset":{"__uuid__":"37MPWdLBBNmIxtEnxauS09"},"fileId":"6bltsXojtKr5/MF9ZWVX1C"},"_contentSize":{"__type__":"cc.Size","width":80,"height":80},"_scaleX":1.2,"_scaleY":1.2},{"__type__":"cc.Animation","node":{"__id__":1},"_defaultClip":{"__uuid__":"81LgaxSI5EkpFBr3IC+7pi"},"_clips":[{"__uuid__":"81LgaxSI5EkpFBr3IC+7pi"}]}],{"__type__":"cc.AnimationClip","_name":"T_shouji_qianghua_L","_duration":0.2,"sample":30,"wrapMode":2,"curveData":{"paths":{},"props":{"scaleX":[{"frame":0,"value":-0.5},{"frame":0.06666666666666667,"value":-1.5},{"frame":0.2,"value":-2.5}],"scaleY":[{"frame":0,"value":0.5},{"frame":0.06666666666666667,"value":1.5},{"frame":0.2,"value":2.5}],"color":[{"frame":0,"value":{"__type__":"cc.Color","r":255,"g":255,"b":31}},{"frame":0.06666666666666667,"value":{"__type__":"cc.Color","r":253,"g":229,"b":56}},{"frame":0.2,"value":{"__type__":"cc.Color","r":255,"g":122}}],"opacity":[{"frame":0,"value":0},{"frame":0.06666666666666667,"value":255},{"frame":0.2,"value":0}]}}},{"__type__":"cc.SpriteFrame","content":{"name":"shouji24","texture":"20wkx7r05LO5L2PvQg5zW3","rect":[3,1060,80,80],"offset":[0,0],"originalSize":[80,80]}}]