[{"__type__":"cc.SpriteFrame","content":{"name":"Monster4","texture":"20wkx7r05LO5L2PvQg5zW3","rect":[583,805,55,55],"offset":[0,0],"originalSize":[55,55]}},{"__type__":"cc.SpriteFrame","content":{"name":"Monster3","texture":"20wkx7r05LO5L2PvQg5zW3","rect":[268,1024,55,55],"offset":[0,0],"originalSize":[55,55]}},{"__type__":"cc.SpriteFrame","content":{"name":"Monster2","texture":"20wkx7r05LO5L2PvQg5zW3","rect":[268,1080,55,55],"offset":[0,0],"originalSize":[55,55]}},{"__type__":"cc.SpriteFrame","content":{"name":"Monster5","texture":"20wkx7r05LO5L2PvQg5zW3","rect":[775,794,55,55],"offset":[0,0],"originalSize":[55,55]}},{"__type__":"cc.SpriteFrame","content":{"name":"Monster1","texture":"20wkx7r05LO5L2PvQg5zW3","rect":[148,1168,54,53],"offset":[0,0],"originalSize":[54,53]}},[{"__type__":"cc.Prefab","_name":"UnitTestRoot","data":{"__id__":1},"asyncLoadAssets":false},{"__type__":"cc.Node","_name":"UnitTestRoot","_components":[{"__type__":"d09cbDO62xCq4/4Ph0B09na","node":{"__id__":1}}],"_prefab":{"__type__":"cc.PrefabInfo","root":{"__id__":1},"asset":{"__uuid__":"a9tapjBw9OSK4EzVmsYPmB"},"fileId":"b6/cvv47JHt7yZOHZHiWY9"}}],{"__type__":"cc.SpriteFrame","content":{"name":"Monster6","texture":"20wkx7r05LO5L2PvQg5zW3","rect":[775,738,55,55],"offset":[0,0],"originalSize":[55,55]}},{"__type__":"cc.SpriteFrame","content":{"name":"CG_bg_01_new","texture":"5f2BaCmQ1CnYPuCD1/rLg9","rect":[666,478,334,188],"offset":[0,0],"originalSize":[334,188]}},[{"__type__":"cc.SceneAsset","_name":"GameEntry","scene":{"__id__":1},"asyncLoadAssets":false},{"__type__":"cc.Scene","_name":"New Node","_children":[{"__id__":2},{"__id__":46}],"_anchorPoint":{"__type__":"cc.Vec2"},"autoReleaseAssets":false},{"__type__":"cc.Node","_name":"GameEntry","_parent":{"__id__":1},"_children":[{"__id__":3},{"__id__":4},{"__id__":7},{"__id__":34},{"__id__":26},{"__id__":27}],"_components":[{"__type__":"cc.Canvas","node":{"__id__":2},"_designResolution":{"__type__":"cc.Size","width":1334,"height":750},"_fitWidth":true,"_fitHeight":false},{"__type__":"ce7b1nOxStH7ZxxGNgbc62G","node":{"__id__":2},"DebugCollision":false,"ShowFPS":false,"UIRoot":{"__id__":26}}],"_id":"57W0MTTRxL1KaWVxVulWZP","_contentSize":{"__type__":"cc.Size","width":1334,"height":750},"_position":{"__type__":"cc.Vec2","x":667,"y":375}},{"__type__":"cc.Node","_name":"BG","_parent":{"__id__":2},"_components":[{"__type__":"cc.Sprite","node":{"__id__":3},"_spriteFrame":{"__uuid__":"c2fl4ORMBFf4pRwvTlN24/"},"_sizeMode":0},{"__type__":"cc.Widget","node":{"__id__":3},"_alignFlags":45,"_originalWidth":334,"_originalHeight":188}],"_contentSize":{"__type__":"cc.Size","width":1334,"height":750}},{"__type__":"cc.Node","_name":"GameLogic","_parent":{"__id__":2},"_children":[{"__id__":5},{"__id__":21},{"__id__":22},{"__id__":23},{"__id__":24},{"__id__":25},{"__id__":28},{"__id__":29},{"__id__":30},{"__id__":31},{"__id__":32},{"__id__":33},{"__id__":37},{"__id__":38},{"__id__":39},{"__id__":40},{"__type__":"cc.Node","_name":"AISystem","_parent":{"__id__":4}},{"__id__":41},{"__id__":42},{"__id__":43},{"__id__":44},{"__id__":45}],"_prefab":{"__type__":"cc.PrefabInfo","root":{"__id__":4},"fileId":"338LlDC1dDh4JxTY6MjuiD"},"_contentSize":{"__type__":"cc.Size","width":1334,"height":750}},{"__type__":"cc.Node","_name":"MapManager","_parent":{"__id__":4},"_components":[{"__type__":"5fb8cavM8ZEN6pAfXhU1GsU","node":{"__id__":5},"MapBottomLayer":{"__id__":6},"MapItemLayer":{"__id__":11},"MapTopLayer":{"__id__":18}}],"_prefab":{"__type__":"cc.PrefabInfo","root":{"__id__":4},"fileId":"ceIL6j0YNCCqp6apT8SQA+"},"_anchorPoint":{"__type__":"cc.Vec2"},"_contentSize":{"__type__":"cc.Size","width":1140,"height":627},"_position":{"__type__":"cc.Vec2","x":-313.5,"y":-570}},{"__type__":"cc.Node","_name":"MapBottomLayer","_parent":{"__id__":7}},{"__type__":"cc.Node","_name":"BattleRoot","_parent":{"__id__":2},"_children":[{"__id__":8},{"__id__":10},{"__id__":6},{"__id__":11},{"__id__":12},{"__id__":13},{"__id__":14},{"__type__":"cc.Node","_name":"MapBulletEnemy","_parent":{"__id__":7}},{"__id__":15},{"__type__":"cc.Node","_name":"MapDisableNodeLayer","_parent":{"__id__":7}},{"__id__":16},{"__id__":17},{"__id__":18},{"__id__":19},{"__id__":20}],"_components":[{"__type__":"9fce0GZuHtFPKAjM4r7fXUi","node":{"__id__":7},"BattleCamera":{"__id__":9}}],"_anchorPoint":{"__type__":"cc.Vec2"}},{"__type__":"cc.Node","_name":"BattleCamera","_parent":{"__id__":7},"_components":[{"__id__":9}]},{"__type__":"cc.Camera","node":{"__id__":8},"_targets":[{"__id__":7}],"zoomRatio":0.79},{"__type__":"cc.Node","_name":"BattleItemCacheLayer","_parent":{"__id__":7},"_active":false,"_anchorPoint":{"__type__":"cc.Vec2"}},{"__type__":"cc.Node","_name":"MapItemLayer","_parent":{"__id__":7}},{"__type__":"cc.Node","_name":"MapAirDropLayer","_parent":{"__id__":7}},{"__type__":"cc.Node","_name":"MapPlayerLayer","_parent":{"__id__":7}},{"__type__":"cc.Node","_name":"MapEnemyLayer","_parent":{"__id__":7}},{"__type__":"cc.Node","_name":"MapBulletPlayer","_parent":{"__id__":7}},{"__type__":"cc.Node","_name":"MapHeadImageLayer","_parent":{"__id__":7}},{"__type__":"cc.Node","_name":"MapNameLayer","_parent":{"__id__":7}},{"__type__":"cc.Node","_name":"MapTopGrassLayer","_parent":{"__id__":7}},{"__type__":"cc.Node","_name":"MapEmoticonLayer","_parent":{"__id__":7}},{"__type__":"cc.Node","_name":"MapSkyLayer","_parent":{"__id__":7}},{"__type__":"cc.Node","_name":"ItemManager","_parent":{"__id__":4},"_components":[{"__type__":"5bfbePYlB9Js60O+tbXFHiS","node":{"__id__":21},"MapItemLayer":{"__id__":11}}],"_prefab":{"__type__":"cc.PrefabInfo","root":{"__id__":4},"fileId":"01G06bO49H6JY5JtNlIyX0"},"_anchorPoint":{"__type__":"cc.Vec2"},"_contentSize":{"__type__":"cc.Size","width":1140,"height":627},"_position":{"__type__":"cc.Vec2","x":-313.5,"y":-570}},{"__type__":"cc.Node","_name":"PlayerManager","_parent":{"__id__":4},"_components":[{"__type__":"58ce8YzxN5EErKepcf4V1jj","node":{"__id__":22},"PlayerPrefab":{"__uuid__":"be4EFGpVJLnL5rnzz+EnuL"},"OtherPlayerPrefab":{"__uuid__":"61AHVu51pL2bCuTwMn34E8"},"MapPlayerLayer":{"__id__":13},"SinglePlayerHeadIcon":{"__uuid__":"9fvW20ixFOh7Kkb3L1rN7I"}}],"_prefab":{"__type__":"cc.PrefabInfo","root":{"__id__":4},"fileId":"014jy6JvVIAoUhkilzh9sk"},"_anchorPoint":{"__type__":"cc.Vec2"},"_contentSize":{"__type__":"cc.Size","width":1140,"height":627},"_position":{"__type__":"cc.Vec2","x":-313.5,"y":-570}},{"__type__":"cc.Node","_name":"MonsterManager","_parent":{"__id__":4},"_components":[{"__type__":"8adc8GfRE5I66Essv4d4dH3","node":{"__id__":23},"Monster1Prefab":{"__uuid__":"727csbs+ZCb5kt1gzTkLxm"},"MapEnemyLayer":{"__id__":14},"WarningPrefabRed":{"__uuid__":"6881GQHq9J07eXOy3fvZJG"},"WarningPrefabBlue":{"__uuid__":"a2Us72MnZFYqyXnzcwym3E"},"MonsterHeadIconSpriteFrameList":[{"__uuid__":"86rfCqoutMDYpo/zKLo/zN"},{"__uuid__":"84A5HcHbRMmqCNJxGvZTWC"},{"__uuid__":"81JFMF0TRClKaY1w4bykR0"},{"__uuid__":"983Jr5HCdOhYPvZJ0gRp2q"},{"__uuid__":"addPD+r6tDcoF5nlwTnvRg"}]}],"_prefab":{"__type__":"cc.PrefabInfo","root":{"__id__":4},"fileId":"1epaj93QVCcK0/iuAM9n+z"},"_anchorPoint":{"__type__":"cc.Vec2"},"_contentSize":{"__type__":"cc.Size","width":1140,"height":627},"_position":{"__type__":"cc.Vec2","x":-313.5,"y":-570}},{"__type__":"cc.Node","_name":"LevelManager","_parent":{"__id__":4},"_components":[{"__type__":"2baa6kSIQNKI65jHvHCrg5w","node":{"__id__":24}}],"_prefab":{"__type__":"cc.PrefabInfo","root":{"__id__":4},"fileId":"34HB+23rhJebbMaih3SE+E"},"_anchorPoint":{"__type__":"cc.Vec2"},"_contentSize":{"__type__":"cc.Size","width":1140,"height":627},"_position":{"__type__":"cc.Vec2","x":-313.5,"y":-570}},{"__type__":"cc.Node","_name":"UIManager","_parent":{"__id__":4},"_components":[{"__type__":"83528G0Ng5Ngb+GIFR6KKx/","node":{"__id__":25},"ActiveRootNode":{"__id__":26},"DeActiveRootNode":{"__id__":27},"EmoctionLayer":{"__id__":19},"HeadImageLayer":{"__id__":16},"NameLayer":{"__id__":17}}],"_prefab":{"__type__":"cc.PrefabInfo","root":{"__id__":4},"fileId":"0dGvG070NHGJPiFFNqqAwq"},"_contentSize":{"__type__":"cc.Size","width":1334,"height":750}},{"__type__":"cc.Node","_name":"ActiveUIRoot","_parent":{"__id__":2},"_components":[{"__type__":"cc.Widget","node":{"__id__":26},"_alignFlags":45}],"_contentSize":{"__type__":"cc.Size","width":1334,"height":750}},{"__type__":"cc.Node","_name":"DeActiveUIRoot","_parent":{"__id__":2},"_active":false,"_components":[{"__type__":"cc.Widget","node":{"__id__":27},"_alignFlags":45}],"_contentSize":{"__type__":"cc.Size","width":1334,"height":750}},{"__type__":"cc.Node","_name":"GlobalCfg","_parent":{"__id__":4},"_components":[{"__type__":"5b34ekplB5GEp8FvRZbRMGy","node":{"__id__":28},"PlayerDefaultMoveSpeed":{"__type__":"cc.Vec2","x":200,"y":200},"DefaultBulletSpeed":700,"DefaultRotationBase":4}],"_prefab":{"__type__":"cc.PrefabInfo","root":{"__id__":4},"fileId":"9b/KqIdgBA+7EG31LKuLhx"}},{"__type__":"cc.Node","_name":"JoystickConfig","_parent":{"__id__":4},"_components":[{"__type__":"bf147Dpky5HEYqpdjkRhLkl","node":{"__id__":29},"DefaultStartSpeed":50,"DefaultStartSpeedTime":200,"DefaultCenterSpeed":100,"DefaultCenterChangeSpeedTime":500}],"_prefab":{"__type__":"cc.PrefabInfo","root":{"__id__":4},"fileId":"ebvLGawrlPeI2QHhTYjiFQ"}},{"__type__":"cc.Node","_name":"SoundManager","_parent":{"__id__":4},"_components":[{"__type__":"fa84bACkDVLuLEOXBf4ptju","node":{"__id__":30},"LogoBg":{"__uuid__":"abMtVEdoFC5pxRhr8A+1jx"},"PreGameBg":{"__uuid__":"e3nDEBKLRATox3FGtcf3MN"},"GameBg":{"__uuid__":"c9Ewj36PhL7ZvVrrB5FwlJ"},"BtnEff":{"__uuid__":"f8Bw3jRBZBC4cPqMi9Xdyd"},"StartGame":{"__uuid__":"12yMwBnoRMCbUgq0fBGBML"},"WinMusic":{"__uuid__":"aa2KcilLZKLoQlWkC86Jr+"},"LoseMusic":{"__uuid__":"1cMied+fhHZb3sAFP2GVRw"},"PlayerDie":{"__uuid__":"128t6zOolHoaJ0b5TNzscM"},"PlayerBorn":{"__uuid__":"95UvWFSvVFPbIXdaKbGNFr"},"PickUpItem":{"__uuid__":"c6n4UzBF9IgpyH68plO6pS"},"HitBlock":{"__uuid__":"27qyj6vDpG1o7OH6eIQOke"},"HitTank":{"__uuid__":"95QmmOItxEhaEaItmw01jq"},"HitNoDamage":{"__uuid__":"03nZvrV6FDAJDywDe34AAh"},"ShootBullet":{"__uuid__":"aaYyyv7JRCF5fG30XWN2yY"},"CountDown":{"__uuid__":"04BPi+E5pEbbYMh10JCKav"},"ItemShow":{"__uuid__":"b0e94Ebx9FCa66IszYaYnx"},"BaseDie":{"__uuid__":"b5lFSW4ElPCL2/yo0Fx4le"},"Alert":{"__uuid__":"2auhuuAXxBkalLJJdsA4Gz"},"GameBg2":{"__uuid__":"c25hkyc1hKxL5/F18zIBcB"},"firstKill":{"__uuid__":"74LiHsaeNKVq1B+Ur570Op"},"twoKill":{"__uuid__":"e1FtBOByNAZLl6VOQ5rIk6"},"sixKill":{"__uuid__":"64+1SQaRJGZIiieNaO+mJ4"},"sevenKill":{"__uuid__":"b6zrIR9CFLcbMYLH/r08Np"},"enemyTwoKill":{"__uuid__":"fcfjudDT1KObbY4EaiOMc4"},"enemySixKill":{"__uuid__":"23u3a9tVBHOqNTIgi/xVYI"},"enemySevenKill":{"__uuid__":"68QBwaRr5J/I9ST1N0/zDF"},"shutDown":{"__uuid__":"32uf/unx5DLJAjQ3CdbZNz"},"preLogoBg":{"__uuid__":"eaVg7BAtxL/qjnf3DrkdsC"},"planeBg":{"__uuid__":"fdsvPv1f5OBp6DVtrKO+Vh"},"dropItem":{"__uuid__":"daF455P9BKvay2VLcIE5N2"},"tenCountDown":{"__uuid__":"c4UlDdYbtN5JgabBhdRugp"}}],"_prefab":{"__type__":"cc.PrefabInfo","root":{"__id__":4},"fileId":"7ekdKzuG1JxJTNnz7oENmY"}},{"__type__":"cc.Node","_name":"BulletManager","_parent":{"__id__":4},"_components":[{"__type__":"adc8eyYtgpNApSh3ntpKm+e","node":{"__id__":31},"MapBulletPlayer":{"__id__":15},"Bullet1Prefab":{"__uuid__":"afShffH8VMP79GNmrC7tYZ"},"BulletThrough":{"__uuid__":"cb9ZvruDFMbJQy+wW1OJOO"},"BulletStrong":{"__uuid__":"c0UrH0iRlE3bWQKeftCFuk"},"BulletHp":{"__uuid__":"94FwVC1vlOXL18hQ08URGr"}}],"_prefab":{"__type__":"cc.PrefabInfo","root":{"__id__":4},"fileId":"a096blRhhKgrNguXa0Chdr"}},{"__type__":"cc.Node","_name":"GenerateId","_parent":{"__id__":4},"_components":[{"__type__":"c5111I772pAM7FOZqaaQx8C","node":{"__id__":32}}],"_prefab":{"__type__":"cc.PrefabInfo","root":{"__id__":4},"fileId":"22/eAFVOBM1aU4KLgdIIrc"}},{"__type__":"cc.Node","_name":"CollisionObject","_parent":{"__id__":4},"_components":[{"__type__":"a8372jik91M7blK0f8Grctc","node":{"__id__":33},"MapMsgLayer":{"__id__":34},"MapMsgLabel":{"__id__":36}}],"_prefab":{"__type__":"cc.PrefabInfo","root":{"__id__":4},"fileId":"6aHOznsEdLpILK+Zua6e1i"}},{"__type__":"cc.Node","_name":"MapMsgNode","_parent":{"__id__":2},"_children":[{"__id__":35}],"_active":false,"_anchorPoint":{"__type__":"cc.Vec2"},"_position":{"__type__":"cc.Vec2","x":300,"y":-100}},{"__type__":"cc.Node","_name":"TipsMsg","_parent":{"__id__":34},"_components":[{"__id__":36}],"_anchorPoint":{"__type__":"cc.Vec2"},"_contentSize":{"__type__":"cc.Size","width":319.56,"height":20}},{"__type__":"cc.Label","node":{"__id__":35},"_useOriginalSize":false,"_actualFontSize":20,"_fontSize":20,"_lineHeight":20,"_N$string":"111111111111111111111111111111111","_N$horizontalAlign":1,"_N$verticalAlign":1},{"__type__":"cc.Node","_name":"BattleItemCacheManager","_parent":{"__id__":4},"_components":[{"__type__":"4ed26/5pVNJrZdRnEZFGLHA","node":{"__id__":37},"CacheRoot":{"__id__":10},"MapItemLayer":{"__id__":11}}]},{"__type__":"cc.Node","_name":"BattleSystem","_parent":{"__id__":4},"_components":[{"__type__":"6170cg4L/lMYoUVV6atOYWm","node":{"__id__":38}}]},{"__type__":"cc.Node","_name":"BlockMgr","_parent":{"__id__":4},"_components":[{"__type__":"da8b9hPKs5DN5DJiC/QANc4","node":{"__id__":39}}]},{"__type__":"cc.Node","_name":"EntityMgr","_parent":{"__id__":4},"_components":[{"__type__":"08033iTiLRMvIq3xoim+dii","node":{"__id__":40}}]},{"__type__":"cc.Node","_name":"AnimationMgr","_parent":{"__id__":4},"_components":[{"__type__":"e6960yUY0JFbK4JLB3qOv9/","node":{"__id__":41},"CannotDisabled":["Fire03_H","dingshen_H","baohuzhao_H","Player_die_H","Player_yinshen_H","Fire02_H","T_yujing_H","Fire01_H"]}]},{"__type__":"cc.Node","_name":"PerformanceMgr","_parent":{"__id__":4},"_components":[{"__type__":"fc255rumWRAF4ar4uvcI/PL","node":{"__id__":42}}]},{"__type__":"cc.Node","_name":"AirDropSystem","_parent":{"__id__":4},"_components":[{"__type__":"0683fNLnFxIkphQoyZILWcn","node":{"__id__":43},"PlanePrefab":{"__uuid__":"2fXZvCK6pFvZZYuvz+SOUk"},"PlanePrefabName":"feiji_pre_H","AirDropItemPrefab":{"__uuid__":"eeO0v/UN5OzI7ftSK4kIsh"},"FlySpeed":500,"MapAirDropPlayer":{"__id__":12},"MapSkyPlayer":{"__id__":20}}]},{"__type__":"cc.Node","_name":"FollowManager","_parent":{"__id__":4},"_components":[{"__type__":"3291d1Bg59BubBIy54l9tGe","node":{"__id__":44}}]},{"__type__":"cc.Node","_name":"ResManager","_parent":{"__id__":4},"_components":[{"__type__":"78f18mna4BMq6towf84D05v","node":{"__id__":45}}]},{"__type__":"cc.Node","_name":"UnitTestRoot","_parent":{"__id__":1},"_components":[{"__type__":"d09cbDO62xCq4/4Ph0B09na","node":{"__id__":46}}],"_prefab":{"__type__":"cc.PrefabInfo","root":{"__id__":46},"asset":{"__uuid__":"a9tapjBw9OSK4EzVmsYPmB"},"fileId":"b6/cvv47JHt7yZOHZHiWY9"},"_id":"dfArsbVfZO6qrmKNhorR6q"}]]