[{"__type__":"cc.AnimationClip","_name":"yinshen_H","_duration":1.27,"curveData":{"paths":{"jiaxue":{"props":{"scaleX":[{"frame":0,"value":2.51},{"frame":0.18333333333333332,"value":1.88},{"frame":0.36666666666666664,"value":2.0048648648648646},{"frame":0.8,"value":2.3}],"scaleY":[{"frame":0,"value":2.51},{"frame":0.18333333333333332,"value":1.88},{"frame":0.36666666666666664,"value":2.0048648648648646},{"frame":0.8,"value":2.3}],"opacity":[{"frame":0,"value":0},{"frame":0.05,"value":254.72727272727272},{"frame":0.36666666666666664,"value":253},{"frame":0.8,"value":0}]}},"jiaxue2":{"props":{"scaleY":[{"frame":0.05,"value":0.78},{"frame":0.23333333333333334,"value":0.91},{"frame":0.75,"value":0.9634482758620689},{"frame":1.2,"value":1.01}],"scaleX":[{"frame":0.05,"value":0.78},{"frame":0.23333333333333334,"value":0.91},{"frame":0.75,"value":0.9634482758620689},{"frame":1.2,"value":1.01}],"y":[{"frame":0.05,"value":-10},{"frame":0.38333333333333336,"value":-16},{"frame":1.2,"value":-26}],"x":[{"frame":0.05,"value":-16},{"frame":0.38333333333333336,"value":-23},{"frame":0.75,"value":-25.693877551020407},{"frame":1.2,"value":-29}],"opacity":[{"frame":0.016666666666666666,"value":0},{"frame":0.03333333333333333,"value":255},{"frame":0.75,"value":158},{"frame":1.2,"value":0}],"rotation":[{"frame":0.23333333333333334,"value":-57}]}},"jiaxue3":{"props":{"scaleX":[{"frame":0.03333333333333333,"value":2.4},{"frame":0.5,"value":2.5},{"frame":0.6666666666666666,"value":3.04},{"frame":0.6666666666666666,"value":1.91}],"scaleY":[{"frame":0.03333333333333333,"value":2.4},{"frame":0.21666666666666667,"value":2.64},{"frame":0.5,"value":2.26},{"frame":0.6666666666666666,"value":1.91},{"frame":0.6666666666666666,"value":3.04}],"opacity":[{"frame":0,"value":0},{"frame":0.03333333333333333,"value":56},{"frame":0.21666666666666667,"value":110},{"frame":0.5,"value":138},{"frame":0.6666666666666666,"value":0}],"color":[{"frame":0.5,"value":{"__type__":"cc.Color","r":13,"g":145,"b":248}}]}},"jiaxue4":{"props":{"scaleX":[{"frame":0.11666666666666667,"value":0.76},{"frame":0.45,"value":0.87},{"frame":1.25,"value":1.01}],"scaleY":[{"frame":0.11666666666666667,"value":0.76},{"frame":0.45,"value":0.87},{"frame":1.25,"value":1.01}],"y":[{"frame":0.11666666666666667,"value":-10},{"frame":0.45,"value":-3},{"frame":1.25,"value":-3}],"x":[{"frame":0.11666666666666667,"value":15},{"frame":0.45,"value":30},{"frame":1.25,"value":40}],"opacity":[{"frame":0.05,"value":0},{"frame":0.08333333333333333,"value":255},{"frame":0.6833333333333333,"value":255},{"frame":1.2666666666666666,"value":0}],"rotation":[{"frame":0.11666666666666667,"value":49},{"frame":0.6666666666666666,"value":49}]}},"jiaxue5":{"props":{"scaleY":[{"frame":0.13333333333333333,"value":0.61},{"frame":0.5333333333333333,"value":0.93},{"frame":1.2333333333333334,"value":0.86}],"scaleX":[{"frame":0.13333333333333333,"value":0.61},{"frame":0.5333333333333333,"value":0.93},{"frame":1.2333333333333334,"value":0.86}],"x":[{"frame":0.13333333333333333,"value":-2},{"frame":0.5333333333333333,"value":-2},{"frame":1.2333333333333334,"value":-2}],"y":[{"frame":0.13333333333333333,"value":12},{"frame":0.5333333333333333,"value":26},{"frame":1.2333333333333334,"value":30}],"opacity":[{"frame":0.13333333333333333,"value":0},{"frame":0.21666666666666667,"value":255},{"frame":0.7833333333333333,"value":255},{"frame":1.25,"value":0}]}}}}},{"__type__":"cc.SpriteFrame","content":{"name":"star12","texture":"20wkx7r05LO5L2PvQg5zW3","rect":[262,1136,54,60],"offset":[2,0],"originalSize":[64,64]}},{"__type__":"cc.SpriteFrame","content":{"name":"shouji12","texture":"20wkx7r05LO5L2PvQg5zW3","rect":[190,961,64,62],"offset":[0,0],"originalSize":[64,64]}},[{"__type__":"cc.Prefab","_name":"yinshen_H","data":{"__id__":1},"asyncLoadAssets":false},{"__type__":"cc.Node","_name":"yinshen_H","_children":[{"__id__":2},{"__id__":3},{"__id__":4},{"__id__":5},{"__id__":6}],"_components":[{"__id__":7},{"__type__":"5f78867I45Ho4XUIjr0GHcB","node":{"__id__":1},"animationCtrl":{"__id__":7}}],"_prefab":{"__type__":"cc.PrefabInfo","root":{"__id__":1},"asset":{"__uuid__":"f0VYZisvdD1YHS5oFieKs0"},"fileId":"f7h1UY8BdGFIJd8u0c3wrs"}},{"__type__":"cc.Node","_name":"jiaxue","_parent":{"__id__":1},"_components":[{"__type__":"cc.Sprite","node":{"__id__":2},"_spriteFrame":{"__uuid__":"79w8FR3rZBcJ9MIicho6dx"},"_dstBlendFactor":0}],"_prefab":{"__type__":"cc.PrefabInfo","root":{"__id__":1},"asset":{"__uuid__":"f0VYZisvdD1YHS5oFieKs0"},"fileId":"7ezH3dx81NzJbfboLxaGqG"},"_contentSize":{"__type__":"cc.Size","width":64,"height":62}},{"__type__":"cc.Node","_name":"jiaxue2","_parent":{"__id__":1},"_components":[{"__type__":"cc.Sprite","node":{"__id__":3},"_spriteFrame":{"__uuid__":"4cHV7n+e1PQYsn1A03XdEQ"},"_dstBlendFactor":0}],"_prefab":{"__type__":"cc.PrefabInfo","root":{"__id__":1},"asset":{"__uuid__":"f0VYZisvdD1YHS5oFieKs0"},"fileId":"5fIE2x4sZKU4CWjoF7EZ4e"},"_contentSize":{"__type__":"cc.Size","width":54,"height":60}},{"__type__":"cc.Node","_name":"jiaxue4","_parent":{"__id__":1},"_components":[{"__type__":"cc.Sprite","node":{"__id__":4},"_spriteFrame":{"__uuid__":"4cHV7n+e1PQYsn1A03XdEQ"},"_dstBlendFactor":0}],"_prefab":{"__type__":"cc.PrefabInfo","root":{"__id__":1},"asset":{"__uuid__":"f0VYZisvdD1YHS5oFieKs0"},"fileId":"811uMgzdRKF5UCr+YyA3An"},"_contentSize":{"__type__":"cc.Size","width":54,"height":60}},{"__type__":"cc.Node","_name":"jiaxue5","_parent":{"__id__":1},"_components":[{"__type__":"cc.Sprite","node":{"__id__":5},"_spriteFrame":{"__uuid__":"4cHV7n+e1PQYsn1A03XdEQ"},"_dstBlendFactor":0}],"_prefab":{"__type__":"cc.PrefabInfo","root":{"__id__":1},"asset":{"__uuid__":"f0VYZisvdD1YHS5oFieKs0"},"fileId":"b41pMbEc5BVppEZsraCbOF"},"_contentSize":{"__type__":"cc.Size","width":54,"height":60}},{"__type__":"cc.Node","_name":"jiaxue3","_parent":{"__id__":1},"_components":[{"__type__":"cc.Sprite","node":{"__id__":6},"_spriteFrame":{"__uuid__":"79w8FR3rZBcJ9MIicho6dx"},"_dstBlendFactor":1}],"_prefab":{"__type__":"cc.PrefabInfo","root":{"__id__":1},"asset":{"__uuid__":"f0VYZisvdD1YHS5oFieKs0"},"fileId":"377K2yvr9EN5awvWkBVywu"},"_color":{"__type__":"cc.Color","r":226,"g":167,"b":41},"_contentSize":{"__type__":"cc.Size","width":64,"height":62},"_scaleX":2.33,"_scaleY":2.33},{"__type__":"cc.Animation","node":{"__id__":1},"_defaultClip":{"__uuid__":"0fGEiIjmVOMKG29PfWN4rY"},"_clips":[{"__uuid__":"0fGEiIjmVOMKG29PfWN4rY"}]}]]