[{"__type__":"cc.SpriteFrame","content":{"name":"feiji_jiyi","texture":"20wkx7r05LO5L2PvQg5zW3","rect":[328,636,129,165],"offset":[0,0],"originalSize":[129,165]}},{"__type__":"cc.SpriteFrame","content":{"name":"feiji_jishen","texture":"20wkx7r05LO5L2PvQg5zW3","rect":[656,322,180,366],"offset":[0,0],"originalSize":[180,366]}},[{"__type__":"cc.Prefab","_name":"feiji_pre_L","data":{"__id__":1},"asyncLoadAssets":false},{"__type__":"cc.Node","_name":"feiji_pre_L","_children":[{"__id__":2},{"__id__":6},{"__id__":10}],"_prefab":{"__type__":"cc.PrefabInfo","root":{"__id__":1},"asset":{"__uuid__":"6apprGVSpPhK9+kVpoC8iV"},"fileId":"45/OFayMRLapk2jF0Vf631"}},{"__type__":"cc.Node","_name":"feiji_yinying","_parent":{"__id__":1},"_children":[{"__id__":3},{"__id__":4},{"__id__":5}],"_prefab":{"__type__":"cc.PrefabInfo","root":{"__id__":1},"asset":{"__uuid__":"6apprGVSpPhK9+kVpoC8iV"},"fileId":"efGAiIhFNEQZ8eJi2rHu0S"},"_position":{"__type__":"cc.Vec2","x":55,"y":-243}},{"__type__":"cc.Node","_name":"feiji_jiyiL","_parent":{"__id__":2},"_components":[{"__type__":"cc.Sprite","node":{"__id__":3},"_spriteFrame":{"__uuid__":"15C9JsxFxAlKWPzTcrYVM2"}}],"_prefab":{"__type__":"cc.PrefabInfo","root":{"__id__":1},"asset":{"__uuid__":"6apprGVSpPhK9+kVpoC8iV"},"fileId":"31AFBXgtVDhrtKQ8NP8Nb4"},"_opacity":100,"_color":{"__type__":"cc.Color"},"_contentSize":{"__type__":"cc.Size","width":129,"height":165},"_position":{"__type__":"cc.Vec2","x":-106,"y":-95}},{"__type__":"cc.Node","_name":"feiji_jiyiR","_parent":{"__id__":2},"_components":[{"__type__":"cc.Sprite","node":{"__id__":4},"_spriteFrame":{"__uuid__":"15C9JsxFxAlKWPzTcrYVM2"}}],"_prefab":{"__type__":"cc.PrefabInfo","root":{"__id__":1},"asset":{"__uuid__":"6apprGVSpPhK9+kVpoC8iV"},"fileId":"af5NO+sddOP6xhEiUwTaa7"},"_opacity":100,"_color":{"__type__":"cc.Color"},"_contentSize":{"__type__":"cc.Size","width":129,"height":165},"_scaleX":-1,"_position":{"__type__":"cc.Vec2","x":106,"y":-95}},{"__type__":"cc.Node","_name":"feiji_jishen","_parent":{"__id__":2},"_components":[{"__type__":"cc.Sprite","node":{"__id__":5},"_spriteFrame":{"__uuid__":"27aFvURKBBKqnlM04vh6ew"}}],"_prefab":{"__type__":"cc.PrefabInfo","root":{"__id__":1},"asset":{"__uuid__":"6apprGVSpPhK9+kVpoC8iV"},"fileId":"7cF/1BhG9DXr6dfCWkau3A"},"_opacity":100,"_color":{"__type__":"cc.Color"},"_contentSize":{"__type__":"cc.Size","width":180,"height":366}},{"__type__":"cc.Node","_name":"feiji_G","_parent":{"__id__":1},"_children":[{"__id__":7},{"__id__":8},{"__id__":9}],"_prefab":{"__type__":"cc.PrefabInfo","root":{"__id__":1},"asset":{"__uuid__":"6apprGVSpPhK9+kVpoC8iV"},"fileId":"ealiI2zLRK36LirjUtVdqx"}},{"__type__":"cc.Node","_name":"feiji_jiyiL","_parent":{"__id__":6},"_components":[{"__type__":"cc.Sprite","node":{"__id__":7},"_spriteFrame":{"__uuid__":"15C9JsxFxAlKWPzTcrYVM2"}}],"_prefab":{"__type__":"cc.PrefabInfo","root":{"__id__":1},"asset":{"__uuid__":"6apprGVSpPhK9+kVpoC8iV"},"fileId":"a7UW+/dk9DLrtPWeFZBCro"},"_contentSize":{"__type__":"cc.Size","width":129,"height":165},"_position":{"__type__":"cc.Vec2","x":-106,"y":-95}},{"__type__":"cc.Node","_name":"feiji_jiyiR","_parent":{"__id__":6},"_components":[{"__type__":"cc.Sprite","node":{"__id__":8},"_spriteFrame":{"__uuid__":"15C9JsxFxAlKWPzTcrYVM2"}}],"_prefab":{"__type__":"cc.PrefabInfo","root":{"__id__":1},"asset":{"__uuid__":"6apprGVSpPhK9+kVpoC8iV"},"fileId":"735XlOQWpFWId+GXExbjCZ"},"_contentSize":{"__type__":"cc.Size","width":129,"height":165},"_scaleX":-1,"_position":{"__type__":"cc.Vec2","x":106,"y":-95}},{"__type__":"cc.Node","_name":"feiji_jishen","_parent":{"__id__":6},"_components":[{"__type__":"cc.Sprite","node":{"__id__":9},"_spriteFrame":{"__uuid__":"27aFvURKBBKqnlM04vh6ew"}}],"_prefab":{"__type__":"cc.PrefabInfo","root":{"__id__":1},"asset":{"__uuid__":"6apprGVSpPhK9+kVpoC8iV"},"fileId":"f7LMZSIEdDJKgotXwtizEE"},"_contentSize":{"__type__":"cc.Size","width":180,"height":366}},{"__type__":"cc.Node","_name":"feiji_weiyan","_parent":{"__id__":1},"_children":[{"__id__":11},{"__id__":12}],"_prefab":{"__type__":"cc.PrefabInfo","root":{"__id__":1},"asset":{"__uuid__":"6apprGVSpPhK9+kVpoC8iV"},"fileId":"878u/ZWtxHUIoZRjpiuwrw"},"_position":{"__type__":"cc.Vec2","y":-194}},{"__type__":"cc.Node","_name":"train","_parent":{"__id__":10},"_components":[{"__type__":"cc.Sprite","node":{"__id__":11},"_spriteFrame":{"__uuid__":"7cmNNmc/NCXo0MbaQytZu+"}}],"_prefab":{"__type__":"cc.PrefabInfo","root":{"__id__":1},"asset":{"__uuid__":"6apprGVSpPhK9+kVpoC8iV"},"fileId":"dcbfwG0J9OxbnueZ0WvLja"},"_opacity":154,"_color":{"__type__":"cc.Color","r":112,"g":168,"b":240},"_contentSize":{"__type__":"cc.Size","width":19,"height":56},"_scaleX":1.1,"_scaleY":7.65,"_position":{"__type__":"cc.Vec2","x":-20,"y":-192}},{"__type__":"cc.Node","_name":"train2","_parent":{"__id__":10},"_components":[{"__type__":"cc.Sprite","node":{"__id__":12},"_spriteFrame":{"__uuid__":"7cmNNmc/NCXo0MbaQytZu+"}}],"_prefab":{"__type__":"cc.PrefabInfo","root":{"__id__":1},"asset":{"__uuid__":"6apprGVSpPhK9+kVpoC8iV"},"fileId":"d8C5AH92xGi6qd47tIG/fG"},"_opacity":154,"_color":{"__type__":"cc.Color","r":112,"g":168,"b":240},"_contentSize":{"__type__":"cc.Size","width":19,"height":56},"_scaleX":1.1,"_scaleY":7.56,"_position":{"__type__":"cc.Vec2","x":19,"y":-190}}],{"__type__":"cc.SpriteFrame","content":{"name":"zidan03","texture":"20wkx7r05LO5L2PvQg5zW3","rect":[144,382,19,56],"offset":[0,0],"originalSize":[19,56]}}]