[{"__type__":"cc.SpriteFrame","content":{"name":"EnemyBloodBar","texture":"20wkx7r05LO5L2PvQg5zW3","rect":[739,975,90,16],"offset":[0,0],"originalSize":[90,16]}},{"__type__":"cc.SpriteFrame","content":{"name":"_0016_jindutiaojianbian","texture":"20wkx7r05LO5L2PvQg5zW3","rect":[739,958,90,16],"offset":[0,0],"originalSize":[90,16],"capInsets":[6,0,5,0]}},{"__type__":"cc.AnimationClip","_name":"JiDiWeiXianUI","_duration":2,"sample":30,"curveData":{"paths":{"BG":{"props":{"scaleX":[{"frame":0,"value":0.5},{"frame":0.16666666666666666,"value":1.2},{"frame":0.26666666666666666,"value":1},{"frame":1.8,"value":1},{"frame":1.9,"value":1.4},{"frame":2,"value":1.5}],"scaleY":[{"frame":0,"value":0.5},{"frame":0.16666666666666666,"value":1.2},{"frame":0.26666666666666666,"value":1},{"frame":1.8,"value":1},{"frame":1.9,"value":1.4},{"frame":2,"value":1.5}],"opacity":[{"frame":0,"value":0},{"frame":0.16666666666666666,"value":150},{"frame":0.26666666666666666,"value":255},{"frame":1.8,"value":255},{"frame":1.9,"value":85},{"frame":2,"value":0}]}},"WZ":{"props":{"scaleX":[{"frame":0,"value":6},{"frame":0.16666666666666666,"value":1.2},{"frame":0.26666666666666666,"value":1},{"frame":1.8,"value":1},{"frame":1.9,"value":1.4},{"frame":2,"value":1.5}],"scaleY":[{"frame":0,"value":1.3},{"frame":0.16666666666666666,"value":1},{"frame":1.8,"value":1},{"frame":1.9,"value":1.4},{"frame":2,"value":1.5}],"opacity":[{"frame":0,"value":0},{"frame":0.16666666666666666,"value":255},{"frame":1.8,"value":255},{"frame":1.9,"value":85},{"frame":2,"value":0}]}},"WZADDUP":{"props":{"scaleX":[{"frame":0.16666666666666666,"value":1},{"frame":0.36666666666666664,"value":1.35},{"frame":0.5666666666666667,"value":1},{"frame":0.7666666666666667,"value":1.35},{"frame":0.9666666666666667,"value":1}],"scaleY":[{"frame":0.16666666666666666,"value":1},{"frame":0.36666666666666664,"value":1.35},{"frame":0.5666666666666667,"value":1},{"frame":0.7666666666666667,"value":1.35},{"frame":0.9666666666666667,"value":1}],"opacity":[{"frame":0.16666666666666666,"value":0},{"frame":0.36666666666666664,"value":255},{"frame":0.5666666666666667,"value":0},{"frame":0.7666666666666667,"value":255},{"frame":0.9666666666666667,"value":0}]}},"JT":{"props":{"y":[{"frame":0,"value":-54.4},{"frame":0.2,"value":-60},{"frame":0.4,"value":-54.4},{"frame":0.6,"value":-60},{"frame":0.8,"value":-54.4},{"frame":1,"value":-60},{"frame":1.2,"value":-54.4},{"frame":1.4,"value":-60},{"frame":1.6,"value":-54.4},{"frame":1.8,"value":-60},{"frame":2,"value":-54.4}],"opacity":[{"frame":0,"value":0},{"frame":0.2,"value":255},{"frame":1.8,"value":255},{"frame":2,"value":0}]}},"BGadd":{"props":{"opacity":[{"frame":0.2,"value":0},{"frame":0.4,"value":255},{"frame":0.6,"value":0},{"frame":0.8,"value":255},{"frame":1,"value":0},{"frame":1.2,"value":255},{"frame":1.4,"value":0},{"frame":1.6,"value":255},{"frame":1.8,"value":0}]}},"WZadd":{"props":{"opacity":[{"frame":1,"value":0},{"frame":1.2,"value":255},{"frame":1.4,"value":0},{"frame":1.6,"value":255},{"frame":1.8,"value":0}]}}},"props":{}}},{"__type__":"cc.SpriteFrame","content":{"name":"_0017_jindutiaoditu","texture":"20wkx7r05LO5L2PvQg5zW3","rect":[624,1032,94,20],"offset":[0,0],"originalSize":[94,20],"capInsets":[17,0,17,0]}},{"__type__":"cc.SpriteFrame","content":{"name":"JDWX_JT","texture":"fcJS4K3v9B9LpajzpsNm+D","rect":[1227,361,74,62],"offset":[0,0],"originalSize":[74,62]}},[{"__type__":"cc.Prefab","_name":"BasePrefab","data":{"__id__":1},"asyncLoadAssets":false},{"__type__":"cc.Node","_name":"BasePrefab","_children":[{"__id__":2},{"__id__":11},{"__id__":12},{"__id__":21}],"_components":[{"__id__":22},{"__type__":"d7333ktwhtOp7+WRCPGHImw","node":{"__id__":1},"SpAtlas":{"__uuid__":"49hgYBWs5C0osUMDkiP1E1"},"EntityType":1,"DeadPrefab":{"__uuid__":"7efYKf9e9MtZTq1DfoUKCs"},"DeadPrefabName":"JD_boom_H","Body":{"__id__":11},"dieAnimationClip":"JD_boom","MyCollider":{"__id__":22},"destroySprite":{"__id__":21},"BlueTeamHPSprite":{"__id__":13},"RedTeamHPSprite":{"__id__":14},"BaseDanger":{"__id__":10},"HPWidthNode":{"__id__":13},"LineSpriteFrame":{"__uuid__":"e0Fev8ANJIKKn4Z1OaMcay"},"LeftHpParentNode":{"__id__":12},"CachedLineSprite":[{"__id__":15},{"__id__":16},{"__id__":17},{"__id__":18},{"__id__":19},{"__id__":20}]}],"_prefab":{"__type__":"cc.PrefabInfo","root":{"__id__":1},"asset":{"__uuid__":"b3z8jOONxDa785Gv/AQAdG"},"fileId":"cb8l4u5clNFL68HJqcN7YC"},"_contentSize":{"__type__":"cc.Size","width":100,"height":100},"groupIndex":8},{"__type__":"cc.Node","_name":"JDWXADD","_parent":{"__id__":1},"_children":[{"__id__":3},{"__id__":4},{"__id__":5},{"__id__":6},{"__id__":7},{"__id__":8}],"_components":[{"__id__":9},{"__id__":10}],"_prefab":{"__type__":"cc.PrefabInfo","root":{"__id__":1},"asset":{"__uuid__":"b3z8jOONxDa785Gv/AQAdG"},"fileId":"2fuKr6CvFIhprhe1ek8b9f"},"_position":{"__type__":"cc.Vec2","y":130}},{"__type__":"cc.Node","_name":"BG","_parent":{"__id__":2},"_components":[{"__type__":"cc.Sprite","node":{"__id__":3},"_spriteFrame":{"__uuid__":"f8fbLUsDZEH4j14vWnz/M3"}}],"_prefab":{"__type__":"cc.PrefabInfo","root":{"__id__":1},"asset":{"__uuid__":"b3z8jOONxDa785Gv/AQAdG"},"fileId":"24HSngEQxKYK514C3j6ETj"},"_opacity":0,"_contentSize":{"__type__":"cc.Size","width":272,"height":122}},{"__type__":"cc.Node","_name":"BGadd","_parent":{"__id__":2},"_components":[{"__type__":"cc.Sprite","node":{"__id__":4},"_spriteFrame":{"__uuid__":"f8fbLUsDZEH4j14vWnz/M3"}}],"_prefab":{"__type__":"cc.PrefabInfo","root":{"__id__":1},"asset":{"__uuid__":"b3z8jOONxDa785Gv/AQAdG"},"fileId":"30pVWtbKBAFq2oS4ELiwnn"},"_opacity":0,"_contentSize":{"__type__":"cc.Size","width":272,"height":122}},{"__type__":"cc.Node","_name":"WZ","_parent":{"__id__":2},"_components":[{"__type__":"cc.Sprite","node":{"__id__":5},"_spriteFrame":{"__uuid__":"ecFWS/6gxNS4U4lqFzHYHM"}}],"_prefab":{"__type__":"cc.PrefabInfo","root":{"__id__":1},"asset":{"__uuid__":"b3z8jOONxDa785Gv/AQAdG"},"fileId":"54ZJDnE2RGRqnkicmDBEY8"},"_opacity":0,"_contentSize":{"__type__":"cc.Size","width":197,"height":76}},{"__type__":"cc.Node","_name":"WZadd","_parent":{"__id__":2},"_components":[{"__type__":"cc.Sprite","node":{"__id__":6},"_spriteFrame":{"__uuid__":"ecFWS/6gxNS4U4lqFzHYHM"}}],"_prefab":{"__type__":"cc.PrefabInfo","root":{"__id__":1},"asset":{"__uuid__":"b3z8jOONxDa785Gv/AQAdG"},"fileId":"1474DPzYlKzIUoAFnKtegT"},"_opacity":0,"_contentSize":{"__type__":"cc.Size","width":197,"height":76}},{"__type__":"cc.Node","_name":"WZADDUP","_parent":{"__id__":2},"_components":[{"__type__":"cc.Sprite","node":{"__id__":7},"_spriteFrame":{"__uuid__":"ecFWS/6gxNS4U4lqFzHYHM"}}],"_prefab":{"__type__":"cc.PrefabInfo","root":{"__id__":1},"asset":{"__uuid__":"b3z8jOONxDa785Gv/AQAdG"},"fileId":"4aLK0gZLRB9L2K0+ZvLD3u"},"_opacity":0,"_contentSize":{"__type__":"cc.Size","width":197,"height":76}},{"__type__":"cc.Node","_name":"JT","_parent":{"__id__":2},"_components":[{"__type__":"cc.Sprite","node":{"__id__":8},"_spriteFrame":{"__uuid__":"878VUS4D9L5oLDtIjzfCSl"}}],"_prefab":{"__type__":"cc.PrefabInfo","root":{"__id__":1},"asset":{"__uuid__":"b3z8jOONxDa785Gv/AQAdG"},"fileId":"fbW9RkDbpCYrrl2BRAzaxo"},"_opacity":0,"_contentSize":{"__type__":"cc.Size","width":74,"height":62},"_position":{"__type__":"cc.Vec2","y":-54.4}},{"__type__":"cc.Animation","node":{"__id__":2},"_defaultClip":{"__uuid__":"495Dxag3xKWJ/Fzew3cStS"},"_clips":[{"__uuid__":"495Dxag3xKWJ/Fzew3cStS"}]},{"__type__":"4f93dazbjJK8LDJb5mjJq6w","node":{"__id__":2},"animation":{"__id__":9},"originalPosY":180},{"__type__":"cc.Node","_name":"Body","_parent":{"__id__":1},"_components":[{"__type__":"cc.Sprite","node":{"__id__":11},"_spriteFrame":{"__uuid__":"b7gaqJijhPJK0jaVlSyD/i"},"_sizeMode":0,"_isTrimmedMode":false}],"_prefab":{"__type__":"cc.PrefabInfo","root":{"__id__":1},"asset":{"__uuid__":"b3z8jOONxDa785Gv/AQAdG"},"fileId":"aegEz3JfdIw4Sz6Y77e7cr"},"_contentSize":{"__type__":"cc.Size","width":100,"height":100}},{"__type__":"cc.Node","_name":"BlueHPBg","_parent":{"__id__":1},"_children":[{"__id__":13},{"__id__":14},{"__id__":15},{"__id__":16},{"__id__":17},{"__id__":18},{"__id__":19},{"__id__":20}],"_components":[{"__type__":"cc.Sprite","node":{"__id__":12},"_spriteFrame":{"__uuid__":"84oa/IQ/NAH5H2pPdK4Ehi"},"_sizeMode":2}],"_prefab":{"__type__":"cc.PrefabInfo","root":{"__id__":1},"asset":{"__uuid__":"b3z8jOONxDa785Gv/AQAdG"},"fileId":"63UMgQvNlP7rPbLtlCxtOX"},"_contentSize":{"__type__":"cc.Size","width":94,"height":20},"_position":{"__type__":"cc.Vec2","y":53},"groupIndex":8},{"__type__":"cc.Node","_name":"Left","_parent":{"__id__":12},"_components":[{"__type__":"cc.Sprite","node":{"__id__":13},"_spriteFrame":{"__uuid__":"21Jto3bLtH0o6JMo2+Ch0H"},"_type":3,"_sizeMode":2,"_fillRange":1}],"_prefab":{"__type__":"cc.PrefabInfo","root":{"__id__":1},"asset":{"__uuid__":"b3z8jOONxDa785Gv/AQAdG"},"fileId":"cf4TkgDUlOYpjepVk69mI1"},"_anchorPoint":{"__type__":"cc.Vec2"},"_contentSize":{"__type__":"cc.Size","width":90,"height":16},"_position":{"__type__":"cc.Vec2","x":-45,"y":-8}},{"__type__":"cc.Node","_name":"Left","_parent":{"__id__":12},"_active":false,"_components":[{"__type__":"cc.Sprite","node":{"__id__":14},"_spriteFrame":{"__uuid__":"1fWJJvMY1IIaqMjt1behcu"},"_type":3,"_sizeMode":2,"_fillRange":1}],"_prefab":{"__type__":"cc.PrefabInfo","root":{"__id__":1},"asset":{"__uuid__":"b3z8jOONxDa785Gv/AQAdG"},"fileId":"92ngw0epZOG65bu9LOdUnA"},"_anchorPoint":{"__type__":"cc.Vec2"},"_contentSize":{"__type__":"cc.Size","width":90,"height":16},"_position":{"__type__":"cc.Vec2","x":-45,"y":-8}},{"__type__":"cc.Node","_name":"line","_parent":{"__id__":12},"_components":[{"__type__":"cc.Sprite","node":{"__id__":15},"_spriteFrame":{"__uuid__":"e0Fev8ANJIKKn4Z1OaMcay"}}],"_prefab":{"__type__":"cc.PrefabInfo","root":{"__id__":1},"asset":{"__uuid__":"b3z8jOONxDa785Gv/AQAdG"},"fileId":"deSP877ClPC46odRHcEHj8"},"_contentSize":{"__type__":"cc.Size","width":8,"height":16}},{"__type__":"cc.Node","_name":"line","_parent":{"__id__":12},"_components":[{"__type__":"cc.Sprite","node":{"__id__":16},"_spriteFrame":{"__uuid__":"e0Fev8ANJIKKn4Z1OaMcay"}}],"_prefab":{"__type__":"cc.PrefabInfo","root":{"__id__":1},"asset":{"__uuid__":"b3z8jOONxDa785Gv/AQAdG"},"fileId":"63Tbd8y39Kg4PQMKPklCnw"},"_contentSize":{"__type__":"cc.Size","width":8,"height":16},"_position":{"__type__":"cc.Vec2","x":16}},{"__type__":"cc.Node","_name":"line","_parent":{"__id__":12},"_components":[{"__type__":"cc.Sprite","node":{"__id__":17},"_spriteFrame":{"__uuid__":"e0Fev8ANJIKKn4Z1OaMcay"}}],"_prefab":{"__type__":"cc.PrefabInfo","root":{"__id__":1},"asset":{"__uuid__":"b3z8jOONxDa785Gv/AQAdG"},"fileId":"77UHq513dPcJPIqk0zniOj"},"_contentSize":{"__type__":"cc.Size","width":8,"height":16},"_position":{"__type__":"cc.Vec2","x":32}},{"__type__":"cc.Node","_name":"line","_parent":{"__id__":12},"_components":[{"__type__":"cc.Sprite","node":{"__id__":18},"_spriteFrame":{"__uuid__":"e0Fev8ANJIKKn4Z1OaMcay"}}],"_prefab":{"__type__":"cc.PrefabInfo","root":{"__id__":1},"asset":{"__uuid__":"b3z8jOONxDa785Gv/AQAdG"},"fileId":"23vef3uvtBpq3esSuiGuWQ"},"_contentSize":{"__type__":"cc.Size","width":8,"height":16},"_position":{"__type__":"cc.Vec2","x":-16}},{"__type__":"cc.Node","_name":"line","_parent":{"__id__":12},"_components":[{"__type__":"cc.Sprite","node":{"__id__":19},"_spriteFrame":{"__uuid__":"e0Fev8ANJIKKn4Z1OaMcay"}}],"_prefab":{"__type__":"cc.PrefabInfo","root":{"__id__":1},"asset":{"__uuid__":"b3z8jOONxDa785Gv/AQAdG"},"fileId":"c7hFbMzBxDm5Bthqb+f0K8"},"_contentSize":{"__type__":"cc.Size","width":8,"height":16},"_position":{"__type__":"cc.Vec2","x":-32}},{"__type__":"cc.Node","_name":"line","_parent":{"__id__":12},"_components":[{"__type__":"cc.Sprite","node":{"__id__":20},"_spriteFrame":{"__uuid__":"e0Fev8ANJIKKn4Z1OaMcay"}}],"_prefab":{"__type__":"cc.PrefabInfo","root":{"__id__":1},"asset":{"__uuid__":"b3z8jOONxDa785Gv/AQAdG"},"fileId":"41X7LC65tJMog6a40CE7PZ"},"_contentSize":{"__type__":"cc.Size","width":8,"height":16},"_position":{"__type__":"cc.Vec2","x":-32}},{"__type__":"cc.Node","_name":"Destroy","_parent":{"__id__":1},"_active":false,"_components":[{"__type__":"cc.Sprite","node":{"__id__":21},"_spriteFrame":{"__uuid__":"c8Dg09B5FNcK/JlXj1eyxy"},"_sizeMode":0,"_isTrimmedMode":false}],"_prefab":{"__type__":"cc.PrefabInfo","root":{"__id__":1},"asset":{"__uuid__":"b3z8jOONxDa785Gv/AQAdG"},"fileId":"b6eVt1ogJPxoYrdUdvt2F7"},"_contentSize":{"__type__":"cc.Size","width":100,"height":100}},{"__type__":"cc.BoxCollider","node":{"__id__":1},"_size":{"__type__":"cc.Size","width":75,"height":75}}],{"__type__":"cc.SpriteFrame","content":{"name":"Base1","texture":"20wkx7r05LO5L2PvQg5zW3","rect":[639,817,100,100],"offset":[0,0],"originalSize":[100,100]}},{"__type__":"cc.SpriteFrame","content":{"name":"Base0","texture":"20wkx7r05LO5L2PvQg5zW3","rect":[639,918,99,80],"offset":[1,-4],"originalSize":[101,100]}},{"__type__":"cc.SpriteFrame","content":{"name":"line","texture":"20wkx7r05LO5L2PvQg5zW3","rect":[647,644,8,16],"offset":[0,0],"originalSize":[8,16]}},{"__type__":"cc.SpriteFrame","content":{"name":"JDWX_WZ","texture":"fcJS4K3v9B9LpajzpsNm+D","rect":[1563,743,197,76],"offset":[0,0],"originalSize":[197,76]}},{"__type__":"cc.SpriteFrame","content":{"name":"JDWX_BG","texture":"fcJS4K3v9B9LpajzpsNm+D","rect":[1771,152,272,122],"offset":[0,0],"originalSize":[272,122]}}]