[{"__type__":"cc.SpriteFrame","content":{"name":"_0011_back","texture":"aeQf/v2d5GzL/fTdnhZUd6","rect":[921,824,100,58],"offset":[0,0],"originalSize":[100,58]}},{"__type__":"cc.SpriteFrame","content":{"name":"default_btn_disabled","texture":"71VhFCTINJM6/Ky3oX9nBT","rect":[0,0,40,40],"offset":[0,0],"originalSize":[40,40],"capInsets":[15,7,15,9]}},{"__type__":"cc.SpriteFrame","content":{"name":"logoButton","texture":"25Si/Ki+hMlqF2yaosCl7I","rect":[436,691,186,48],"offset":[0,0],"originalSize":[186,48]}},{"__type__":"cc.SpriteFrame","content":{"name":"touying","texture":"0c0Po/48ROEpzcz7uf6jDS","rect":[617,668,206,276],"offset":[0,0],"originalSize":[206,276]}},{"__type__":"cc.SpriteFrame","content":{"name":"2","texture":"25Si/Ki+hMlqF2yaosCl7I","rect":[954,864,334,350],"offset":[0,0],"originalSize":[334,350]}},[{"__type__":"cc.Prefab","_name":"ShopUI","data":{"__id__":1},"asyncLoadAssets":false},{"__type__":"cc.Node","_name":"ShopUI","_children":[{"__id__":2},{"__id__":3},{"__id__":4},{"__id__":26}],"_components":[{"__type__":"cc.Widget","node":{"__id__":1},"isAlignOnce":false,"_alignFlags":45},{"__type__":"43560WtSClJ/6Tw1yvK0+9T","node":{"__id__":1},"DiamondLeftLabel":{"__id__":31},"MoneyLableList":[{"__id__":10},{"__id__":17},{"__id__":24}]}],"_prefab":{"__type__":"cc.PrefabInfo","root":{"__id__":1},"asset":{"__uuid__":"a4+NHYYRVOo4/YvqbhIFHn"},"fileId":"654PmNE9VI3JYJV425SE4i"},"_contentSize":{"__type__":"cc.Size","width":1344,"height":750},"_position":{"__type__":"cc.Vec2","x":672,"y":375}},{"__type__":"cc.Node","_name":"Mask","_parent":{"__id__":1},"_components":[{"__type__":"cc.Widget","node":{"__id__":2},"_alignFlags":45,"_left":-10,"_right":-10,"_top":-10,"_bottom":-10,"_originalWidth":100,"_originalHeight":40},{"__type__":"cc.Sprite","node":{"__id__":2},"_spriteFrame":{"__uuid__":"c2fl4ORMBFf4pRwvTlN24/"},"_sizeMode":0},{"__type__":"cc.Button","node":{"__id__":2},"_N$target":{"__id__":2}}],"_prefab":{"__type__":"cc.PrefabInfo","root":{"__id__":1},"asset":{"__uuid__":"a4+NHYYRVOo4/YvqbhIFHn"},"fileId":"a61EcsBktGA7+yQ8oYl/JK"},"_contentSize":{"__type__":"cc.Size","width":1364,"height":770}},{"__type__":"cc.Node","_name":"BackBtn","_parent":{"__id__":1},"_components":[{"__type__":"cc.Sprite","node":{"__id__":3},"_spriteFrame":{"__uuid__":"220iHabAVM0o5fC/dX8u1H"},"_type":1,"_sizeMode":2},{"__type__":"cc.Button","node":{"__id__":3},"pressedColor":{"__type__":"cc.Color","r":255,"g":255,"b":255},"pressedSprite":{"__uuid__":"e97GVMl6JHh5Ml5qEDdSGa"},"hoverSprite":{"__uuid__":"e97GVMl6JHh5Ml5qEDdSGa"},"clickEvents":[{"__type__":"cc.ClickEvent","target":{"__id__":1},"component":"ShopUI","handler":"OnExit"}],"_N$normalColor":{"__type__":"cc.Color","r":255,"g":255,"b":255},"_N$disabledColor":{"__type__":"cc.Color","r":255,"g":255,"b":255},"_N$normalSprite":{"__uuid__":"220iHabAVM0o5fC/dX8u1H"},"_N$disabledSprite":{"__uuid__":"29FYIk+N1GYaeWH/q1NxQO"},"_N$target":{"__id__":3}},{"__type__":"cc.Widget","node":{"__id__":3},"_alignFlags":9}],"_prefab":{"__type__":"cc.PrefabInfo","root":{"__id__":1},"asset":{"__uuid__":"a4+NHYYRVOo4/YvqbhIFHn"},"fileId":"275rcyZGNJXZ2uh2w93Ax/"},"_contentSize":{"__type__":"cc.Size","width":100,"height":58},"_position":{"__type__":"cc.Vec2","x":-622,"y":346}},{"__type__":"cc.Node","_name":"Content","_parent":{"__id__":1},"_children":[{"__id__":5},{"__id__":12},{"__id__":19}],"_components":[{"__type__":"cc.Layout","node":{"__id__":4},"_layoutSize":{"__type__":"cc.Size","width":1032,"height":500},"_resize":1,"_N$layoutType":1,"_N$spacingX":15}],"_prefab":{"__type__":"cc.PrefabInfo","root":{"__id__":1},"asset":{"__uuid__":"a4+NHYYRVOo4/YvqbhIFHn"},"fileId":"69eXMS1dREBqq+QMdKki54"},"_anchorPoint":{"__type__":"cc.Vec2","x":0.5,"y":1},"_contentSize":{"__type__":"cc.Size","width":1032,"height":500},"_position":{"__type__":"cc.Vec2","x":-8,"y":210}},{"__type__":"cc.Node","_name":"FirstItem","_parent":{"__id__":4},"_children":[{"__id__":6},{"__id__":11}],"_components":[{"__type__":"cc.Sprite","node":{"__id__":5},"_spriteFrame":{"__uuid__":"b0DDOYsppDnqWU4OxU6oG8"}},{"__type__":"cc.Button","node":{"__id__":5},"clickEvents":[{"__type__":"cc.ClickEvent","target":{"__id__":1},"component":"ShopUI","handler":"OnBtnCharge10"}],"_N$target":{"__id__":5}}],"_prefab":{"__type__":"cc.PrefabInfo","root":{"__id__":1},"asset":{"__uuid__":"a4+NHYYRVOo4/YvqbhIFHn"},"fileId":"73GhA6rghGQbINVeCfkIVa"},"_anchorPoint":{"__type__":"cc.Vec2","x":0.5},"_contentSize":{"__type__":"cc.Size","width":334,"height":350},"_position":{"__type__":"cc.Vec2","x":-349,"y":-350}},{"__type__":"cc.Node","_name":"Money","_parent":{"__id__":5},"_children":[{"__id__":7}],"_components":[{"__type__":"cc.Sprite","node":{"__id__":6},"_spriteFrame":{"__uuid__":"beD6EMemVLGZQ3+Zng9gjY"}}],"_prefab":{"__type__":"cc.PrefabInfo","root":{"__id__":1},"asset":{"__uuid__":"a4+NHYYRVOo4/YvqbhIFHn"},"fileId":"b0vEm95BdKBbu97/7VFbzT"},"_anchorPoint":{"__type__":"cc.Vec2","x":0.5,"y":1},"_contentSize":{"__type__":"cc.Size","width":334,"height":106},"_position":{"__type__":"cc.Vec2","y":1}},{"__type__":"cc.Node","_name":"First_Money_Word","_parent":{"__id__":6},"_children":[{"__id__":8}],"_components":[{"__id__":10}],"_prefab":{"__type__":"cc.PrefabInfo","root":{"__id__":1},"asset":{"__uuid__":"a4+NHYYRVOo4/YvqbhIFHn"},"fileId":"ab/JyOyndN05hiYVr0L4SV"},"_color":{"__type__":"cc.Color","r":136,"g":70,"b":42},"_anchorPoint":{"__type__":"cc.Vec2","x":0.5,"y":1},"_position":{"__type__":"cc.Vec2","y":-52}},{"__type__":"cc.Node","_name":"Template","_parent":{"__id__":7},"_active":false,"_components":[{"__id__":9}],"_prefab":{"__type__":"cc.PrefabInfo","root":{"__id__":1},"asset":{"__uuid__":"a4+NHYYRVOo4/YvqbhIFHn"},"fileId":"27MKrd0ntLT7jHz7tZcwfj"},"_color":{"__type__":"cc.Color","r":136,"g":70,"b":42},"_contentSize":{"__type__":"cc.Size","width":28,"height":34},"_position":{"__type__":"cc.Vec2","x":5,"y":-7}},{"__type__":"cc.Sprite","node":{"__id__":8},"_spriteFrame":{"__uuid__":"d7MnG4kxpKpK8pCaujFtXl"},"_sizeMode":0,"_isTrimmedMode":false},{"__type__":"16798xaPnVLdZwNbixFe2cV","node":{"__id__":7},"LabelAtlas":{"__uuid__":"7bRXkNrzhKoJqYv3aEXya7"},"LabelStr":"0123456789:","ResFormat":"CountDowm_","Template":{"__id__":9}},{"__type__":"cc.Node","_name":"touying","_parent":{"__id__":5},"_components":[{"__type__":"cc.Sprite","node":{"__id__":11},"_spriteFrame":{"__uuid__":"52QoxYtcROaYz5GOsuGvW1"}}],"_prefab":{"__type__":"cc.PrefabInfo","root":{"__id__":1},"asset":{"__uuid__":"a4+NHYYRVOo4/YvqbhIFHn"},"fileId":"ecSNWGK/JJ44A1THluDm9t"},"_contentSize":{"__type__":"cc.Size","width":206,"height":276},"_scaleX":1.5,"_scaleY":1.5,"_position":{"__type__":"cc.Vec2","x":23.7,"y":90}},{"__type__":"cc.Node","_name":"FirstItem","_parent":{"__id__":4},"_children":[{"__id__":13},{"__id__":18}],"_components":[{"__type__":"cc.Sprite","node":{"__id__":12},"_spriteFrame":{"__uuid__":"a3JFLgSQhM/pFXlnArReU0"}},{"__type__":"cc.Button","node":{"__id__":12},"clickEvents":[{"__type__":"cc.ClickEvent","target":{"__id__":1},"component":"ShopUI","handler":"OnBtnCharge60"}],"_N$target":{"__id__":12}}],"_prefab":{"__type__":"cc.PrefabInfo","root":{"__id__":1},"asset":{"__uuid__":"a4+NHYYRVOo4/YvqbhIFHn"},"fileId":"39XiDXQjxP17IXGQqb43fZ"},"_anchorPoint":{"__type__":"cc.Vec2","x":0.5},"_contentSize":{"__type__":"cc.Size","width":334,"height":350},"_position":{"__type__":"cc.Vec2","y":-350}},{"__type__":"cc.Node","_name":"Money","_parent":{"__id__":12},"_children":[{"__id__":14}],"_components":[{"__type__":"cc.Sprite","node":{"__id__":13},"_spriteFrame":{"__uuid__":"beD6EMemVLGZQ3+Zng9gjY"}}],"_prefab":{"__type__":"cc.PrefabInfo","root":{"__id__":1},"asset":{"__uuid__":"a4+NHYYRVOo4/YvqbhIFHn"},"fileId":"5f0+qtDJtIn7AQy78x4a2K"},"_anchorPoint":{"__type__":"cc.Vec2","x":0.5,"y":1},"_contentSize":{"__type__":"cc.Size","width":334,"height":106},"_position":{"__type__":"cc.Vec2","y":1}},{"__type__":"cc.Node","_name":"Second_Money_Word","_parent":{"__id__":13},"_children":[{"__id__":15}],"_components":[{"__id__":17}],"_prefab":{"__type__":"cc.PrefabInfo","root":{"__id__":1},"asset":{"__uuid__":"a4+NHYYRVOo4/YvqbhIFHn"},"fileId":"76FbomnJRGtIg0z03G88nn"},"_color":{"__type__":"cc.Color","r":136,"g":70,"b":42},"_anchorPoint":{"__type__":"cc.Vec2","x":0.5,"y":1},"_position":{"__type__":"cc.Vec2","y":-52}},{"__type__":"cc.Node","_name":"Template","_parent":{"__id__":14},"_active":false,"_components":[{"__id__":16}],"_prefab":{"__type__":"cc.PrefabInfo","root":{"__id__":1},"asset":{"__uuid__":"a4+NHYYRVOo4/YvqbhIFHn"},"fileId":"c1ml48KrJGl4V7JNTlGgMS"},"_color":{"__type__":"cc.Color","r":136,"g":70,"b":42},"_contentSize":{"__type__":"cc.Size","width":28,"height":34},"_position":{"__type__":"cc.Vec2","x":5,"y":-7}},{"__type__":"cc.Sprite","node":{"__id__":15},"_spriteFrame":{"__uuid__":"d7MnG4kxpKpK8pCaujFtXl"},"_sizeMode":0,"_isTrimmedMode":false},{"__type__":"16798xaPnVLdZwNbixFe2cV","node":{"__id__":14},"LabelAtlas":{"__uuid__":"7bRXkNrzhKoJqYv3aEXya7"},"LabelStr":"0123456789:","ResFormat":"CountDowm_","Template":{"__id__":16}},{"__type__":"cc.Node","_name":"touying","_parent":{"__id__":12},"_components":[{"__type__":"cc.Sprite","node":{"__id__":18},"_spriteFrame":{"__uuid__":"52QoxYtcROaYz5GOsuGvW1"}}],"_prefab":{"__type__":"cc.PrefabInfo","root":{"__id__":1},"asset":{"__uuid__":"a4+NHYYRVOo4/YvqbhIFHn"},"fileId":"85sXNMzxJAqbg9AIx1Q26Q"},"_contentSize":{"__type__":"cc.Size","width":206,"height":276},"_scaleX":1.5,"_scaleY":1.5,"_position":{"__type__":"cc.Vec2","x":24,"y":90}},{"__type__":"cc.Node","_name":"FirstItem","_parent":{"__id__":4},"_children":[{"__id__":20},{"__id__":25}],"_components":[{"__type__":"cc.Sprite","node":{"__id__":19},"_spriteFrame":{"__uuid__":"ceCLDJLzdLCqPrwi6NOhPY"}},{"__type__":"cc.Button","node":{"__id__":19},"clickEvents":[{"__type__":"cc.ClickEvent","target":{"__id__":1},"component":"ShopUI","handler":"OnBtnCharge300"}],"_N$target":{"__id__":19}}],"_prefab":{"__type__":"cc.PrefabInfo","root":{"__id__":1},"asset":{"__uuid__":"a4+NHYYRVOo4/YvqbhIFHn"},"fileId":"7f4/z19B9Duo6JTuv9d2v2"},"_anchorPoint":{"__type__":"cc.Vec2","x":0.5},"_contentSize":{"__type__":"cc.Size","width":334,"height":350},"_position":{"__type__":"cc.Vec2","x":349,"y":-350}},{"__type__":"cc.Node","_name":"Money","_parent":{"__id__":19},"_children":[{"__id__":21}],"_components":[{"__type__":"cc.Sprite","node":{"__id__":20},"_spriteFrame":{"__uuid__":"beD6EMemVLGZQ3+Zng9gjY"}}],"_prefab":{"__type__":"cc.PrefabInfo","root":{"__id__":1},"asset":{"__uuid__":"a4+NHYYRVOo4/YvqbhIFHn"},"fileId":"0bkaXtPCNNiIPMJ5DM9AR6"},"_anchorPoint":{"__type__":"cc.Vec2","x":0.5,"y":1},"_contentSize":{"__type__":"cc.Size","width":334,"height":106},"_position":{"__type__":"cc.Vec2","y":1}},{"__type__":"cc.Node","_name":"Third_Money_Word","_parent":{"__id__":20},"_children":[{"__id__":22}],"_components":[{"__id__":24}],"_prefab":{"__type__":"cc.PrefabInfo","root":{"__id__":1},"asset":{"__uuid__":"a4+NHYYRVOo4/YvqbhIFHn"},"fileId":"01I2iTtaFF6IBsnmgS/1O7"},"_color":{"__type__":"cc.Color","r":136,"g":70,"b":42},"_anchorPoint":{"__type__":"cc.Vec2","x":0.5,"y":1},"_position":{"__type__":"cc.Vec2","y":-52}},{"__type__":"cc.Node","_name":"Template","_parent":{"__id__":21},"_active":false,"_components":[{"__id__":23}],"_prefab":{"__type__":"cc.PrefabInfo","root":{"__id__":1},"asset":{"__uuid__":"a4+NHYYRVOo4/YvqbhIFHn"},"fileId":"ccWvPfqmBHzIvDo75GKfid"},"_color":{"__type__":"cc.Color","r":136,"g":70,"b":42},"_contentSize":{"__type__":"cc.Size","width":28,"height":34},"_position":{"__type__":"cc.Vec2","x":5,"y":-7}},{"__type__":"cc.Sprite","node":{"__id__":22},"_spriteFrame":{"__uuid__":"d7MnG4kxpKpK8pCaujFtXl"},"_sizeMode":0,"_isTrimmedMode":false},{"__type__":"16798xaPnVLdZwNbixFe2cV","node":{"__id__":21},"LabelAtlas":{"__uuid__":"7bRXkNrzhKoJqYv3aEXya7"},"LabelStr":"0123456789:","ResFormat":"CountDowm_","Template":{"__id__":23}},{"__type__":"cc.Node","_name":"touying","_parent":{"__id__":19},"_components":[{"__type__":"cc.Sprite","node":{"__id__":25},"_spriteFrame":{"__uuid__":"52QoxYtcROaYz5GOsuGvW1"}}],"_prefab":{"__type__":"cc.PrefabInfo","root":{"__id__":1},"asset":{"__uuid__":"a4+NHYYRVOo4/YvqbhIFHn"},"fileId":"00sTrjU0dDUKv0hWTHBFoh"},"_contentSize":{"__type__":"cc.Size","width":206,"height":276},"_scaleX":1.5,"_scaleY":1.5,"_position":{"__type__":"cc.Vec2","x":25,"y":90}},{"__type__":"cc.Node","_name":"Diamond","_parent":{"__id__":1},"_children":[{"__id__":27},{"__id__":28}],"_components":[{"__type__":"cc.Sprite","node":{"__id__":26},"_spriteFrame":{"__uuid__":"4cp9/TdcFO4KDyKXMGLTwP"},"_type":1,"_sizeMode":2},{"__type__":"cc.Widget","node":{"__id__":26},"_alignFlags":9,"_left":143,"_right":8,"_top":4},{"__type__":"cc.Layout","node":{"__id__":26},"_enabled":false,"_layoutSize":{"__type__":"cc.Size","width":53,"height":48},"_resize":1,"_N$layoutType":1,"_N$paddingLeft":-20,"_N$paddingRight":5}],"_prefab":{"__type__":"cc.PrefabInfo","root":{"__id__":1},"asset":{"__uuid__":"a4+NHYYRVOo4/YvqbhIFHn"},"fileId":"c00/Vik4dNXY75mGhLj0ob"},"_anchorPoint":{"__type__":"cc.Vec2","y":0.5},"_contentSize":{"__type__":"cc.Size","width":186,"height":48},"_position":{"__type__":"cc.Vec2","x":-529,"y":347}},{"__type__":"cc.Node","_name":"diamond","_parent":{"__id__":26},"_components":[{"__type__":"cc.Sprite","node":{"__id__":27},"_spriteFrame":{"__uuid__":"f9f7DGBN1G56xaXgQZrkCS"}}],"_prefab":{"__type__":"cc.PrefabInfo","root":{"__id__":1},"asset":{"__uuid__":"a4+NHYYRVOo4/YvqbhIFHn"},"fileId":"2bXJ5G4mRAcIWeHAHkvwKg"},"_contentSize":{"__type__":"cc.Size","width":68,"height":50},"_position":{"__type__":"cc.Vec2","x":14}},{"__type__":"cc.Node","_name":"Diamond_Word","_parent":{"__id__":26},"_children":[{"__id__":29}],"_components":[{"__id__":31}],"_prefab":{"__type__":"cc.PrefabInfo","root":{"__id__":1},"asset":{"__uuid__":"a4+NHYYRVOo4/YvqbhIFHn"},"fileId":"5fYSxJkrJONLYg1RSy0zKn"},"_color":{"__type__":"cc.Color","r":136,"g":70,"b":42},"_anchorPoint":{"__type__":"cc.Vec2","x":0.5,"y":1},"_position":{"__type__":"cc.Vec2","x":100}},{"__type__":"cc.Node","_name":"Template","_parent":{"__id__":28},"_active":false,"_components":[{"__id__":30}],"_prefab":{"__type__":"cc.PrefabInfo","root":{"__id__":1},"asset":{"__uuid__":"a4+NHYYRVOo4/YvqbhIFHn"},"fileId":"04eUOlCFFNcImclDCNFduB"},"_color":{"__type__":"cc.Color","r":136,"g":70,"b":42},"_contentSize":{"__type__":"cc.Size","width":14,"height":17}},{"__type__":"cc.Sprite","node":{"__id__":29},"_spriteFrame":{"__uuid__":"d7MnG4kxpKpK8pCaujFtXl"},"_sizeMode":0,"_isTrimmedMode":false},{"__type__":"16798xaPnVLdZwNbixFe2cV","node":{"__id__":28},"LabelAtlas":{"__uuid__":"7bRXkNrzhKoJqYv3aEXya7"},"LabelStr":"0123456789:","ResFormat":"CountDowm_","Template":{"__id__":30},"LayoutType":2}],{"__type__":"cc.SpriteFrame","content":{"name":"1","texture":"25Si/Ki+hMlqF2yaosCl7I","rect":[3,956,334,350],"offset":[0,0],"originalSize":[334,350]}},{"__type__":"cc.SpriteFrame","content":{"name":"paybutton","texture":"25Si/Ki+hMlqF2yaosCl7I","rect":[3,1307,334,106],"offset":[0,0],"originalSize":[334,106]}},{"__type__":"cc.SpriteFrame","content":{"name":"CG_bg_01_new","texture":"5f2BaCmQ1CnYPuCD1/rLg9","rect":[666,478,334,188],"offset":[0,0],"originalSize":[334,188]}},{"__type__":"cc.SpriteFrame","content":{"name":"3","texture":"25Si/Ki+hMlqF2yaosCl7I","rect":[619,864,334,350],"offset":[0,0],"originalSize":[334,350]}},{"__type__":"cc.SpriteFrame","content":{"name":"CountDowm_48","texture":"fcJS4K3v9B9LpajzpsNm+D","rect":[1382,760,20,25],"offset":[0,0],"originalSize":[22,25]}},{"__type__":"cc.SpriteFrame","content":{"name":"default_btn_pressed","texture":"b4P/PCArtIdIH38t6mlw8Y","rect":[0,0,40,40],"offset":[0,0],"originalSize":[40,40],"capInsets":[11,11,11,7]}},{"__type__":"cc.SpriteFrame","content":{"name":"diamond","texture":"25Si/Ki+hMlqF2yaosCl7I","rect":[1966,419,68,50],"offset":[0,0],"originalSize":[68,50]}}]