[[{"__type__":"cc.Prefab","_name":"T_canying","data":{"__id__":1},"asyncLoadAssets":false},{"__type__":"cc.Node","_name":"T_canying","_children":[{"__id__":2}],"_components":[{"__id__":3},{"__type__":"3f6973JHftFpKTMspSNwhiz","node":{"__id__":1},"animationCtrl":{"__id__":3}}],"_prefab":{"__type__":"cc.PrefabInfo","root":{"__id__":1},"asset":{"__uuid__":"4aUwcQqyJO6YrA/hqnyrlU"},"fileId":"4cH6KBEz5Pzo2JMtAt3wIS"},"_position":{"__type__":"cc.Vec2","y":-38}},{"__type__":"cc.Node","_name":"tuowei2","_parent":{"__id__":1},"_components":[{"__type__":"cc.Sprite","node":{"__id__":2},"_spriteFrame":{"__uuid__":"a6IaT6pMNO4YH8mXa8dPtb"}}],"_prefab":{"__type__":"cc.PrefabInfo","root":{"__id__":1},"asset":{"__uuid__":"4aUwcQqyJO6YrA/hqnyrlU"},"fileId":"72Dvo8+QhB8bwAalHIVHCp"},"_color":{"__type__":"cc.Color","r":56,"g":158,"b":253},"_contentSize":{"__type__":"cc.Size","width":69,"height":80}},{"__type__":"cc.Animation","node":{"__id__":1},"_defaultClip":{"__uuid__":"db3G8z4kxDx5G4ySM9sjcd"},"_clips":[{"__uuid__":"db3G8z4kxDx5G4ySM9sjcd"}]}],{"__type__":"cc.SpriteFrame","content":{"name":"shanxian2","texture":"20wkx7r05LO5L2PvQg5zW3","rect":[951,481,69,80],"offset":[1,3],"originalSize":[81,88]}}]