[{"__type__":"cc.SpriteFrame","content":{"name":"feiji_jiyi","texture":"20wkx7r05LO5L2PvQg5zW3","rect":[328,636,129,165],"offset":[0,0],"originalSize":[129,165]}},{"__type__":"cc.SpriteFrame","content":{"name":"feiji_jishen","texture":"20wkx7r05LO5L2PvQg5zW3","rect":[656,322,180,366],"offset":[0,0],"originalSize":[180,366]}},[{"__type__":"cc.Prefab","_name":"feiji_pre","data":{"__id__":1},"asyncLoadAssets":false},{"__type__":"cc.Node","_name":"feiji_pre","_children":[{"__id__":2},{"__id__":6},{"__id__":10}],"_prefab":{"__type__":"cc.PrefabInfo","root":{"__id__":1},"asset":{"__uuid__":"2fXZvCK6pFvZZYuvz+SOUk"},"fileId":"db0Akc629NZaZj7b8S0pB7"}},{"__type__":"cc.Node","_name":"feiji_yinying","_parent":{"__id__":1},"_children":[{"__id__":3},{"__id__":4},{"__id__":5}],"_prefab":{"__type__":"cc.PrefabInfo","root":{"__id__":1},"asset":{"__uuid__":"2fXZvCK6pFvZZYuvz+SOUk"},"fileId":"a9/Z5fLxJNuLqKtpJvyjXe"},"_position":{"__type__":"cc.Vec2","x":55,"y":-243}},{"__type__":"cc.Node","_name":"feiji_jiyiL","_parent":{"__id__":2},"_components":[{"__type__":"cc.Sprite","node":{"__id__":3},"_spriteFrame":{"__uuid__":"15C9JsxFxAlKWPzTcrYVM2"}}],"_prefab":{"__type__":"cc.PrefabInfo","root":{"__id__":1},"asset":{"__uuid__":"2fXZvCK6pFvZZYuvz+SOUk"},"fileId":"08CCmMnpJEIbwUKvoBwZtF"},"_opacity":100,"_color":{"__type__":"cc.Color"},"_contentSize":{"__type__":"cc.Size","width":129,"height":165},"_position":{"__type__":"cc.Vec2","x":-106,"y":-95}},{"__type__":"cc.Node","_name":"feiji_jiyiR","_parent":{"__id__":2},"_components":[{"__type__":"cc.Sprite","node":{"__id__":4},"_spriteFrame":{"__uuid__":"15C9JsxFxAlKWPzTcrYVM2"}}],"_prefab":{"__type__":"cc.PrefabInfo","root":{"__id__":1},"asset":{"__uuid__":"2fXZvCK6pFvZZYuvz+SOUk"},"fileId":"97v0zsTp5M47Q5yC0BFbXU"},"_opacity":100,"_color":{"__type__":"cc.Color"},"_contentSize":{"__type__":"cc.Size","width":129,"height":165},"_scaleX":-1,"_position":{"__type__":"cc.Vec2","x":106,"y":-95}},{"__type__":"cc.Node","_name":"feiji_jishen","_parent":{"__id__":2},"_components":[{"__type__":"cc.Sprite","node":{"__id__":5},"_spriteFrame":{"__uuid__":"27aFvURKBBKqnlM04vh6ew"}}],"_prefab":{"__type__":"cc.PrefabInfo","root":{"__id__":1},"asset":{"__uuid__":"2fXZvCK6pFvZZYuvz+SOUk"},"fileId":"d34POySQtLorFUelyC2Nb9"},"_opacity":100,"_color":{"__type__":"cc.Color"},"_contentSize":{"__type__":"cc.Size","width":180,"height":366}},{"__type__":"cc.Node","_name":"feiji_G","_parent":{"__id__":1},"_children":[{"__id__":7},{"__id__":8},{"__id__":9}],"_prefab":{"__type__":"cc.PrefabInfo","root":{"__id__":1},"asset":{"__uuid__":"2fXZvCK6pFvZZYuvz+SOUk"},"fileId":"776p9w/FJLb5fj3ptxSPwn"}},{"__type__":"cc.Node","_name":"feiji_jiyiL","_parent":{"__id__":6},"_components":[{"__type__":"cc.Sprite","node":{"__id__":7},"_spriteFrame":{"__uuid__":"15C9JsxFxAlKWPzTcrYVM2"}}],"_prefab":{"__type__":"cc.PrefabInfo","root":{"__id__":1},"asset":{"__uuid__":"2fXZvCK6pFvZZYuvz+SOUk"},"fileId":"cc4AJ7SkRPg6HCqkEoEY/W"},"_contentSize":{"__type__":"cc.Size","width":129,"height":165},"_position":{"__type__":"cc.Vec2","x":-106,"y":-95}},{"__type__":"cc.Node","_name":"feiji_jiyiR","_parent":{"__id__":6},"_components":[{"__type__":"cc.Sprite","node":{"__id__":8},"_spriteFrame":{"__uuid__":"15C9JsxFxAlKWPzTcrYVM2"}}],"_prefab":{"__type__":"cc.PrefabInfo","root":{"__id__":1},"asset":{"__uuid__":"2fXZvCK6pFvZZYuvz+SOUk"},"fileId":"89NhccgyBF5YhVWZY6FRFe"},"_contentSize":{"__type__":"cc.Size","width":129,"height":165},"_scaleX":-1,"_position":{"__type__":"cc.Vec2","x":106,"y":-95}},{"__type__":"cc.Node","_name":"feiji_jishen","_parent":{"__id__":6},"_components":[{"__type__":"cc.Sprite","node":{"__id__":9},"_spriteFrame":{"__uuid__":"27aFvURKBBKqnlM04vh6ew"}}],"_prefab":{"__type__":"cc.PrefabInfo","root":{"__id__":1},"asset":{"__uuid__":"2fXZvCK6pFvZZYuvz+SOUk"},"fileId":"bf9tu/cfFCVK5n8l38kBy3"},"_contentSize":{"__type__":"cc.Size","width":180,"height":366}},{"__type__":"cc.Node","_name":"feiji_weiyan","_parent":{"__id__":1},"_children":[{"__id__":11},{"__id__":12},{"__id__":13},{"__id__":14}],"_components":[{"__type__":"cc.Animation","node":{"__id__":10},"_defaultClip":{"__uuid__":"06n8SMk9lKf6ZJ1noZsEae"},"_clips":[{"__uuid__":"06n8SMk9lKf6ZJ1noZsEae"}]}],"_prefab":{"__type__":"cc.PrefabInfo","root":{"__id__":1},"asset":{"__uuid__":"2fXZvCK6pFvZZYuvz+SOUk"},"fileId":"d7GEkNnE5J8r4DFI8BDsuI"},"_position":{"__type__":"cc.Vec2","y":-194}},{"__type__":"cc.Node","_name":"weiyan","_parent":{"__id__":10},"_components":[{"__type__":"cc.Sprite","node":{"__id__":11},"_spriteFrame":{"__uuid__":"a7X0PBMz9P4bSW6mCa8as5"}}],"_prefab":{"__type__":"cc.PrefabInfo","root":{"__id__":1},"asset":{"__uuid__":"2fXZvCK6pFvZZYuvz+SOUk"},"fileId":"0ayBnDiKFDKJmclKQo2H35"},"_contentSize":{"__type__":"cc.Size","width":22,"height":51},"_scaleX":1.47,"_scaleY":1.47,"_position":{"__type__":"cc.Vec2","x":-19.2,"y":-11.9}},{"__type__":"cc.Node","_name":"train","_parent":{"__id__":10},"_components":[{"__type__":"cc.Sprite","node":{"__id__":12},"_spriteFrame":{"__uuid__":"7cmNNmc/NCXo0MbaQytZu+"}}],"_prefab":{"__type__":"cc.PrefabInfo","root":{"__id__":1},"asset":{"__uuid__":"2fXZvCK6pFvZZYuvz+SOUk"},"fileId":"c6EDSsFShBXbPnnnaLVt0K"},"_opacity":154,"_color":{"__type__":"cc.Color","r":112,"g":168,"b":240},"_contentSize":{"__type__":"cc.Size","width":19,"height":56},"_scaleX":1.1,"_scaleY":7.65,"_position":{"__type__":"cc.Vec2","x":-20,"y":-192}},{"__type__":"cc.Node","_name":"train2","_parent":{"__id__":10},"_components":[{"__type__":"cc.Sprite","node":{"__id__":13},"_spriteFrame":{"__uuid__":"7cmNNmc/NCXo0MbaQytZu+"}}],"_prefab":{"__type__":"cc.PrefabInfo","root":{"__id__":1},"asset":{"__uuid__":"2fXZvCK6pFvZZYuvz+SOUk"},"fileId":"f2TpLjyCRPeYrnaXymBB7N"},"_opacity":154,"_color":{"__type__":"cc.Color","r":112,"g":168,"b":240},"_contentSize":{"__type__":"cc.Size","width":19,"height":56},"_scaleX":1.1,"_scaleY":7.56,"_position":{"__type__":"cc.Vec2","x":19,"y":-190}},{"__type__":"cc.Node","_name":"weiyan1","_parent":{"__id__":10},"_components":[{"__type__":"cc.Sprite","node":{"__id__":14},"_spriteFrame":{"__uuid__":"a7X0PBMz9P4bSW6mCa8as5"}}],"_prefab":{"__type__":"cc.PrefabInfo","root":{"__id__":1},"asset":{"__uuid__":"2fXZvCK6pFvZZYuvz+SOUk"},"fileId":"3dr08HNvxG04ztsKjkNzxY"},"_contentSize":{"__type__":"cc.Size","width":22,"height":51},"_scaleX":1.47,"_scaleY":1.47,"_position":{"__type__":"cc.Vec2","x":19.2,"y":-11.9}}],{"__type__":"cc.SpriteFrame","content":{"name":"zidan03","texture":"20wkx7r05LO5L2PvQg5zW3","rect":[144,382,19,56],"offset":[0,0],"originalSize":[19,56]}},{"__type__":"cc.SpriteFrame","content":{"name":"tuowei","texture":"20wkx7r05LO5L2PvQg5zW3","rect":[307,436,22,51],"offset":[0,0],"originalSize":[22,51]}}]