[{"__type__":"cc.SpriteFrame","content":{"name":"glow1","texture":"20wkx7r05LO5L2PvQg5zW3","rect":[958,138,62,62],"offset":[0,0],"originalSize":[64,64]}},[{"__type__":"cc.Prefab","_name":"dingshen","data":{"__id__":1},"asyncLoadAssets":false},{"__type__":"cc.Node","_name":"dingshen","_children":[{"__id__":2},{"__id__":3}],"_components":[{"__id__":4},{"__type__":"5f78867I45Ho4XUIjr0GHcB","node":{"__id__":1},"animationCtrl":{"__id__":4}}],"_prefab":{"__type__":"cc.PrefabInfo","root":{"__id__":1},"asset":{"__uuid__":"65OKa3Ed9PgIqdrhwcaM4V"},"fileId":"42drZTuL1ERJRZS4vwZIB7"}},{"__type__":"cc.Node","_name":"sprite_splash","_parent":{"__id__":1},"_components":[{"__type__":"cc.Sprite","node":{"__id__":2},"_spriteFrame":{"__uuid__":"a3dK9RrShDYJLl4/SAsHri"},"_sizeMode":0,"_dstBlendFactor":0}],"_prefab":{"__type__":"cc.PrefabInfo","root":{"__id__":1},"asset":{"__uuid__":"65OKa3Ed9PgIqdrhwcaM4V"},"fileId":"das1AThjxNi4HwtXu2/QQf"},"_contentSize":{"__type__":"cc.Size","width":85,"height":85},"_rotationX":90,"_rotationY":90},{"__type__":"cc.Node","_name":"glow","_parent":{"__id__":1},"_components":[{"__type__":"cc.Sprite","node":{"__id__":3},"_spriteFrame":{"__uuid__":"43qfi+hJVNd4FdjRtQMoB4"},"_sizeMode":0,"_dstBlendFactor":0}],"_prefab":{"__type__":"cc.PrefabInfo","root":{"__id__":1},"asset":{"__uuid__":"65OKa3Ed9PgIqdrhwcaM4V"},"fileId":"1a0f4zwu2VOapqEJkWXIF0R"},"_opacity":29,"_color":{"__type__":"cc.Color","r":175,"g":229,"b":253},"_contentSize":{"__type__":"cc.Size","width":120,"height":120}},{"__type__":"cc.Animation","node":{"__id__":1},"_defaultClip":{"__uuid__":"9bt7+mKO5J2IPyvYq58xRa"},"_clips":[{"__uuid__":"9bt7+mKO5J2IPyvYq58xRa"}]}],{"__type__":"cc.SpriteFrame","content":{"name":"light1","texture":"20wkx7r05LO5L2PvQg5zW3","rect":[271,756,56,50],"offset":[1,0],"originalSize":[64,64]}}]