[{"__type__":"cc.SpriteFrame","content":{"name":"UI_fire01_3","texture":"20wkx7r05LO5L2PvQg5zW3","rect":[624,1091,93,32],"offset":[-4,0],"originalSize":[115,38]}},{"__type__":"cc.SpriteFrame","content":{"name":"UI_fire01_7","texture":"20wkx7r05LO5L2PvQg5zW3","rect":[804,1200,85,18],"offset":[-1,-2],"originalSize":[115,38]}},{"__type__":"cc.SpriteFrame","content":{"name":"UI_fire01_6","texture":"20wkx7r05LO5L2PvQg5zW3","rect":[815,1042,93,26],"offset":[-2,-3],"originalSize":[115,38]}},{"__type__":"cc.SpriteFrame","content":{"name":"UI_fire01_2","texture":"20wkx7r05LO5L2PvQg5zW3","rect":[106,961,83,26],"offset":[0,-1],"originalSize":[115,38]}},{"__type__":"cc.SpriteFrame","content":{"name":"UI_fire01_8","texture":"20wkx7r05LO5L2PvQg5zW3","rect":[804,1167,85,32],"offset":[-1,-2],"originalSize":[115,38]}},{"__type__":"cc.SpriteFrame","content":{"name":"UI_fire01_4","texture":"20wkx7r05LO5L2PvQg5zW3","rect":[930,976,91,32],"offset":[1,3],"originalSize":[115,38]}},{"__type__":"cc.SpriteFrame","content":{"name":"UI_fire01_1","texture":"20wkx7r05LO5L2PvQg5zW3","rect":[106,988,81,22],"offset":[-2,-4],"originalSize":[115,38]}},{"__type__":"cc.SpriteFrame","content":{"name":"UI_fire01_5","texture":"20wkx7r05LO5L2PvQg5zW3","rect":[624,999,95,32],"offset":[-2,-1],"originalSize":[115,38]}},[{"__type__":"cc.Prefab","_name":"Fire01","data":{"__id__":1},"asyncLoadAssets":false},{"__type__":"cc.Node","_name":"Fire01","_children":[{"__id__":2}],"_components":[{"__type__":"5f78867I45Ho4XUIjr0GHcB","node":{"__id__":1},"animationCtrl":{"__id__":11},"positionNode":{"__id__":1}}],"_prefab":{"__type__":"cc.PrefabInfo","root":{"__id__":1},"asset":{"__uuid__":"ddQUcuwclAd451xEoMlPry"},"fileId":"3daqdP3OBAa6Uz0aoCCqju"}},{"__type__":"cc.Node","_name":"Fire01UI","_parent":{"__id__":1},"_children":[{"__id__":3},{"__id__":4},{"__id__":5},{"__id__":6},{"__id__":7},{"__id__":8},{"__id__":9},{"__id__":10}],"_components":[{"__id__":11}],"_prefab":{"__type__":"cc.PrefabInfo","root":{"__id__":1},"asset":{"__uuid__":"ddQUcuwclAd451xEoMlPry"},"fileId":"54F3UCvKlEprUDSzj/CTLn"},"_scaleX":1.3,"_scaleY":1.3,"_position":{"__type__":"cc.Vec2","y":96}},{"__type__":"cc.Node","_name":"1","_parent":{"__id__":2},"_components":[{"__type__":"cc.Sprite","node":{"__id__":3},"_spriteFrame":{"__uuid__":"cdtKUhxatDRbehBOrO/qjz"}}],"_prefab":{"__type__":"cc.PrefabInfo","root":{"__id__":1},"asset":{"__uuid__":"ddQUcuwclAd451xEoMlPry"},"fileId":"c7XpwLZv9F9INDrRaWNq2M"},"_contentSize":{"__type__":"cc.Size","width":81,"height":22}},{"__type__":"cc.Node","_name":"2","_parent":{"__id__":2},"_components":[{"__type__":"cc.Sprite","node":{"__id__":4},"_spriteFrame":{"__uuid__":"7cOT5ovOlK6YXxKAKLGlFo"}}],"_prefab":{"__type__":"cc.PrefabInfo","root":{"__id__":1},"asset":{"__uuid__":"ddQUcuwclAd451xEoMlPry"},"fileId":"d0qN3ZSx1C3pn+JUarI2nY"},"_contentSize":{"__type__":"cc.Size","width":83,"height":26},"_position":{"__type__":"cc.Vec2","x":2.6,"y":3.2}},{"__type__":"cc.Node","_name":"3","_parent":{"__id__":2},"_components":[{"__type__":"cc.Sprite","node":{"__id__":5},"_spriteFrame":{"__uuid__":"1fRD2X5U5JH5jf9u6f+Tp9"}}],"_prefab":{"__type__":"cc.PrefabInfo","root":{"__id__":1},"asset":{"__uuid__":"ddQUcuwclAd451xEoMlPry"},"fileId":"a2BI18ZRVI/7nZ2BzMS3AT"},"_contentSize":{"__type__":"cc.Size","width":93,"height":32},"_position":{"__type__":"cc.Vec2","x":-2.6,"y":4.3}},{"__type__":"cc.Node","_name":"4","_parent":{"__id__":2},"_components":[{"__type__":"cc.Sprite","node":{"__id__":6},"_spriteFrame":{"__uuid__":"b8uC7o2hhCFIgA/VVtFoq8"}}],"_prefab":{"__type__":"cc.PrefabInfo","root":{"__id__":1},"asset":{"__uuid__":"ddQUcuwclAd451xEoMlPry"},"fileId":"c6Uo6B4VZMNqL3lleqT3vx"},"_contentSize":{"__type__":"cc.Size","width":91,"height":32},"_position":{"__type__":"cc.Vec2","x":2.6,"y":6.9}},{"__type__":"cc.Node","_name":"5","_parent":{"__id__":2},"_components":[{"__type__":"cc.Sprite","node":{"__id__":7},"_spriteFrame":{"__uuid__":"d2je/XzrBMRawsbAaIuO8T"}}],"_prefab":{"__type__":"cc.PrefabInfo","root":{"__id__":1},"asset":{"__uuid__":"ddQUcuwclAd451xEoMlPry"},"fileId":"48fX4LD5lO3aHxhUewDV9J"},"_contentSize":{"__type__":"cc.Size","width":95,"height":32},"_position":{"__type__":"cc.Vec2","x":-0.5,"y":2.6}},{"__type__":"cc.Node","_name":"6","_parent":{"__id__":2},"_components":[{"__type__":"cc.Sprite","node":{"__id__":8},"_spriteFrame":{"__uuid__":"47BrbmLTRIh4a/+GGJMy7H"}}],"_prefab":{"__type__":"cc.PrefabInfo","root":{"__id__":1},"asset":{"__uuid__":"ddQUcuwclAd451xEoMlPry"},"fileId":"6auLozosFFJL86XDgbOWOp"},"_contentSize":{"__type__":"cc.Size","width":93,"height":26},"_position":{"__type__":"cc.Vec2","x":-1.1,"y":0.8}},{"__type__":"cc.Node","_name":"7","_parent":{"__id__":2},"_components":[{"__type__":"cc.Sprite","node":{"__id__":9},"_spriteFrame":{"__uuid__":"45ie9EJQtNooKiyPCJjKFm"}}],"_prefab":{"__type__":"cc.PrefabInfo","root":{"__id__":1},"asset":{"__uuid__":"ddQUcuwclAd451xEoMlPry"},"fileId":"60xvW5TCtB15rbyNLF50GI"},"_contentSize":{"__type__":"cc.Size","width":85,"height":18},"_position":{"__type__":"cc.Vec2","x":0.6,"y":1.7}},{"__type__":"cc.Node","_name":"8","_parent":{"__id__":2},"_components":[{"__type__":"cc.Sprite","node":{"__id__":10},"_spriteFrame":{"__uuid__":"8aV3lyL7tPvLv6ObHAs5QF"}}],"_prefab":{"__type__":"cc.PrefabInfo","root":{"__id__":1},"asset":{"__uuid__":"ddQUcuwclAd451xEoMlPry"},"fileId":"a986pGhWdEKY9GJkf+uE/Z"},"_contentSize":{"__type__":"cc.Size","width":85,"height":32},"_position":{"__type__":"cc.Vec2","x":-0.1,"y":2}},{"__type__":"cc.Animation","node":{"__id__":2},"_defaultClip":{"__uuid__":"921tZXUH1JB5Xg5gOXklBX"},"_clips":[{"__uuid__":"921tZXUH1JB5Xg5gOXklBX"}]}]]