[{"__type__":"cc.Prefab","_name":"BasePlayerHeadImage","data":{"__id__":1},"asyncLoadAssets":false},{"__type__":"cc.Node","_name":"BasePlayerHeadImage","_components":[{"__type__":"2e2fbM7lupJ1osyGSdCrNup","node":{"__id__":1},"OffsetY":-2,"HeadImageSprite":{"__id__":2}},{"__id__":2},{"__type__":"69d31orU6xIDajXGNN3s022","node":{"__id__":1}}],"_prefab":{"__type__":"cc.PrefabInfo","root":{"__id__":1},"asset":{"__uuid__":"6d7xG0wC1I+6d878TjLif5"},"fileId":"a2N+0XsXJKsa6NGTJUsw+/"},"_contentSize":{"__type__":"cc.Size","width":42,"height":42}},{"__type__":"cc.Sprite","node":{"__id__":1},"_sizeMode":0}]