{"list_data":[{"id":1,"type":1,"subtype":4,"article_id":1,"price_type":1,"price_pkg_cnt":2,"price_pkg_list":[{"amount":1,"price":1900},{"amount":1,"price":1520},{"amount":0,"price":0},{"amount":0,"price":0},{"amount":0,"price":0},{"amount":0,"price":0}]},{"id":2,"type":1,"subtype":4,"article_id":2,"price_type":2,"price_pkg_cnt":1,"price_pkg_list":[{"amount":1,"price":38},{"amount":0,"price":0},{"amount":0,"price":0},{"amount":0,"price":0},{"amount":0,"price":0},{"amount":0,"price":0}]},{"id":3,"type":1,"subtype":4,"article_id":3,"price_type":2,"price_pkg_cnt":1,"price_pkg_list":[{"amount":1,"price":28},{"amount":0,"price":0},{"amount":0,"price":0},{"amount":0,"price":0},{"amount":0,"price":0},{"amount":0,"price":0}]},{"id":4,"type":1,"subtype":4,"article_id":4,"price_type":2,"price_pkg_cnt":3,"price_pkg_list":[{"amount":3,"price":99},{"amount":15,"price":495},{"amount":33,"price":990},{"amount":0,"price":0},{"amount":0,"price":0},{"amount":0,"price":0}]},{"id":5,"type":1,"subtype":4,"article_id":5,"price_type":2,"price_pkg_cnt":3,"price_pkg_list":[{"amount":2,"price":132},{"amount":6,"price":396},{"amount":14,"price":792},{"amount":0,"price":0},{"amount":0,"price":0},{"amount":0,"price":0}]},{"id":6,"type":1,"subtype":4,"article_id":6,"price_type":2,"price_pkg_cnt":3,"price_pkg_list":[{"amount":2,"price":110},{"amount":6,"price":330},{"amount":14,"price":660},{"amount":0,"price":0},{"amount":0,"price":0},{"amount":0,"price":0}]},{"id":7,"type":1,"subtype":4,"article_id":7,"price_type":2,"price_pkg_cnt":3,"price_pkg_list":[{"amount":3,"price":87},{"amount":15,"price":435},{"amount":33,"price":870},{"amount":0,"price":0},{"amount":0,"price":0},{"amount":0,"price":0}]},{"id":8,"type":1,"subtype":4,"article_id":8,"price_type":2,"price_pkg_cnt":3,"price_pkg_list":[{"amount":3,"price":75},{"amount":15,"price":375},{"amount":33,"price":750},{"amount":0,"price":0},{"amount":0,"price":0},{"amount":0,"price":0}]},{"id":9,"type":1,"subtype":4,"article_id":9,"price_type":2,"price_pkg_cnt":3,"price_pkg_list":[{"amount":5,"price":80},{"amount":10,"price":160},{"amount":22,"price":320},{"amount":0,"price":0},{"amount":0,"price":0},{"amount":0,"price":0}]},{"id":10,"type":1,"subtype":4,"article_id":10,"price_type":2,"price_pkg_cnt":3,"price_pkg_list":[{"amount":1,"price":28},{"amount":3,"price":84},{"amount":10,"price":255},{"amount":0,"price":0},{"amount":0,"price":0},{"amount":0,"price":0}]},{"id":11,"type":1,"subtype":4,"article_id":11,"price_type":2,"price_pkg_cnt":3,"price_pkg_list":[{"amount":1,"price":20},{"amount":1,"price":40},{"amount":1,"price":60},{"amount":0,"price":0},{"amount":0,"price":0},{"amount":0,"price":0}]},{"id":12,"type":1,"subtype":1,"article_id":0,"price_type":2,"price_pkg_cnt":5,"price_pkg_list":[{"amount":5,"price":15},{"amount":11,"price":30},{"amount":23,"price":60},{"amount":50,"price":120},{"amount":90,"price":200},{"amount":0,"price":0}]},{"id":13,"type":1,"subtype":3,"article_id":0,"price_type":2,"price_pkg_cnt":5,"price_pkg_list":[{"amount":3500,"price":10},{"amount":17500,"price":50},{"amount":35000,"price":100},{"amount":175000,"price":500},{"amount":350000,"price":1000},{"amount":0,"price":0}]},{"id":14,"type":1,"subtype":2,"article_id":0,"price_type":0,"price_pkg_cnt":0,"price_pkg_list":[{"amount":60,"price":6},{"amount":180,"price":18},{"amount":300,"price":30},{"amount":1180,"price":118},{"amount":1980,"price":198},{"amount":0,"price":0}]},{"id":15,"type":1,"subtype":4,"article_id":12,"price_type":2,"price_pkg_cnt":2,"price_pkg_list":[{"amount":1,"price":10},{"amount":1,"price":8},{"amount":0,"price":0},{"amount":0,"price":0},{"amount":0,"price":0},{"amount":0,"price":0}]},{"id":16,"type":1,"subtype":4,"article_id":19,"price_type":2,"price_pkg_cnt":1,"price_pkg_list":[{"amount":1,"price":20},{"amount":0,"price":0},{"amount":0,"price":0},{"amount":0,"price":0},{"amount":0,"price":0},{"amount":0,"price":0}]},{"id":17,"type":1,"subtype":4,"article_id":20,"price_type":1,"price_pkg_cnt":6,"price_pkg_list":[{"amount":1,"price":500},{"amount":1,"price":800},{"amount":1,"price":1000},{"amount":1,"price":1500},{"amount":1,"price":2000},{"amount":1,"price":3000}]},{"id":18,"type":1,"subtype":4,"article_id":21,"price_type":2,"price_pkg_cnt":1,"price_pkg_list":[{"amount":1,"price":20},{"amount":0,"price":0},{"amount":0,"price":0},{"amount":0,"price":0},{"amount":0,"price":0},{"amount":0,"price":0}]}]}