{"list_data":[{"id":1,"item_name":"+3步","own_limit":999,"desc":"增加3步","use_sence":0,"use_limit":1,"item_tips":0},{"id":2,"item_name":"暴走幽灵","own_limit":999,"desc":"开局后获得一个暴走幽灵","use_sence":0,"use_limit":1,"item_tips":0},{"id":3,"item_name":"目镜射线","own_limit":999,"desc":"开局后获得一个目镜射线","use_sence":0,"use_limit":1,"item_tips":0},{"id":4,"item_name":"消除魔棒","own_limit":999,"desc":"直接消除指定消除物","use_sence":1,"use_limit":7,"item_tips":0},{"id":5,"item_name":"交换位置","own_limit":999,"desc":"交换指定动物头像的位置","use_sence":1,"use_limit":5,"item_tips":0},{"id":6,"item_name":"神奇目镜","own_limit":999,"desc":"将动物头像变成目镜射线，方向可指定","use_sence":1,"use_limit":5,"item_tips":0},{"id":7,"item_name":"重新排列","own_limit":999,"desc":"将所有动物头像重新排布","use_sence":1,"use_limit":5,"item_tips":0},{"id":8,"item_name":"回退一步","own_limit":999,"desc":"撤销上次操作结果","use_sence":1,"use_limit":5,"item_tips":0},{"id":9,"item_name":"+3步","own_limit":999,"desc":"单局内增加3步","use_sence":1,"use_limit":1,"item_tips":0},{"id":10,"item_name":"时光倒流","own_limit":999,"desc":"可以令阿尔法狗刚刚滑动的一步无效，由你来滑动","use_sence":1,"use_limit":3,"item_tips":0},{"id":11,"item_name":"最后+5步","own_limit":999,"desc":"最后+5步","use_sence":1,"use_limit":3,"item_tips":0},{"id":12,"item_name":"随机道具","own_limit":1,"desc":"随机道具","use_sence":0,"use_limit":1,"item_tips":0},{"id":13,"item_name":"+1步","own_limit":999,"desc":"增加1步","use_sence":0,"use_limit":1,"item_tips":0},{"id":14,"item_name":"+2步","own_limit":999,"desc":"增加2步","use_sence":0,"use_limit":1,"item_tips":0},{"id":15,"item_name":"得分+5%","own_limit":999,"desc":"得分+5%","use_sence":0,"use_limit":1,"item_tips":0},{"id":16,"item_name":"得分+7%","own_limit":999,"desc":"得分+7%","use_sence":0,"use_limit":1,"item_tips":0},{"id":17,"item_name":"得分+9%","own_limit":999,"desc":"得分+9%","use_sence":0,"use_limit":1,"item_tips":0},{"id":18,"item_name":"旋风小丑","own_limit":999,"desc":"旋风小丑","use_sence":0,"use_limit":1,"item_tips":0},{"id":19,"item_name":"合并大师周赛门票","own_limit":999,"desc":"合并大师周赛门票","use_sence":0,"use_limit":1,"item_tips":0},{"id":20,"item_name":"周赛道具","own_limit":999,"desc":"周赛道具","use_sence":1,"use_limit":0,"item_tips":0},{"id":21,"item_name":"六边形周赛门票","own_limit":999,"desc":"六边形周赛门票","use_sence":0,"use_limit":1,"item_tips":0}]}