[{"__type__":"cc.SpriteFrame","content":{"name":"jinsegantanhao","texture":"661XjWfv1BOayrl/asTWcd","rect":[48,201,44,44],"offset":[0,0],"originalSize":[44,44]}},{"__type__":"cc.SpriteFrame","content":{"name":"victory_09","texture":"5f2BaCmQ1CnYPuCD1/rLg9","rect":[465,959,110,40],"offset":[0,0],"originalSize":[110,40]}},{"__type__":"cc.AnimationClip","_name":"jiesuan_shengli","_duration":2.533333333333333,"curveData":{"paths":{"New Node/shengli":{"props":{"scaleX":[{"frame":0,"value":0.4},{"frame":0.1,"value":1.9},{"frame":0.2833333333333333,"value":0.6},{"frame":0.4166666666666667,"value":1.1},{"frame":0.6333333333333333,"value":1},{"frame":1.2833333333333334,"value":1}],"scaleY":[{"frame":0,"value":0.4},{"frame":0.1,"value":1.5},{"frame":0.2833333333333333,"value":0.8},{"frame":0.4166666666666667,"value":1.1},{"frame":0.6333333333333333,"value":1},{"frame":1.2833333333333334,"value":1}],"y":[{"frame":0.8333333333333334,"value":23}],"x":[{"frame":0.8333333333333334,"value":-3}]}},"New Node/New Node/6":{"props":{"y":[{"frame":0.43333333333333335,"value":-141},{"frame":0.6,"value":-125},{"frame":0.7833333333333333,"value":-127},{"frame":1.2333333333333334,"value":-127}],"x":[{"frame":0.43333333333333335,"value":-58},{"frame":0.6,"value":-167},{"frame":0.7833333333333333,"value":-158},{"frame":1.2333333333333334,"value":-158}],"opacity":[{"frame":0.3333333333333333,"value":0},{"frame":0.43333333333333335,"value":255}]}},"New Node/New Node/5":{"props":{"y":[{"frame":0.5,"value":-87},{"frame":0.6,"value":-29},{"frame":0.7666666666666667,"value":-36},{"frame":0.9,"value":-36},{"frame":1.2333333333333334,"value":-36}],"x":[{"frame":0.5,"value":-76},{"frame":0.6,"value":-164},{"frame":0.7666666666666667,"value":-158},{"frame":0.9,"value":-158},{"frame":1.2333333333333334,"value":-158}],"opacity":[{"frame":0.45,"value":0},{"frame":0.5166666666666667,"value":255}]}},"New Node/New Node/4":{"props":{"y":[{"frame":0.43333333333333335,"value":-120},{"frame":0.55,"value":-69},{"frame":0.65,"value":-73},{"frame":0.9166666666666666,"value":-73},{"frame":1.2333333333333334,"value":-73}],"x":[{"frame":0.43333333333333335,"value":-112},{"frame":0.55,"value":-230},{"frame":0.65,"value":-217},{"frame":0.9166666666666666,"value":-217},{"frame":1.2333333333333334,"value":-217}],"opacity":[{"frame":0.38333333333333336,"value":0},{"frame":0.45,"value":255}]}},"New Node/guang9":{"props":{"opacity":[{"frame":0.6833333333333333,"value":0},{"frame":0.85,"value":177.30000000000007},{"frame":1.5333333333333334,"value":177.30000000000007},{"frame":1.6666666666666667,"value":0}],"rotation":[{"frame":0.8333333333333334,"value":-4.200000000000002},{"frame":1.4666666666666666,"value":6.800000000000011}],"y":[{"frame":0.8333333333333334,"value":-67},{"frame":1.4666666666666666,"value":-69}],"x":[{"frame":0.8333333333333334,"value":-14},{"frame":1.4666666666666666,"value":42}]}},"New Node/1111/61":{"props":{"x":[{"frame":0.43333333333333335,"value":-58},{"frame":0.6,"value":-167},{"frame":0.7666666666666667,"value":-158},{"frame":1.2333333333333334,"value":-158}],"y":[{"frame":0.43333333333333335,"value":-41},{"frame":0.6,"value":-125},{"frame":0.7666666666666667,"value":-127},{"frame":1.2333333333333334,"value":-127}],"opacity":[{"frame":0.3333333333333333,"value":0},{"frame":0.43333333333333335,"value":255}]}},"New Node/1111/41":{"props":{"x":[{"frame":0.43333333333333335,"value":-112},{"frame":0.55,"value":-230},{"frame":0.6333333333333333,"value":-217},{"frame":0.9166666666666666,"value":-217},{"frame":1.2333333333333334,"value":-217}],"y":[{"frame":0.43333333333333335,"value":-120},{"frame":0.55,"value":-69},{"frame":0.6333333333333333,"value":-73},{"frame":0.9166666666666666,"value":-73},{"frame":1.2333333333333334,"value":-73}],"opacity":[{"frame":0.38333333333333336,"value":0},{"frame":0.45,"value":255}]}},"New Node/1111/51":{"props":{"x":[{"frame":0.5,"value":-76},{"frame":0.6,"value":-164},{"frame":0.7666666666666667,"value":-158},{"frame":0.9166666666666666,"value":-158},{"frame":1.2333333333333334,"value":-158}],"y":[{"frame":0.5,"value":-87},{"frame":0.6,"value":-29},{"frame":0.7666666666666667,"value":-36},{"frame":0.9166666666666666,"value":-36},{"frame":1.2333333333333334,"value":-36}],"opacity":[{"frame":0.45,"value":0},{"frame":0.5,"value":255}]}},"New Node/8":{"props":{"scaleX":[{"frame":0.45,"value":1},{"frame":0.85,"value":2.7}],"scaleY":[{"frame":0.45,"value":1},{"frame":0.85,"value":2.7}],"opacity":[{"frame":0.6333333333333333,"value":0},{"frame":0.8,"value":255}],"rotation":[{"frame":0.6333333333333333,"value":0},{"frame":2.533333333333333,"value":70}]}},"New Node/7":{"props":{"opacity":[{"frame":0.016666666666666666,"value":0},{"frame":0.5833333333333334,"value":125},{"frame":0.8,"value":255}]}}}}},{"__type__":"cc.SpriteFrame","content":{"name":"victory_04","texture":"fcJS4K3v9B9LpajzpsNm+D","rect":[400,652,136,98],"offset":[0,-5],"originalSize":[136,108]}},{"__type__":"cc.SpriteFrame","content":{"name":"victory_10","texture":"5f2BaCmQ1CnYPuCD1/rLg9","rect":[571,493,68,60],"offset":[-2,-5],"originalSize":[80,80]}},{"__type__":"cc.SpriteFrame","content":{"name":"victory_05","texture":"fcJS4K3v9B9LpajzpsNm+D","rect":[1761,940,108,79],"offset":[0,0],"originalSize":[108,79]}},{"__type__":"cc.SpriteFrame","content":{"name":"victory_01","texture":"fcJS4K3v9B9LpajzpsNm+D","rect":[3,3,411,373],"offset":[0,0],"originalSize":[411,373]}},{"__type__":"cc.SpriteFrame","content":{"name":"victory_06","texture":"fcJS4K3v9B9LpajzpsNm+D","rect":[910,456,238,181],"offset":[0,0],"originalSize":[238,181]}},{"__type__":"cc.SpriteFrame","content":{"name":"bg2","texture":"5f2BaCmQ1CnYPuCD1/rLg9","rect":[420,467,46,26],"offset":[0,0],"originalSize":[46,26]}},[{"__type__":"cc.Prefab","_name":"WinUI","data":{"__id__":1},"asyncLoadAssets":false},{"__type__":"cc.Node","_name":"WinUI","_children":[{"__id__":2},{"__id__":21}],"_components":[{"__type__":"cc.Widget","node":{"__id__":1},"_alignFlags":45},{"__type__":"0cca2s5AK5H/6bwvlpi6Q3S","node":{"__id__":1},"Ani":{"__id__":20},"Value":{"__id__":24}}],"_prefab":{"__type__":"cc.PrefabInfo","root":{"__id__":1},"asset":{"__uuid__":"afgmgE+qxAkKGFttZEsWhd"},"fileId":"6bF0V1J49N643lMfgz6U7B"},"_contentSize":{"__type__":"cc.Size","width":1334,"height":750},"_position":{"__type__":"cc.Vec2","x":667,"y":375}},{"__type__":"cc.Node","_name":"jiesuan_shengli","_parent":{"__id__":1},"_children":[{"__id__":3},{"__id__":4}],"_components":[{"__id__":20},{"__type__":"cc.Widget","node":{"__id__":2},"_alignFlags":45}],"_prefab":{"__type__":"cc.PrefabInfo","root":{"__id__":1},"asset":{"__uuid__":"afgmgE+qxAkKGFttZEsWhd"},"fileId":"e71TDp+ThJGqOC/+m8iNU2"},"_contentSize":{"__type__":"cc.Size","width":1334,"height":750}},{"__type__":"cc.Node","_name":"bg2","_parent":{"__id__":2},"_components":[{"__type__":"cc.Sprite","node":{"__id__":3},"_spriteFrame":{"__uuid__":"974oVhOydK1ZpZ1FnpZclv"},"_sizeMode":0},{"__type__":"cc.Widget","node":{"__id__":3},"_alignFlags":45,"_originalWidth":46,"_originalHeight":26}],"_prefab":{"__type__":"cc.PrefabInfo","root":{"__id__":1},"asset":{"__uuid__":"afgmgE+qxAkKGFttZEsWhd"},"fileId":"56SewI27RCIY4awIuNID+M"},"_contentSize":{"__type__":"cc.Size","width":1334,"height":750}},{"__type__":"cc.Node","_name":"New Node","_parent":{"__id__":2},"_children":[{"__id__":5},{"__id__":6},{"__id__":7},{"__id__":11},{"__id__":15},{"__id__":16},{"__id__":17},{"__id__":18},{"__id__":19}],"_components":[{"__type__":"cc.Widget","node":{"__id__":4},"_alignFlags":45}],"_prefab":{"__type__":"cc.PrefabInfo","root":{"__id__":1},"asset":{"__uuid__":"afgmgE+qxAkKGFttZEsWhd"},"fileId":"8cqeoT2PdD1ZEeDumPXfDt"},"_contentSize":{"__type__":"cc.Size","width":1334,"height":750}},{"__type__":"cc.Node","_name":"7","_parent":{"__id__":4},"_components":[{"__type__":"cc.Sprite","node":{"__id__":5},"_spriteFrame":{"__uuid__":"d6RZbdqehIJaf52sv3gX3Z"},"_sizeMode":0},{"__type__":"cc.Widget","node":{"__id__":5},"_alignFlags":5,"_originalHeight":100}],"_prefab":{"__type__":"cc.PrefabInfo","root":{"__id__":1},"asset":{"__uuid__":"afgmgE+qxAkKGFttZEsWhd"},"fileId":"7aT7LgKSVMl4H8Gu9JuOQt"},"_contentSize":{"__type__":"cc.Size","width":132,"height":98.6842105263158},"_scaleX":7.6,"_scaleY":7.6},{"__type__":"cc.Node","_name":"8","_parent":{"__id__":4},"_components":[{"__type__":"cc.Sprite","node":{"__id__":6},"_spriteFrame":{"__uuid__":"dbKbl/OJdJK6HAzOJRH1Vg"}}],"_prefab":{"__type__":"cc.PrefabInfo","root":{"__id__":1},"asset":{"__uuid__":"afgmgE+qxAkKGFttZEsWhd"},"fileId":"74s1hgxTRKtL/omrx3RxPA"},"_contentSize":{"__type__":"cc.Size","width":322,"height":265},"_rotationX":70,"_rotationY":70,"_scaleX":1.9,"_scaleY":1.9,"_position":{"__type__":"cc.Vec2","y":-20}},{"__type__":"cc.Node","_name":"New Node","_parent":{"__id__":4},"_children":[{"__id__":8},{"__id__":9},{"__id__":10}],"_prefab":{"__type__":"cc.PrefabInfo","root":{"__id__":1},"asset":{"__uuid__":"afgmgE+qxAkKGFttZEsWhd"},"fileId":"9fYtRpkgBA9rPDsAE+NFSq"},"_scaleX":-1,"_position":{"__type__":"cc.Vec2","y":152}},{"__type__":"cc.Node","_name":"6","_parent":{"__id__":7},"_components":[{"__type__":"cc.Sprite","node":{"__id__":8},"_spriteFrame":{"__uuid__":"873b4pOiBPN72/Nho2s8Gk"}}],"_prefab":{"__type__":"cc.PrefabInfo","root":{"__id__":1},"asset":{"__uuid__":"afgmgE+qxAkKGFttZEsWhd"},"fileId":"6dasq6OYlOMYE0RHk+sNit"},"_contentSize":{"__type__":"cc.Size","width":238,"height":181},"_position":{"__type__":"cc.Vec2","x":-158,"y":-127}},{"__type__":"cc.Node","_name":"4","_parent":{"__id__":7},"_components":[{"__type__":"cc.Sprite","node":{"__id__":9},"_spriteFrame":{"__uuid__":"37hMDw7zFEELcCdJBJpixH"}}],"_prefab":{"__type__":"cc.PrefabInfo","root":{"__id__":1},"asset":{"__uuid__":"afgmgE+qxAkKGFttZEsWhd"},"fileId":"184vvO1ZBEZ4EJ4fIfbCiB"},"_contentSize":{"__type__":"cc.Size","width":136,"height":98},"_position":{"__type__":"cc.Vec2","x":-217,"y":-73}},{"__type__":"cc.Node","_name":"5","_parent":{"__id__":7},"_components":[{"__type__":"cc.Sprite","node":{"__id__":10},"_spriteFrame":{"__uuid__":"625MLrH1xJmIsAH9WHaYqx"}}],"_prefab":{"__type__":"cc.PrefabInfo","root":{"__id__":1},"asset":{"__uuid__":"afgmgE+qxAkKGFttZEsWhd"},"fileId":"a0W4Xhz0NEE7rBaJqcqmlf"},"_contentSize":{"__type__":"cc.Size","width":108,"height":79},"_position":{"__type__":"cc.Vec2","x":-158,"y":-36}},{"__type__":"cc.Node","_name":"1111","_parent":{"__id__":4},"_children":[{"__id__":12},{"__id__":13},{"__id__":14}],"_prefab":{"__type__":"cc.PrefabInfo","root":{"__id__":1},"asset":{"__uuid__":"afgmgE+qxAkKGFttZEsWhd"},"fileId":"cdNYMfM0NIh4W7ud+5VzZ5"},"_position":{"__type__":"cc.Vec2","y":152}},{"__type__":"cc.Node","_name":"61","_parent":{"__id__":11},"_components":[{"__type__":"cc.Sprite","node":{"__id__":12},"_spriteFrame":{"__uuid__":"873b4pOiBPN72/Nho2s8Gk"}}],"_prefab":{"__type__":"cc.PrefabInfo","root":{"__id__":1},"asset":{"__uuid__":"afgmgE+qxAkKGFttZEsWhd"},"fileId":"d30fFLeh9ETZNxgye0Nk95"},"_contentSize":{"__type__":"cc.Size","width":238,"height":181},"_position":{"__type__":"cc.Vec2","x":-158,"y":-127}},{"__type__":"cc.Node","_name":"41","_parent":{"__id__":11},"_components":[{"__type__":"cc.Sprite","node":{"__id__":13},"_spriteFrame":{"__uuid__":"37hMDw7zFEELcCdJBJpixH"}}],"_prefab":{"__type__":"cc.PrefabInfo","root":{"__id__":1},"asset":{"__uuid__":"afgmgE+qxAkKGFttZEsWhd"},"fileId":"62BxlCeAZPq7+/5DxNO1/R"},"_contentSize":{"__type__":"cc.Size","width":136,"height":98},"_position":{"__type__":"cc.Vec2","x":-217,"y":-73}},{"__type__":"cc.Node","_name":"51","_parent":{"__id__":11},"_components":[{"__type__":"cc.Sprite","node":{"__id__":14},"_spriteFrame":{"__uuid__":"625MLrH1xJmIsAH9WHaYqx"}}],"_prefab":{"__type__":"cc.PrefabInfo","root":{"__id__":1},"asset":{"__uuid__":"afgmgE+qxAkKGFttZEsWhd"},"fileId":"feK9sYxShC4KsawWLi9CXL"},"_contentSize":{"__type__":"cc.Size","width":108,"height":79},"_position":{"__type__":"cc.Vec2","x":-158,"y":-36}},{"__type__":"cc.Node","_name":"shengli","_parent":{"__id__":4},"_components":[{"__type__":"cc.Sprite","node":{"__id__":15},"_spriteFrame":{"__uuid__":"65lh8HMclDBKJXu5eVcg3d"}}],"_prefab":{"__type__":"cc.PrefabInfo","root":{"__id__":1},"asset":{"__uuid__":"afgmgE+qxAkKGFttZEsWhd"},"fileId":"49MRlgJZBB4JZcb1hGLcVj"},"_contentSize":{"__type__":"cc.Size","width":411,"height":373}},{"__type__":"cc.Node","_name":"victory_10","_parent":{"__id__":4},"_components":[{"__type__":"cc.Sprite","node":{"__id__":16},"_spriteFrame":{"__uuid__":"60bHrs/gpAUJxeY6PvSufe"},"_sizeMode":0,"_dstBlendFactor":1}],"_prefab":{"__type__":"cc.PrefabInfo","root":{"__id__":1},"asset":{"__uuid__":"afgmgE+qxAkKGFttZEsWhd"},"fileId":"db1S+kGmBLvKh7oyQf5+Km"},"_opacity":160,"_contentSize":{"__type__":"cc.Size","width":100,"height":80},"_scaleX":3,"_scaleY":3,"_position":{"__type__":"cc.Vec2","x":-5,"y":75}},{"__type__":"cc.Node","_name":"guang9","_parent":{"__id__":4},"_components":[{"__type__":"cc.Sprite","node":{"__id__":17},"_spriteFrame":{"__uuid__":"2332HTeF9M5ovSk6NCKtDb"},"_srcBlendFactor":0,"_dstBlendFactor":1}],"_prefab":{"__type__":"cc.PrefabInfo","root":{"__id__":1},"asset":{"__uuid__":"afgmgE+qxAkKGFttZEsWhd"},"fileId":"a2rnqLXddJtqMP/xzTvpCD"},"_opacity":0,"_contentSize":{"__type__":"cc.Size","width":110,"height":40},"_rotationX":6.800000000000011,"_rotationY":6.800000000000011,"_scaleX":2,"_scaleY":2,"_position":{"__type__":"cc.Vec2","x":42,"y":-69}},{"__type__":"cc.Node","_name":"guang10","_parent":{"__id__":4},"_components":[{"__type__":"cc.Sprite","node":{"__id__":18},"_spriteFrame":{"__uuid__":"60bHrs/gpAUJxeY6PvSufe"},"_srcBlendFactor":0,"_dstBlendFactor":1}],"_prefab":{"__type__":"cc.PrefabInfo","root":{"__id__":1},"asset":{"__uuid__":"afgmgE+qxAkKGFttZEsWhd"},"fileId":"84TnKQe2dI5bw/Ce+e7G5L"},"_opacity":0,"_contentSize":{"__type__":"cc.Size","width":68,"height":60},"_scaleX":3,"_scaleY":3,"_position":{"__type__":"cc.Vec2","x":-10,"y":70}},{"__type__":"cc.Node","_name":"victory_10","_parent":{"__id__":4},"_components":[{"__type__":"cc.Sprite","node":{"__id__":19},"_spriteFrame":{"__uuid__":"60bHrs/gpAUJxeY6PvSufe"},"_dstBlendFactor":1}],"_prefab":{"__type__":"cc.PrefabInfo","root":{"__id__":1},"asset":{"__uuid__":"afgmgE+qxAkKGFttZEsWhd"},"fileId":"ec2M3zkUhPqK4zVuOnhfGf"},"_opacity":200,"_contentSize":{"__type__":"cc.Size","width":68,"height":60},"_scaleX":3,"_position":{"__type__":"cc.Vec2","x":-5,"y":-96}},{"__type__":"cc.Animation","node":{"__id__":2},"_defaultClip":{"__uuid__":"28ig+UY6tCS5di1s7F4ymM"},"_clips":[{"__uuid__":"28ig+UY6tCS5di1s7F4ymM"}]},{"__type__":"cc.Node","_name":"Reason","_parent":{"__id__":1},"_children":[{"__id__":22},{"__id__":23}],"_components":[{"__type__":"cc.Sprite","node":{"__id__":21},"_spriteFrame":{"__uuid__":"d5YPFm0gBO4YtwBzj23MwW"},"_type":1,"_sizeMode":0},{"__type__":"cc.Layout","node":{"__id__":21},"_layoutSize":{"__type__":"cc.Size","width":286,"height":40},"_resize":1,"_N$layoutType":1,"_N$paddingLeft":30,"_N$paddingRight":30}],"_prefab":{"__type__":"cc.PrefabInfo","root":{"__id__":1},"asset":{"__uuid__":"afgmgE+qxAkKGFttZEsWhd"},"fileId":"54knK3uCJIe6vtlgrSVSrT"},"_contentSize":{"__type__":"cc.Size","width":286,"height":40},"_position":{"__type__":"cc.Vec2","y":-200}},{"__type__":"cc.Node","_name":"jinsegantanhao","_parent":{"__id__":21},"_components":[{"__type__":"cc.Sprite","node":{"__id__":22},"_spriteFrame":{"__uuid__":"067f+ZfUNNsJwdbidksjsF"}}],"_prefab":{"__type__":"cc.PrefabInfo","root":{"__id__":1},"asset":{"__uuid__":"afgmgE+qxAkKGFttZEsWhd"},"fileId":"16Abx0uR5OeZL4gbcFgrK3"},"_contentSize":{"__type__":"cc.Size","width":44,"height":44},"_position":{"__type__":"cc.Vec2","x":-91,"y":20}},{"__type__":"cc.Node","_name":"New Label","_parent":{"__id__":21},"_components":[{"__id__":24}],"_prefab":{"__type__":"cc.PrefabInfo","root":{"__id__":1},"asset":{"__uuid__":"afgmgE+qxAkKGFttZEsWhd"},"fileId":"21MSH80V1CxqHWU/NeHMTW"},"_color":{"__type__":"cc.Color","r":115,"g":59,"b":36},"_contentSize":{"__type__":"cc.Size","width":182,"height":40},"_position":{"__type__":"cc.Vec2","x":22}},{"__type__":"cc.Label","node":{"__id__":23},"_useOriginalSize":false,"_actualFontSize":26,"_fontSize":26,"_N$string":"敌方基地被摧毁","_N$horizontalAlign":1,"_N$verticalAlign":1}],{"__type__":"cc.SpriteFrame","content":{"name":"jinsediban","texture":"661XjWfv1BOayrl/asTWcd","rect":[616,46,312,42],"offset":[0,0],"originalSize":[312,42],"capInsets":[60,15,60,15]}},{"__type__":"cc.SpriteFrame","content":{"name":"victory_07","texture":"5f2BaCmQ1CnYPuCD1/rLg9","rect":[205,895,132,100],"offset":[1,0],"originalSize":[178,100]}},{"__type__":"cc.SpriteFrame","content":{"name":"CG_light01","texture":"0c0Po/48ROEpzcz7uf6jDS","rect":[654,3,322,265],"offset":[0,0],"originalSize":[322,265]}}]