[[{"__type__":"cc.Prefab","_name":"T_fire01","data":{"__id__":1},"asyncLoadAssets":false},{"__type__":"cc.Node","_name":"T_fire01","_children":[{"__id__":2}],"_components":[{"__type__":"cc.Animation","node":{"__id__":1},"_defaultClip":{"__uuid__":"8a0aNutoJBW5ZiEgtsPpfm"},"_clips":[{"__uuid__":"8a0aNutoJBW5ZiEgtsPpfm"}]}],"_prefab":{"__type__":"cc.PrefabInfo","root":{"__id__":1},"asset":{"__uuid__":"43sjvOwApHuaNYG7E2fDMH"},"fileId":"72qKDavCpHAo5BEJpWofaJ"}},{"__type__":"cc.Node","_name":"sprite","_parent":{"__id__":1},"_components":[{"__type__":"cc.Sprite","node":{"__id__":2},"_spriteFrame":{"__uuid__":"7diTKu489FPqMdxQRfi4+1"}}],"_prefab":{"__type__":"cc.PrefabInfo","root":{"__id__":1},"asset":{"__uuid__":"43sjvOwApHuaNYG7E2fDMH"},"fileId":"34opdJ7BNFTYHyHYt2tL25"},"_contentSize":{"__type__":"cc.Size","width":40,"height":41}}],{"__type__":"cc.SpriteFrame","content":{"name":"shouji05","texture":"20wkx7r05LO5L2PvQg5zW3","rect":[111,1273,40,41],"offset":[0,0],"originalSize":[40,41]}}]