[{"__type__":"cc.SpriteFrame","content":{"name":"jiguang00","texture":"20wkx7r05LO5L2PvQg5zW3","rect":[293,607,34,89],"offset":[-1,0],"originalSize":[70,89]}},[{"__type__":"cc.Prefab","_name":"Bulletjiguang_L","data":{"__id__":1},"asyncLoadAssets":false},{"__type__":"cc.Node","_name":"Bulletjiguang_L","_components":[{"__type__":"71a93I3hEVFh4S+mJpr7C/k","node":{"__id__":1},"EntityType":12,"DeadPrefab":{"__uuid__":"f4KY1w8bhI9LITCkEa8N5H"},"DeadPrefabName":"T_shouji_n_H","Body":{"__id__":1},"MyCollider":{"__id__":2},"tuoWeiSprite":{"__id__":1},"colorSpriteChange":[{"__id__":1}],"blueTeamColor":{"__type__":"cc.Color","r":255,"g":255,"b":255},"redTeamColor":{"__type__":"cc.Color","r":248,"g":139,"b":118}},{"__type__":"cc.Sprite","node":{"__id__":1},"_spriteFrame":{"__uuid__":"3ePCWmLeVM5qlQl6K6f4MZ"},"_sizeMode":0},{"__id__":2}],"_prefab":{"__type__":"cc.PrefabInfo","root":{"__id__":1},"asset":{"__uuid__":"b3Xh+9ABNEC6ENbF0dbrh9"},"fileId":"a9fkla0AVP9baOOR4RH8nX"},"_contentSize":{"__type__":"cc.Size","width":12,"height":15},"_scaleX":11.52,"_scaleY":3.5,"groupIndex":6},{"__type__":"cc.BoxCollider","node":{"__id__":1},"_size":{"__type__":"cc.Size","width":12.5,"height":15}}]]