[{"__type__":"cc.SpriteFrame","content":{"name":"diban","texture":"661XjWfv1BOayrl/asTWcd","rect":[929,46,74,42],"offset":[0,0],"originalSize":[74,42],"capInsets":[25,0,25,0]}},{"__type__":"cc.SpriteFrame","content":{"name":"_0005_arrowheart","texture":"20wkx7r05LO5L2PvQg5zW3","rect":[609,160,50,50],"offset":[0,0],"originalSize":[50,50]}},{"__type__":"cc.SpriteFrame","content":{"name":"_0000_hand","texture":"20wkx7r05LO5L2PvQg5zW3","rect":[330,509,138,126],"offset":[0,0],"originalSize":[138,126]}},{"__type__":"cc.SpriteFrame","content":{"name":"shoot","texture":"fcJS4K3v9B9LpajzpsNm+D","rect":[1377,456,173,174],"offset":[0,0],"originalSize":[173,174]}},[{"__type__":"cc.Prefab","_name":"GuideUI","data":{"__id__":1},"asyncLoadAssets":false},{"__type__":"cc.Node","_name":"GuideUI","_children":[{"__id__":2},{"__id__":6},{"__id__":10},{"__id__":12},{"__id__":17},{"__id__":22},{"__id__":24},{"__id__":28}],"_components":[{"__type__":"cc.Widget","node":{"__id__":1},"_alignFlags":45},{"__type__":"aa0b3odc2JE94kne6ScgxV5","node":{"__id__":1},"GuideTextNode":{"__id__":2},"GuideText":{"__id__":5},"GainItemTextNode":{"__id__":6},"GainItemText":{"__id__":9},"MapGuideFlag":{"__id__":24},"UIGuideFlag":[{"__id__":12},{"__id__":17}],"UIGuideFlagAnchorNodeName":["ActiveUIRoot/JoyStickUI/SkillBtn/SkillBtnBG","ActiveUIRoot/JoyStickUI/spawnArea/MoveNode"],"BtnEnableSpr":{"__uuid__":"2bz/Jy+dlEYYctQ3sBmuCC"},"BtnDisableSpr":{"__uuid__":"cc5RxEWg9DHo8AGmdcni7w"},"GuideLineNode":{"__id__":22},"AttackEnemyNode":{"__id__":28}}],"_prefab":{"__type__":"cc.PrefabInfo","root":{"__id__":1},"asset":{"__uuid__":"2eqUmufkZLabcKoXWI+fQn"},"fileId":"d02L+g1DpHKbnbCcrTeiV8"},"_contentSize":{"__type__":"cc.Size","width":1344,"height":750},"_position":{"__type__":"cc.Vec2","x":672,"y":375}},{"__type__":"cc.Node","_name":"GuideText","_parent":{"__id__":1},"_children":[{"__id__":3},{"__id__":4}],"_prefab":{"__type__":"cc.PrefabInfo","root":{"__id__":1},"asset":{"__uuid__":"2eqUmufkZLabcKoXWI+fQn"},"fileId":"44RafsRghFL5J6bd8Y0CKS"},"_opacity":0,"_position":{"__type__":"cc.Vec2","y":-162}},{"__type__":"cc.Node","_name":"bg","_parent":{"__id__":2},"_components":[{"__type__":"cc.Sprite","node":{"__id__":3},"_spriteFrame":{"__uuid__":"d18tBER9hChoNPrBU4ysNJ"},"_type":1,"_sizeMode":0}],"_prefab":{"__type__":"cc.PrefabInfo","root":{"__id__":1},"asset":{"__uuid__":"2eqUmufkZLabcKoXWI+fQn"},"fileId":"99HxJ0RRJM5oQb7XjTRCJz"},"_contentSize":{"__type__":"cc.Size","width":280,"height":100}},{"__type__":"cc.Node","_name":"txt","_parent":{"__id__":2},"_components":[{"__id__":5}],"_prefab":{"__type__":"cc.PrefabInfo","root":{"__id__":1},"asset":{"__uuid__":"2eqUmufkZLabcKoXWI+fQn"},"fileId":"dcrGdwPLZGIaaAfc9eB9sR"},"_color":{"__type__":"cc.Color","r":169,"g":85,"b":26},"_contentSize":{"__type__":"cc.Size","width":176,"height":40}},{"__type__":"cc.Label","node":{"__id__":4},"_useOriginalSize":false,"_actualFontSize":22,"_fontSize":22,"_N$string":"新的道具抵达战场","_N$horizontalAlign":1,"_N$verticalAlign":1},{"__type__":"cc.Node","_name":"GainItemText","_parent":{"__id__":1},"_children":[{"__id__":7},{"__id__":8}],"_prefab":{"__type__":"cc.PrefabInfo","root":{"__id__":1},"asset":{"__uuid__":"2eqUmufkZLabcKoXWI+fQn"},"fileId":"02L519yKNG4af7YENvnRl8"},"_opacity":0,"_position":{"__type__":"cc.Vec2","y":-57}},{"__type__":"cc.Node","_name":"bg","_parent":{"__id__":6},"_components":[{"__type__":"cc.Sprite","node":{"__id__":7},"_spriteFrame":{"__uuid__":"0b5hb2HMVM4o5w8FTaSw6M"},"_type":1,"_sizeMode":0}],"_prefab":{"__type__":"cc.PrefabInfo","root":{"__id__":1},"asset":{"__uuid__":"2eqUmufkZLabcKoXWI+fQn"},"fileId":"eenkqta35IoLcIq0cHi/5K"},"_contentSize":{"__type__":"cc.Size","width":280,"height":42}},{"__type__":"cc.Node","_name":"txt","_parent":{"__id__":6},"_components":[{"__id__":9}],"_prefab":{"__type__":"cc.PrefabInfo","root":{"__id__":1},"asset":{"__uuid__":"2eqUmufkZLabcKoXWI+fQn"},"fileId":"9bq71j/5xLI5q3xU7K90fy"},"_color":{"__type__":"cc.Color","r":255,"g":212,"b":97},"_contentSize":{"__type__":"cc.Size","width":176,"height":40}},{"__type__":"cc.Label","node":{"__id__":8},"_useOriginalSize":false,"_actualFontSize":22,"_fontSize":22,"_N$string":"新的道具抵达战场","_N$horizontalAlign":1,"_N$verticalAlign":1},{"__type__":"cc.Node","_name":"ExitGuide","_parent":{"__id__":1},"_children":[{"__id__":11}],"_components":[{"__type__":"cc.Sprite","node":{"__id__":10},"_spriteFrame":{"__uuid__":"f2/dATR8xBP6pVCT8jjB6M"},"_sizeMode":2},{"__type__":"cc.Widget","node":{"__id__":10},"_alignFlags":9,"_left":15,"_top":15,"_bottom":53},{"__type__":"cc.Button","node":{"__id__":10},"clickEvents":[{"__type__":"cc.ClickEvent","target":{"__id__":1},"component":"GuideUI","handler":"OnExitGuideBtn"}],"_N$target":{"__id__":10}},{"__type__":"583e37tDMZOyrHYOPD8BB3O","node":{"__id__":10},"pressedScale":1.05,"transDuration":0.1}],"_prefab":{"__type__":"cc.PrefabInfo","root":{"__id__":1},"asset":{"__uuid__":"2eqUmufkZLabcKoXWI+fQn"},"fileId":"74dKMG2WxJNoDvTfLDbHjv"},"_contentSize":{"__type__":"cc.Size","width":142,"height":42},"_position":{"__type__":"cc.Vec2","x":-586,"y":339}},{"__type__":"cc.Node","_name":"Text","_parent":{"__id__":10},"_components":[{"__type__":"cc.Label","node":{"__id__":11},"_useOriginalSize":false,"_actualFontSize":21,"_fontSize":21,"_lineHeight":21,"_N$string":"跳过引导","_N$horizontalAlign":1,"_N$verticalAlign":1}],"_prefab":{"__type__":"cc.PrefabInfo","root":{"__id__":1},"asset":{"__uuid__":"2eqUmufkZLabcKoXWI+fQn"},"fileId":"d1vwAnrNJIg6vId1/WJMMh"},"_color":{"__type__":"cc.Color","r":136,"g":70,"b":42},"_contentSize":{"__type__":"cc.Size","width":84,"height":21}},{"__type__":"cc.Node","_name":"zhiyinUI_R","_parent":{"__id__":1},"_children":[{"__id__":13},{"__id__":14},{"__id__":15},{"__id__":16}],"_components":[{"__type__":"cc.Animation","node":{"__id__":12},"_defaultClip":{"__uuid__":"4cA11IX8RHSr1xWOkMjOyZ"},"_clips":[{"__uuid__":"4cA11IX8RHSr1xWOkMjOyZ"}],"playOnLoad":true}],"_prefab":{"__type__":"cc.PrefabInfo","root":{"__id__":1},"asset":{"__uuid__":"2eqUmufkZLabcKoXWI+fQn"},"fileId":"2bbPtKqQlEcowsAkT97+Zd"},"_opacity":0,"_position":{"__type__":"cc.Vec2","x":517,"y":-263}},{"__type__":"cc.Node","_name":"ring","_parent":{"__id__":12},"_components":[{"__type__":"cc.Sprite","node":{"__id__":13},"_spriteFrame":{"__uuid__":"8evLlwVatI6qJAUIMnjN49"},"_sizeMode":0,"_isTrimmedMode":false}],"_prefab":{"__type__":"cc.PrefabInfo","root":{"__id__":1},"asset":{"__uuid__":"2eqUmufkZLabcKoXWI+fQn"},"fileId":"19rDEfLf1KwIFTWuchx7NS"},"_contentSize":{"__type__":"cc.Size","width":296,"height":318},"_scaleX":0.8,"_scaleY":0.8,"_position":{"__type__":"cc.Vec2","x":-1}},{"__type__":"cc.Node","_name":"quan","_parent":{"__id__":12},"_components":[{"__type__":"cc.Sprite","node":{"__id__":14},"_spriteFrame":{"__uuid__":"d6VL3x6WdLW6Ec3tKoGYDw"},"_sizeMode":0,"_isTrimmedMode":false}],"_prefab":{"__type__":"cc.PrefabInfo","root":{"__id__":1},"asset":{"__uuid__":"2eqUmufkZLabcKoXWI+fQn"},"fileId":"5eqp3bPOtDcLpTY9Om7jtU"},"_contentSize":{"__type__":"cc.Size","width":94,"height":94}},{"__type__":"cc.Node","_name":"shou","_parent":{"__id__":12},"_components":[{"__type__":"cc.Sprite","node":{"__id__":15},"_spriteFrame":{"__uuid__":"2bVQ43x15OVrQNrdN0C1Xr"},"_sizeMode":0,"_isTrimmedMode":false}],"_prefab":{"__type__":"cc.PrefabInfo","root":{"__id__":1},"asset":{"__uuid__":"2eqUmufkZLabcKoXWI+fQn"},"fileId":"3dAoDUzoRC6pg8wJS1kFau"},"_contentSize":{"__type__":"cc.Size","width":138,"height":126},"_position":{"__type__":"cc.Vec2","x":55,"y":-33}},{"__type__":"cc.Node","_name":"New Sprite","_parent":{"__id__":12},"_components":[{"__type__":"cc.Sprite","node":{"__id__":16},"_spriteFrame":{"__uuid__":"6boDiCn3REi6DNw82tap4F"},"_sizeMode":0,"_isTrimmedMode":false}],"_prefab":{"__type__":"cc.PrefabInfo","root":{"__id__":1},"asset":{"__uuid__":"2eqUmufkZLabcKoXWI+fQn"},"fileId":"ccaaTcfWBJVpYT4zAXq7Wc"},"_contentSize":{"__type__":"cc.Size","width":230,"height":234},"_scaleX":1.06,"_scaleY":1.06,"_position":{"__type__":"cc.Vec2","x":-1.7,"y":-9.7}},{"__type__":"cc.Node","_name":"zhiyinUI_L","_parent":{"__id__":1},"_children":[{"__id__":18},{"__id__":19},{"__id__":20},{"__id__":21}],"_components":[{"__type__":"cc.Animation","node":{"__id__":17},"_defaultClip":{"__uuid__":"5azd7X79RJD6eonvcteNL+"},"_clips":[{"__uuid__":"5azd7X79RJD6eonvcteNL+"}],"playOnLoad":true}],"_prefab":{"__type__":"cc.PrefabInfo","root":{"__id__":1},"asset":{"__uuid__":"2eqUmufkZLabcKoXWI+fQn"},"fileId":"e2pO08++hBTqm8s9OTzfNV"},"_opacity":0,"_position":{"__type__":"cc.Vec2","x":-505,"y":-215}},{"__type__":"cc.Node","_name":"jiantou","_parent":{"__id__":17},"_components":[{"__type__":"cc.Sprite","node":{"__id__":18},"_spriteFrame":{"__uuid__":"e7fbSxHZ1GraYHovM9808k"},"_sizeMode":0}],"_prefab":{"__type__":"cc.PrefabInfo","root":{"__id__":1},"asset":{"__uuid__":"2eqUmufkZLabcKoXWI+fQn"},"fileId":"dahmmS3xNLyJdnRBsFdxKC"},"_contentSize":{"__type__":"cc.Size","width":142,"height":240},"_position":{"__type__":"cc.Vec2","x":-1.8,"y":239}},{"__type__":"cc.Node","_name":"ring","_parent":{"__id__":17},"_components":[{"__type__":"cc.Sprite","node":{"__id__":19},"_spriteFrame":{"__uuid__":"8evLlwVatI6qJAUIMnjN49"},"_sizeMode":0,"_isTrimmedMode":false}],"_prefab":{"__type__":"cc.PrefabInfo","root":{"__id__":1},"asset":{"__uuid__":"2eqUmufkZLabcKoXWI+fQn"},"fileId":"62CGROcStFSI01R1STrJD4"},"_contentSize":{"__type__":"cc.Size","width":296,"height":318},"_scaleX":0.9,"_scaleY":0.89,"_position":{"__type__":"cc.Vec2","x":-2,"y":4.2}},{"__type__":"cc.Node","_name":"quan","_parent":{"__id__":17},"_components":[{"__type__":"cc.Sprite","node":{"__id__":20},"_spriteFrame":{"__uuid__":"d6VL3x6WdLW6Ec3tKoGYDw"},"_sizeMode":0,"_isTrimmedMode":false}],"_prefab":{"__type__":"cc.PrefabInfo","root":{"__id__":1},"asset":{"__uuid__":"2eqUmufkZLabcKoXWI+fQn"},"fileId":"87rpeCqjVPkZvEIUjPAqsy"},"_contentSize":{"__type__":"cc.Size","width":94,"height":94}},{"__type__":"cc.Node","_name":"shou","_parent":{"__id__":17},"_components":[{"__type__":"cc.Sprite","node":{"__id__":21},"_spriteFrame":{"__uuid__":"2bVQ43x15OVrQNrdN0C1Xr"},"_sizeMode":0,"_isTrimmedMode":false}],"_prefab":{"__type__":"cc.PrefabInfo","root":{"__id__":1},"asset":{"__uuid__":"2eqUmufkZLabcKoXWI+fQn"},"fileId":"5bVfSFq+9HrImg4yheLJYa"},"_contentSize":{"__type__":"cc.Size","width":138,"height":126},"_position":{"__type__":"cc.Vec2","x":55,"y":-33}},{"__type__":"cc.Node","_name":"zhiyinUI_jiantou","_parent":{"__id__":1},"_children":[{"__id__":23}],"_active":false,"_components":[{"__type__":"cc.Animation","node":{"__id__":22},"_defaultClip":{"__uuid__":"88RR1dIrhJa4gCrSP0uhQI"},"_clips":[{"__uuid__":"88RR1dIrhJa4gCrSP0uhQI"}],"playOnLoad":true}],"_prefab":{"__type__":"cc.PrefabInfo","root":{"__id__":1},"asset":{"__uuid__":"2eqUmufkZLabcKoXWI+fQn"},"fileId":"faEkAT/+FDSpPMZgR/1t1T"}},{"__type__":"cc.Node","_name":"jiantou","_parent":{"__id__":22},"_components":[{"__type__":"cc.Sprite","node":{"__id__":23},"_spriteFrame":{"__uuid__":"cfsAWUxmNGwKKGSeZmvtct"}}],"_prefab":{"__type__":"cc.PrefabInfo","root":{"__id__":1},"asset":{"__uuid__":"2eqUmufkZLabcKoXWI+fQn"},"fileId":"f0pE3reChF+pMyPXoPGz4j"},"_contentSize":{"__type__":"cc.Size","width":46,"height":42},"_rotationX":-90,"_rotationY":-90},{"__type__":"cc.Node","_name":"zhiyinUI_mubiao","_parent":{"__id__":1},"_children":[{"__id__":25},{"__id__":26},{"__id__":27}],"_active":false,"_components":[{"__type__":"cc.Animation","node":{"__id__":24},"_defaultClip":{"__uuid__":"5cwxhLZ0FIrb/zwcvX1cy6"},"_clips":[{"__uuid__":"5cwxhLZ0FIrb/zwcvX1cy6"}],"playOnLoad":true}],"_prefab":{"__type__":"cc.PrefabInfo","root":{"__id__":1},"asset":{"__uuid__":"2eqUmufkZLabcKoXWI+fQn"},"fileId":"66tkM3H/lD+LDRkR5anqDF"},"_contentSize":{"__type__":"cc.Size","width":40,"height":36}},{"__type__":"cc.Node","_name":"kuang","_parent":{"__id__":24},"_components":[{"__type__":"cc.Sprite","node":{"__id__":25},"_spriteFrame":{"__uuid__":"2e6Z07qtxIToLfjpIvQw6v"}}],"_prefab":{"__type__":"cc.PrefabInfo","root":{"__id__":1},"asset":{"__uuid__":"2eqUmufkZLabcKoXWI+fQn"},"fileId":"b2R5L++3ZK1IqyGzUoCYdP"},"_contentSize":{"__type__":"cc.Size","width":138,"height":140}},{"__type__":"cc.Node","_name":"dian","_parent":{"__id__":24},"_components":[{"__type__":"cc.Sprite","node":{"__id__":26},"_spriteFrame":{"__uuid__":"207+Ny6xVBn4qqzuCHczif"}}],"_prefab":{"__type__":"cc.PrefabInfo","root":{"__id__":1},"asset":{"__uuid__":"2eqUmufkZLabcKoXWI+fQn"},"fileId":"e8fpkLCqxDeKCUmmMoUjAA"},"_contentSize":{"__type__":"cc.Size","width":50,"height":50}},{"__type__":"cc.Node","_name":"jiantou","_parent":{"__id__":24},"_components":[{"__type__":"cc.Sprite","node":{"__id__":27},"_spriteFrame":{"__uuid__":"7fobfV7xJCk6Vi6vVHLf4m"}}],"_prefab":{"__type__":"cc.PrefabInfo","root":{"__id__":1},"asset":{"__uuid__":"2eqUmufkZLabcKoXWI+fQn"},"fileId":"d1lJ7mt5xHuK0dcI+f4q9h"},"_contentSize":{"__type__":"cc.Size","width":64,"height":62},"_position":{"__type__":"cc.Vec2","y":62}},{"__type__":"cc.Node","_name":"Enemy","_parent":{"__id__":1},"_children":[{"__id__":29}],"_components":[{"__type__":"cc.Sprite","node":{"__id__":28},"_spriteFrame":{"__uuid__":"0b5hb2HMVM4o5w8FTaSw6M"},"_type":1,"_sizeMode":0},{"__type__":"cc.Layout","node":{"__id__":28},"_layoutSize":{"__type__":"cc.Size","width":252,"height":42},"_resize":1,"_N$layoutType":1,"_N$paddingLeft":30,"_N$paddingRight":30},{"__type__":"cc.Widget","node":{"__id__":28},"_alignFlags":1,"_top":80}],"_prefab":{"__type__":"cc.PrefabInfo","root":{"__id__":1},"asset":{"__uuid__":"2eqUmufkZLabcKoXWI+fQn"},"fileId":"16+6aG1TJDsrVm0Es1PVYB"},"_contentSize":{"__type__":"cc.Size","width":252,"height":42},"_position":{"__type__":"cc.Vec2","y":274}},{"__type__":"cc.Node","_name":"New Label","_parent":{"__id__":28},"_components":[{"__type__":"cc.Label","node":{"__id__":29},"_useOriginalSize":false,"_actualFontSize":24,"_fontSize":24,"_N$string":"欢迎来到新手引导","_N$horizontalAlign":1,"_N$verticalAlign":1}],"_prefab":{"__type__":"cc.PrefabInfo","root":{"__id__":1},"asset":{"__uuid__":"2eqUmufkZLabcKoXWI+fQn"},"fileId":"273N3Omn9Cgrh08orx0zXV"},"_color":{"__type__":"cc.Color","r":255,"g":228,"b":89},"_contentSize":{"__type__":"cc.Size","width":192,"height":40}}],{"__type__":"cc.SpriteFrame","content":{"name":"_0006_choose","texture":"20wkx7r05LO5L2PvQg5zW3","rect":[3,576,138,140],"offset":[1,3],"originalSize":[170,170]}},{"__type__":"cc.AnimationClip","_name":"zhiyinUI_R","_duration":0.9166666666666666,"wrapMode":2,"curveData":{"paths":{"quan":{"props":{"scaleY":[{"frame":0,"value":1},{"frame":0.18333333333333332,"value":1.8},{"frame":0.6,"value":2.41}],"scaleX":[{"frame":0,"value":1},{"frame":0.18333333333333332,"value":1.8},{"frame":0.6,"value":2.41}],"opacity":[{"frame":0,"value":0},{"frame":0.03333333333333333,"value":255},{"frame":0.21666666666666667,"value":255},{"frame":0.6,"value":0}]}},"shou":{"props":{"y":[{"frame":0,"value":-6},{"frame":0.5166666666666667,"value":23},{"frame":0.9166666666666666,"value":-6}]}}}}},{"__type__":"cc.AnimationClip","_name":"zhiyinUI_L","_duration":0.9166666666666666,"wrapMode":2,"curveData":{"paths":{"jiantou":{"props":{"x":[{"frame":0.08333333333333333,"value":-1.8},{"frame":0.5666666666666667,"value":-1.8},{"frame":0.9166666666666666,"value":-1.8}],"y":[{"frame":0.08333333333333333,"value":260},{"frame":0.5666666666666667,"value":286},{"frame":0.9166666666666666,"value":307}],"opacity":[{"frame":0.08333333333333333,"value":0},{"frame":0.2833333333333333,"value":255},{"frame":0.6833333333333333,"value":255},{"frame":0.9166666666666666,"value":0}]}},"quan":{"props":{"scaleY":[{"frame":0,"value":1},{"frame":0.18333333333333332,"value":1.8},{"frame":0.6,"value":2.41}],"scaleX":[{"frame":0,"value":1},{"frame":0.18333333333333332,"value":1.8},{"frame":0.6,"value":2.41}],"opacity":[{"frame":0,"value":0},{"frame":0.03333333333333333,"value":255},{"frame":0.21666666666666667,"value":255},{"frame":0.6,"value":0}]}},"shou":{"props":{"y":[{"frame":0,"value":-6},{"frame":0.5166666666666667,"value":23},{"frame":0.9166666666666666,"value":-6}]}}}}},{"__type__":"cc.AnimationClip","_name":"zhiyinUI_mubiao","_duration":0.83,"wrapMode":2,"curveData":{"paths":{"jiantou":{"props":{"y":[{"frame":0,"value":77},{"frame":0.43333333333333335,"value":62},{"frame":0.8333333333333334,"value":77}]}},"dian":{"props":{"scaleY":[{"frame":0,"value":0.59},{"frame":0.43333333333333335,"value":0.96},{"frame":0.8333333333333334,"value":0.59}],"scaleX":[{"frame":0,"value":0.59},{"frame":0.43333333333333335,"value":0.96},{"frame":0.8333333333333334,"value":0.59}]}},"kuang":{"props":{"scaleX":[{"frame":0,"value":1},{"frame":0.43333333333333335,"value":1.13},{"frame":0.8333333333333334,"value":1}],"scaleY":[{"frame":0,"value":1},{"frame":0.43333333333333335,"value":1.13},{"frame":0.8333333333333334,"value":1}]}}}}},{"__type__":"cc.SpriteFrame","content":{"name":"yaoganditu2","texture":"fcJS4K3v9B9LpajzpsNm+D","rect":[400,377,270,274],"offset":[0,0],"originalSize":[270,274]}},{"__type__":"cc.SpriteFrame","content":{"name":"_0004_arrowbig","texture":"20wkx7r05LO5L2PvQg5zW3","rect":[83,1167,64,62],"offset":[0,0],"originalSize":[64,62]}},{"__type__":"cc.AnimationClip","_name":"zhiyinUI_jiantou","_duration":0.97,"wrapMode":2,"curveData":{"paths":{"jiantou":{"props":{"opacity":[{"frame":0,"value":0},{"frame":0.5333333333333333,"value":255},{"frame":0.9666666666666667,"value":0}],"x":[{"frame":0,"value":0},{"frame":0.9666666666666667,"value":0}],"y":[{"frame":0,"value":0},{"frame":0.9666666666666667,"value":33}]}}}}},{"__type__":"cc.SpriteFrame","content":{"name":"gaoliang","texture":"20wkx7r05LO5L2PvQg5zW3","rect":[661,3,296,318],"offset":[0,0],"originalSize":[296,318]}},{"__type__":"cc.SpriteFrame","content":{"name":"shoot-black","texture":"fcJS4K3v9B9LpajzpsNm+D","rect":[650,215,150,150],"offset":[0,0],"originalSize":[150,150]}},{"__type__":"cc.SpriteFrame","content":{"name":"_0003_road","texture":"20wkx7r05LO5L2PvQg5zW3","rect":[609,317,46,42],"offset":[0,0],"originalSize":[46,42]}},{"__type__":"cc.SpriteFrame","content":{"name":"TipBG","texture":"5f2BaCmQ1CnYPuCD1/rLg9","rect":[810,3,204,90],"offset":[0,0],"originalSize":[204,90],"capInsets":[65,0,65,0]}},{"__type__":"cc.SpriteFrame","content":{"name":"_0002_choose","texture":"20wkx7r05LO5L2PvQg5zW3","rect":[720,1028,94,94],"offset":[0,0],"originalSize":[94,94]}},{"__type__":"cc.SpriteFrame","content":{"name":"_0001_arrow","texture":"20wkx7r05LO5L2PvQg5zW3","rect":[164,366,142,240],"offset":[0,0],"originalSize":[142,240]}},{"__type__":"cc.SpriteFrame","content":{"name":"diban","texture":"fcJS4K3v9B9LpajzpsNm+D","rect":[1122,743,142,42],"offset":[0,0],"originalSize":[142,42]}}]