[[{"__type__":"cc.Prefab","_name":"Fire03_M","data":{"__id__":1},"asyncLoadAssets":false},{"__type__":"cc.Node","_name":"Fire03_M","_children":[{"__id__":2}],"_components":[{"__type__":"5f78867I45Ho4XUIjr0GHcB","node":{"__id__":1},"positionNode":{"__id__":1}}],"_prefab":{"__type__":"cc.PrefabInfo","root":{"__id__":1},"asset":{"__uuid__":"57RDBNPoNNQoMigvdpkUQE"},"fileId":"43oA9hzcBDVIKiBhOb/ccz"}},{"__type__":"cc.Node","_name":"Fire03UI","_parent":{"__id__":1},"_children":[{"__id__":3}],"_prefab":{"__type__":"cc.PrefabInfo","root":{"__id__":1},"asset":{"__uuid__":"57RDBNPoNNQoMigvdpkUQE"},"fileId":"1awA0onGBERLfK7NgFvVFI"},"_scaleX":1.3,"_scaleY":1.3,"_position":{"__type__":"cc.Vec2","x":-4,"y":110}},{"__type__":"cc.Node","_name":"3","_parent":{"__id__":2},"_components":[{"__type__":"cc.Sprite","node":{"__id__":3},"_spriteFrame":{"__uuid__":"66xU5g+xlCIpIHeCptAqoA"}}],"_prefab":{"__type__":"cc.PrefabInfo","root":{"__id__":1},"asset":{"__uuid__":"57RDBNPoNNQoMigvdpkUQE"},"fileId":"c6Co+EAuJIiIg2JoLU3w+l"},"_contentSize":{"__type__":"cc.Size","width":138,"height":57}}],{"__type__":"cc.SpriteFrame","content":{"name":"UI_fire03_3","texture":"20wkx7r05LO5L2PvQg5zW3","rect":[469,509,138,57],"offset":[4,1],"originalSize":[152,61]}}]