[{"__type__":"cc.SpriteFrame","content":{"name":"icontwo","texture":"661XjWfv1BOayrl/asTWcd","rect":[717,199,72,56],"offset":[0,0],"originalSize":[72,56]}},{"__type__":"cc.SpriteFrame","content":{"name":"Self_57","texture":"661XjWfv1BOayrl/asTWcd","rect":[790,199,22,38],"offset":[0,-1],"originalSize":[22,40]}},{"__type__":"cc.SpriteFrame","content":{"name":"Enemy_48","texture":"661XjWfv1BOayrl/asTWcd","rect":[348,256,22,36],"offset":[0,-2],"originalSize":[22,40]}},{"__type__":"cc.SpriteFrame","content":{"name":"zhiliaozhuanjia","texture":"661XjWfv1BOayrl/asTWcd","rect":[616,176,100,22],"offset":[0,0],"originalSize":[100,22]}},{"__type__":"cc.SpriteFrame","content":{"name":"jinsegantanhao","texture":"661XjWfv1BOayrl/asTWcd","rect":[48,201,44,44],"offset":[0,0],"originalSize":[44,44]}},{"__type__":"cc.SpriteFrame","content":{"name":"diban","texture":"661XjWfv1BOayrl/asTWcd","rect":[929,46,74,42],"offset":[0,0],"originalSize":[74,42],"capInsets":[25,0,25,0]}},{"__type__":"cc.SpriteFrame","content":{"name":"iconone","texture":"661XjWfv1BOayrl/asTWcd","rect":[3,357,70,56],"offset":[0,0],"originalSize":[72,56]}},{"__type__":"cc.SpriteFrame","content":{"name":"_0010_kill","texture":"661XjWfv1BOayrl/asTWcd","rect":[1000,129,20,20],"offset":[0,0],"originalSize":[20,20]}},{"__type__":"cc.SpriteFrame","content":{"name":"bluemvp","texture":"661XjWfv1BOayrl/asTWcd","rect":[886,272,72,32],"offset":[0,0],"originalSize":[72,32]}},{"__type__":"cc.SpriteFrame","content":{"name":"_0007_greybutton","texture":"661XjWfv1BOayrl/asTWcd","rect":[616,89,206,86],"offset":[0,0],"originalSize":[206,86]}},{"__type__":"cc.SpriteFrame","content":{"name":"Enemy_49","texture":"661XjWfv1BOayrl/asTWcd","rect":[1004,40,16,36],"offset":[0,-2],"originalSize":[22,40]}},{"__type__":"cc.SpriteFrame","content":{"name":"Enemy_51","texture":"661XjWfv1BOayrl/asTWcd","rect":[118,256,22,38],"offset":[0,-1],"originalSize":[22,40]}},{"__type__":"cc.SpriteFrame","content":{"name":"Self_55","texture":"661XjWfv1BOayrl/asTWcd","rect":[141,256,22,36],"offset":[0,-2],"originalSize":[22,40]}},{"__type__":"cc.SpriteFrame","content":{"name":"_0007_orangebutton","texture":"661XjWfv1BOayrl/asTWcd","rect":[823,89,176,74],"offset":[0,0],"originalSize":[176,74]}},{"__type__":"cc.SpriteFrame","content":{"name":"Enemy_52","texture":"661XjWfv1BOayrl/asTWcd","rect":[302,256,22,36],"offset":[0,-2],"originalSize":[22,40]}},{"__type__":"cc.SpriteFrame","content":{"name":"bifenbanditu","texture":"661XjWfv1BOayrl/asTWcd","rect":[3,296,420,54],"offset":[0,0],"originalSize":[420,54]}},{"__type__":"cc.SpriteFrame","content":{"name":"Self_52","texture":"661XjWfv1BOayrl/asTWcd","rect":[187,256,22,36],"offset":[0,-2],"originalSize":[22,40]}},{"__type__":"cc.SpriteFrame","content":{"name":"blueditu","texture":"661XjWfv1BOayrl/asTWcd","rect":[3,102,612,98],"offset":[0,0],"originalSize":[612,98]}},{"__type__":"cc.SpriteFrame","content":{"name":"Self_56","texture":"661XjWfv1BOayrl/asTWcd","rect":[790,238,22,38],"offset":[0,-1],"originalSize":[22,40]}},{"__type__":"cc.SpriteFrame","content":{"name":"_0011_die","texture":"661XjWfv1BOayrl/asTWcd","rect":[1000,108,20,20],"offset":[0,0],"originalSize":[20,20]}},{"__type__":"cc.SpriteFrame","content":{"name":"hengsaoqianjun","texture":"661XjWfv1BOayrl/asTWcd","rect":[616,199,100,22],"offset":[0,0],"originalSize":[100,22]}},{"__type__":"cc.SpriteAtlas","_name":"SettlementUI.plist","_spriteFrames":{"Enemy_48":{"__uuid__":"02f+NHH21JvYhDH+j0F0yV"},"Enemy_49":{"__uuid__":"151zUz/5xMDpxzP36BTLGX"},"Enemy_50":{"__uuid__":"ccrBdTxCpLF5OAvntI1Mme"},"Enemy_51":{"__uuid__":"249/cJOM5Nr4FtLvNAOGqc"},"Enemy_52":{"__uuid__":"3dGI0N/WBI4bneLfW3zoe4"},"Enemy_53":{"__uuid__":"d5ZliXk0NGN7UeJ3MWUBE1"},"Enemy_54":{"__uuid__":"ea018L1wNA5aXgSS3LUlih"},"Enemy_55":{"__uuid__":"912l7D9pZDjJ8IsCcLfR3a"},"Enemy_56":{"__uuid__":"ce8cNOpOZIqZKX2wnuN8nA"},"Enemy_57":{"__uuid__":"eb63lBp2RC5YtUhGJaj5+Z"},"Self_48":{"__uuid__":"e5r2p3AoJJar3d9UOOsMCI"},"Self_49":{"__uuid__":"f5jwZY0DtEUaRtjx5lzNL2"},"Self_50":{"__uuid__":"ccPeStbcJCD6Ov2QdPoqPU"},"Self_51":{"__uuid__":"87aDRbTQ5NnYP7pWdqo71l"},"Self_52":{"__uuid__":"48+4w6CGBGM7ctr7lgHY9X"},"Self_53":{"__uuid__":"a9G/3b7gNIErBkKm0u0rZZ"},"Self_54":{"__uuid__":"96v7nCnutDRrFrYQwO0h9N"},"Self_55":{"__uuid__":"2bI/ZeRA5GcpOJ4A4uTXs2"},"Self_56":{"__uuid__":"58lTRBg75JyKDaiPXEyB4u"},"Self_57":{"__uuid__":"01fR42jjZNILJAsSFPhRbV"},"_0004_bifen":{"__uuid__":"a9/gS0dyNNiq5/xLtyGJWd"},"_0006_button":{"__uuid__":"7bVXuX55VM36mljrwl8dF/"},"_0007_greybutton":{"__uuid__":"10aY44y9xPD4hcwKOwE7k0"},"_0007_orangebutton":{"__uuid__":"39KPZzUXNForAFpo8GD/Wn"},"_0010_kill":{"__uuid__":"0fXsmdj3JKb4CE933trWuD"},"_0011_die":{"__uuid__":"59twhWQklG+6ARX2me5BNP"},"_0012_whitebutton":{"__uuid__":"e2MVMwa6lCTa75C26rqLre"},"_0013_yellowbutton":{"__uuid__":"aemcyPHctHuaQmSaHZqpj/"},"bifenbanditu":{"__uuid__":"466zSVfFJFeK20FltzQ9Is"},"blueditu":{"__uuid__":"4cqKuQCqRC74uKEGhR0hVh"},"bluemvp":{"__uuid__":"10SybgbSBI4JHpx6Dywhh8"},"diban":{"__uuid__":"0b5hb2HMVM4o5w8FTaSw6M"},"hengsaoqianjun":{"__uuid__":"608+BS4ydB0omjRGIbnJtj"},"iconone":{"__uuid__":"0cVLOvOZBEerIuC9Ikr/EH"},"iconthree":{"__uuid__":"fdJ1VJeAFHYLmQDynq80FG"},"icontwo":{"__uuid__":"00wE2svS1Mt6MIEh6ylsQR"},"jinsediban":{"__uuid__":"d5YPFm0gBO4YtwBzj23MwW"},"jinsegantanhao":{"__uuid__":"067f+ZfUNNsJwdbidksjsF"},"pohuaizhiwang":{"__uuid__":"eemW2Hw0FL9br2eI76g9JC"},"redditu":{"__uuid__":"aaGCFqapFP4JQ9sBuM13dK"},"redmvp":{"__uuid__":"e5zM9DeoRP/YvFhzu5e/Iv"},"shibaicuihuidifangjididitu":{"__uuid__":"78fMw5gclHnoVZP2ZTgaUJ"},"yinsediban":{"__uuid__":"98oY9qar9Mv6DbcmTU1yZD"},"yinsegantanhao":{"__uuid__":"8fn7LYthlJzKAK77RhMGkg"},"zhiliaozhuanjia":{"__uuid__":"04acFMh/xBKazPA+TUCf/9"}}},{"__type__":"cc.SpriteFrame","content":{"name":"shibaicuihuidifangjididitu","texture":"661XjWfv1BOayrl/asTWcd","rect":[929,3,74,42],"offset":[0,0],"originalSize":[74,42],"capInsets":[20,0,20,0]}},{"__type__":"cc.SpriteFrame","content":{"name":"_0006_button","texture":"661XjWfv1BOayrl/asTWcd","rect":[823,164,176,74],"offset":[0,0],"originalSize":[176,74]}},{"__type__":"cc.SpriteFrame","content":{"name":"Self_51","texture":"661XjWfv1BOayrl/asTWcd","rect":[26,256,22,38],"offset":[0,-1],"originalSize":[22,40]}},{"__type__":"cc.SpriteFrame","content":{"name":"yinsegantanhao","texture":"661XjWfv1BOayrl/asTWcd","rect":[3,201,44,44],"offset":[0,0],"originalSize":[44,44]}},{"__type__":"cc.SpriteFrame","content":{"name":"Enemy_55","texture":"661XjWfv1BOayrl/asTWcd","rect":[256,256,22,36],"offset":[0,-2],"originalSize":[22,40]}},{"__type__":"cc.SpriteFrame","content":{"name":"Self_54","texture":"661XjWfv1BOayrl/asTWcd","rect":[3,256,22,38],"offset":[0,-1],"originalSize":[22,40]}},{"__type__":"cc.SpriteFrame","content":{"name":"yinsediban","texture":"661XjWfv1BOayrl/asTWcd","rect":[616,3,312,42],"offset":[0,0],"originalSize":[312,42],"capInsets":[60,15,60,15]}},{"__type__":"cc.SpriteFrame","content":{"name":"Self_53","texture":"661XjWfv1BOayrl/asTWcd","rect":[164,256,22,36],"offset":[0,-2],"originalSize":[22,40]}},{"__type__":"cc.SpriteFrame","content":{"name":"_0004_bifen","texture":"661XjWfv1BOayrl/asTWcd","rect":[1004,77,12,30],"offset":[0,0],"originalSize":[12,30]}},{"__type__":"cc.SpriteFrame","content":{"name":"redditu","texture":"661XjWfv1BOayrl/asTWcd","rect":[3,3,612,98],"offset":[0,0],"originalSize":[612,98]}},{"__type__":"cc.SpriteFrame","content":{"name":"_0013_yellowbutton","texture":"661XjWfv1BOayrl/asTWcd","rect":[959,239,48,58],"offset":[0,0],"originalSize":[48,58],"capInsets":[15,0,15,0]}},{"__type__":"cc.SpriteFrame","content":{"name":"Self_50","texture":"661XjWfv1BOayrl/asTWcd","rect":[210,256,22,36],"offset":[0,-2],"originalSize":[22,40]}},{"__type__":"cc.SpriteFrame","content":{"name":"Enemy_50","texture":"661XjWfv1BOayrl/asTWcd","rect":[325,256,22,36],"offset":[0,-2],"originalSize":[22,40]}},{"__type__":"cc.SpriteFrame","content":{"name":"Enemy_56","texture":"661XjWfv1BOayrl/asTWcd","rect":[72,256,22,38],"offset":[0,-1],"originalSize":[22,40]}},{"__type__":"cc.SpriteFrame","content":{"name":"jinsediban","texture":"661XjWfv1BOayrl/asTWcd","rect":[616,46,312,42],"offset":[0,0],"originalSize":[312,42],"capInsets":[60,15,60,15]}},{"__type__":"cc.SpriteFrame","content":{"name":"Enemy_53","texture":"661XjWfv1BOayrl/asTWcd","rect":[279,256,22,36],"offset":[0,-2],"originalSize":[22,40]}},{"__type__":"cc.SpriteFrame","content":{"name":"_0012_whitebutton","texture":"661XjWfv1BOayrl/asTWcd","rect":[959,298,48,58],"offset":[0,0],"originalSize":[48,58],"capInsets":[15,0,15,0]}},{"__type__":"cc.SpriteFrame","content":{"name":"Self_48","texture":"661XjWfv1BOayrl/asTWcd","rect":[233,256,22,36],"offset":[0,-2],"originalSize":[22,40]}},{"__type__":"cc.SpriteFrame","content":{"name":"redmvp","texture":"661XjWfv1BOayrl/asTWcd","rect":[886,239,72,32],"offset":[0,0],"originalSize":[72,32]}},{"__type__":"cc.SpriteFrame","content":{"name":"Enemy_54","texture":"661XjWfv1BOayrl/asTWcd","rect":[95,256,22,38],"offset":[0,-1],"originalSize":[22,40]}},{"__type__":"cc.SpriteFrame","content":{"name":"Enemy_57","texture":"661XjWfv1BOayrl/asTWcd","rect":[49,256,22,38],"offset":[0,-1],"originalSize":[22,40]}},{"__type__":"cc.SpriteFrame","content":{"name":"pohuaizhiwang","texture":"661XjWfv1BOayrl/asTWcd","rect":[717,176,100,22],"offset":[0,0],"originalSize":[100,22]}},{"__type__":"cc.SpriteFrame","content":{"name":"Self_49","texture":"661XjWfv1BOayrl/asTWcd","rect":[1004,3,16,36],"offset":[0,-2],"originalSize":[22,40]}},{"__type__":"cc.SpriteFrame","content":{"name":"iconthree","texture":"661XjWfv1BOayrl/asTWcd","rect":[813,239,72,56],"offset":[0,0],"originalSize":[72,56]}}]