[{"__type__":"cc.SpriteFrame","content":{"name":"sanjiaoxing-","texture":"0c0Po/48ROEpzcz7uf6jDS","rect":[3,1228,116,154],"offset":[0,0],"originalSize":[116,154]}},{"__type__":"cc.SpriteFrame","content":{"name":"dian","texture":"0c0Po/48ROEpzcz7uf6jDS","rect":[998,44,14,12],"offset":[-1,-19],"originalSize":[36,50]}},{"__type__":"cc.SpriteFrame","content":{"name":"CG_tank_lvdai04","texture":"0c0Po/48ROEpzcz7uf6jDS","rect":[977,3,31,9],"offset":[0,0],"originalSize":[31,9]}},{"__type__":"cc.SpriteFrame","content":{"name":"wenlier","texture":"0c0Po/48ROEpzcz7uf6jDS","rect":[3,1107,122,120],"offset":[0,0],"originalSize":[122,120]}},{"__type__":"cc.SpriteFrame","content":{"name":"mihuang","texture":"0c0Po/48ROEpzcz7uf6jDS","rect":[1009,8,12,4],"offset":[0,0],"originalSize":[12,4],"capInsets":[3,0,2,0]}},{"__type__":"cc.SpriteFrame","content":{"name":"blue","texture":"0c0Po/48ROEpzcz7uf6jDS","rect":[3,619,316,302],"offset":[0,0],"originalSize":[316,302]}},{"__type__":"cc.SpriteFrame","content":{"name":"largediban","texture":"0c0Po/48ROEpzcz7uf6jDS","rect":[856,576,162,92],"offset":[0,0],"originalSize":[162,92],"capInsets":[70,0,70,0]}},{"__type__":"cc.SpriteFrame","content":{"name":"orange","texture":"0c0Po/48ROEpzcz7uf6jDS","rect":[1009,3,12,4],"offset":[0,0],"originalSize":[12,4],"capInsets":[5,0,5,0]}},{"__type__":"cc.SpriteFrame","content":{"name":"leidaxian","texture":"0c0Po/48ROEpzcz7uf6jDS","rect":[639,269,320,306],"offset":[0,16],"originalSize":[346,366]}},{"__type__":"cc.SpriteFrame","content":{"name":"numbersditu","texture":"0c0Po/48ROEpzcz7uf6jDS","rect":[324,367,300,32],"offset":[0,0],"originalSize":[300,32]}},{"__type__":"cc.SpriteFrame","content":{"name":"yuanxinger","texture":"0c0Po/48ROEpzcz7uf6jDS","rect":[324,400,292,292],"offset":[0,0],"originalSize":[292,292]}},{"__type__":"cc.SpriteFrame","content":{"name":"touying","texture":"0c0Po/48ROEpzcz7uf6jDS","rect":[617,668,206,276],"offset":[0,0],"originalSize":[206,276]}},{"__type__":"cc.SpriteFrame","content":{"name":"jianbian","texture":"0c0Po/48ROEpzcz7uf6jDS","rect":[320,693,204,204],"offset":[0,0],"originalSize":[204,204]}},{"__type__":"cc.SpriteFrame","content":{"name":"CG_tank_lvdai03","texture":"0c0Po/48ROEpzcz7uf6jDS","rect":[977,44,20,8],"offset":[0,0],"originalSize":[20,8]}},{"__type__":"cc.SpriteFrame","content":{"name":"CG_yancheng01","texture":"0c0Po/48ROEpzcz7uf6jDS","rect":[722,1121,200,201],"offset":[0,0],"originalSize":[200,201]}},{"__type__":"cc.SpriteFrame","content":{"name":"CG_yancheng03","texture":"0c0Po/48ROEpzcz7uf6jDS","rect":[320,898,200,201],"offset":[0,0],"originalSize":[200,201]}},{"__type__":"cc.SpriteFrame","content":{"name":"CG_light02","texture":"0c0Po/48ROEpzcz7uf6jDS","rect":[824,669,184,226],"offset":[-1,8],"originalSize":[186,242]}},{"__type__":"cc.SpriteFrame","content":{"name":"liubianxing","texture":"0c0Po/48ROEpzcz7uf6jDS","rect":[550,294,83,72],"offset":[0,0],"originalSize":[83,72]}},{"__type__":"cc.SpriteFrame","content":{"name":"CG_bg_yancheng01","texture":"0c0Po/48ROEpzcz7uf6jDS","rect":[158,1053,126,218],"offset":[0,0],"originalSize":[126,218]}},{"__type__":"cc.SpriteAtlas","_name":"New_Logo_tuji.plist","_spriteFrames":{"CG_bg_yancheng01":{"__uuid__":"a7EYHTWzpOQpM20bc1pyMf"},"CG_kaishiyouxi":{"__uuid__":"cb3QkYGCBGCJZo4rJ5kTl3"},"CG_light01":{"__uuid__":"dbKbl/OJdJK6HAzOJRH1Vg"},"CG_light02":{"__uuid__":"90LzQe7v1P5pcxI1GkkZ8s"},"CG_tank_lvdai03":{"__uuid__":"69PEqjLM9IS4tu/qpaezfd"},"CG_tank_lvdai04":{"__uuid__":"0dD8KNXqBB4JrNqRqhZcGC"},"CG_yancheng01":{"__uuid__":"70o2mHZ85IsY6qskNkEXQO"},"CG_yancheng02":{"__uuid__":"cf5GSsM7FPq6bTTZKGzBro"},"CG_yancheng03":{"__uuid__":"77MnVdSE5OToCLwRJTO2xQ"},"blue":{"__uuid__":"2c46BZ9JtF3LJbLhf+pLkC"},"di":{"__uuid__":"bfLHYpP3RNYatHqK1b9RYk"},"dian":{"__uuid__":"08N5UgzahOHYWHIgUCPNwy"},"jianbian":{"__uuid__":"676dNaQpBAs718hHAxn2XJ"},"largediban":{"__uuid__":"2dsWNBuspEl7rnlf3IF5wr"},"leidaxian":{"__uuid__":"45GZGnqCRCBIYayVrMbafq"},"liubianxing":{"__uuid__":"91n4LXFaVFxbrEevtVgnA5"},"loadingBG":{"__uuid__":"c4zeOJo7VDQrt+9FkwWbij"},"loadingJD":{"__uuid__":"e6B7AQnhtLga/JC5chRP3B"},"mihuang":{"__uuid__":"1agOSCspdN2Y+4EUQboyRS"},"numbersditu":{"__uuid__":"45uAxyZ/FI+I8W+euzS73/"},"orange":{"__uuid__":"33DPJKEhhPO7bJRVt6/HtQ"},"sanjaobufenyi":{"__uuid__":"f50goqlxdPPI1kM3p4Pag9"},"sanjiaoxing-":{"__uuid__":"07qQCSCCNFZpcmNNp5d+De"},"sanjiaoxing":{"__uuid__":"e2VKwqf+VOxZmo0m3GM596"},"touying":{"__uuid__":"52QoxYtcROaYz5GOsuGvW1"},"wenli":{"__uuid__":"f2lW6zakVMVYbbQo83NUaR"},"wenlier":{"__uuid__":"10QTOFnz5JH4JlH0Wt2Ylc"},"wenliyi":{"__uuid__":"b5j56t7D5B65Nu3xI+Bm18"},"xiexianhuawen":{"__uuid__":"b5eh/HHKROAIoKMn1LDHbk"},"yellow":{"__uuid__":"afEG91BwhOAKpztzwd4pE6"},"yellowpont":{"__uuid__":"bdAmcy6+pGR5/Je3tne/Se"},"yingying":{"__uuid__":"d4dQYTDsJISq/7KHrq284N"},"yuanxing":{"__uuid__":"f8gQsVQ09F7KL8osbjFRgC"},"yuanxinger":{"__uuid__":"4e8LFa5xxH6a8+tSnqzpmn"}}},{"__type__":"cc.SpriteFrame","content":{"name":"yellow","texture":"0c0Po/48ROEpzcz7uf6jDS","rect":[550,37,100,100],"offset":[0,0],"originalSize":[100,100],"capInsets":[23,29,22,35]}},{"__type__":"cc.SpriteFrame","content":{"name":"xiexianhuawen","texture":"0c0Po/48ROEpzcz7uf6jDS","rect":[158,922,130,130],"offset":[0,0],"originalSize":[130,130]}},{"__type__":"cc.SpriteFrame","content":{"name":"wenliyi","texture":"0c0Po/48ROEpzcz7uf6jDS","rect":[3,922,154,184],"offset":[0,0],"originalSize":[154,184]}},{"__type__":"cc.SpriteFrame","content":{"name":"yellowpont","texture":"0c0Po/48ROEpzcz7uf6jDS","rect":[977,13,30,30],"offset":[0,0],"originalSize":[30,30]}},{"__type__":"cc.SpriteFrame","content":{"name":"di","texture":"0c0Po/48ROEpzcz7uf6jDS","rect":[3,314,320,304],"offset":[0,0],"originalSize":[320,304]}},{"__type__":"cc.SpriteFrame","content":{"name":"loadingBG","texture":"0c0Po/48ROEpzcz7uf6jDS","rect":[3,3,650,18],"offset":[0,0],"originalSize":[650,18]}},{"__type__":"cc.SpriteFrame","content":{"name":"CG_kaishiyouxi","texture":"0c0Po/48ROEpzcz7uf6jDS","rect":[617,576,238,91],"offset":[0,0],"originalSize":[238,91]}},{"__type__":"cc.SpriteFrame","content":{"name":"CG_yancheng02","texture":"0c0Po/48ROEpzcz7uf6jDS","rect":[521,945,200,201],"offset":[0,0],"originalSize":[200,201]}},{"__type__":"cc.SpriteFrame","content":{"name":"yingying","texture":"0c0Po/48ROEpzcz7uf6jDS","rect":[3,37,546,276],"offset":[0,0],"originalSize":[546,276]}},{"__type__":"cc.SpriteFrame","content":{"name":"CG_light01","texture":"0c0Po/48ROEpzcz7uf6jDS","rect":[654,3,322,265],"offset":[0,0],"originalSize":[322,265]}},{"__type__":"cc.SpriteFrame","content":{"name":"sanjiaoxing","texture":"0c0Po/48ROEpzcz7uf6jDS","rect":[525,693,66,66],"offset":[0,0],"originalSize":[66,66]}},{"__type__":"cc.SpriteFrame","content":{"name":"loadingJD","texture":"0c0Po/48ROEpzcz7uf6jDS","rect":[3,22,646,14],"offset":[0,0],"originalSize":[650,18]}},{"__type__":"cc.SpriteFrame","content":{"name":"wenli","texture":"0c0Po/48ROEpzcz7uf6jDS","rect":[824,896,184,224],"offset":[0,0],"originalSize":[184,224]}},{"__type__":"cc.SpriteFrame","content":{"name":"sanjaobufenyi","texture":"0c0Po/48ROEpzcz7uf6jDS","rect":[550,138,94,66],"offset":[0,0],"originalSize":[94,66]}},{"__type__":"cc.SpriteFrame","content":{"name":"yuanxing","texture":"0c0Po/48ROEpzcz7uf6jDS","rect":[550,205,88,88],"offset":[0,0],"originalSize":[88,88]}}]