[[{"__type__":"cc.Prefab","_name":"T_fire_jiguang_L","data":{"__id__":1},"asyncLoadAssets":false},{"__type__":"cc.Node","_name":"T_fire_jiguang_L","_components":[{"__type__":"cc.Sprite","node":{"__id__":1},"_spriteFrame":{"__uuid__":"d8qHJli8pPe7Aymmu8lkHC"}}],"_prefab":{"__type__":"cc.PrefabInfo","root":{"__id__":1},"asset":{"__uuid__":"61OOLp1rxGl7Olv1jN5zfA"},"fileId":"97jR4j7CFODoj8D19HNWcv"},"_contentSize":{"__type__":"cc.Size","width":113,"height":129}}],{"__type__":"cc.SpriteFrame","content":{"name":"jiguang01","texture":"20wkx7r05LO5L2PvQg5zW3","rect":[837,460,113,129],"offset":[0,-1],"originalSize":[165,165]}}]