[{"__type__":"cc.SpriteFrame","content":{"name":"_0000_x","texture":"25Si/Ki+hMlqF2yaosCl7I","rect":[1966,521,44,42],"offset":[0,0],"originalSize":[44,42]}},[{"__type__":"cc.Prefab","_name":"AutoJoinCountDownUI","data":{"__id__":1},"asyncLoadAssets":false},{"__type__":"cc.Node","_name":"AutoJoinCountDownUI","_children":[{"__id__":2},{"__id__":3}],"_components":[{"__type__":"cc.Widget","node":{"__id__":1},"isAlignOnce":false,"_alignFlags":45},{"__type__":"3603bM0kJlK1ZlKuHuIF/XA","node":{"__id__":1},"TimeLabel":{"__id__":9}}],"_prefab":{"__type__":"cc.PrefabInfo","root":{"__id__":1},"asset":{"__uuid__":"49WdVbLptDULqzRY6kFPAm"},"fileId":"c8pQr60MpKjo6rRxHI1DtM"},"_contentSize":{"__type__":"cc.Size","width":1344,"height":750},"_position":{"__type__":"cc.Vec2","x":672,"y":375}},{"__type__":"cc.Node","_name":"Mask","_parent":{"__id__":1},"_components":[{"__type__":"cc.Widget","node":{"__id__":2},"_alignFlags":45},{"__type__":"cc.Button","node":{"__id__":2},"_N$target":{"__id__":2}}],"_prefab":{"__type__":"cc.PrefabInfo","root":{"__id__":1},"asset":{"__uuid__":"49WdVbLptDULqzRY6kFPAm"},"fileId":"faZ7C1YFhJT74X+BzXV9ml"},"_contentSize":{"__type__":"cc.Size","width":1344,"height":750}},{"__type__":"cc.Node","_name":"TopBg","_parent":{"__id__":1},"_children":[{"__id__":4},{"__id__":5},{"__id__":6}],"_components":[{"__type__":"cc.Sprite","node":{"__id__":3},"_spriteFrame":{"__uuid__":"cd8X0nIGNFyoupWoVLpWMi"}},{"__type__":"cc.Widget","node":{"__id__":3},"_alignFlags":1}],"_prefab":{"__type__":"cc.PrefabInfo","root":{"__id__":1},"asset":{"__uuid__":"49WdVbLptDULqzRY6kFPAm"},"fileId":"c5thPKvIpDZrE0w0lKqEhS"},"_anchorPoint":{"__type__":"cc.Vec2","x":0.5,"y":1},"_contentSize":{"__type__":"cc.Size","width":316,"height":74},"_position":{"__type__":"cc.Vec2","y":375}},{"__type__":"cc.Node","_name":"Close","_parent":{"__id__":3},"_active":false,"_components":[{"__type__":"cc.Sprite","node":{"__id__":4},"_spriteFrame":{"__uuid__":"3ewVNiLHFBcYVfavrQxOQy"}},{"__type__":"cc.Button","node":{"__id__":4},"clickEvents":[{"__type__":"cc.ClickEvent","target":{"__id__":1},"component":"AutoJoinCountDownUI","handler":"onBtnReturn"}],"_N$target":{"__id__":4}}],"_prefab":{"__type__":"cc.PrefabInfo","root":{"__id__":1},"asset":{"__uuid__":"49WdVbLptDULqzRY6kFPAm"},"fileId":"93NycyZhNEgpP/nWnzLFmV"},"_contentSize":{"__type__":"cc.Size","width":44,"height":42},"_position":{"__type__":"cc.Vec2","x":89.8,"y":-27.2}},{"__type__":"cc.Node","_name":"clock","_parent":{"__id__":3},"_components":[{"__type__":"cc.Sprite","node":{"__id__":5},"_spriteFrame":{"__uuid__":"9bsWayJcpGe78xi8otVqBj"},"_sizeMode":2}],"_prefab":{"__type__":"cc.PrefabInfo","root":{"__id__":1},"asset":{"__uuid__":"49WdVbLptDULqzRY6kFPAm"},"fileId":"fbC28WQP9CFbVbPHg5X7cZ"},"_color":{"__type__":"cc.Color","r":138,"g":71,"b":43},"_contentSize":{"__type__":"cc.Size","width":16,"height":20},"_position":{"__type__":"cc.Vec2","x":-40,"y":-25.5}},{"__type__":"cc.Node","_name":"TimeLabel","_parent":{"__id__":3},"_children":[{"__id__":7}],"_components":[{"__id__":9}],"_prefab":{"__type__":"cc.PrefabInfo","root":{"__id__":1},"asset":{"__uuid__":"49WdVbLptDULqzRY6kFPAm"},"fileId":"5fYSxJkrJONLYg1RSy0zKn"},"_scaleX":0.8,"_scaleY":0.8,"_position":{"__type__":"cc.Vec2","x":6,"y":-25.5}},{"__type__":"cc.Node","_name":"Template","_parent":{"__id__":6},"_active":false,"_components":[{"__id__":8}],"_prefab":{"__type__":"cc.PrefabInfo","root":{"__id__":1},"asset":{"__uuid__":"49WdVbLptDULqzRY6kFPAm"},"fileId":"04eUOlCFFNcImclDCNFduB"},"_color":{"__type__":"cc.Color","r":136,"g":69,"b":43},"_contentSize":{"__type__":"cc.Size","width":16,"height":20},"_scaleX":0.9,"_scaleY":0.9},{"__type__":"cc.Sprite","node":{"__id__":7},"_spriteFrame":{"__uuid__":"d7MnG4kxpKpK8pCaujFtXl"},"_sizeMode":0,"_isTrimmedMode":false},{"__type__":"16798xaPnVLdZwNbixFe2cV","node":{"__id__":6},"LabelAtlas":{"__uuid__":"7bRXkNrzhKoJqYv3aEXya7"},"LabelStr":"0123456789:","ResFormat":"CountDowm_","Template":{"__id__":8},"LayoutType":2}],{"__type__":"cc.SpriteFrame","content":{"name":"clock","texture":"fcJS4K3v9B9LpajzpsNm+D","rect":[1419,631,16,20],"offset":[0,0],"originalSize":[16,20]}},{"__type__":"cc.SpriteFrame","content":{"name":"_0002_diban","texture":"25Si/Ki+hMlqF2yaosCl7I","rect":[3,1414,316,74],"offset":[0,0],"originalSize":[316,74]}},{"__type__":"cc.SpriteFrame","content":{"name":"CountDowm_48","texture":"fcJS4K3v9B9LpajzpsNm+D","rect":[1382,760,20,25],"offset":[0,0],"originalSize":[22,25]}}]