[[{"__type__":"cc.Prefab","_name":"RecordUI","data":{"__id__":1},"asyncLoadAssets":false},{"__type__":"cc.Node","_name":"RecordUI","_children":[{"__id__":2},{"__id__":3},{"__id__":8},{"__id__":83},{"__id__":86},{"__id__":87},{"__id__":88},{"__id__":89},{"__id__":90},{"__id__":91},{"__id__":92}],"_components":[{"__type__":"cc.Widget","node":{"__id__":1},"_alignFlags":45,"_originalWidth":1334,"_originalHeight":750},{"__type__":"4d7993rGYlIw4hLgtfrPMIn","node":{"__id__":1},"shareBtn":{"__id__":84},"pentagon":{"__id__":17},"staticPoints":[{"__id__":18},{"__id__":19},{"__id__":20},{"__id__":21},{"__id__":22}],"dataPoints":[{"__id__":12},{"__id__":13},{"__id__":14},{"__id__":15},{"__id__":16}],"centerPoint":{"__id__":23},"backBtn":{"__id__":87},"scoreLabel":{"__id__":64},"winRate":{"__id__":72},"totalCount":{"__id__":81},"battleScore":{"__id__":56},"averHurt":{"__id__":40},"averMulKill":{"__id__":42},"averBroke":{"__id__":44},"averHill":{"__id__":46},"averKill":{"__id__":48},"titleLabel":{"__id__":90},"contentRight":{"__id__":49},"bottomLabel":{"__id__":89},"QRCode":{"__id__":91},"shareLabel":{"__id__":92}}],"_prefab":{"__type__":"cc.PrefabInfo","root":{"__id__":1},"asset":{"__uuid__":"04lAJQzaJCnp2LI6I7u+k+"},"fileId":"00vH37ewBOAbIMSPTYC2AL"},"_contentSize":{"__type__":"cc.Size","width":1344,"height":750},"_position":{"__type__":"cc.Vec2","x":672,"y":375}},{"__type__":"cc.Node","_name":"BG","_parent":{"__id__":1},"_components":[{"__type__":"cc.Sprite","node":{"__id__":2},"_spriteFrame":{"__uuid__":"c2fl4ORMBFf4pRwvTlN24/"},"_sizeMode":0},{"__type__":"cc.Widget","node":{"__id__":2},"_alignFlags":45,"_left":-5,"_right":-5,"_top":-5,"_bottom":-5,"_originalWidth":32,"_originalHeight":32},{"__type__":"cc.Button","node":{"__id__":2},"_N$target":{"__id__":2}}],"_prefab":{"__type__":"cc.PrefabInfo","root":{"__id__":1},"asset":{"__uuid__":"04lAJQzaJCnp2LI6I7u+k+"},"fileId":"acZHOyVuhJnbyNab2ubJ5o"},"_color":{"__type__":"cc.Color","r":251,"g":254,"b":255},"_contentSize":{"__type__":"cc.Size","width":1354,"height":760}},{"__type__":"cc.Node","_name":"Decrate","_parent":{"__id__":1},"_children":[{"__id__":4},{"__id__":5},{"__id__":6},{"__id__":7}],"_prefab":{"__type__":"cc.PrefabInfo","root":{"__id__":1},"asset":{"__uuid__":"04lAJQzaJCnp2LI6I7u+k+"},"fileId":"9dqRvuLq5J3pRyi7+QqVs3"},"_position":{"__type__":"cc.Vec2","x":-555.4,"y":187.5}},{"__type__":"cc.Node","_name":"yuanxinger","_parent":{"__id__":3},"_components":[{"__type__":"cc.Sprite","node":{"__id__":4},"_spriteFrame":{"__uuid__":"4e8LFa5xxH6a8+tSnqzpmn"}}],"_prefab":{"__type__":"cc.PrefabInfo","root":{"__id__":1},"asset":{"__uuid__":"04lAJQzaJCnp2LI6I7u+k+"},"fileId":"9cBSBq1y9PgLafDbA2dygS"},"_contentSize":{"__type__":"cc.Size","width":292,"height":292},"_position":{"__type__":"cc.Vec2","x":112,"y":-29}},{"__type__":"cc.Node","_name":"xiexianhuawen","_parent":{"__id__":3},"_components":[{"__type__":"cc.Sprite","node":{"__id__":5},"_spriteFrame":{"__uuid__":"b5eh/HHKROAIoKMn1LDHbk"}}],"_prefab":{"__type__":"cc.PrefabInfo","root":{"__id__":1},"asset":{"__uuid__":"04lAJQzaJCnp2LI6I7u+k+"},"fileId":"b9/3L9nERMvoksvC9eQSWO"},"_contentSize":{"__type__":"cc.Size","width":130,"height":130},"_position":{"__type__":"cc.Vec2","x":98,"y":-393}},{"__type__":"cc.Node","_name":"sanjaobufenyi","_parent":{"__id__":3},"_components":[{"__type__":"cc.Sprite","node":{"__id__":6},"_spriteFrame":{"__uuid__":"f50goqlxdPPI1kM3p4Pag9"}}],"_prefab":{"__type__":"cc.PrefabInfo","root":{"__id__":1},"asset":{"__uuid__":"04lAJQzaJCnp2LI6I7u+k+"},"fileId":"98eB9zWI9PB7Nl7/MwOV8d"},"_contentSize":{"__type__":"cc.Size","width":94,"height":66},"_position":{"__type__":"cc.Vec2","x":900,"y":64}},{"__type__":"cc.Node","_name":"sanjiaoxing-","_parent":{"__id__":3},"_components":[{"__type__":"cc.Sprite","node":{"__id__":7},"_spriteFrame":{"__uuid__":"07qQCSCCNFZpcmNNp5d+De"}}],"_prefab":{"__type__":"cc.PrefabInfo","root":{"__id__":1},"asset":{"__uuid__":"04lAJQzaJCnp2LI6I7u+k+"},"fileId":"52IbWu/0tKYpN6iRAv1ISt"},"_contentSize":{"__type__":"cc.Size","width":116,"height":154},"_position":{"__type__":"cc.Vec2","x":1082,"y":-84}},{"__type__":"cc.Node","_name":"Content","_parent":{"__id__":1},"_children":[{"__id__":9},{"__id__":49}],"_components":[{"__type__":"cc.Sprite","node":{"__id__":8},"_spriteFrame":{"__uuid__":"afEG91BwhOAKpztzwd4pE6"},"_type":1,"_sizeMode":0}],"_prefab":{"__type__":"cc.PrefabInfo","root":{"__id__":1},"asset":{"__uuid__":"04lAJQzaJCnp2LI6I7u+k+"},"fileId":"a83xpEJD1MzLc6RXWt+XBx"},"_contentSize":{"__type__":"cc.Size","width":1144,"height":550},"_scaleX":0.8,"_scaleY":0.8},{"__type__":"cc.Node","_name":"Left","_parent":{"__id__":8},"_children":[{"__id__":10},{"__id__":11},{"__id__":12},{"__id__":13},{"__id__":14},{"__id__":15},{"__id__":16},{"__id__":17},{"__id__":18},{"__id__":19},{"__id__":20},{"__id__":21},{"__id__":22},{"__id__":23},{"__id__":24},{"__id__":27},{"__id__":30},{"__id__":33},{"__id__":36},{"__id__":39},{"__id__":41},{"__id__":43},{"__id__":45},{"__id__":47}],"_prefab":{"__type__":"cc.PrefabInfo","root":{"__id__":1},"asset":{"__uuid__":"04lAJQzaJCnp2LI6I7u+k+"},"fileId":"f10FlFGXhHBKbA/mtb6wgp"},"_contentSize":{"__type__":"cc.Size","width":550,"height":500},"_position":{"__type__":"cc.Vec2","x":-220}},{"__type__":"cc.Node","_name":"jianbian","_parent":{"__id__":9},"_components":[{"__type__":"cc.Sprite","node":{"__id__":10},"_spriteFrame":{"__uuid__":"676dNaQpBAs718hHAxn2XJ"}}],"_prefab":{"__type__":"cc.PrefabInfo","root":{"__id__":1},"asset":{"__uuid__":"04lAJQzaJCnp2LI6I7u+k+"},"fileId":"1aT63k1ZdO1bdePBCETlpS"},"_contentSize":{"__type__":"cc.Size","width":204,"height":204},"_position":{"__type__":"cc.Vec2","x":223,"y":159}},{"__type__":"cc.Node","_name":"pentagon","_parent":{"__id__":9},"_components":[{"__type__":"cc.Sprite","node":{"__id__":11},"_spriteFrame":{"__uuid__":"45GZGnqCRCBIYayVrMbafq"},"_sizeMode":0}],"_prefab":{"__type__":"cc.PrefabInfo","root":{"__id__":1},"asset":{"__uuid__":"04lAJQzaJCnp2LI6I7u+k+"},"fileId":"120kb9BKdBC6qCWWu2k7eB"},"_contentSize":{"__type__":"cc.Size","width":400,"height":400}},{"__type__":"cc.Node","_name":"point1","_parent":{"__id__":9},"_components":[{"__type__":"cc.Sprite","node":{"__id__":12},"_spriteFrame":{"__uuid__":"bdAmcy6+pGR5/Je3tne/Se"},"_sizeMode":0}],"_prefab":{"__type__":"cc.PrefabInfo","root":{"__id__":1},"asset":{"__uuid__":"04lAJQzaJCnp2LI6I7u+k+"},"fileId":"da0EO9x75LrbOj23ONDNYi"},"_contentSize":{"__type__":"cc.Size","width":30,"height":30}},{"__type__":"cc.Node","_name":"point2","_parent":{"__id__":9},"_components":[{"__type__":"cc.Sprite","node":{"__id__":13},"_spriteFrame":{"__uuid__":"bdAmcy6+pGR5/Je3tne/Se"}}],"_prefab":{"__type__":"cc.PrefabInfo","root":{"__id__":1},"asset":{"__uuid__":"04lAJQzaJCnp2LI6I7u+k+"},"fileId":"de6lVLpUFO5KOFGfL35Oo6"},"_contentSize":{"__type__":"cc.Size","width":30,"height":30}},{"__type__":"cc.Node","_name":"point3","_parent":{"__id__":9},"_components":[{"__type__":"cc.Sprite","node":{"__id__":14},"_spriteFrame":{"__uuid__":"bdAmcy6+pGR5/Je3tne/Se"}}],"_prefab":{"__type__":"cc.PrefabInfo","root":{"__id__":1},"asset":{"__uuid__":"04lAJQzaJCnp2LI6I7u+k+"},"fileId":"eeOklDosRCvqdVnr5SrI+3"},"_contentSize":{"__type__":"cc.Size","width":30,"height":30}},{"__type__":"cc.Node","_name":"point4","_parent":{"__id__":9},"_components":[{"__type__":"cc.Sprite","node":{"__id__":15},"_spriteFrame":{"__uuid__":"bdAmcy6+pGR5/Je3tne/Se"}}],"_prefab":{"__type__":"cc.PrefabInfo","root":{"__id__":1},"asset":{"__uuid__":"04lAJQzaJCnp2LI6I7u+k+"},"fileId":"cd3P/EJolM16lpPO2tHaf0"},"_contentSize":{"__type__":"cc.Size","width":30,"height":30}},{"__type__":"cc.Node","_name":"point5","_parent":{"__id__":9},"_components":[{"__type__":"cc.Sprite","node":{"__id__":16},"_spriteFrame":{"__uuid__":"bdAmcy6+pGR5/Je3tne/Se"}}],"_prefab":{"__type__":"cc.PrefabInfo","root":{"__id__":1},"asset":{"__uuid__":"04lAJQzaJCnp2LI6I7u+k+"},"fileId":"23+J7tsmRFU76HKnKniQY7"},"_contentSize":{"__type__":"cc.Size","width":30,"height":30}},{"__type__":"cc.Node","_name":"polygon","_parent":{"__id__":9},"_components":[{"__type__":"cc.Sprite","node":{"__id__":17},"_spriteFrame":{"__uuid__":"2c46BZ9JtF3LJbLhf+pLkC"},"_sizeMode":0},{"__type__":"d7a36NkIsxLWpvgqy3SFwgW","node":{"__id__":17}}],"_prefab":{"__type__":"cc.PrefabInfo","root":{"__id__":1},"asset":{"__uuid__":"04lAJQzaJCnp2LI6I7u+k+"},"fileId":"63BILdiQZMl5UU7OnHFQhy"},"_opacity":128,"_color":{"__type__":"cc.Color","r":142,"g":169,"b":202},"_contentSize":{"__type__":"cc.Size","width":400,"height":400}},{"__type__":"cc.Node","_name":"staticPoint1","_parent":{"__id__":9},"_prefab":{"__type__":"cc.PrefabInfo","root":{"__id__":1},"asset":{"__uuid__":"04lAJQzaJCnp2LI6I7u+k+"},"fileId":"acwCiuXABFwbL1iC7w8pGX"},"_position":{"__type__":"cc.Vec2","x":-0.5,"y":194}},{"__type__":"cc.Node","_name":"staticPoint2","_parent":{"__id__":9},"_prefab":{"__type__":"cc.PrefabInfo","root":{"__id__":1},"asset":{"__uuid__":"04lAJQzaJCnp2LI6I7u+k+"},"fileId":"c9InrdwrROT4DL8uolKb6U"},"_position":{"__type__":"cc.Vec2","x":196,"y":45.2}},{"__type__":"cc.Node","_name":"staticPoint3","_parent":{"__id__":9},"_prefab":{"__type__":"cc.PrefabInfo","root":{"__id__":1},"asset":{"__uuid__":"04lAJQzaJCnp2LI6I7u+k+"},"fileId":"0aIN2WDRpK1pwtcnn5ty7f"},"_position":{"__type__":"cc.Vec2","x":122.13,"y":-196.66}},{"__type__":"cc.Node","_name":"staticPoint4","_parent":{"__id__":9},"_prefab":{"__type__":"cc.PrefabInfo","root":{"__id__":1},"asset":{"__uuid__":"04lAJQzaJCnp2LI6I7u+k+"},"fileId":"8aVQI5qg9G46I7knDyEFD3"},"_position":{"__type__":"cc.Vec2","x":-122.3,"y":-196.8}},{"__type__":"cc.Node","_name":"staticPoint5","_parent":{"__id__":9},"_prefab":{"__type__":"cc.PrefabInfo","root":{"__id__":1},"asset":{"__uuid__":"04lAJQzaJCnp2LI6I7u+k+"},"fileId":"ffZ9Y5Xv9BRK9GOdnxx6vX"},"_position":{"__type__":"cc.Vec2","x":-197.1,"y":45.5}},{"__type__":"cc.Node","_name":"centerPoint","_parent":{"__id__":9},"_prefab":{"__type__":"cc.PrefabInfo","root":{"__id__":1},"asset":{"__uuid__":"04lAJQzaJCnp2LI6I7u+k+"},"fileId":"95jbyMQw9KRIRYiNoQ2doI"},"_position":{"__type__":"cc.Vec2","x":-0.1,"y":-21.21}},{"__type__":"cc.Node","_name":"hurt","_parent":{"__id__":9},"_children":[{"__id__":25},{"__id__":26}],"_components":[{"__type__":"cc.Label","node":{"__id__":24},"_useOriginalSize":false,"_actualFontSize":30,"_fontSize":30,"_N$string":"伤害","_N$horizontalAlign":1,"_N$verticalAlign":1}],"_prefab":{"__type__":"cc.PrefabInfo","root":{"__id__":1},"asset":{"__uuid__":"04lAJQzaJCnp2LI6I7u+k+"},"fileId":"f4x8iy2ylJcLp88TiF51Um"},"_color":{"__type__":"cc.Color","r":143,"g":99,"b":6},"_contentSize":{"__type__":"cc.Size","width":60,"height":40},"_position":{"__type__":"cc.Vec2","y":248}},{"__type__":"cc.Node","_name":"hurt","_parent":{"__id__":24},"_components":[{"__type__":"cc.Label","node":{"__id__":25},"_useOriginalSize":false,"_actualFontSize":30,"_fontSize":30,"_N$string":"伤害","_N$horizontalAlign":1,"_N$verticalAlign":1}],"_prefab":{"__type__":"cc.PrefabInfo","root":{"__id__":1},"asset":{"__uuid__":"04lAJQzaJCnp2LI6I7u+k+"},"fileId":"f8MtJBJCJBlJo8SwvzyUYS"},"_color":{"__type__":"cc.Color","r":143,"g":99,"b":6},"_contentSize":{"__type__":"cc.Size","width":60,"height":40}},{"__type__":"cc.Node","_name":"hurt","_parent":{"__id__":24},"_components":[{"__type__":"cc.Label","node":{"__id__":26},"_useOriginalSize":false,"_actualFontSize":30,"_fontSize":30,"_N$string":"伤害","_N$horizontalAlign":1,"_N$verticalAlign":1}],"_prefab":{"__type__":"cc.PrefabInfo","root":{"__id__":1},"asset":{"__uuid__":"04lAJQzaJCnp2LI6I7u+k+"},"fileId":"612vqZBVBFlKZapWa5s5xh"},"_color":{"__type__":"cc.Color","r":143,"g":99,"b":6},"_contentSize":{"__type__":"cc.Size","width":60,"height":40}},{"__type__":"cc.Node","_name":"kill","_parent":{"__id__":9},"_children":[{"__id__":28},{"__id__":29}],"_components":[{"__type__":"cc.Label","node":{"__id__":27},"_useOriginalSize":false,"_actualFontSize":30,"_fontSize":30,"_N$string":"连杀","_N$horizontalAlign":1,"_N$verticalAlign":1}],"_prefab":{"__type__":"cc.PrefabInfo","root":{"__id__":1},"asset":{"__uuid__":"04lAJQzaJCnp2LI6I7u+k+"},"fileId":"afNbmdUYpGL6QHnhVI3YuB"},"_color":{"__type__":"cc.Color","r":143,"g":99,"b":6},"_contentSize":{"__type__":"cc.Size","width":60,"height":40},"_position":{"__type__":"cc.Vec2","x":240,"y":70}},{"__type__":"cc.Node","_name":"kill","_parent":{"__id__":27},"_components":[{"__type__":"cc.Label","node":{"__id__":28},"_useOriginalSize":false,"_actualFontSize":30,"_fontSize":30,"_N$string":"连杀","_N$horizontalAlign":1,"_N$verticalAlign":1}],"_prefab":{"__type__":"cc.PrefabInfo","root":{"__id__":1},"asset":{"__uuid__":"04lAJQzaJCnp2LI6I7u+k+"},"fileId":"7dNQ/jluJLb7OUGHkL7V4r"},"_color":{"__type__":"cc.Color","r":143,"g":99,"b":6},"_contentSize":{"__type__":"cc.Size","width":60,"height":40}},{"__type__":"cc.Node","_name":"kill","_parent":{"__id__":27},"_components":[{"__type__":"cc.Label","node":{"__id__":29},"_useOriginalSize":false,"_actualFontSize":30,"_fontSize":30,"_N$string":"连杀","_N$horizontalAlign":1,"_N$verticalAlign":1}],"_prefab":{"__type__":"cc.PrefabInfo","root":{"__id__":1},"asset":{"__uuid__":"04lAJQzaJCnp2LI6I7u+k+"},"fileId":"672Kz6zY1KuqfpNHIIPZCL"},"_color":{"__type__":"cc.Color","r":143,"g":99,"b":6},"_contentSize":{"__type__":"cc.Size","width":60,"height":40}},{"__type__":"cc.Node","_name":"broke","_parent":{"__id__":9},"_children":[{"__id__":31},{"__id__":32}],"_components":[{"__type__":"cc.Label","node":{"__id__":30},"_useOriginalSize":false,"_actualFontSize":30,"_fontSize":30,"_N$string":"破坏","_N$horizontalAlign":1,"_N$verticalAlign":1}],"_prefab":{"__type__":"cc.PrefabInfo","root":{"__id__":1},"asset":{"__uuid__":"04lAJQzaJCnp2LI6I7u+k+"},"fileId":"7cC7ooeOpHS7C/PpLpnDmY"},"_color":{"__type__":"cc.Color","r":143,"g":99,"b":6},"_contentSize":{"__type__":"cc.Size","width":60,"height":40},"_position":{"__type__":"cc.Vec2","x":180,"y":-200}},{"__type__":"cc.Node","_name":"broke","_parent":{"__id__":30},"_components":[{"__type__":"cc.Label","node":{"__id__":31},"_useOriginalSize":false,"_actualFontSize":30,"_fontSize":30,"_N$string":"破坏","_N$horizontalAlign":1,"_N$verticalAlign":1}],"_prefab":{"__type__":"cc.PrefabInfo","root":{"__id__":1},"asset":{"__uuid__":"04lAJQzaJCnp2LI6I7u+k+"},"fileId":"e0P8K+Wv1I+6tcMdSNOL/0"},"_color":{"__type__":"cc.Color","r":143,"g":99,"b":6},"_contentSize":{"__type__":"cc.Size","width":60,"height":40}},{"__type__":"cc.Node","_name":"broke","_parent":{"__id__":30},"_components":[{"__type__":"cc.Label","node":{"__id__":32},"_useOriginalSize":false,"_actualFontSize":30,"_fontSize":30,"_N$string":"破坏","_N$horizontalAlign":1,"_N$verticalAlign":1}],"_prefab":{"__type__":"cc.PrefabInfo","root":{"__id__":1},"asset":{"__uuid__":"04lAJQzaJCnp2LI6I7u+k+"},"fileId":"c6Q8vXlwBOQI9RkqYml5CH"},"_color":{"__type__":"cc.Color","r":143,"g":99,"b":6},"_contentSize":{"__type__":"cc.Size","width":60,"height":40}},{"__type__":"cc.Node","_name":"hill","_parent":{"__id__":9},"_children":[{"__id__":34},{"__id__":35}],"_components":[{"__type__":"cc.Label","node":{"__id__":33},"_useOriginalSize":false,"_actualFontSize":30,"_fontSize":30,"_N$string":"击杀","_N$horizontalAlign":1,"_N$verticalAlign":1}],"_prefab":{"__type__":"cc.PrefabInfo","root":{"__id__":1},"asset":{"__uuid__":"04lAJQzaJCnp2LI6I7u+k+"},"fileId":"6fW3Ee5ydEIb+hQeu+cKzl"},"_color":{"__type__":"cc.Color","r":143,"g":99,"b":6},"_contentSize":{"__type__":"cc.Size","width":60,"height":40},"_position":{"__type__":"cc.Vec2","x":-240,"y":70}},{"__type__":"cc.Node","_name":"hill","_parent":{"__id__":33},"_components":[{"__type__":"cc.Label","node":{"__id__":34},"_useOriginalSize":false,"_actualFontSize":30,"_fontSize":30,"_N$string":"击杀","_N$horizontalAlign":1,"_N$verticalAlign":1}],"_prefab":{"__type__":"cc.PrefabInfo","root":{"__id__":1},"asset":{"__uuid__":"04lAJQzaJCnp2LI6I7u+k+"},"fileId":"a8ULYxEWNP0IyLuzyCNc5p"},"_color":{"__type__":"cc.Color","r":143,"g":99,"b":6},"_contentSize":{"__type__":"cc.Size","width":60,"height":40}},{"__type__":"cc.Node","_name":"hill","_parent":{"__id__":33},"_components":[{"__type__":"cc.Label","node":{"__id__":35},"_useOriginalSize":false,"_actualFontSize":30,"_fontSize":30,"_N$string":"击杀","_N$horizontalAlign":1,"_N$verticalAlign":1}],"_prefab":{"__type__":"cc.PrefabInfo","root":{"__id__":1},"asset":{"__uuid__":"04lAJQzaJCnp2LI6I7u+k+"},"fileId":"de07yH1oJEJJFem/8C3/Jc"},"_color":{"__type__":"cc.Color","r":143,"g":99,"b":6},"_contentSize":{"__type__":"cc.Size","width":60,"height":40}},{"__type__":"cc.Node","_name":"multiKill","_parent":{"__id__":9},"_children":[{"__id__":37},{"__id__":38}],"_components":[{"__type__":"cc.Label","node":{"__id__":36},"_useOriginalSize":false,"_actualFontSize":30,"_fontSize":30,"_N$string":"支援","_N$horizontalAlign":1,"_N$verticalAlign":1}],"_prefab":{"__type__":"cc.PrefabInfo","root":{"__id__":1},"asset":{"__uuid__":"04lAJQzaJCnp2LI6I7u+k+"},"fileId":"287XtU/7ZHsrwJ5j2nNhs9"},"_color":{"__type__":"cc.Color","r":143,"g":99,"b":6},"_contentSize":{"__type__":"cc.Size","width":60,"height":40},"_position":{"__type__":"cc.Vec2","x":-180,"y":-200}},{"__type__":"cc.Node","_name":"multiKill","_parent":{"__id__":36},"_components":[{"__type__":"cc.Label","node":{"__id__":37},"_useOriginalSize":false,"_actualFontSize":30,"_fontSize":30,"_N$string":"支援","_N$horizontalAlign":1,"_N$verticalAlign":1}],"_prefab":{"__type__":"cc.PrefabInfo","root":{"__id__":1},"asset":{"__uuid__":"04lAJQzaJCnp2LI6I7u+k+"},"fileId":"9cbOVU6dhLFKyTjVq1JOVW"},"_color":{"__type__":"cc.Color","r":143,"g":99,"b":6},"_contentSize":{"__type__":"cc.Size","width":60,"height":40}},{"__type__":"cc.Node","_name":"multiKill","_parent":{"__id__":36},"_components":[{"__type__":"cc.Label","node":{"__id__":38},"_useOriginalSize":false,"_actualFontSize":30,"_fontSize":30,"_N$string":"支援","_N$horizontalAlign":1,"_N$verticalAlign":1}],"_prefab":{"__type__":"cc.PrefabInfo","root":{"__id__":1},"asset":{"__uuid__":"04lAJQzaJCnp2LI6I7u+k+"},"fileId":"d2O8ERDXtD6ohuud2EzXCw"},"_color":{"__type__":"cc.Color","r":143,"g":99,"b":6},"_contentSize":{"__type__":"cc.Size","width":60,"height":40}},{"__type__":"cc.Node","_name":"averHurt","_parent":{"__id__":9},"_components":[{"__id__":40}],"_prefab":{"__type__":"cc.PrefabInfo","root":{"__id__":1},"asset":{"__uuid__":"04lAJQzaJCnp2LI6I7u+k+"},"fileId":"b2Fi2Og3VKaq6fK3TW1yQu"},"_color":{"__type__":"cc.Color","r":136,"g":70,"b":42},"_contentSize":{"__type__":"cc.Size","width":41.7,"height":40},"_position":{"__type__":"cc.Vec2","y":213}},{"__type__":"cc.Label","node":{"__id__":39},"_useOriginalSize":false,"_actualFontSize":30,"_fontSize":30,"_N$string":"6.1","_N$horizontalAlign":1,"_N$verticalAlign":1},{"__type__":"cc.Node","_name":"averMulKill","_parent":{"__id__":9},"_components":[{"__id__":42}],"_prefab":{"__type__":"cc.PrefabInfo","root":{"__id__":1},"asset":{"__uuid__":"04lAJQzaJCnp2LI6I7u+k+"},"fileId":"4csTqs4YdEirkJ578zPB2+"},"_color":{"__type__":"cc.Color","r":136,"g":70,"b":42},"_contentSize":{"__type__":"cc.Size","width":41.7,"height":40},"_position":{"__type__":"cc.Vec2","x":240,"y":35}},{"__type__":"cc.Label","node":{"__id__":41},"_useOriginalSize":false,"_actualFontSize":30,"_fontSize":30,"_N$string":"6.1","_N$horizontalAlign":1,"_N$verticalAlign":1},{"__type__":"cc.Node","_name":"averBroke","_parent":{"__id__":9},"_components":[{"__id__":44}],"_prefab":{"__type__":"cc.PrefabInfo","root":{"__id__":1},"asset":{"__uuid__":"04lAJQzaJCnp2LI6I7u+k+"},"fileId":"faJvyRHCZHN5AgiUjVhmR9"},"_color":{"__type__":"cc.Color","r":136,"g":70,"b":42},"_contentSize":{"__type__":"cc.Size","width":41.7,"height":40},"_position":{"__type__":"cc.Vec2","x":180,"y":-235}},{"__type__":"cc.Label","node":{"__id__":43},"_useOriginalSize":false,"_actualFontSize":30,"_fontSize":30,"_N$string":"6.1","_N$horizontalAlign":1,"_N$verticalAlign":1},{"__type__":"cc.Node","_name":"averHill","_parent":{"__id__":9},"_components":[{"__id__":46}],"_prefab":{"__type__":"cc.PrefabInfo","root":{"__id__":1},"asset":{"__uuid__":"04lAJQzaJCnp2LI6I7u+k+"},"fileId":"4f7EtIoPpKpLwvWvHu2lz7"},"_color":{"__type__":"cc.Color","r":136,"g":70,"b":42},"_contentSize":{"__type__":"cc.Size","width":41.7,"height":40},"_position":{"__type__":"cc.Vec2","x":-180,"y":-235}},{"__type__":"cc.Label","node":{"__id__":45},"_useOriginalSize":false,"_actualFontSize":30,"_fontSize":30,"_N$string":"6.1","_N$horizontalAlign":1,"_N$verticalAlign":1},{"__type__":"cc.Node","_name":"averKill","_parent":{"__id__":9},"_components":[{"__id__":48}],"_prefab":{"__type__":"cc.PrefabInfo","root":{"__id__":1},"asset":{"__uuid__":"04lAJQzaJCnp2LI6I7u+k+"},"fileId":"9e3zKX/ihA0YbXgC8Ox/H4"},"_color":{"__type__":"cc.Color","r":136,"g":70,"b":42},"_contentSize":{"__type__":"cc.Size","width":41.7,"height":40},"_position":{"__type__":"cc.Vec2","x":-240,"y":35}},{"__type__":"cc.Label","node":{"__id__":47},"_useOriginalSize":false,"_actualFontSize":30,"_fontSize":30,"_N$string":"6.1","_N$horizontalAlign":1,"_N$verticalAlign":1},{"__type__":"cc.Node","_name":"Right","_parent":{"__id__":8},"_children":[{"__id__":50},{"__id__":58},{"__id__":66},{"__id__":75}],"_components":[{"__type__":"cc.Sprite","node":{"__id__":49},"_spriteFrame":{"__uuid__":"36KN9VVjhJhpKqhlv9sMHL"},"_type":1,"_sizeMode":0},{"__type__":"cc.Widget","node":{"__id__":49},"_alignFlags":37,"_right":-13,"_top":-4,"_bottom":-4,"_originalHeight":500}],"_prefab":{"__type__":"cc.PrefabInfo","root":{"__id__":1},"asset":{"__uuid__":"04lAJQzaJCnp2LI6I7u+k+"},"fileId":"e9SXcuyT1BMZbgihmQhDYO"},"_contentSize":{"__type__":"cc.Size","width":450,"height":558},"_position":{"__type__":"cc.Vec2","x":360}},{"__type__":"cc.Node","_name":"battle","_parent":{"__id__":49},"_children":[{"__id__":51},{"__id__":52},{"__id__":53},{"__id__":57}],"_prefab":{"__type__":"cc.PrefabInfo","root":{"__id__":1},"asset":{"__uuid__":"04lAJQzaJCnp2LI6I7u+k+"},"fileId":"dboSYy3ZFKd4soCQU4ZKBS"},"_contentSize":{"__type__":"cc.Size","width":120,"height":40},"_scaleX":1.2,"_scaleY":1.2,"_position":{"__type__":"cc.Vec2","y":180}},{"__type__":"cc.Node","_name":"BG","_parent":{"__id__":50},"_components":[{"__type__":"cc.Sprite","node":{"__id__":51},"_spriteFrame":{"__uuid__":"2dsWNBuspEl7rnlf3IF5wr"},"_type":1,"_sizeMode":0}],"_prefab":{"__type__":"cc.PrefabInfo","root":{"__id__":1},"asset":{"__uuid__":"04lAJQzaJCnp2LI6I7u+k+"},"fileId":"ceaiKLl6JKNpNcNKVdRpm/"},"_contentSize":{"__type__":"cc.Size","width":350,"height":80}},{"__type__":"cc.Node","_name":"Bk","_parent":{"__id__":50},"_components":[{"__type__":"cc.Sprite","node":{"__id__":52},"_spriteFrame":{"__uuid__":"45uAxyZ/FI+I8W+euzS73/"},"_type":1,"_sizeMode":0}],"_prefab":{"__type__":"cc.PrefabInfo","root":{"__id__":1},"asset":{"__uuid__":"04lAJQzaJCnp2LI6I7u+k+"},"fileId":"3aLluCJXNOO7/igAYe75qT"},"_contentSize":{"__type__":"cc.Size","width":300,"height":32},"_position":{"__type__":"cc.Vec2","x":-5,"y":-15}},{"__type__":"cc.Node","_name":"Win_Pos_Word","_parent":{"__id__":50},"_children":[{"__id__":54}],"_components":[{"__id__":56}],"_prefab":{"__type__":"cc.PrefabInfo","root":{"__id__":1},"asset":{"__uuid__":"04lAJQzaJCnp2LI6I7u+k+"},"fileId":"dce5g+kDJLyJe5gy2OTrJU"},"_contentSize":{"__type__":"cc.Size","width":34,"height":50},"_position":{"__type__":"cc.Vec2","x":30,"y":-5}},{"__type__":"cc.Node","_name":"Template","_parent":{"__id__":53},"_active":false,"_components":[{"__id__":55}],"_prefab":{"__type__":"cc.PrefabInfo","root":{"__id__":1},"asset":{"__uuid__":"04lAJQzaJCnp2LI6I7u+k+"},"fileId":"4d3W7sPeRMlJTUcKI3G4uc"},"_contentSize":{"__type__":"cc.Size","width":34,"height":50},"_position":{"__type__":"cc.Vec2","y":10}},{"__type__":"cc.Sprite","node":{"__id__":54},"_spriteFrame":{"__uuid__":"e6+ouBaHJN2rlXAtjKd0Gm"},"_sizeMode":0,"_isTrimmedMode":false},{"__type__":"16798xaPnVLdZwNbixFe2cV","node":{"__id__":53},"LabelAtlas":{"__uuid__":"4a2ijRsuVKUKoJFo3OBMAt"},"LabelStr":"0123456789","ResFormat":"Record_","Template":{"__id__":55},"LayoutType":2},{"__type__":"cc.Node","_name":"Label","_parent":{"__id__":50},"_components":[{"__type__":"cc.Label","node":{"__id__":57},"_useOriginalSize":false,"_actualFontSize":24,"_fontSize":24,"_N$string":"战力","_N$verticalAlign":1}],"_prefab":{"__type__":"cc.PrefabInfo","root":{"__id__":1},"asset":{"__uuid__":"04lAJQzaJCnp2LI6I7u+k+"},"fileId":"a6UUaSGQNPD7mb8gF8cIIt"},"_anchorPoint":{"__type__":"cc.Vec2","y":0.5},"_contentSize":{"__type__":"cc.Size","width":48,"height":40},"_position":{"__type__":"cc.Vec2","x":-110,"y":-15}},{"__type__":"cc.Node","_name":"score","_parent":{"__id__":49},"_children":[{"__id__":59},{"__id__":60},{"__id__":61},{"__id__":65}],"_prefab":{"__type__":"cc.PrefabInfo","root":{"__id__":1},"asset":{"__uuid__":"04lAJQzaJCnp2LI6I7u+k+"},"fileId":"c1GtVsnZJAU6nIV75pfIcn"},"_contentSize":{"__type__":"cc.Size","width":120,"height":40},"_scaleX":1.2,"_scaleY":1.2,"_position":{"__type__":"cc.Vec2","y":60}},{"__type__":"cc.Node","_name":"BG","_parent":{"__id__":58},"_components":[{"__type__":"cc.Sprite","node":{"__id__":59},"_spriteFrame":{"__uuid__":"2dsWNBuspEl7rnlf3IF5wr"},"_type":1,"_sizeMode":0}],"_prefab":{"__type__":"cc.PrefabInfo","root":{"__id__":1},"asset":{"__uuid__":"04lAJQzaJCnp2LI6I7u+k+"},"fileId":"15pZ8QYaRCYJNboBFvIh86"},"_contentSize":{"__type__":"cc.Size","width":350,"height":80}},{"__type__":"cc.Node","_name":"Bk","_parent":{"__id__":58},"_components":[{"__type__":"cc.Sprite","node":{"__id__":60},"_spriteFrame":{"__uuid__":"45uAxyZ/FI+I8W+euzS73/"},"_type":1,"_sizeMode":0}],"_prefab":{"__type__":"cc.PrefabInfo","root":{"__id__":1},"asset":{"__uuid__":"04lAJQzaJCnp2LI6I7u+k+"},"fileId":"989liTb6RCyJpG5gx4US2r"},"_contentSize":{"__type__":"cc.Size","width":300,"height":32},"_position":{"__type__":"cc.Vec2","x":-5,"y":-15}},{"__type__":"cc.Node","_name":"Win_Pos_Word","_parent":{"__id__":58},"_children":[{"__id__":62}],"_components":[{"__id__":64}],"_prefab":{"__type__":"cc.PrefabInfo","root":{"__id__":1},"asset":{"__uuid__":"04lAJQzaJCnp2LI6I7u+k+"},"fileId":"6bTNAp8g5D37Gt+hukK619"},"_contentSize":{"__type__":"cc.Size","width":34,"height":50},"_position":{"__type__":"cc.Vec2","x":30,"y":-5}},{"__type__":"cc.Node","_name":"Template","_parent":{"__id__":61},"_active":false,"_components":[{"__id__":63}],"_prefab":{"__type__":"cc.PrefabInfo","root":{"__id__":1},"asset":{"__uuid__":"04lAJQzaJCnp2LI6I7u+k+"},"fileId":"24ZAHx6DNAkZoGWOW8GGfA"},"_contentSize":{"__type__":"cc.Size","width":34,"height":50},"_position":{"__type__":"cc.Vec2","y":10}},{"__type__":"cc.Sprite","node":{"__id__":62},"_spriteFrame":{"__uuid__":"e6+ouBaHJN2rlXAtjKd0Gm"},"_sizeMode":0,"_isTrimmedMode":false},{"__type__":"16798xaPnVLdZwNbixFe2cV","node":{"__id__":61},"LabelAtlas":{"__uuid__":"4a2ijRsuVKUKoJFo3OBMAt"},"LabelStr":"0123456789","ResFormat":"Record_","Template":{"__id__":63},"LayoutType":2},{"__type__":"cc.Node","_name":"Label","_parent":{"__id__":58},"_components":[{"__type__":"cc.Label","node":{"__id__":65},"_useOriginalSize":false,"_actualFontSize":24,"_fontSize":24,"_N$string":"总评分","_N$verticalAlign":1}],"_prefab":{"__type__":"cc.PrefabInfo","root":{"__id__":1},"asset":{"__uuid__":"04lAJQzaJCnp2LI6I7u+k+"},"fileId":"e3RW9/cDNEfo8ctnRDqJef"},"_anchorPoint":{"__type__":"cc.Vec2","y":0.5},"_contentSize":{"__type__":"cc.Size","width":72,"height":40},"_position":{"__type__":"cc.Vec2","x":-110,"y":-15}},{"__type__":"cc.Node","_name":"winRate","_parent":{"__id__":49},"_children":[{"__id__":67},{"__id__":68},{"__id__":69},{"__id__":73},{"__id__":74}],"_prefab":{"__type__":"cc.PrefabInfo","root":{"__id__":1},"asset":{"__uuid__":"04lAJQzaJCnp2LI6I7u+k+"},"fileId":"b1PH8+WDNCk4BicdYTsgiR"},"_contentSize":{"__type__":"cc.Size","width":120,"height":40},"_scaleX":1.2,"_scaleY":1.2,"_position":{"__type__":"cc.Vec2","y":-60}},{"__type__":"cc.Node","_name":"BG","_parent":{"__id__":66},"_components":[{"__type__":"cc.Sprite","node":{"__id__":67},"_spriteFrame":{"__uuid__":"2dsWNBuspEl7rnlf3IF5wr"},"_type":1,"_sizeMode":0}],"_prefab":{"__type__":"cc.PrefabInfo","root":{"__id__":1},"asset":{"__uuid__":"04lAJQzaJCnp2LI6I7u+k+"},"fileId":"2fXP+0FgdBNLJ2wscBvZHO"},"_contentSize":{"__type__":"cc.Size","width":350,"height":80}},{"__type__":"cc.Node","_name":"Bk","_parent":{"__id__":66},"_components":[{"__type__":"cc.Sprite","node":{"__id__":68},"_spriteFrame":{"__uuid__":"45uAxyZ/FI+I8W+euzS73/"},"_type":1,"_sizeMode":0}],"_prefab":{"__type__":"cc.PrefabInfo","root":{"__id__":1},"asset":{"__uuid__":"04lAJQzaJCnp2LI6I7u+k+"},"fileId":"39HCIblZlFYaFab/fy4fLz"},"_contentSize":{"__type__":"cc.Size","width":300,"height":32},"_position":{"__type__":"cc.Vec2","x":-5,"y":-15}},{"__type__":"cc.Node","_name":"Win_Pos_Word","_parent":{"__id__":66},"_children":[{"__id__":70}],"_components":[{"__id__":72}],"_prefab":{"__type__":"cc.PrefabInfo","root":{"__id__":1},"asset":{"__uuid__":"04lAJQzaJCnp2LI6I7u+k+"},"fileId":"2cDcTuvUtKTo+xgUmHhxr+"},"_contentSize":{"__type__":"cc.Size","width":34,"height":50},"_position":{"__type__":"cc.Vec2","x":30,"y":-5}},{"__type__":"cc.Node","_name":"Template","_parent":{"__id__":69},"_active":false,"_components":[{"__id__":71}],"_prefab":{"__type__":"cc.PrefabInfo","root":{"__id__":1},"asset":{"__uuid__":"04lAJQzaJCnp2LI6I7u+k+"},"fileId":"afzq+9mMtAxr9008bFZE7t"},"_contentSize":{"__type__":"cc.Size","width":34,"height":50},"_position":{"__type__":"cc.Vec2","y":10}},{"__type__":"cc.Sprite","node":{"__id__":70},"_spriteFrame":{"__uuid__":"e6+ouBaHJN2rlXAtjKd0Gm"},"_sizeMode":0,"_isTrimmedMode":false},{"__type__":"16798xaPnVLdZwNbixFe2cV","node":{"__id__":69},"LabelAtlas":{"__uuid__":"4a2ijRsuVKUKoJFo3OBMAt"},"LabelStr":"0123456789","ResFormat":"Record_","Template":{"__id__":71},"LayoutType":2},{"__type__":"cc.Node","_name":"Label","_parent":{"__id__":66},"_components":[{"__type__":"cc.Label","node":{"__id__":73},"_useOriginalSize":false,"_actualFontSize":24,"_fontSize":24,"_N$string":"胜场率","_N$verticalAlign":1}],"_prefab":{"__type__":"cc.PrefabInfo","root":{"__id__":1},"asset":{"__uuid__":"04lAJQzaJCnp2LI6I7u+k+"},"fileId":"c5BiFjnF9CNJksaRCf0qhp"},"_anchorPoint":{"__type__":"cc.Vec2","y":0.5},"_contentSize":{"__type__":"cc.Size","width":72,"height":40},"_position":{"__type__":"cc.Vec2","x":-110,"y":-15}},{"__type__":"cc.Node","_name":"%","_parent":{"__id__":66},"_components":[{"__type__":"cc.Sprite","node":{"__id__":74},"_spriteFrame":{"__uuid__":"f0hLVFW2JCY586rcxylZem"}}],"_prefab":{"__type__":"cc.PrefabInfo","root":{"__id__":1},"asset":{"__uuid__":"04lAJQzaJCnp2LI6I7u+k+"},"fileId":"b0k93nvXlP95mSLV+o/eNf"},"_contentSize":{"__type__":"cc.Size","width":58,"height":50},"_scaleX":0.4,"_scaleY":0.4,"_position":{"__type__":"cc.Vec2","x":120,"y":-15}},{"__type__":"cc.Node","_name":"totalCount","_parent":{"__id__":49},"_children":[{"__id__":76},{"__id__":77},{"__id__":78},{"__id__":82}],"_prefab":{"__type__":"cc.PrefabInfo","root":{"__id__":1},"asset":{"__uuid__":"04lAJQzaJCnp2LI6I7u+k+"},"fileId":"55UGETeF5GeYYlmM8bI932"},"_contentSize":{"__type__":"cc.Size","width":120,"height":40},"_scaleX":1.2,"_scaleY":1.2,"_position":{"__type__":"cc.Vec2","y":-180}},{"__type__":"cc.Node","_name":"BG","_parent":{"__id__":75},"_components":[{"__type__":"cc.Sprite","node":{"__id__":76},"_spriteFrame":{"__uuid__":"2dsWNBuspEl7rnlf3IF5wr"},"_type":1,"_sizeMode":0}],"_prefab":{"__type__":"cc.PrefabInfo","root":{"__id__":1},"asset":{"__uuid__":"04lAJQzaJCnp2LI6I7u+k+"},"fileId":"47P5GZRDVCpYQZHj5A5J5U"},"_contentSize":{"__type__":"cc.Size","width":350,"height":80}},{"__type__":"cc.Node","_name":"Bk","_parent":{"__id__":75},"_components":[{"__type__":"cc.Sprite","node":{"__id__":77},"_spriteFrame":{"__uuid__":"45uAxyZ/FI+I8W+euzS73/"},"_type":1,"_sizeMode":0}],"_prefab":{"__type__":"cc.PrefabInfo","root":{"__id__":1},"asset":{"__uuid__":"04lAJQzaJCnp2LI6I7u+k+"},"fileId":"c5dXOGJItMaoYScseeCnpO"},"_contentSize":{"__type__":"cc.Size","width":300,"height":32},"_position":{"__type__":"cc.Vec2","x":-5,"y":-15}},{"__type__":"cc.Node","_name":"Win_Pos_Word","_parent":{"__id__":75},"_children":[{"__id__":79}],"_components":[{"__id__":81}],"_prefab":{"__type__":"cc.PrefabInfo","root":{"__id__":1},"asset":{"__uuid__":"04lAJQzaJCnp2LI6I7u+k+"},"fileId":"23+rgy3ExP5aJi7q0ho96w"},"_contentSize":{"__type__":"cc.Size","width":34,"height":50},"_position":{"__type__":"cc.Vec2","x":30,"y":-5}},{"__type__":"cc.Node","_name":"Template","_parent":{"__id__":78},"_active":false,"_components":[{"__id__":80}],"_prefab":{"__type__":"cc.PrefabInfo","root":{"__id__":1},"asset":{"__uuid__":"04lAJQzaJCnp2LI6I7u+k+"},"fileId":"d8L6bMDk9Fjanhwu0Zixvb"},"_contentSize":{"__type__":"cc.Size","width":34,"height":50},"_position":{"__type__":"cc.Vec2","y":10}},{"__type__":"cc.Sprite","node":{"__id__":79},"_spriteFrame":{"__uuid__":"e6+ouBaHJN2rlXAtjKd0Gm"},"_sizeMode":0,"_isTrimmedMode":false},{"__type__":"16798xaPnVLdZwNbixFe2cV","node":{"__id__":78},"LabelAtlas":{"__uuid__":"4a2ijRsuVKUKoJFo3OBMAt"},"LabelStr":"0123456789","ResFormat":"Record_","Template":{"__id__":80},"LayoutType":2},{"__type__":"cc.Node","_name":"Label","_parent":{"__id__":75},"_components":[{"__type__":"cc.Label","node":{"__id__":82},"_useOriginalSize":false,"_actualFontSize":24,"_fontSize":24,"_N$string":"总场数","_N$verticalAlign":1}],"_prefab":{"__type__":"cc.PrefabInfo","root":{"__id__":1},"asset":{"__uuid__":"04lAJQzaJCnp2LI6I7u+k+"},"fileId":"16CoTwG49EvaoDaKCzdUUe"},"_anchorPoint":{"__type__":"cc.Vec2","y":0.5},"_contentSize":{"__type__":"cc.Size","width":72,"height":40},"_position":{"__type__":"cc.Vec2","x":-110,"y":-15}},{"__type__":"cc.Node","_name":"Bottom","_parent":{"__id__":1},"_children":[{"__id__":84}],"_components":[{"__type__":"cc.Widget","node":{"__id__":83},"_alignFlags":44,"_top":750}],"_prefab":{"__type__":"cc.PrefabInfo","root":{"__id__":1},"asset":{"__uuid__":"04lAJQzaJCnp2LI6I7u+k+"},"fileId":"f33OGG/g1EbKl94O7vNR5v"},"_anchorPoint":{"__type__":"cc.Vec2","x":0.5},"_contentSize":{"__type__":"cc.Size","width":1344,"height":80},"_position":{"__type__":"cc.Vec2","y":-375}},{"__type__":"cc.Node","_name":"ShareBtn","_parent":{"__id__":83},"_children":[{"__id__":85}],"_active":false,"_components":[{"__type__":"cc.Sprite","node":{"__id__":84},"_spriteFrame":{"__uuid__":"39KPZzUXNForAFpo8GD/Wn"},"_type":1,"_sizeMode":0},{"__type__":"cc.Button","node":{"__id__":84},"_N$interactable":false,"_N$target":{"__id__":84}},{"__type__":"583e37tDMZOyrHYOPD8BB3O","node":{"__id__":84},"pressedScale":1.2,"transDuration":0.1}],"_prefab":{"__type__":"cc.PrefabInfo","root":{"__id__":1},"asset":{"__uuid__":"04lAJQzaJCnp2LI6I7u+k+"},"fileId":"3bbawQkeFLd7EVZrFbPgr2"},"_contentSize":{"__type__":"cc.Size","width":200,"height":88},"_position":{"__type__":"cc.Vec2","y":40}},{"__type__":"cc.Node","_name":"New Label","_parent":{"__id__":84},"_components":[{"__type__":"cc.Label","node":{"__id__":85},"_useOriginalSize":false,"_actualFontSize":28,"_fontSize":28,"_N$string":"分享","_N$horizontalAlign":1,"_N$verticalAlign":1}],"_prefab":{"__type__":"cc.PrefabInfo","root":{"__id__":1},"asset":{"__uuid__":"04lAJQzaJCnp2LI6I7u+k+"},"fileId":"b6Buwp7QpJIpJs+xig07ZJ"},"_color":{"__type__":"cc.Color","r":99,"g":25,"b":25},"_contentSize":{"__type__":"cc.Size","width":56,"height":40},"_position":{"__type__":"cc.Vec2","y":5}},{"__type__":"cc.Node","_name":"yuanxing","_parent":{"__id__":1},"_components":[{"__type__":"cc.Sprite","node":{"__id__":86},"_spriteFrame":{"__uuid__":"f8gQsVQ09F7KL8osbjFRgC"}}],"_prefab":{"__type__":"cc.PrefabInfo","root":{"__id__":1},"asset":{"__uuid__":"04lAJQzaJCnp2LI6I7u+k+"},"fileId":"d9Wm2Bh8JHC6p6DIkozAPG"},"_contentSize":{"__type__":"cc.Size","width":88,"height":88},"_position":{"__type__":"cc.Vec2","x":-458,"y":153.8}},{"__type__":"cc.Node","_name":"Close","_parent":{"__id__":1},"_components":[{"__type__":"cc.Sprite","node":{"__id__":87},"_spriteFrame":{"__uuid__":"220iHabAVM0o5fC/dX8u1H"},"_sizeMode":2},{"__type__":"cc.Button","node":{"__id__":87},"clickEvents":[{"__type__":"cc.ClickEvent","target":{"__id__":1},"component":"NewRecordUI","handler":"onBackBtn"}],"_N$target":{"__id__":87}},{"__type__":"cc.Widget","node":{"__id__":87},"_alignFlags":9}],"_prefab":{"__type__":"cc.PrefabInfo","root":{"__id__":1},"asset":{"__uuid__":"04lAJQzaJCnp2LI6I7u+k+"},"fileId":"desHTBehtLsJyhhkn5ElKM"},"_contentSize":{"__type__":"cc.Size","width":100,"height":58},"_position":{"__type__":"cc.Vec2","x":-622,"y":346}},{"__type__":"cc.Node","_name":"wenliyi","_parent":{"__id__":1},"_components":[{"__type__":"cc.Sprite","node":{"__id__":88},"_spriteFrame":{"__uuid__":"b5j56t7D5B65Nu3xI+Bm18"}}],"_prefab":{"__type__":"cc.PrefabInfo","root":{"__id__":1},"asset":{"__uuid__":"04lAJQzaJCnp2LI6I7u+k+"},"fileId":"bcNa7Dh5pLcJP7zTVHjMWb"},"_contentSize":{"__type__":"cc.Size","width":154,"height":184},"_position":{"__type__":"cc.Vec2","x":60,"y":-183}},{"__type__":"cc.Node","_name":"New Label","_parent":{"__id__":1},"_components":[{"__type__":"cc.Label","node":{"__id__":89},"_useOriginalSize":false,"_actualFontSize":22,"_fontSize":22,"_N$string":"只有多人模式才会影响你的战绩哦！","_N$horizontalAlign":1,"_N$verticalAlign":1},{"__type__":"cc.Widget","node":{"__id__":89},"_alignFlags":12,"_left":496,"_bottom":84.00000000000003}],"_prefab":{"__type__":"cc.PrefabInfo","root":{"__id__":1},"asset":{"__uuid__":"04lAJQzaJCnp2LI6I7u+k+"},"fileId":"76SrE/GiBKooXJDNlffOmB"},"_contentSize":{"__type__":"cc.Size","width":352,"height":40},"_position":{"__type__":"cc.Vec2","y":-271}},{"__type__":"cc.Node","_name":"New Label","_parent":{"__id__":1},"_components":[{"__type__":"cc.Label","node":{"__id__":90},"_useOriginalSize":false,"_N$string":"我的战绩","_N$horizontalAlign":1,"_N$verticalAlign":1}],"_prefab":{"__type__":"cc.PrefabInfo","root":{"__id__":1},"asset":{"__uuid__":"04lAJQzaJCnp2LI6I7u+k+"},"fileId":"220jJdliFNBYRm9duEslVB"},"_contentSize":{"__type__":"cc.Size","width":160,"height":40},"_position":{"__type__":"cc.Vec2","x":-484,"y":344}},{"__type__":"cc.Node","_name":"erweima","_parent":{"__id__":1},"_components":[{"__type__":"cc.Sprite","node":{"__id__":91},"_spriteFrame":{"__uuid__":"d4VZq1r8JFRbqy5NwOgJDp"},"_sizeMode":0}],"_prefab":{"__type__":"cc.PrefabInfo","root":{"__id__":1},"asset":{"__uuid__":"04lAJQzaJCnp2LI6I7u+k+"},"fileId":"6asT8uEONI5bVUimibUlxr"},"_contentSize":{"__type__":"cc.Size","width":416,"height":445},"_position":{"__type__":"cc.Vec2","x":290}},{"__type__":"cc.Node","_name":"shareLabel","_parent":{"__id__":1},"_components":[{"__type__":"cc.Sprite","node":{"__id__":92},"_spriteFrame":{"__uuid__":"5axnvFHj9F2IRG9XY2Vyi2"}}],"_prefab":{"__type__":"cc.PrefabInfo","root":{"__id__":1},"asset":{"__uuid__":"04lAJQzaJCnp2LI6I7u+k+"},"fileId":"3ehbNQ5pdIfIeJrWxU7YUZ"},"_contentSize":{"__type__":"cc.Size","width":806,"height":54},"_position":{"__type__":"cc.Vec2","y":-265}}],{"__type__":"cc.SpriteFrame","content":{"name":"sanjiaoxing-","texture":"0c0Po/48ROEpzcz7uf6jDS","rect":[3,1228,116,154],"offset":[0,0],"originalSize":[116,154]}},{"__type__":"cc.SpriteFrame","content":{"name":"_0011_back","texture":"aeQf/v2d5GzL/fTdnhZUd6","rect":[921,824,100,58],"offset":[0,0],"originalSize":[100,58]}},{"__type__":"cc.SpriteFrame","content":{"name":"blue","texture":"0c0Po/48ROEpzcz7uf6jDS","rect":[3,619,316,302],"offset":[0,0],"originalSize":[316,302]}},{"__type__":"cc.SpriteFrame","content":{"name":"largediban","texture":"0c0Po/48ROEpzcz7uf6jDS","rect":[856,576,162,92],"offset":[0,0],"originalSize":[162,92],"capInsets":[70,0,70,0]}},{"__type__":"cc.SpriteFrame","content":{"name":"white","texture":"25Si/Ki+hMlqF2yaosCl7I","rect":[1328,526,102,102],"offset":[0,0],"originalSize":[102,102],"capInsets":[40,40,40,40]}},{"__type__":"cc.SpriteFrame","content":{"name":"_0007_orangebutton","texture":"661XjWfv1BOayrl/asTWcd","rect":[823,89,176,74],"offset":[0,0],"originalSize":[176,74]}},{"__type__":"cc.SpriteFrame","content":{"name":"leidaxian","texture":"0c0Po/48ROEpzcz7uf6jDS","rect":[639,269,320,306],"offset":[0,16],"originalSize":[346,366]}},{"__type__":"cc.SpriteFrame","content":{"name":"numbersditu","texture":"0c0Po/48ROEpzcz7uf6jDS","rect":[324,367,300,32],"offset":[0,0],"originalSize":[300,32]}},{"__type__":"cc.SpriteFrame","content":{"name":"yuanxinger","texture":"0c0Po/48ROEpzcz7uf6jDS","rect":[324,400,292,292],"offset":[0,0],"originalSize":[292,292]}},{"__type__":"cc.SpriteFrame","content":{"name":"shareLabel","texture":"5f2BaCmQ1CnYPuCD1/rLg9","rect":[3,3,806,54],"offset":[0,0],"originalSize":[806,54]}},{"__type__":"cc.SpriteFrame","content":{"name":"jianbian","texture":"0c0Po/48ROEpzcz7uf6jDS","rect":[320,693,204,204],"offset":[0,0],"originalSize":[204,204]}},{"__type__":"cc.SpriteFrame","content":{"name":"yellow","texture":"0c0Po/48ROEpzcz7uf6jDS","rect":[550,37,100,100],"offset":[0,0],"originalSize":[100,100],"capInsets":[23,29,22,35]}},{"__type__":"cc.SpriteFrame","content":{"name":"xiexianhuawen","texture":"0c0Po/48ROEpzcz7uf6jDS","rect":[158,922,130,130],"offset":[0,0],"originalSize":[130,130]}},{"__type__":"cc.SpriteFrame","content":{"name":"wenliyi","texture":"0c0Po/48ROEpzcz7uf6jDS","rect":[3,922,154,184],"offset":[0,0],"originalSize":[154,184]}},{"__type__":"cc.SpriteFrame","content":{"name":"yellowpont","texture":"0c0Po/48ROEpzcz7uf6jDS","rect":[977,13,30,30],"offset":[0,0],"originalSize":[30,30]}},{"__type__":"cc.SpriteFrame","content":{"name":"CG_bg_01_new","texture":"5f2BaCmQ1CnYPuCD1/rLg9","rect":[666,478,334,188],"offset":[0,0],"originalSize":[334,188]}},{"__type__":"cc.SpriteFrame","content":{"name":"erweima","texture":"5f2BaCmQ1CnYPuCD1/rLg9","rect":[3,478,416,416],"offset":[0,0],"originalSize":[416,416]}},{"__type__":"cc.SpriteFrame","content":{"name":"Record_48","texture":"25Si/Ki+hMlqF2yaosCl7I","rect":[1966,615,34,50],"offset":[-1,0],"originalSize":[36,50]}},{"__type__":"cc.SpriteFrame","content":{"name":"%","texture":"25Si/Ki+hMlqF2yaosCl7I","rect":[1966,470,58,50],"offset":[0,0],"originalSize":[58,50]}},{"__type__":"cc.SpriteFrame","content":{"name":"sanjaobufenyi","texture":"0c0Po/48ROEpzcz7uf6jDS","rect":[550,138,94,66],"offset":[0,0],"originalSize":[94,66]}},{"__type__":"cc.SpriteFrame","content":{"name":"yuanxing","texture":"0c0Po/48ROEpzcz7uf6jDS","rect":[550,205,88,88],"offset":[0,0],"originalSize":[88,88]}}]