[{"__type__":"cc.SpriteFrame","content":{"name":"_0003_diban","texture":"aeQf/v2d5GzL/fTdnhZUd6","rect":[780,1159,188,188],"offset":[0,0],"originalSize":[188,188],"capInsets":[50,40,50,40]}},{"__type__":"cc.SpriteFrame","content":{"name":"default_btn_disabled","texture":"71VhFCTINJM6/Ky3oX9nBT","rect":[0,0,40,40],"offset":[0,0],"originalSize":[40,40],"capInsets":[15,7,15,9]}},{"__type__":"cc.SpriteFrame","content":{"name":"_0002_titletwo","texture":"aeQf/v2d5GzL/fTdnhZUd6","rect":[3,754,578,58],"offset":[0,0],"originalSize":[578,58]}},{"__type__":"cc.SpriteFrame","content":{"name":"_0007_orangebutton","texture":"661XjWfv1BOayrl/asTWcd","rect":[823,89,176,74],"offset":[0,0],"originalSize":[176,74]}},{"__type__":"cc.SpriteFrame","content":{"name":"_0006_button","texture":"661XjWfv1BOayrl/asTWcd","rect":[823,164,176,74],"offset":[0,0],"originalSize":[176,74]}},[{"__type__":"cc.Prefab","_name":"PVPChangTeamUI","data":{"__id__":1},"asyncLoadAssets":false},{"__type__":"cc.Node","_name":"PVPChangTeamUI","_children":[{"__id__":2},{"__id__":3},{"__id__":4},{"__id__":5},{"__id__":6},{"__id__":7},{"__id__":8},{"__id__":9},{"__id__":11},{"__id__":13},{"__id__":15},{"__id__":16},{"__id__":17},{"__id__":19}],"_components":[{"__type__":"cc.Widget","node":{"__id__":1},"isAlignOnce":false,"_alignFlags":45},{"__type__":"7d2f6j/WLZFtronwzDoFELi","node":{"__id__":1}}],"_prefab":{"__type__":"cc.PrefabInfo","root":{"__id__":1},"asset":{"__uuid__":"9a8IR2autESr0kr0PgJnQ1"},"fileId":"97JIwaWI1GkaNQvC1Jth0Q"},"_contentSize":{"__type__":"cc.Size","width":1334,"height":750},"_position":{"__type__":"cc.Vec2","x":667,"y":375}},{"__type__":"cc.Node","_name":"Bk","_parent":{"__id__":1},"_components":[{"__type__":"cc.Sprite","node":{"__id__":2},"_spriteFrame":{"__uuid__":"a8YMZ/DIZLaLOo6yQIJaWu"},"_sizeMode":0},{"__type__":"cc.Widget","node":{"__id__":2},"_alignFlags":45,"_left":-10,"_right":-10,"_top":-10,"_bottom":-10,"_originalWidth":1334,"_originalHeight":750}],"_prefab":{"__type__":"cc.PrefabInfo","root":{"__id__":1},"asset":{"__uuid__":"9a8IR2autESr0kr0PgJnQ1"},"fileId":"94efPCfXFDIYTJqb2Z1H9P"},"_anchorPoint":{"__type__":"cc.Vec2","x":0.5,"y":1},"_contentSize":{"__type__":"cc.Size","width":1354,"height":770},"_position":{"__type__":"cc.Vec2","y":385}},{"__type__":"cc.Node","_name":"Bk2","_parent":{"__id__":1},"_components":[{"__type__":"cc.Sprite","node":{"__id__":3},"_spriteFrame":{"__uuid__":"05f4uDmUFIEYBRjc0VzC2a"},"_type":1,"_sizeMode":0}],"_prefab":{"__type__":"cc.PrefabInfo","root":{"__id__":1},"asset":{"__uuid__":"9a8IR2autESr0kr0PgJnQ1"},"fileId":"1faGwbPm9AuYg/Nnb5qErC"},"_contentSize":{"__type__":"cc.Size","width":600,"height":300}},{"__type__":"cc.Node","_name":"_0002_titletwo","_parent":{"__id__":1},"_components":[{"__type__":"cc.Sprite","node":{"__id__":4},"_spriteFrame":{"__uuid__":"30/J0ASWZE07VgyW9GICpv"},"_sizeMode":0}],"_prefab":{"__type__":"cc.PrefabInfo","root":{"__id__":1},"asset":{"__uuid__":"9a8IR2autESr0kr0PgJnQ1"},"fileId":"2bij55j/VERYVlkVHocimD"},"_contentSize":{"__type__":"cc.Size","width":590,"height":58},"_position":{"__type__":"cc.Vec2","y":126}},{"__type__":"cc.Node","_name":"_0001_title","_parent":{"__id__":1},"_components":[{"__type__":"cc.Sprite","node":{"__id__":5},"_spriteFrame":{"__uuid__":"c6N8GMjTJHU5feYrw+82Gx"}}],"_prefab":{"__type__":"cc.PrefabInfo","root":{"__id__":1},"asset":{"__uuid__":"9a8IR2autESr0kr0PgJnQ1"},"fileId":"fbW0hLIgFBbrc+IMdmLDVU"},"_contentSize":{"__type__":"cc.Size","width":506,"height":58},"_position":{"__type__":"cc.Vec2","x":-36,"y":114}},{"__type__":"cc.Node","_name":"New Label","_parent":{"__id__":1},"_components":[{"__type__":"cc.Label","node":{"__id__":6},"_useOriginalSize":false,"_actualFontSize":22,"_fontSize":22,"_N$string":"申请换位","_N$horizontalAlign":1,"_N$verticalAlign":1}],"_prefab":{"__type__":"cc.PrefabInfo","root":{"__id__":1},"asset":{"__uuid__":"9a8IR2autESr0kr0PgJnQ1"},"fileId":"9f4ig9VU5DB70L9D2xW6hv"},"_color":{"__type__":"cc.Color","r":115,"g":59,"b":36},"_contentSize":{"__type__":"cc.Size","width":88,"height":40},"_position":{"__type__":"cc.Vec2","y":110}},{"__type__":"cc.Node","_name":"HeadBk","_parent":{"__id__":1},"_components":[{"__type__":"cc.Sprite","node":{"__id__":7},"_spriteFrame":{"__uuid__":"d2seDNVAdJa6Qv+3kBhcK4"},"_type":1,"_sizeMode":0}],"_prefab":{"__type__":"cc.PrefabInfo","root":{"__id__":1},"asset":{"__uuid__":"9a8IR2autESr0kr0PgJnQ1"},"fileId":"ferJVF/vpLnaEwgMk6w6TI"},"_anchorPoint":{"__type__":"cc.Vec2","y":0.5},"_contentSize":{"__type__":"cc.Size","width":500,"height":42},"_position":{"__type__":"cc.Vec2","x":-260,"y":20}},{"__type__":"cc.Node","_name":"HeadBk","_parent":{"__id__":1},"_components":[{"__type__":"cc.Sprite","node":{"__id__":8},"_spriteFrame":{"__uuid__":"d2seDNVAdJa6Qv+3kBhcK4"},"_type":1,"_sizeMode":0}],"_prefab":{"__type__":"cc.PrefabInfo","root":{"__id__":1},"asset":{"__uuid__":"9a8IR2autESr0kr0PgJnQ1"},"fileId":"60v7q+2QhPVLCZYn0hClWy"},"_anchorPoint":{"__type__":"cc.Vec2","y":0.5},"_contentSize":{"__type__":"cc.Size","width":500,"height":42},"_scaleY":-1,"_position":{"__type__":"cc.Vec2","x":-260,"y":-20}},{"__type__":"cc.Node","_name":"Mask","_parent":{"__id__":1},"_children":[{"__id__":10}],"_components":[{"__type__":"cc.Mask","node":{"__id__":9},"_type":1,"_segements":330}],"_prefab":{"__type__":"cc.PrefabInfo","root":{"__id__":1},"asset":{"__uuid__":"9a8IR2autESr0kr0PgJnQ1"},"fileId":"10jKGHH4ZEyKuj6mZfspX/"},"_contentSize":{"__type__":"cc.Size","width":70,"height":70},"_position":{"__type__":"cc.Vec2","x":-218}},{"__type__":"cc.Node","_name":"HeadIcon","_parent":{"__id__":9},"_components":[{"__type__":"cc.Sprite","node":{"__id__":10},"_sizeMode":0}],"_prefab":{"__type__":"cc.PrefabInfo","root":{"__id__":1},"asset":{"__uuid__":"9a8IR2autESr0kr0PgJnQ1"},"fileId":"0fXCf3OlRMnbk5yg/G/Lec"},"_contentSize":{"__type__":"cc.Size","width":65,"height":65}},{"__type__":"cc.Node","_name":"InviteBtn","_parent":{"__id__":1},"_children":[{"__id__":12}],"_active":false,"_components":[{"__type__":"cc.Sprite","node":{"__id__":11},"_spriteFrame":{"__uuid__":"bcRpaiONtDyal+caNHXt3v"},"_type":1,"_sizeMode":0},{"__type__":"cc.Button","node":{"__id__":11},"transition":2,"pressedColor":{"__type__":"cc.Color","r":255,"g":255,"b":255},"pressedSprite":{"__uuid__":"e97GVMl6JHh5Ml5qEDdSGa"},"hoverSprite":{"__uuid__":"e97GVMl6JHh5Ml5qEDdSGa"},"clickEvents":[{"__type__":"cc.ClickEvent","target":{"__id__":1},"component":"PVPChangTeamUI","handler":"OnRefuseBtn"}],"_N$normalColor":{"__type__":"cc.Color","r":255,"g":255,"b":255},"_N$disabledColor":{"__type__":"cc.Color","r":255,"g":255,"b":255},"_N$normalSprite":{"__uuid__":"bcRpaiONtDyal+caNHXt3v"},"_N$disabledSprite":{"__uuid__":"29FYIk+N1GYaeWH/q1NxQO"},"_N$target":{"__id__":11}}],"_prefab":{"__type__":"cc.PrefabInfo","root":{"__id__":1},"asset":{"__uuid__":"9a8IR2autESr0kr0PgJnQ1"},"fileId":"a3Rb6v/ZtIIJO8eiuR50SV"},"_contentSize":{"__type__":"cc.Size","width":120,"height":40},"_position":{"__type__":"cc.Vec2","x":-175,"y":-243}},{"__type__":"cc.Node","_name":"Label","_parent":{"__id__":11},"_components":[{"__type__":"cc.Label","node":{"__id__":12},"_useOriginalSize":false,"_actualFontSize":20,"_fontSize":20,"_enableWrapText":false,"_N$string":"拒绝","_N$horizontalAlign":1,"_N$verticalAlign":1,"_N$overflow":1}],"_prefab":{"__type__":"cc.PrefabInfo","root":{"__id__":1},"asset":{"__uuid__":"9a8IR2autESr0kr0PgJnQ1"},"fileId":"44xCvqYSBE77gc6+viEkU6"},"_color":{"__type__":"cc.Color"},"_contentSize":{"__type__":"cc.Size","width":100,"height":40}},{"__type__":"cc.Node","_name":"StartWar","_parent":{"__id__":1},"_children":[{"__id__":14}],"_active":false,"_components":[{"__type__":"cc.Sprite","node":{"__id__":13},"_spriteFrame":{"__uuid__":"aemcyPHctHuaQmSaHZqpj/"},"_type":1,"_sizeMode":0},{"__type__":"cc.Button","node":{"__id__":13},"transition":2,"pressedColor":{"__type__":"cc.Color","r":255,"g":255,"b":255},"pressedSprite":{"__uuid__":"e97GVMl6JHh5Ml5qEDdSGa"},"hoverSprite":{"__uuid__":"e97GVMl6JHh5Ml5qEDdSGa"},"clickEvents":[{"__type__":"cc.ClickEvent","target":{"__id__":1},"component":"PVPChangTeamUI","handler":"OnSureBtn"}],"_N$normalColor":{"__type__":"cc.Color","r":255,"g":255,"b":255},"_N$disabledColor":{"__type__":"cc.Color","r":255,"g":255,"b":255},"_N$normalSprite":{"__uuid__":"aemcyPHctHuaQmSaHZqpj/"},"_N$disabledSprite":{"__uuid__":"29FYIk+N1GYaeWH/q1NxQO"},"_N$target":{"__id__":13}}],"_prefab":{"__type__":"cc.PrefabInfo","root":{"__id__":1},"asset":{"__uuid__":"9a8IR2autESr0kr0PgJnQ1"},"fileId":"35POj5IsBEQopsgwK2SqUz"},"_contentSize":{"__type__":"cc.Size","width":120,"height":40},"_position":{"__type__":"cc.Vec2","x":161,"y":-283}},{"__type__":"cc.Node","_name":"Label","_parent":{"__id__":13},"_components":[{"__type__":"cc.Label","node":{"__id__":14},"_useOriginalSize":false,"_actualFontSize":20,"_fontSize":20,"_enableWrapText":false,"_N$string":"同意","_N$horizontalAlign":1,"_N$verticalAlign":1,"_N$overflow":1}],"_prefab":{"__type__":"cc.PrefabInfo","root":{"__id__":1},"asset":{"__uuid__":"9a8IR2autESr0kr0PgJnQ1"},"fileId":"43jROg2TtOFK0TP2TCl5nO"},"_color":{"__type__":"cc.Color"},"_contentSize":{"__type__":"cc.Size","width":100,"height":40}},{"__type__":"cc.Node","_name":"Tips","_parent":{"__id__":1},"_components":[{"__type__":"cc.Label","node":{"__id__":15},"_useOriginalSize":false,"_actualFontSize":18,"_fontSize":18,"_N$string":"申请和你换位，你怎么看？","_N$verticalAlign":1}],"_prefab":{"__type__":"cc.PrefabInfo","root":{"__id__":1},"asset":{"__uuid__":"9a8IR2autESr0kr0PgJnQ1"},"fileId":"25gKehMilBZYs8r3I9BA9W"},"_color":{"__type__":"cc.Color","r":115,"g":59,"b":36},"_anchorPoint":{"__type__":"cc.Vec2","y":0.5},"_contentSize":{"__type__":"cc.Size","width":216,"height":40},"_position":{"__type__":"cc.Vec2","x":10}},{"__type__":"cc.Node","_name":"nameLabel","_parent":{"__id__":1},"_components":[{"__type__":"cc.Label","node":{"__id__":16},"_useOriginalSize":false,"_actualFontSize":18,"_fontSize":18,"_N$string":"name","_N$verticalAlign":1,"_N$overflow":2}],"_prefab":{"__type__":"cc.PrefabInfo","root":{"__id__":1},"asset":{"__uuid__":"9a8IR2autESr0kr0PgJnQ1"},"fileId":"83ZppJ+9dMdLWzzpy7kd6C"},"_anchorPoint":{"__type__":"cc.Vec2","y":0.5},"_contentSize":{"__type__":"cc.Size","width":170,"height":40},"_position":{"__type__":"cc.Vec2","x":-170}},{"__type__":"cc.Node","_name":"InviteBtn","_parent":{"__id__":1},"_children":[{"__id__":18}],"_components":[{"__type__":"cc.Sprite","node":{"__id__":17},"_spriteFrame":{"__uuid__":"7bVXuX55VM36mljrwl8dF/"},"_type":1,"_sizeMode":0},{"__type__":"cc.Button","node":{"__id__":17},"clickEvents":[{"__type__":"cc.ClickEvent","component":"PVPMakeTeamUI","handler":"onBtnInvite"}],"_N$target":{"__id__":17}},{"__type__":"583e37tDMZOyrHYOPD8BB3O","node":{"__id__":17},"pressedScale":1.2,"transDuration":0.1},{"__type__":"cc.Layout","node":{"__id__":17},"_layoutSize":{"__type__":"cc.Size","width":176,"height":80},"_resize":1,"_N$layoutType":1,"_N$paddingLeft":60,"_N$paddingRight":60,"_N$spacingX":30}],"_prefab":{"__type__":"cc.PrefabInfo","root":{"__id__":1},"asset":{"__uuid__":"9a8IR2autESr0kr0PgJnQ1"},"fileId":"07yBKnTAVLoI3yMyiZoNjg"},"_contentSize":{"__type__":"cc.Size","width":176,"height":80},"_position":{"__type__":"cc.Vec2","x":-175,"y":-250}},{"__type__":"cc.Node","_name":"New Label","_parent":{"__id__":17},"_components":[{"__type__":"cc.Label","node":{"__id__":18},"_useOriginalSize":false,"_actualFontSize":28,"_fontSize":28,"_N$string":"邀请","_N$horizontalAlign":1,"_N$verticalAlign":1}],"_prefab":{"__type__":"cc.PrefabInfo","root":{"__id__":1},"asset":{"__uuid__":"9a8IR2autESr0kr0PgJnQ1"},"fileId":"f4PELhm5ZCdKN6CzO9E3/O"},"_color":{"__type__":"cc.Color"},"_contentSize":{"__type__":"cc.Size","width":56,"height":40},"_position":{"__type__":"cc.Vec2","y":5}},{"__type__":"cc.Node","_name":"StartWar","_parent":{"__id__":1},"_children":[{"__id__":20}],"_components":[{"__type__":"cc.Sprite","node":{"__id__":19},"_spriteFrame":{"__uuid__":"39KPZzUXNForAFpo8GD/Wn"},"_type":1,"_sizeMode":0},{"__type__":"cc.Button","node":{"__id__":19},"clickEvents":[{"__type__":"cc.ClickEvent","component":"PVPMakeTeamUI","handler":"onBtnStart"}],"_N$target":{"__id__":19}},{"__type__":"583e37tDMZOyrHYOPD8BB3O","node":{"__id__":19},"pressedScale":1.2,"transDuration":0.1},{"__type__":"cc.Layout","node":{"__id__":19},"_layoutSize":{"__type__":"cc.Size","width":176,"height":80},"_resize":1,"_N$layoutType":1,"_N$paddingLeft":60,"_N$paddingRight":60,"_N$spacingX":30}],"_prefab":{"__type__":"cc.PrefabInfo","root":{"__id__":1},"asset":{"__uuid__":"9a8IR2autESr0kr0PgJnQ1"},"fileId":"e4gMr4PjlJ8Ze9lR8bfKz6"},"_contentSize":{"__type__":"cc.Size","width":176,"height":80},"_position":{"__type__":"cc.Vec2","x":161,"y":-250}},{"__type__":"cc.Node","_name":"New Label","_parent":{"__id__":19},"_components":[{"__type__":"cc.Label","node":{"__id__":20},"_useOriginalSize":false,"_actualFontSize":28,"_fontSize":28,"_N$string":"准备","_N$horizontalAlign":1,"_N$verticalAlign":1}],"_prefab":{"__type__":"cc.PrefabInfo","root":{"__id__":1},"asset":{"__uuid__":"9a8IR2autESr0kr0PgJnQ1"},"fileId":"14M5Yw1NpN1LGR5Jjy+40W"},"_color":{"__type__":"cc.Color"},"_contentSize":{"__type__":"cc.Size","width":56,"height":40},"_position":{"__type__":"cc.Vec2","y":5}}],{"__type__":"cc.SpriteFrame","content":{"name":"_0008_bgmohu","texture":"5f2BaCmQ1CnYPuCD1/rLg9","rect":[3,77,668,376],"offset":[0,0],"originalSize":[668,376]}},{"__type__":"cc.SpriteFrame","content":{"name":"_0013_yellowbutton","texture":"661XjWfv1BOayrl/asTWcd","rect":[959,239,48,58],"offset":[0,0],"originalSize":[48,58],"capInsets":[15,0,15,0]}},{"__type__":"cc.SpriteFrame","content":{"name":"_0010_buttonwhite","texture":"aeQf/v2d5GzL/fTdnhZUd6","rect":[273,1025,42,58],"offset":[0,0],"originalSize":[42,58],"capInsets":[18,0,18,0]}},{"__type__":"cc.SpriteFrame","content":{"name":"_0001_title","texture":"aeQf/v2d5GzL/fTdnhZUd6","rect":[3,813,506,58],"offset":[0,0],"originalSize":[506,58]}},{"__type__":"cc.SpriteFrame","content":{"name":"_0000_huanweishengqingdikuang","texture":"aeQf/v2d5GzL/fTdnhZUd6","rect":[3,1126,160,42],"offset":[0,0],"originalSize":[160,42],"capInsets":[100,0,30,0]}},{"__type__":"cc.SpriteFrame","content":{"name":"default_btn_pressed","texture":"b4P/PCArtIdIH38t6mlw8Y","rect":[0,0,40,40],"offset":[0,0],"originalSize":[40,40],"capInsets":[11,11,11,7]}}]