[{"__type__":"cc.SpriteFrame","content":{"name":"Tank_R","texture":"20wkx7r05LO5L2PvQg5zW3","rect":[951,640,69,74],"offset":[0,0],"originalSize":[69,74]}},{"__type__":"cc.SpriteFrame","content":{"name":"_0016_jindutiaojianbian","texture":"20wkx7r05LO5L2PvQg5zW3","rect":[739,958,90,16],"offset":[0,0],"originalSize":[90,16],"capInsets":[6,0,5,0]}},[{"__type__":"cc.Prefab","_name":"Monster1","data":{"__id__":1},"asyncLoadAssets":false},{"__type__":"cc.Node","_name":"Monster1","_children":[{"__id__":2}],"_components":[{"__type__":"16182LWxhdNYrfRyPThBG06","node":{"__id__":1},"SpAtlas":{"__uuid__":"49hgYBWs5C0osUMDkiP1E1"},"DeadPrefab":{"__uuid__":"a0OSIldwxLPbLWbBgZxA7a"},"DeadPrefabName":"T_boom_H","Body":{"__id__":2},"dieAnimationClip":"T_boom","ImageNode":{"__id__":12},"DirectionArrow":{"__id__":25},"MyCollider":{"__id__":36},"PaoTaiNode":{"__id__":24},"MyAnimationCtrl":{"__id__":37},"GuijiPrefab":{"__uuid__":"7cV6CgSa9GV4TGRvcgC8h0"},"GuijiPrefabName":"T_guiji_H","TankHpControl":{"__id__":4},"GuijiDistance":20,"GuijiFrameGap":12,"MotionStreak":{"__id__":38},"PlayerDieEffect":"Player_die_H","LineSpriteFrame":{"__uuid__":"e0Fev8ANJIKKn4Z1OaMcay"},"LeftHpNode":{"__id__":3},"CachedLineSprite":[{"__id__":6},{"__id__":7},{"__id__":8},{"__id__":9},{"__id__":10}],"Sprite1Change":{"__id__":23},"leftHPnode":{"__id__":4},"TankNamePrefab":{"__uuid__":"f7a/LDWJlD/6S9SnmVmU8v"},"TankHeadImagePrefab":{"__uuid__":"d7n8IRx/9NbI0qTzfcdIen"},"TankHpNode":{"__id__":3},"AIComponent":{"__id__":39},"ChangeSpriteArray":[{"__id__":5},{"__id__":23}]},{"__type__":"379b141W0BCZZwMTY7+7dWg","node":{"__id__":1}},{"__id__":39},{"__id__":36},{"__id__":37},{"__id__":38}],"_prefab":{"__type__":"cc.PrefabInfo","root":{"__id__":1},"asset":{"__uuid__":"727csbs+ZCb5kt1gzTkLxm"},"fileId":"89oa99wGxJQqM7GPXruzC2"},"_contentSize":{"__type__":"cc.Size","width":75,"height":75},"groupIndex":3},{"__type__":"cc.Node","_name":"Body","_parent":{"__id__":1},"_children":[{"__id__":3},{"__id__":11},{"__id__":12},{"__id__":24}],"_prefab":{"__type__":"cc.PrefabInfo","root":{"__id__":1},"asset":{"__uuid__":"727csbs+ZCb5kt1gzTkLxm"},"fileId":"aewVgWhTtIRKx5ZQQhifnE"}},{"__type__":"cc.Node","_name":"HPBg","_parent":{"__id__":2},"_children":[{"__id__":4},{"__id__":6},{"__id__":7},{"__id__":8},{"__id__":9},{"__id__":10}],"_components":[{"__type__":"cc.Sprite","node":{"__id__":3},"_spriteFrame":{"__uuid__":"84oa/IQ/NAH5H2pPdK4Ehi"},"_sizeMode":0}],"_prefab":{"__type__":"cc.PrefabInfo","root":{"__id__":1},"asset":{"__uuid__":"727csbs+ZCb5kt1gzTkLxm"},"fileId":"13x9jPLQ5AHIxf4SqH0ECt"},"_contentSize":{"__type__":"cc.Size","width":94,"height":20},"_position":{"__type__":"cc.Vec2","y":85}},{"__type__":"cc.Node","_name":"Left","_parent":{"__id__":3},"_components":[{"__id__":5}],"_prefab":{"__type__":"cc.PrefabInfo","root":{"__id__":1},"asset":{"__uuid__":"727csbs+ZCb5kt1gzTkLxm"},"fileId":"e4qJZgH/JGEoRcSaP14Tcl"},"_anchorPoint":{"__type__":"cc.Vec2"},"_contentSize":{"__type__":"cc.Size","width":90,"height":16},"_position":{"__type__":"cc.Vec2","x":-45,"y":-8}},{"__type__":"cc.Sprite","node":{"__id__":4},"_spriteFrame":{"__uuid__":"21Jto3bLtH0o6JMo2+Ch0H"},"_type":3,"_sizeMode":0,"_fillRange":1},{"__type__":"cc.Node","_name":"line","_parent":{"__id__":3},"_components":[{"__type__":"cc.Sprite","node":{"__id__":6},"_spriteFrame":{"__uuid__":"e0Fev8ANJIKKn4Z1OaMcay"},"_sizeMode":0}],"_prefab":{"__type__":"cc.PrefabInfo","root":{"__id__":1},"asset":{"__uuid__":"727csbs+ZCb5kt1gzTkLxm"},"fileId":"9dcdSVtIFAMZPuil1sntfq"},"_contentSize":{"__type__":"cc.Size","width":8,"height":16}},{"__type__":"cc.Node","_name":"line","_parent":{"__id__":3},"_components":[{"__type__":"cc.Sprite","node":{"__id__":7},"_spriteFrame":{"__uuid__":"e0Fev8ANJIKKn4Z1OaMcay"},"_sizeMode":0}],"_prefab":{"__type__":"cc.PrefabInfo","root":{"__id__":1},"asset":{"__uuid__":"727csbs+ZCb5kt1gzTkLxm"},"fileId":"9ekVuKG75H54sRqx5FII2B"},"_contentSize":{"__type__":"cc.Size","width":8,"height":16}},{"__type__":"cc.Node","_name":"line","_parent":{"__id__":3},"_components":[{"__type__":"cc.Sprite","node":{"__id__":8},"_spriteFrame":{"__uuid__":"e0Fev8ANJIKKn4Z1OaMcay"},"_sizeMode":0}],"_prefab":{"__type__":"cc.PrefabInfo","root":{"__id__":1},"asset":{"__uuid__":"727csbs+ZCb5kt1gzTkLxm"},"fileId":"acEC6yo0BC4ZFDxUaGgiTu"},"_contentSize":{"__type__":"cc.Size","width":8,"height":16}},{"__type__":"cc.Node","_name":"line","_parent":{"__id__":3},"_components":[{"__type__":"cc.Sprite","node":{"__id__":9},"_spriteFrame":{"__uuid__":"e0Fev8ANJIKKn4Z1OaMcay"},"_sizeMode":0}],"_prefab":{"__type__":"cc.PrefabInfo","root":{"__id__":1},"asset":{"__uuid__":"727csbs+ZCb5kt1gzTkLxm"},"fileId":"cae+6f8ahNmpn7uOgurLaM"},"_contentSize":{"__type__":"cc.Size","width":8,"height":16}},{"__type__":"cc.Node","_name":"line","_parent":{"__id__":3},"_components":[{"__type__":"cc.Sprite","node":{"__id__":10},"_spriteFrame":{"__uuid__":"e0Fev8ANJIKKn4Z1OaMcay"},"_sizeMode":2}],"_prefab":{"__type__":"cc.PrefabInfo","root":{"__id__":1},"asset":{"__uuid__":"727csbs+ZCb5kt1gzTkLxm"},"fileId":"efYS2FD61LqJeictg8wZIH"},"_contentSize":{"__type__":"cc.Size","width":8,"height":16}},{"__type__":"cc.Node","_name":"NameLabel","_parent":{"__id__":2},"_active":false,"_components":[{"__type__":"cc.Label","node":{"__id__":11},"_useOriginalSize":false,"_actualFontSize":30,"_fontSize":30,"_N$string":"玩家A","_N$horizontalAlign":1,"_N$verticalAlign":1}],"_prefab":{"__type__":"cc.PrefabInfo","root":{"__id__":1},"asset":{"__uuid__":"727csbs+ZCb5kt1gzTkLxm"},"fileId":"e7R8lOLF1Pr5SIGrgR088I"},"_contentSize":{"__type__":"cc.Size","width":80.01,"height":40},"_position":{"__type__":"cc.Vec2","y":120}},{"__type__":"cc.Node","_name":"Image","_parent":{"__id__":2},"_children":[{"__id__":13}],"_prefab":{"__type__":"cc.PrefabInfo","root":{"__id__":1},"asset":{"__uuid__":"727csbs+ZCb5kt1gzTkLxm"},"fileId":"93031t2JtAmY3pmNZ7NfsK"},"_contentSize":{"__type__":"cc.Size","width":80,"height":80}},{"__type__":"cc.Node","_name":"Tank_LvDai_G","_parent":{"__id__":12},"_children":[{"__id__":14}],"_prefab":{"__type__":"cc.PrefabInfo","root":{"__id__":1},"asset":{"__uuid__":"727csbs+ZCb5kt1gzTkLxm"},"fileId":"298S8DCp1N7J8Czgk4Ieed"}},{"__type__":"cc.Node","_name":"Tank_LvDai_Ani","_parent":{"__id__":13},"_children":[{"__id__":15},{"__id__":16},{"__id__":17},{"__id__":18},{"__id__":19},{"__id__":20},{"__id__":21},{"__id__":22}],"_components":[{"__type__":"cc.Animation","node":{"__id__":14},"_defaultClip":{"__uuid__":"6axa+WsclIc4D/Zz/j3Nf8"},"_clips":[{"__uuid__":"6axa+WsclIc4D/Zz/j3Nf8"}],"playOnLoad":true}],"_prefab":{"__type__":"cc.PrefabInfo","root":{"__id__":1},"asset":{"__uuid__":"727csbs+ZCb5kt1gzTkLxm"},"fileId":"786etPKq1PzohOXklhJtTe"}},{"__type__":"cc.Node","_name":"Tank_heidi","_parent":{"__id__":14},"_components":[{"__type__":"cc.Sprite","node":{"__id__":15},"_spriteFrame":{"__uuid__":"88MmydYDZHsL/IRggwIY4A"}}],"_prefab":{"__type__":"cc.PrefabInfo","root":{"__id__":1},"asset":{"__uuid__":"727csbs+ZCb5kt1gzTkLxm"},"fileId":"97NSWkm4xJPK8LkRJ7CFkt"},"_contentSize":{"__type__":"cc.Size","width":65,"height":66}},{"__type__":"cc.Node","_name":"Tank_henxian01","_parent":{"__id__":14},"_components":[{"__type__":"cc.Sprite","node":{"__id__":16},"_spriteFrame":{"__uuid__":"bdbj/6jbBEA7m8y0Fd8K6F"}}],"_prefab":{"__type__":"cc.PrefabInfo","root":{"__id__":1},"asset":{"__uuid__":"727csbs+ZCb5kt1gzTkLxm"},"fileId":"85euRY9a1ICYqCahrtCrnU"},"_contentSize":{"__type__":"cc.Size","width":63,"height":3},"_position":{"__type__":"cc.Vec2","y":23.6}},{"__type__":"cc.Node","_name":"Tank_henxian02","_parent":{"__id__":14},"_components":[{"__type__":"cc.Sprite","node":{"__id__":17},"_spriteFrame":{"__uuid__":"bdbj/6jbBEA7m8y0Fd8K6F"}}],"_prefab":{"__type__":"cc.PrefabInfo","root":{"__id__":1},"asset":{"__uuid__":"727csbs+ZCb5kt1gzTkLxm"},"fileId":"c4reY1CElLK4mBai4rnen+"},"_contentSize":{"__type__":"cc.Size","width":63,"height":3},"_position":{"__type__":"cc.Vec2","y":12.5}},{"__type__":"cc.Node","_name":"Tank_henxian03","_parent":{"__id__":14},"_components":[{"__type__":"cc.Sprite","node":{"__id__":18},"_spriteFrame":{"__uuid__":"bdbj/6jbBEA7m8y0Fd8K6F"}}],"_prefab":{"__type__":"cc.PrefabInfo","root":{"__id__":1},"asset":{"__uuid__":"727csbs+ZCb5kt1gzTkLxm"},"fileId":"68OMr01llBeZhyrqtVYkIG"},"_contentSize":{"__type__":"cc.Size","width":63,"height":3},"_position":{"__type__":"cc.Vec2","y":1.3}},{"__type__":"cc.Node","_name":"Tank_henxian04","_parent":{"__id__":14},"_components":[{"__type__":"cc.Sprite","node":{"__id__":19},"_spriteFrame":{"__uuid__":"bdbj/6jbBEA7m8y0Fd8K6F"}}],"_prefab":{"__type__":"cc.PrefabInfo","root":{"__id__":1},"asset":{"__uuid__":"727csbs+ZCb5kt1gzTkLxm"},"fileId":"3078uRVkxJK594guw4zriP"},"_contentSize":{"__type__":"cc.Size","width":63,"height":3},"_position":{"__type__":"cc.Vec2","y":-8.9}},{"__type__":"cc.Node","_name":"Tank_henxian05","_parent":{"__id__":14},"_components":[{"__type__":"cc.Sprite","node":{"__id__":20},"_spriteFrame":{"__uuid__":"bdbj/6jbBEA7m8y0Fd8K6F"}}],"_prefab":{"__type__":"cc.PrefabInfo","root":{"__id__":1},"asset":{"__uuid__":"727csbs+ZCb5kt1gzTkLxm"},"fileId":"39cRfYxiRMLYoHwo/TV69i"},"_contentSize":{"__type__":"cc.Size","width":63,"height":3},"_position":{"__type__":"cc.Vec2","y":-19}},{"__type__":"cc.Node","_name":"Tank_henxian06","_parent":{"__id__":14},"_components":[{"__type__":"cc.Sprite","node":{"__id__":21},"_spriteFrame":{"__uuid__":"bdbj/6jbBEA7m8y0Fd8K6F"}}],"_prefab":{"__type__":"cc.PrefabInfo","root":{"__id__":1},"asset":{"__uuid__":"727csbs+ZCb5kt1gzTkLxm"},"fileId":"6bbaGPyKNB55JjfMGZxqu6"},"_contentSize":{"__type__":"cc.Size","width":63,"height":3},"_position":{"__type__":"cc.Vec2","y":-29.6}},{"__type__":"cc.Node","_name":"Tank_di_G","_parent":{"__id__":14},"_components":[{"__id__":23}],"_prefab":{"__type__":"cc.PrefabInfo","root":{"__id__":1},"asset":{"__uuid__":"727csbs+ZCb5kt1gzTkLxm"},"fileId":"601ThJhk1P0ISgwC8WybFY"},"_contentSize":{"__type__":"cc.Size","width":69,"height":74},"_position":{"__type__":"cc.Vec2","y":8}},{"__type__":"cc.Sprite","node":{"__id__":22},"_spriteFrame":{"__uuid__":"18kT60AOlGuqbESskTsUSq"}},{"__type__":"cc.Node","_name":"TankPaotai","_parent":{"__id__":2},"_children":[{"__id__":25},{"__id__":29}],"_active":false,"_prefab":{"__type__":"cc.PrefabInfo","root":{"__id__":1},"asset":{"__uuid__":"727csbs+ZCb5kt1gzTkLxm"},"fileId":"abnoBp0fREQaunTYGJsrip"}},{"__type__":"cc.Node","_name":"DirectionArrow","_parent":{"__id__":24},"_children":[{"__id__":26}],"_prefab":{"__type__":"cc.PrefabInfo","root":{"__id__":1},"asset":{"__uuid__":"727csbs+ZCb5kt1gzTkLxm"},"fileId":"a5AMc5e6dKIYna8FK9G+TS"},"_contentSize":{"__type__":"cc.Size","width":20,"height":20},"_scaleX":0.75,"_scaleY":-0.75,"_position":{"__type__":"cc.Vec2","y":50.25}},{"__type__":"cc.Node","_name":"T_fire01","_parent":{"__id__":25},"_children":[{"__id__":27}],"_components":[{"__id__":28}],"_prefab":{"__type__":"cc.PrefabInfo","root":{"__id__":1},"asset":{"__uuid__":"727csbs+ZCb5kt1gzTkLxm"},"fileId":"72qKDavCpHAo5BEJpWofaJ"},"_rotationX":180,"_rotationY":180,"_position":{"__type__":"cc.Vec2","x":-1,"y":51}},{"__type__":"cc.Node","_name":"sprite","_parent":{"__id__":26},"_components":[{"__type__":"cc.Sprite","node":{"__id__":27},"_spriteFrame":{"__uuid__":"7diTKu489FPqMdxQRfi4+1"}}],"_prefab":{"__type__":"cc.PrefabInfo","root":{"__id__":1},"asset":{"__uuid__":"727csbs+ZCb5kt1gzTkLxm"},"fileId":"34opdJ7BNFTYHyHYt2tL25"},"_contentSize":{"__type__":"cc.Size","width":40,"height":41}},{"__type__":"cc.Animation","node":{"__id__":26},"_defaultClip":{"__uuid__":"8a0aNutoJBW5ZiEgtsPpfm"},"_clips":[{"__uuid__":"8a0aNutoJBW5ZiEgtsPpfm"}]},{"__type__":"cc.Node","_name":"Tank_G","_parent":{"__id__":24},"_children":[{"__id__":30}],"_components":[{"__id__":35}],"_prefab":{"__type__":"cc.PrefabInfo","root":{"__id__":1},"asset":{"__uuid__":"727csbs+ZCb5kt1gzTkLxm"},"fileId":"7aB1WX4sFM2JBhDMtpnIqN"}},{"__type__":"cc.Node","_name":"Tank_group","_parent":{"__id__":29},"_children":[{"__id__":31},{"__id__":32}],"_prefab":{"__type__":"cc.PrefabInfo","root":{"__id__":1},"asset":{"__uuid__":"727csbs+ZCb5kt1gzTkLxm"},"fileId":"a6gwero61NVbLYA56iJKdO"},"_position":{"__type__":"cc.Vec2","y":-3.8}},{"__type__":"cc.Node","_name":"Tank_pao","_parent":{"__id__":30},"_components":[{"__type__":"cc.Sprite","node":{"__id__":31}}],"_prefab":{"__type__":"cc.PrefabInfo","root":{"__id__":1},"asset":{"__uuid__":"727csbs+ZCb5kt1gzTkLxm"},"fileId":"94djM0fdhMRKwf4TNovnry"},"_anchorPoint":{"__type__":"cc.Vec2","x":0.5},"_contentSize":{"__type__":"cc.Size","width":17,"height":26},"_position":{"__type__":"cc.Vec2","y":23}},{"__type__":"cc.Node","_name":"Tank_gaizi","_parent":{"__id__":30},"_children":[{"__id__":33}],"_components":[{"__type__":"cc.Sprite","node":{"__id__":32}}],"_prefab":{"__type__":"cc.PrefabInfo","root":{"__id__":1},"asset":{"__uuid__":"727csbs+ZCb5kt1gzTkLxm"},"fileId":"c53tpnZ2NKQ5V2fvu403/e"},"_contentSize":{"__type__":"cc.Size","width":47,"height":53},"_position":{"__type__":"cc.Vec2","y":3.8}},{"__type__":"cc.Node","_name":"Mask","_parent":{"__id__":32},"_children":[{"__id__":34}],"_active":false,"_components":[{"__type__":"cc.Mask","node":{"__id__":33},"_type":1,"_segements":330}],"_prefab":{"__type__":"cc.PrefabInfo","root":{"__id__":1},"asset":{"__uuid__":"727csbs+ZCb5kt1gzTkLxm"},"fileId":"10jKGHH4ZEyKuj6mZfspX/"},"_contentSize":{"__type__":"cc.Size","width":40,"height":40},"_position":{"__type__":"cc.Vec2","y":-2}},{"__type__":"cc.Node","_name":"HeadIcon","_parent":{"__id__":33},"_components":[{"__type__":"cc.Sprite","node":{"__id__":34},"_sizeMode":0}],"_prefab":{"__type__":"cc.PrefabInfo","root":{"__id__":1},"asset":{"__uuid__":"727csbs+ZCb5kt1gzTkLxm"},"fileId":"0fXCf3OlRMnbk5yg/G/Lec"},"_contentSize":{"__type__":"cc.Size","width":42,"height":42}},{"__type__":"cc.Animation","node":{"__id__":29},"_defaultClip":{"__uuid__":"f36ysosrRK47uCOraPea33"},"_clips":[{"__uuid__":"eaIFxZgZFISosIIoKPhGfh"},{"__uuid__":"f36ysosrRK47uCOraPea33"}],"playOnLoad":true},{"__type__":"cc.BoxCollider","node":{"__id__":1},"_size":{"__type__":"cc.Size","width":75,"height":75}},{"__type__":"4af38Fv1sBLaoi/6ZqXjA0s","node":{"__id__":1},"bodyAnimation":{"__id__":35},"fireAnimation":{"__id__":28},"IdleAnimationClipName":"Tank_G_idle01","AttackAnimationClipName":"Tank_G_attack01","FireAnimationClipName":"T_fire01"},{"__type__":"cc.MotionStreak","node":{"__id__":1},"_enabled":false,"_fadeTime":0.3,"_minSeg":0.2,"_texture":{"__uuid__":"540wLvkHJCkYd3UnrqR9j/"}},{"__type__":"dd2ccHSJy9LDanjRovnZYKf","node":{"__id__":1}}],{"__type__":"cc.SpriteFrame","content":{"name":"shouji05","texture":"20wkx7r05LO5L2PvQg5zW3","rect":[111,1273,40,41],"offset":[0,0],"originalSize":[40,41]}},{"__type__":"cc.SpriteFrame","content":{"name":"_0017_jindutiaoditu","texture":"20wkx7r05LO5L2PvQg5zW3","rect":[624,1032,94,20],"offset":[0,0],"originalSize":[94,20],"capInsets":[17,0,17,0]}},{"__type__":"cc.SpriteFrame","content":{"name":"Tank_lvdai02","texture":"20wkx7r05LO5L2PvQg5zW3","rect":[165,1101,65,66],"offset":[0,0],"originalSize":[65,66]}},{"__type__":"cc.SpriteFrame","content":{"name":"Tank_lvdai01","texture":"20wkx7r05LO5L2PvQg5zW3","rect":[958,69,63,3],"offset":[0,0],"originalSize":[63,3]}},[{"__type__":"cc.Prefab","_name":"MonsterHeadImage","data":{"__id__":1},"asyncLoadAssets":false},{"__type__":"cc.Node","_name":"MonsterHeadImage","_components":[{"__type__":"2e2fbM7lupJ1osyGSdCrNup","node":{"__id__":1},"OffsetY":-2,"HeadImageSprite":{"__id__":2}},{"__id__":2}],"_prefab":{"__type__":"cc.PrefabInfo","root":{"__id__":1},"asset":{"__uuid__":"d7n8IRx/9NbI0qTzfcdIen"},"fileId":"2deL7y+dlBPIbKVKT8i4cX"},"_contentSize":{"__type__":"cc.Size","width":42,"height":42}},{"__type__":"cc.Sprite","node":{"__id__":1},"_sizeMode":0}],{"__type__":"cc.SpriteFrame","content":{"name":"line","texture":"20wkx7r05LO5L2PvQg5zW3","rect":[647,644,8,16],"offset":[0,0],"originalSize":[8,16]}},[{"__type__":"cc.Prefab","_name":"MonsterName","data":{"__id__":1},"asyncLoadAssets":false},{"__type__":"cc.Node","_name":"MonsterName","_components":[{"__type__":"36012RO3plHgZx8EAnktV3a","node":{"__id__":1},"OffsetY":110,"NameLabel":{"__id__":2}},{"__id__":2}],"_prefab":{"__type__":"cc.PrefabInfo","root":{"__id__":1},"asset":{"__uuid__":"f7a/LDWJlD/6S9SnmVmU8v"},"fileId":"36Egod/zZCPZ+xYDyC5ACL"},"_contentSize":{"__type__":"cc.Size","width":300,"height":40}},{"__type__":"cc.Label","node":{"__id__":1},"_useOriginalSize":false,"_actualFontSize":21,"_fontSize":21,"_N$string":"","_N$horizontalAlign":1,"_N$verticalAlign":1,"_N$overflow":2}]]