[{"__type__":"cc.SpriteFrame","content":{"name":"victory_07s","texture":"5f2BaCmQ1CnYPuCD1/rLg9","rect":[338,895,126,98],"offset":[-1,0],"originalSize":[178,100]}},{"__type__":"cc.SpriteFrame","content":{"name":"smalldiban","texture":"5f2BaCmQ1CnYPuCD1/rLg9","rect":[571,554,64,28],"offset":[0,0],"originalSize":[64,28]}},{"__type__":"cc.SpriteFrame","content":{"name":"shareBG","texture":"5f2BaCmQ1CnYPuCD1/rLg9","rect":[672,94,346,194],"offset":[0,0],"originalSize":[346,194]}},{"__type__":"cc.SpriteFrame","content":{"name":"banquan","texture":"5f2BaCmQ1CnYPuCD1/rLg9","rect":[3,58,752,18],"offset":[0,0],"originalSize":[752,18]}},{"__type__":"cc.SpriteFrame","content":{"name":"victory_09","texture":"5f2BaCmQ1CnYPuCD1/rLg9","rect":[465,959,110,40],"offset":[0,0],"originalSize":[110,40]}},{"__type__":"cc.SpriteAtlas","_name":"SettlementNotCompress.plist","_spriteFrames":{"CG_bg_01_new":{"__uuid__":"c2fl4ORMBFf4pRwvTlN24/"},"CG_light01":{"__uuid__":"f4S0MIPoRJHrvH0v7Kd9W4"},"KillerNameBg1":{"__uuid__":"baRxs4+QVEnINNmYLMeTD9"},"KillerNameBg2":{"__uuid__":"e8JSlAjPxM0awy6a5cWk+9"},"PYQShareBtn":{"__uuid__":"55jABzcpFM9JKReBLgGr32"},"ShareBtn":{"__uuid__":"5dFHIDcNtPoqrw1yJG8XYJ"},"TipBG":{"__uuid__":"d18tBER9hChoNPrBU4ysNJ"},"_0008_bgmohu":{"__uuid__":"a8YMZ/DIZLaLOo6yQIJaWu"},"banquan":{"__uuid__":"1be123aO5Msa6vwLbU+D14"},"bg2":{"__uuid__":"974oVhOydK1ZpZ1FnpZclv"},"bg3":{"__uuid__":"40vurQ7gxJl7+rm1/4FkRf"},"blueBG":{"__uuid__":"5aRPxN9E1M74Z68I+D4gzU"},"daojishidiban":{"__uuid__":"c0N2AFOflDwoB6jwQs1UMm"},"erweima":{"__uuid__":"d4VZq1r8JFRbqy5NwOgJDp"},"erweima2":{"__uuid__":"b2fLjEEhpIsajgNSTThtMm"},"musicCP":{"__uuid__":"80IZT7AMxA9oZwY1jrckVf"},"shanhong03":{"__uuid__":"87IUS0lrJOuKeDGAYpDrL7"},"shareBG":{"__uuid__":"12AnlJItdPKbbLZ8KswJ/b"},"shareLabel":{"__uuid__":"5axnvFHj9F2IRG9XY2Vyi2"},"smalldiban":{"__uuid__":"040YuS5p1A5INfWh3qyPRx"},"victory_07":{"__uuid__":"d6RZbdqehIJaf52sv3gX3Z"},"victory_07s":{"__uuid__":"03OHoIvGZHa5pWKY0EB5NQ"},"victory_09":{"__uuid__":"2332HTeF9M5ovSk6NCKtDb"},"victory_10":{"__uuid__":"60bHrs/gpAUJxeY6PvSufe"}}},{"__type__":"cc.SpriteFrame","content":{"name":"bg3","texture":"5f2BaCmQ1CnYPuCD1/rLg9","rect":[756,58,46,26],"offset":[0,0],"originalSize":[46,26]}},{"__type__":"cc.SpriteFrame","content":{"name":"PYQShareBtn","texture":"5f2BaCmQ1CnYPuCD1/rLg9","rect":[104,895,100,109],"offset":[0,0],"originalSize":[100,109]}},{"__type__":"cc.SpriteFrame","content":{"name":"blueBG","texture":"5f2BaCmQ1CnYPuCD1/rLg9","rect":[672,289,334,188],"offset":[0,0],"originalSize":[334,188]}},{"__type__":"cc.SpriteFrame","content":{"name":"shareLabel","texture":"5f2BaCmQ1CnYPuCD1/rLg9","rect":[3,3,806,54],"offset":[0,0],"originalSize":[806,54]}},{"__type__":"cc.SpriteFrame","content":{"name":"ShareBtn","texture":"5f2BaCmQ1CnYPuCD1/rLg9","rect":[3,895,100,109],"offset":[0,0],"originalSize":[100,109]}},{"__type__":"cc.SpriteFrame","content":{"name":"victory_10","texture":"5f2BaCmQ1CnYPuCD1/rLg9","rect":[571,493,68,60],"offset":[-2,-5],"originalSize":[80,80]}},{"__type__":"cc.SpriteFrame","content":{"name":"musicCP","texture":"5f2BaCmQ1CnYPuCD1/rLg9","rect":[146,454,332,12],"offset":[0,0],"originalSize":[332,12]}},{"__type__":"cc.SpriteFrame","content":{"name":"shanhong03","texture":"5f2BaCmQ1CnYPuCD1/rLg9","rect":[3,454,142,20],"offset":[0,0],"originalSize":[142,20]}},{"__type__":"cc.SpriteFrame","content":{"name":"bg2","texture":"5f2BaCmQ1CnYPuCD1/rLg9","rect":[420,467,46,26],"offset":[0,0],"originalSize":[46,26]}},{"__type__":"cc.SpriteFrame","content":{"name":"_0008_bgmohu","texture":"5f2BaCmQ1CnYPuCD1/rLg9","rect":[3,77,668,376],"offset":[0,0],"originalSize":[668,376]}},{"__type__":"cc.SpriteFrame","content":{"name":"erweima2","texture":"5f2BaCmQ1CnYPuCD1/rLg9","rect":[420,667,150,208],"offset":[0,0],"originalSize":[150,208]}},{"__type__":"cc.SpriteFrame","content":{"name":"KillerNameBg1","texture":"5f2BaCmQ1CnYPuCD1/rLg9","rect":[420,565,141,70],"offset":[0,0],"originalSize":[141,70],"capInsets":[68,0,42,0]}},{"__type__":"cc.SpriteFrame","content":{"name":"daojishidiban","texture":"5f2BaCmQ1CnYPuCD1/rLg9","rect":[479,454,186,38],"offset":[0,0],"originalSize":[186,38]}},{"__type__":"cc.SpriteFrame","content":{"name":"CG_bg_01_new","texture":"5f2BaCmQ1CnYPuCD1/rLg9","rect":[666,478,334,188],"offset":[0,0],"originalSize":[334,188]}},{"__type__":"cc.SpriteFrame","content":{"name":"TipBG","texture":"5f2BaCmQ1CnYPuCD1/rLg9","rect":[810,3,204,90],"offset":[0,0],"originalSize":[204,90],"capInsets":[65,0,65,0]}},{"__type__":"cc.SpriteFrame","content":{"name":"erweima","texture":"5f2BaCmQ1CnYPuCD1/rLg9","rect":[3,478,416,416],"offset":[0,0],"originalSize":[416,416]}},{"__type__":"cc.SpriteFrame","content":{"name":"victory_07","texture":"5f2BaCmQ1CnYPuCD1/rLg9","rect":[205,895,132,100],"offset":[1,0],"originalSize":[178,100]}},{"__type__":"cc.SpriteFrame","content":{"name":"KillerNameBg2","texture":"5f2BaCmQ1CnYPuCD1/rLg9","rect":[420,494,141,70],"offset":[0,0],"originalSize":[141,70],"capInsets":[41,0,67,0]}},{"__type__":"cc.SpriteFrame","content":{"name":"CG_light01","texture":"5f2BaCmQ1CnYPuCD1/rLg9","rect":[465,876,285,82],"offset":[0,0],"originalSize":[285,82]}}]