[{"__type__":"cc.SpriteFrame","content":{"name":"jiguang04","texture":"20wkx7r05LO5L2PvQg5zW3","rect":[647,689,127,127],"offset":[3,2],"originalSize":[139,139]}},{"__type__":"cc.SpriteFrame","content":{"name":"jiguang06","texture":"20wkx7r05LO5L2PvQg5zW3","rect":[740,850,90,90],"offset":[1,1],"originalSize":[180,180]}},{"__type__":"cc.AnimationClip","_name":"shouji_jiguang_H","_duration":0.1,"sample":30,"wrapMode":2,"curveData":{"paths":{},"props":{},"comps":{"cc.Sprite":{"spriteFrame":[{"frame":0,"value":{"__uuid__":"010udLNedJ8pxXmKm0SU6H"}},{"frame":0.03333333333333333,"value":{"__uuid__":"dcED24P99IWYA2A1nboSiB"}},{"frame":0.06666666666666667,"value":{"__uuid__":"6cXi+9Rl5LF6OMQF4YtGyw"}}]}}}},{"__type__":"cc.SpriteFrame","content":{"name":"jiguang05","texture":"20wkx7r05LO5L2PvQg5zW3","rect":[3,436,139,139],"offset":[0,0],"originalSize":[139,139]}}]