[{"__type__":"cc.SpriteFrame","content":{"name":"tankdie","texture":"20wkx7r05LO5L2PvQg5zW3","rect":[804,1219,84,78],"offset":[0,0],"originalSize":[84,78]}},{"__type__":"cc.AnimationClip","_name":"Player_die_M","_duration":5.033333333333333,"sample":30,"curveData":{"paths":{"New Sprite":{"props":{"opacity":[{"frame":4.433333333333334,"value":255},{"frame":5.033333333333333,"value":0}]}}}},"events":[{"frame":0.5333333333333333,"func":"","params":[]}]},[{"__type__":"cc.Prefab","_name":"Player_die_M","data":{"__id__":1},"asyncLoadAssets":false},{"__type__":"cc.Node","_name":"Player_die_M","_children":[{"__id__":2}],"_components":[{"__id__":3},{"__type__":"3f6973JHftFpKTMspSNwhiz","node":{"__id__":1},"animationCtrl":{"__id__":3}}],"_prefab":{"__type__":"cc.PrefabInfo","root":{"__id__":1},"asset":{"__id__":0},"fileId":"62VOCaMhJCtpZ2ItiaPkbJ"}},{"__type__":"cc.Node","_name":"New Sprite","_parent":{"__id__":1},"_components":[{"__type__":"cc.Sprite","node":{"__id__":2},"_spriteFrame":{"__uuid__":"59yi7WrJlA+oXFKNo2aYiE"}}],"_prefab":{"__type__":"cc.PrefabInfo","root":{"__id__":1},"asset":{"__id__":0},"fileId":"b66tVB+WBDcIzG8sHIBk09"},"_contentSize":{"__type__":"cc.Size","width":84,"height":78},"_position":{"__type__":"cc.Vec2","x":6,"y":4}},{"__type__":"cc.Animation","node":{"__id__":1},"_defaultClip":{"__uuid__":"957XDxCwhFJLiqEzGqMxsC"},"_clips":[{"__uuid__":"957XDxCwhFJLiqEzGqMxsC"}]}]]