[[{"__type__":"cc.Prefab","_name":"KillNode","data":{"__id__":1},"asyncLoadAssets":false},{"__type__":"cc.Node","_name":"KillNode","_children":[{"__id__":2},{"__id__":3},{"__id__":5},{"__id__":7},{"__id__":9},{"__id__":11},{"__id__":13}],"_components":[{"__id__":15},{"__type__":"0bcddrmPGZKspG82i0ormtG","node":{"__id__":1},"centerBullet":{"__id__":2},"bgSprite":{"__id__":15},"bgSpriteList":[{"__uuid__":"fdC8HcQGlAiK1qBfbvQdxg"},{"__uuid__":"b1nFziqyVBlYDjwBq33VRn"}],"playerNameLabelList":[{"__id__":4},{"__id__":6},{"__id__":8},{"__id__":10},{"__id__":12},{"__id__":14}]}],"_prefab":{"__type__":"cc.PrefabInfo","root":{"__id__":1},"asset":{"__uuid__":"0bAISKjThONKxbSdracQyt"},"fileId":"29gAhb1d1DQJWwjw5IhPdE"},"_anchorPoint":{"__type__":"cc.Vec2","y":0.5},"_contentSize":{"__type__":"cc.Size","width":186,"height":32}},{"__type__":"cc.Node","_name":"bullet","_parent":{"__id__":1},"_components":[{"__type__":"cc.Sprite","node":{"__id__":2},"_spriteFrame":{"__uuid__":"b9K5oLy5xM8rLr7zWAw9Ny"}}],"_prefab":{"__type__":"cc.PrefabInfo","root":{"__id__":1},"asset":{"__uuid__":"0bAISKjThONKxbSdracQyt"},"fileId":"69+e4I3bxB+6D1T26V3FDh"},"_anchorPoint":{"__type__":"cc.Vec2","y":0.5},"_contentSize":{"__type__":"cc.Size","width":32,"height":28},"_position":{"__type__":"cc.Vec2","x":80}},{"__type__":"cc.Node","_name":"NameLabel1","_parent":{"__id__":1},"_components":[{"__id__":4}],"_prefab":{"__type__":"cc.PrefabInfo","root":{"__id__":1},"asset":{"__uuid__":"0bAISKjThONKxbSdracQyt"},"fileId":"de5NcUvNRGxq1K4ftrFUPN"},"_anchorPoint":{"__type__":"cc.Vec2","y":0.5},"_contentSize":{"__type__":"cc.Size","width":54,"height":40},"_position":{"__type__":"cc.Vec2","x":10}},{"__type__":"cc.Label","node":{"__id__":3},"_useOriginalSize":false,"_actualFontSize":18,"_fontSize":18,"_N$string":"小能手","_N$horizontalAlign":1,"_N$verticalAlign":1},{"__type__":"cc.Node","_name":"NameLabel2","_parent":{"__id__":1},"_components":[{"__id__":6}],"_prefab":{"__type__":"cc.PrefabInfo","root":{"__id__":1},"asset":{"__uuid__":"0bAISKjThONKxbSdracQyt"},"fileId":"0aXagH6Q5En7pjlRFzr870"},"_anchorPoint":{"__type__":"cc.Vec2","y":0.5},"_contentSize":{"__type__":"cc.Size","width":54,"height":40},"_position":{"__type__":"cc.Vec2","x":10}},{"__type__":"cc.Label","node":{"__id__":5},"_useOriginalSize":false,"_actualFontSize":18,"_fontSize":18,"_N$string":"小能手","_N$horizontalAlign":1,"_N$verticalAlign":1},{"__type__":"cc.Node","_name":"NameLabel3","_parent":{"__id__":1},"_components":[{"__id__":8}],"_prefab":{"__type__":"cc.PrefabInfo","root":{"__id__":1},"asset":{"__uuid__":"0bAISKjThONKxbSdracQyt"},"fileId":"91GYKSVyVM86Zi/0Mpkekt"},"_anchorPoint":{"__type__":"cc.Vec2","y":0.5},"_contentSize":{"__type__":"cc.Size","width":54,"height":40},"_position":{"__type__":"cc.Vec2","x":10}},{"__type__":"cc.Label","node":{"__id__":7},"_useOriginalSize":false,"_actualFontSize":18,"_fontSize":18,"_N$string":"小能手","_N$horizontalAlign":1,"_N$verticalAlign":1},{"__type__":"cc.Node","_name":"NameLabel4","_parent":{"__id__":1},"_components":[{"__id__":10}],"_prefab":{"__type__":"cc.PrefabInfo","root":{"__id__":1},"asset":{"__uuid__":"0bAISKjThONKxbSdracQyt"},"fileId":"e1CWkDyG5MK6KHTAr73EwW"},"_anchorPoint":{"__type__":"cc.Vec2","y":0.5},"_contentSize":{"__type__":"cc.Size","width":54,"height":40},"_position":{"__type__":"cc.Vec2","x":10}},{"__type__":"cc.Label","node":{"__id__":9},"_useOriginalSize":false,"_actualFontSize":18,"_fontSize":18,"_N$string":"小能手","_N$horizontalAlign":1,"_N$verticalAlign":1},{"__type__":"cc.Node","_name":"NameLabel5","_parent":{"__id__":1},"_components":[{"__id__":12}],"_prefab":{"__type__":"cc.PrefabInfo","root":{"__id__":1},"asset":{"__uuid__":"0bAISKjThONKxbSdracQyt"},"fileId":"e8V1e892FKSLHUYA4HJT24"},"_anchorPoint":{"__type__":"cc.Vec2","y":0.5},"_contentSize":{"__type__":"cc.Size","width":54,"height":40},"_position":{"__type__":"cc.Vec2","x":10}},{"__type__":"cc.Label","node":{"__id__":11},"_useOriginalSize":false,"_actualFontSize":18,"_fontSize":18,"_N$string":"小能手","_N$horizontalAlign":1,"_N$verticalAlign":1},{"__type__":"cc.Node","_name":"NameLabel6","_parent":{"__id__":1},"_components":[{"__id__":14}],"_prefab":{"__type__":"cc.PrefabInfo","root":{"__id__":1},"asset":{"__uuid__":"0bAISKjThONKxbSdracQyt"},"fileId":"2edaDnYL5H/pUCsIfz20pN"},"_anchorPoint":{"__type__":"cc.Vec2","y":0.5},"_contentSize":{"__type__":"cc.Size","width":54,"height":40},"_position":{"__type__":"cc.Vec2","x":10}},{"__type__":"cc.Label","node":{"__id__":13},"_useOriginalSize":false,"_actualFontSize":18,"_fontSize":18,"_N$string":"小能手","_N$horizontalAlign":1,"_N$verticalAlign":1},{"__type__":"cc.Sprite","node":{"__id__":1},"_spriteFrame":{"__uuid__":"fdC8HcQGlAiK1qBfbvQdxg"},"_type":1,"_sizeMode":0}],{"__type__":"cc.SpriteFrame","content":{"name":"KillInfBG2","texture":"fcJS4K3v9B9LpajzpsNm+D","rect":[888,760,41,32],"offset":[0,0],"originalSize":[41,32],"capInsets":[4,2,4,2]}},{"__type__":"cc.SpriteFrame","content":{"name":"KillIcon","texture":"fcJS4K3v9B9LpajzpsNm+D","rect":[1089,760,32,28],"offset":[0,0],"originalSize":[32,28]}},{"__type__":"cc.SpriteFrame","content":{"name":"KillInfBG","texture":"fcJS4K3v9B9LpajzpsNm+D","rect":[930,760,41,32],"offset":[0,0],"originalSize":[41,32],"capInsets":[10,0,10,0]}}]