[[{"__type__":"cc.Prefab","_name":"T_fire02","data":{"__id__":1},"asyncLoadAssets":false},{"__type__":"cc.Node","_name":"T_fire02","_children":[{"__id__":2}],"_components":[{"__type__":"cc.Animation","node":{"__id__":1},"_defaultClip":{"__uuid__":"8fG6inoMtONr3QF3OR9m2L"},"_clips":[{"__uuid__":"8fG6inoMtONr3QF3OR9m2L"}]}],"_prefab":{"__type__":"cc.PrefabInfo","root":{"__id__":1},"asset":{"__uuid__":"5aDLnuNVFOPa53WeqD9RA7"},"fileId":"72qKDavCpHAo5BEJpWofaJ"}},{"__type__":"cc.Node","_name":"sprite","_parent":{"__id__":1},"_components":[{"__type__":"cc.Sprite","node":{"__id__":2},"_spriteFrame":{"__uuid__":"7diTKu489FPqMdxQRfi4+1"}}],"_prefab":{"__type__":"cc.PrefabInfo","root":{"__id__":1},"asset":{"__uuid__":"5aDLnuNVFOPa53WeqD9RA7"},"fileId":"34opdJ7BNFTYHyHYt2tL25"},"_contentSize":{"__type__":"cc.Size","width":40,"height":41}}],{"__type__":"cc.SpriteFrame","content":{"name":"shouji05","texture":"20wkx7r05LO5L2PvQg5zW3","rect":[111,1273,40,41],"offset":[0,0],"originalSize":[40,41]}},{"__type__":"cc.AnimationClip","_name":"T_fire02","_duration":0.13333333333333333,"sample":30,"wrapMode":0,"curveData":{"paths":{"sprite":{"comps":{"cc.Sprite":{}},"props":{"opacity":[{"frame":0,"value":0},{"frame":0.03333333333333333,"value":255},{"frame":0.13333333333333333,"value":0}],"scaleX":[{"frame":0,"value":2},{"frame":0.13333333333333333,"value":2.33}],"scaleY":[{"frame":0,"value":2},{"frame":0.13333333333333333,"value":2.33}],"x":[{"frame":0.03333333333333333,"value":3},{"frame":0.13333333333333333,"value":3}],"y":[{"frame":0.03333333333333333,"value":56},{"frame":0.13333333333333333,"value":63}]}}}}}]