[[{"__type__":"cc.Prefab","_name":"jiaxue","data":{"__id__":1},"asyncLoadAssets":false},{"__type__":"cc.Node","_name":"jiaxue","_children":[{"__id__":2},{"__id__":5}],"_components":[{"__type__":"9bdf76vszFBEKWDAGyNctFy","node":{"__id__":1},"SpAtlas":{"__uuid__":"49hgYBWs5C0osUMDkiP1E1"},"Resid":1304,"EntityType":13,"DeadPrefab":{"__uuid__":"b93CiNZcJMRJDBtFIL71Nc"},"DeadPrefabName":"daojuxiaoshi_H","Body":{"__id__":2},"dieAnimationClip":"daojuxiaoshi","AvailableTime":15,"WarnAnimation":{"__id__":8},"WarnAnimationClip":"jiaxue_xiaoshi"},{"__type__":"cc.BoxCollider","node":{"__id__":1}}],"_prefab":{"__type__":"cc.PrefabInfo","root":{"__id__":1},"asset":{"__uuid__":"11tBAGhJBBwrcapouC/hmB"},"fileId":"2eHoRiu71JlaumrM2fcr4r"},"groupIndex":4},{"__type__":"cc.Node","_name":"jiaxue","_parent":{"__id__":1},"_children":[{"__id__":3},{"__id__":4}],"_components":[{"__type__":"cc.Animation","node":{"__id__":2},"_defaultClip":{"__uuid__":"c9o88FUspAA7LaJmMs+CXL"},"_clips":[{"__uuid__":"c9o88FUspAA7LaJmMs+CXL"}],"playOnLoad":true}],"_prefab":{"__type__":"cc.PrefabInfo","root":{"__id__":1},"asset":{"__uuid__":"11tBAGhJBBwrcapouC/hmB"},"fileId":"36mV/eEjlNmI0p/XfKOGfX"}},{"__type__":"cc.Node","_name":"star","_parent":{"__id__":2},"_components":[{"__type__":"cc.Sprite","node":{"__id__":3},"_spriteFrame":{"__uuid__":"a6hMZqzPtPV7nH1DoC+FLH"},"_isTrimmedMode":false,"_dstBlendFactor":0}],"_prefab":{"__type__":"cc.PrefabInfo","root":{"__id__":1},"asset":{"__uuid__":"11tBAGhJBBwrcapouC/hmB"},"fileId":"beaYBTMDlLnLIwUcWx2U/u"},"_contentSize":{"__type__":"cc.Size","width":48,"height":48}},{"__type__":"cc.Node","_name":"quan","_parent":{"__id__":2},"_components":[{"__type__":"cc.Sprite","node":{"__id__":4},"_spriteFrame":{"__uuid__":"3463TWDzdLn5Oe6V3xOLLf"},"_sizeMode":0,"_dstBlendFactor":0}],"_prefab":{"__type__":"cc.PrefabInfo","root":{"__id__":1},"asset":{"__uuid__":"11tBAGhJBBwrcapouC/hmB"},"fileId":"909wp0Zx5HW6ngBYhGUt1C"},"_contentSize":{"__type__":"cc.Size","width":90,"height":90}},{"__type__":"cc.Node","_name":"jiaxue_xiaoshi","_parent":{"__id__":1},"_children":[{"__id__":6},{"__id__":7}],"_active":false,"_components":[{"__id__":8}],"_prefab":{"__type__":"cc.PrefabInfo","root":{"__id__":1},"asset":{"__uuid__":"11tBAGhJBBwrcapouC/hmB"},"fileId":"32LAsEwXtAm6NjD/ujMuSH"}},{"__type__":"cc.Node","_name":"star","_parent":{"__id__":5},"_components":[{"__type__":"cc.Sprite","node":{"__id__":6},"_spriteFrame":{"__uuid__":"a6hMZqzPtPV7nH1DoC+FLH"},"_isTrimmedMode":false,"_dstBlendFactor":0}],"_prefab":{"__type__":"cc.PrefabInfo","root":{"__id__":1},"asset":{"__uuid__":"11tBAGhJBBwrcapouC/hmB"},"fileId":"49q+U4lYBFYp69G7P8TQ0E"},"_contentSize":{"__type__":"cc.Size","width":48,"height":48}},{"__type__":"cc.Node","_name":"quan","_parent":{"__id__":5},"_components":[{"__type__":"cc.Sprite","node":{"__id__":7},"_spriteFrame":{"__uuid__":"3463TWDzdLn5Oe6V3xOLLf"},"_sizeMode":0,"_dstBlendFactor":0}],"_prefab":{"__type__":"cc.PrefabInfo","root":{"__id__":1},"asset":{"__uuid__":"11tBAGhJBBwrcapouC/hmB"},"fileId":"77dd8LRSROZJCGzJYKUO6k"},"_contentSize":{"__type__":"cc.Size","width":90,"height":90}},{"__type__":"cc.Animation","node":{"__id__":5},"_defaultClip":{"__uuid__":"7976/JiddGz6EA8TD2GWpY"},"_clips":[{"__uuid__":"7976/JiddGz6EA8TD2GWpY"}]}],{"__type__":"cc.SpriteFrame","content":{"name":"zhuanhuan_04_2","texture":"20wkx7r05LO5L2PvQg5zW3","rect":[815,1069,87,97],"offset":[0,0],"originalSize":[87,97]}},{"__type__":"cc.SpriteFrame","content":{"name":"jiaxue","texture":"20wkx7r05LO5L2PvQg5zW3","rect":[609,211,48,48],"offset":[0,0],"originalSize":[48,48]}}]