[{"__type__":"cc.AnimationClip","_name":"jiasu2","_duration":0.8333333333333334,"wrapMode":2,"curveData":{"paths":{"star":{"comps":{"cc.Sprite":{"spriteFrame":[{"frame":0,"value":{"__uuid__":"61RWVVW+hIOpLpnnZVHIME"}}]}},"props":{"scaleX":[{"frame":0,"value":1},{"frame":0.4166666666666667,"value":0.925},{"frame":0.8333333333333334,"value":1}],"scaleY":[{"frame":0,"value":1},{"frame":0.4166666666666667,"value":0.925},{"frame":0.8333333333333334,"value":1}]}},"quan":{"props":{"scaleX":[{"frame":0,"value":1},{"frame":0.4166666666666667,"value":0.95},{"frame":0.8333333333333334,"value":1}],"scaleY":[{"frame":0,"value":1},{"frame":0.4166666666666667,"value":0.95},{"frame":0.8333333333333334,"value":1}]}},"star2":{"props":{"scaleX":[{"frame":0,"value":-0.7},{"frame":0.4166666666666667,"value":-0.8},{"frame":0.43333333333333335,"value":-0.6},{"frame":0.8333333333333334,"value":-0.7}],"scaleY":[{"frame":0,"value":0.7},{"frame":0.4166666666666667,"value":0.8},{"frame":0.43333333333333335,"value":0.6},{"frame":0.8333333333333334,"value":0.7}],"position":[{"frame":0,"value":[15,20]},{"frame":0.4166666666666667,"value":[15,30]},{"frame":0.43333333333333335,"value":[15,10]},{"frame":0.8333333333333334,"value":[15,20]}],"opacity":[{"frame":0,"value":255},{"frame":0.4166666666666667,"value":0},{"frame":0.8333333333333334,"value":255}],"color":[{"frame":0,"value":{"__type__":"cc.Color","r":255,"g":242,"b":166}}]}}}}},{"__type__":"cc.SpriteFrame","content":{"name":"jiasu","texture":"20wkx7r05LO5L2PvQg5zW3","rect":[609,260,46,56],"offset":[0,0],"originalSize":[46,56]}}]