[[{"__type__":"cc.Prefab","_name":"cisha","data":{"__id__":1},"asyncLoadAssets":false},{"__type__":"cc.Node","_name":"cisha","_children":[{"__id__":2},{"__id__":5}],"_components":[{"__type__":"9bdf76vszFBEKWDAGyNctFy","node":{"__id__":1},"SpAtlas":{"__uuid__":"49hgYBWs5C0osUMDkiP1E1"},"Resid":1308,"EntityType":13,"DeadPrefab":{"__uuid__":"b93CiNZcJMRJDBtFIL71Nc"},"DeadPrefabName":"daojuxiaoshi_H","Body":{"__id__":2},"dieAnimationClip":"daojuxiaoshi","AvailableTime":15,"WarnAnimation":{"__id__":8},"WarnAnimationClip":"jiasu2_xiaoshi"},{"__type__":"cc.BoxCollider","node":{"__id__":1}}],"_prefab":{"__type__":"cc.PrefabInfo","root":{"__id__":1},"asset":{"__uuid__":"26UdouMmtC9r148Vwqx/3X"},"fileId":"ccTH6KMBFKl60w42aOezal"},"_contentSize":{"__type__":"cc.Size","width":100,"height":100},"groupIndex":4},{"__type__":"cc.Node","_name":"cisha","_parent":{"__id__":1},"_children":[{"__id__":3},{"__id__":4}],"_components":[{"__type__":"cc.Animation","node":{"__id__":2},"_defaultClip":{"__uuid__":"beO5aVBRhILoGO1Zu/sE/g"},"_clips":[{"__uuid__":"beO5aVBRhILoGO1Zu/sE/g"}],"playOnLoad":true}],"_prefab":{"__type__":"cc.PrefabInfo","root":{"__id__":1},"asset":{"__uuid__":"26UdouMmtC9r148Vwqx/3X"},"fileId":"270iDDoIBGE7fbpjRlYCwZ"}},{"__type__":"cc.Node","_name":"star","_parent":{"__id__":2},"_components":[{"__type__":"cc.Sprite","node":{"__id__":3},"_spriteFrame":{"__uuid__":"b5qQR8f9BCNLbk2X0Y3Kpd"},"_isTrimmedMode":false,"_dstBlendFactor":0}],"_prefab":{"__type__":"cc.PrefabInfo","root":{"__id__":1},"asset":{"__uuid__":"26UdouMmtC9r148Vwqx/3X"},"fileId":"33ieFtGkpCr7B8kxuI2Th8"},"_contentSize":{"__type__":"cc.Size","width":42,"height":49}},{"__type__":"cc.Node","_name":"quan","_parent":{"__id__":2},"_components":[{"__type__":"cc.Sprite","node":{"__id__":4},"_spriteFrame":{"__uuid__":"3463TWDzdLn5Oe6V3xOLLf"},"_sizeMode":0,"_dstBlendFactor":0}],"_prefab":{"__type__":"cc.PrefabInfo","root":{"__id__":1},"asset":{"__uuid__":"26UdouMmtC9r148Vwqx/3X"},"fileId":"92QG5rb3VPi7aDUZbjTgd1"},"_contentSize":{"__type__":"cc.Size","width":90,"height":90}},{"__type__":"cc.Node","_name":"cisha_xiaoshi","_parent":{"__id__":1},"_children":[{"__id__":6},{"__id__":7}],"_active":false,"_components":[{"__id__":8}],"_prefab":{"__type__":"cc.PrefabInfo","root":{"__id__":1},"asset":{"__uuid__":"26UdouMmtC9r148Vwqx/3X"},"fileId":"13m3ckJQZGZLcHddR/lFHK"}},{"__type__":"cc.Node","_name":"star","_parent":{"__id__":5},"_components":[{"__type__":"cc.Sprite","node":{"__id__":6},"_spriteFrame":{"__uuid__":"b5qQR8f9BCNLbk2X0Y3Kpd"},"_isTrimmedMode":false,"_dstBlendFactor":0}],"_prefab":{"__type__":"cc.PrefabInfo","root":{"__id__":1},"asset":{"__uuid__":"26UdouMmtC9r148Vwqx/3X"},"fileId":"e3PRdyEHFGWKfriD5hoWnB"},"_opacity":120.49599999991187,"_contentSize":{"__type__":"cc.Size","width":42,"height":49},"_scaleX":0.9471280000000661,"_scaleY":0.9471280000000661},{"__type__":"cc.Node","_name":"quan","_parent":{"__id__":5},"_components":[{"__type__":"cc.Sprite","node":{"__id__":7},"_spriteFrame":{"__uuid__":"3463TWDzdLn5Oe6V3xOLLf"},"_sizeMode":0,"_dstBlendFactor":0}],"_prefab":{"__type__":"cc.PrefabInfo","root":{"__id__":1},"asset":{"__uuid__":"26UdouMmtC9r148Vwqx/3X"},"fileId":"fcPvnitJ9E8pZsm9RAeHd+"},"_opacity":120.49599999991187,"_contentSize":{"__type__":"cc.Size","width":90,"height":90},"_scaleX":0.964752000000044,"_scaleY":0.964752000000044},{"__type__":"cc.Animation","node":{"__id__":5},"_defaultClip":{"__uuid__":"aex5m/1ElNX4dH+FyvAt8z"},"_clips":[{"__uuid__":"aex5m/1ElNX4dH+FyvAt8z"}]}],{"__type__":"cc.SpriteFrame","content":{"name":"zhuanhuan_04_2","texture":"20wkx7r05LO5L2PvQg5zW3","rect":[815,1069,87,97],"offset":[0,0],"originalSize":[87,97]}},{"__type__":"cc.AnimationClip","_name":"cisha_xiaoshi","_duration":1,"wrapMode":2,"curveData":{"paths":{"star":{"comps":{"cc.Sprite":{}},"props":{"scaleX":[{"frame":0,"value":1},{"frame":0.5,"value":0.925},{"frame":1,"value":1}],"scaleY":[{"frame":0,"value":1},{"frame":0.5,"value":0.925},{"frame":1,"value":1}],"opacity":[{"frame":0,"value":50},{"frame":0.5,"value":150},{"frame":1,"value":50}]}},"quan":{"props":{"scaleX":[{"frame":0,"value":1},{"frame":0.5,"value":0.95},{"frame":1,"value":1}],"scaleY":[{"frame":0,"value":1},{"frame":0.5,"value":0.95},{"frame":1,"value":1}],"opacity":[{"frame":0,"value":50},{"frame":0.5,"value":150},{"frame":1,"value":50}]}}}}},{"__type__":"cc.SpriteFrame","content":{"name":"cisha","texture":"20wkx7r05LO5L2PvQg5zW3","rect":[975,1253,42,49],"offset":[0,0],"originalSize":[42,49]}},{"__type__":"cc.AnimationClip","_name":"cisha","_duration":0.8333333333333334,"wrapMode":2,"curveData":{"paths":{"star":{"comps":{"cc.Sprite":{}},"props":{"scaleX":[{"frame":0,"value":1},{"frame":0.4166666666666667,"value":0.925},{"frame":0.8333333333333334,"value":1}],"scaleY":[{"frame":0,"value":1},{"frame":0.4166666666666667,"value":0.925},{"frame":0.8333333333333334,"value":1}]}},"quan":{"props":{"scaleX":[{"frame":0,"value":1},{"frame":0.4166666666666667,"value":0.95},{"frame":0.8333333333333334,"value":1}],"scaleY":[{"frame":0,"value":1},{"frame":0.4166666666666667,"value":0.95},{"frame":0.8333333333333334,"value":1}]}}}}}]