[{"__type__":"cc.AnimationClip","_name":"shangdan","_duration":0.3,"curveData":{"paths":{"New Sprite":{"comps":{"cc.Sprite":{}},"props":{"scaleX":[{"frame":0,"value":0.3},{"frame":0.06666666666666667,"value":0.6},{"frame":0.15,"value":0.75}],"scaleY":[{"frame":0,"value":0.2},{"frame":0.06666666666666667,"value":0.4},{"frame":0.15,"value":0.45}],"opacity":[{"frame":0.25,"value":255},{"frame":0.2833333333333333,"value":0}],"color":[{"frame":0,"value":{"__type__":"cc.Color","r":255,"g":150}},{"frame":0.15,"value":{"__type__":"cc.Color","r":255,"g":250,"b":200}},{"frame":0.25,"value":{"__type__":"cc.Color","r":255,"g":175}}]}},"sprite_splash":{"props":{"scaleX":[{"frame":0,"value":0.1},{"frame":0.06666666666666667,"value":0.25},{"frame":0.15,"value":0.35},{"frame":0.3,"value":0.5}],"scaleY":[{"frame":0,"value":0.1},{"frame":0.06666666666666667,"value":0.25},{"frame":0.15,"value":0.35},{"frame":0.3,"value":0.5}],"opacity":[{"frame":0.06666666666666667,"value":255},{"frame":0.15,"value":150},{"frame":0.3,"value":0}],"color":[{"frame":0,"value":{"__type__":"cc.Color","r":255,"g":200,"b":75}},{"frame":0.06666666666666667,"value":{"__type__":"cc.Color","r":255,"g":255,"b":255}},{"frame":0.15,"value":{"__type__":"cc.Color","r":255,"g":223,"b":166}},{"frame":0.3,"value":{"__type__":"cc.Color","r":255,"g":150}}]},"comps":{"cc.Sprite":{}}}}}},{"__type__":"cc.SpriteFrame","content":{"name":"glow1","texture":"20wkx7r05LO5L2PvQg5zW3","rect":[958,138,62,62],"offset":[0,0],"originalSize":[64,64]}},[{"__type__":"cc.Prefab","_name":"shangdan","data":{"__id__":1},"asyncLoadAssets":false},{"__type__":"cc.Node","_name":"shangdan","_children":[{"__id__":2},{"__id__":3}],"_components":[{"__type__":"cc.Animation","node":{"__id__":1},"_defaultClip":{"__uuid__":"41tfVsUDRIUZCTA+HXbBKs"},"_clips":[{"__uuid__":"41tfVsUDRIUZCTA+HXbBKs"}]}],"_prefab":{"__type__":"cc.PrefabInfo","root":{"__id__":1},"asset":{"__uuid__":"83sUzHPIxCmbENfAy2iT61"},"fileId":"ceEPb0FENLZomdE+n2L6/R"}},{"__type__":"cc.Node","_name":"New Sprite","_parent":{"__id__":1},"_components":[{"__type__":"cc.Sprite","node":{"__id__":2},"_spriteFrame":{"__uuid__":"43qfi+hJVNd4FdjRtQMoB4"}}],"_prefab":{"__type__":"cc.PrefabInfo","root":{"__id__":1},"asset":{"__uuid__":"83sUzHPIxCmbENfAy2iT61"},"fileId":"bfXo/IO+hPI6hMLZuz9mWU"},"_opacity":0,"_color":{"__type__":"cc.Color","r":255,"g":175},"_contentSize":{"__type__":"cc.Size","width":62,"height":62},"_scaleX":0.75,"_scaleY":0.5},{"__type__":"cc.Node","_name":"sprite_splash","_parent":{"__id__":1},"_components":[{"__type__":"cc.Sprite","node":{"__id__":3},"_spriteFrame":{"__uuid__":"43qfi+hJVNd4FdjRtQMoB4"},"_sizeMode":0}],"_prefab":{"__type__":"cc.PrefabInfo","root":{"__id__":1},"asset":{"__uuid__":"83sUzHPIxCmbENfAy2iT61"},"fileId":"1a0f4zwu2VOapqEJkWXIF0R"},"_opacity":0,"_color":{"__type__":"cc.Color","r":255,"g":120},"_contentSize":{"__type__":"cc.Size","width":100,"height":100},"_scaleX":0.5,"_scaleY":0.5}]]