[[{"__type__":"cc.Prefab","_name":"EmoticonUI","data":{"__id__":1},"asyncLoadAssets":false},{"__type__":"cc.Node","_name":"EmoticonUI","_children":[{"__id__":2},{"__id__":3},{"__id__":5},{"__id__":21},{"__id__":24},{"__id__":27}],"_components":[{"__type__":"b013aj7WytJ3KHjrBPucY2i","node":{"__id__":1},"EmoticonPageView":{"__id__":19},"EmoticonToggelBtn":{"__id__":4},"SpriteList":[{"__id__":10},{"__id__":12},{"__id__":14},{"__id__":16}],"CachEmoticonItemList":[{"__id__":21},{"__id__":24},{"__id__":27}],"preEmoticonItem":{"__uuid__":"abNI/4RfNPLr3udszWp7/d"},"BKNode":{"__id__":2}},{"__type__":"cc.Widget","node":{"__id__":1},"_alignFlags":45}],"_prefab":{"__type__":"cc.PrefabInfo","root":{"__id__":1},"asset":{"__uuid__":"110cNKQa9A3priHBN4+ZXN"},"fileId":"8a0ppeQgxGerrzXLuj35xy"},"_contentSize":{"__type__":"cc.Size","width":1334,"height":750},"_position":{"__type__":"cc.Vec2","x":667,"y":375}},{"__type__":"cc.Node","_name":"Bk","_parent":{"__id__":1},"_active":false,"_components":[{"__type__":"cc.Widget","node":{"__id__":2},"_alignFlags":45},{"__type__":"cc.Button","node":{"__id__":2},"clickEvents":[{"__type__":"cc.ClickEvent","target":{"__id__":1},"component":"EmoticonUI","handler":"HideEmotionView"}],"_N$target":{"__id__":2}}],"_prefab":{"__type__":"cc.PrefabInfo","root":{"__id__":1},"asset":{"__uuid__":"110cNKQa9A3priHBN4+ZXN"},"fileId":"d6CUVEgI1AS6XHXkNjtpvw"},"_contentSize":{"__type__":"cc.Size","width":1334,"height":750}},{"__type__":"cc.Node","_name":"EmoticonBtn","_parent":{"__id__":1},"_components":[{"__type__":"cc.Sprite","node":{"__id__":3},"_spriteFrame":{"__uuid__":"fcJ4hwI0VNl6AVY80ZMti6"},"_type":1,"_sizeMode":2},{"__id__":4},{"__type__":"cc.Widget","node":{"__id__":3},"_alignFlags":32,"_right":20}],"_prefab":{"__type__":"cc.PrefabInfo","root":{"__id__":1},"asset":{"__uuid__":"110cNKQa9A3priHBN4+ZXN"},"fileId":"715rDI9BBE7KCetH5z+LhT"},"_anchorPoint":{"__type__":"cc.Vec2","x":1,"y":0.5},"_contentSize":{"__type__":"cc.Size","width":69,"height":60},"_position":{"__type__":"cc.Vec2","x":647,"y":-60}},{"__type__":"cc.Button","node":{"__id__":3},"pressedColor":{"__type__":"cc.Color","r":255,"g":255,"b":255},"pressedSprite":{"__uuid__":"e97GVMl6JHh5Ml5qEDdSGa"},"hoverSprite":{"__uuid__":"e97GVMl6JHh5Ml5qEDdSGa"},"clickEvents":[{"__type__":"cc.ClickEvent","target":{"__id__":1},"component":"EmoticonUI","handler":"OnEmoticonBtnClick"}],"_N$normalColor":{"__type__":"cc.Color","r":255,"g":255,"b":255},"_N$disabledColor":{"__type__":"cc.Color","r":255,"g":255,"b":255},"_N$normalSprite":{"__uuid__":"f0BIwQ8D5Ml7nTNQbh1YlS"},"_N$disabledSprite":{"__uuid__":"29FYIk+N1GYaeWH/q1NxQO"},"_N$target":{"__id__":3}},{"__type__":"cc.Node","_name":"EmoticonPageView","_parent":{"__id__":1},"_children":[{"__id__":6},{"__id__":17},{"__id__":20}],"_components":[{"__id__":19}],"_prefab":{"__type__":"cc.PrefabInfo","root":{"__id__":1},"asset":{"__uuid__":"110cNKQa9A3priHBN4+ZXN"},"fileId":"7eER5dtYtMNbNKF0PJ81HX"},"_anchorPoint":{"__type__":"cc.Vec2","y":1},"_contentSize":{"__type__":"cc.Size","width":200,"height":200},"_position":{"__type__":"cc.Vec2","x":-2000,"y":-2000}},{"__type__":"cc.Node","_name":"view","_parent":{"__id__":5},"_children":[{"__id__":7}],"_components":[{"__type__":"cc.Mask","node":{"__id__":6}}],"_prefab":{"__type__":"cc.PrefabInfo","root":{"__id__":1},"asset":{"__uuid__":"110cNKQa9A3priHBN4+ZXN"},"fileId":"95Z6bQoYpEyoroflLfEQ8I"},"_anchorPoint":{"__type__":"cc.Vec2","y":1},"_contentSize":{"__type__":"cc.Size","width":200,"height":200}},{"__type__":"cc.Node","_name":"content","_parent":{"__id__":6},"_children":[{"__id__":8}],"_components":[{"__type__":"cc.Layout","node":{"__id__":7},"_layoutSize":{"__type__":"cc.Size","width":200,"height":200},"_resize":1,"_N$layoutType":1,"_N$spacingY":15}],"_prefab":{"__type__":"cc.PrefabInfo","root":{"__id__":1},"asset":{"__uuid__":"110cNKQa9A3priHBN4+ZXN"},"fileId":"70InlvZxZBFbd4gF+EfNWA"},"_anchorPoint":{"__type__":"cc.Vec2","y":1},"_contentSize":{"__type__":"cc.Size","width":200,"height":200}},{"__type__":"cc.Node","_name":"page_1","_parent":{"__id__":7},"_children":[{"__id__":9},{"__id__":11},{"__id__":13},{"__id__":15}],"_components":[{"__type__":"cc.Sprite","node":{"__id__":8},"_spriteFrame":{"__uuid__":"d8nOMivrZEYbDTh6J4Unpq"},"_type":1,"_sizeMode":0},{"__type__":"cc.Layout","node":{"__id__":8},"_layoutSize":{"__type__":"cc.Size","width":200,"height":189},"_resize":1,"_N$layoutType":3,"_N$paddingLeft":10,"_N$paddingTop":15,"_N$paddingBottom":15,"_N$spacingX":40,"_N$spacingY":15}],"_prefab":{"__type__":"cc.PrefabInfo","root":{"__id__":1},"asset":{"__uuid__":"110cNKQa9A3priHBN4+ZXN"},"fileId":"e8fHX6fc9CK5f6tq3k1EUV"},"_color":{"__type__":"cc.Color","r":11,"g":255,"b":255},"_anchorPoint":{"__type__":"cc.Vec2","y":1},"_contentSize":{"__type__":"cc.Size","width":200,"height":189},"_position":{"__type__":"cc.Vec2","y":-7}},{"__type__":"cc.Node","_name":"EmoticonSprite","_parent":{"__id__":8},"_components":[{"__id__":10},{"__type__":"cc.Button","node":{"__id__":9},"clickEvents":[{"__type__":"cc.ClickEvent","target":{"__id__":1},"component":"EmoticonUI","handler":"OnEmoticonItemClick","customEventData":"0"}],"_N$target":{"__id__":9}}],"_prefab":{"__type__":"cc.PrefabInfo","root":{"__id__":1},"asset":{"__uuid__":"110cNKQa9A3priHBN4+ZXN"},"fileId":"6ey9A6qRdO35dk7qeFGE1g"},"_contentSize":{"__type__":"cc.Size","width":72,"height":72},"_position":{"__type__":"cc.Vec2","x":46,"y":-51}},{"__type__":"cc.Sprite","node":{"__id__":9},"_spriteFrame":{"__uuid__":"60jCGiFNBHVLwSIBvVw3nh"},"_sizeMode":0},{"__type__":"cc.Node","_name":"EmoticonSprite","_parent":{"__id__":8},"_components":[{"__id__":12},{"__type__":"cc.Button","node":{"__id__":11},"clickEvents":[{"__type__":"cc.ClickEvent","target":{"__id__":1},"component":"EmoticonUI","handler":"OnEmoticonItemClick","customEventData":"1"}],"_N$target":{"__id__":11}}],"_prefab":{"__type__":"cc.PrefabInfo","root":{"__id__":1},"asset":{"__uuid__":"110cNKQa9A3priHBN4+ZXN"},"fileId":"82BM3F9pZHbrdmj1xAFeVG"},"_contentSize":{"__type__":"cc.Size","width":72,"height":72},"_position":{"__type__":"cc.Vec2","x":158,"y":-51}},{"__type__":"cc.Sprite","node":{"__id__":11},"_spriteFrame":{"__uuid__":"7dex8WZbRBvZCwyacdYE7y"},"_sizeMode":0},{"__type__":"cc.Node","_name":"EmoticonSprite","_parent":{"__id__":8},"_components":[{"__id__":14},{"__type__":"cc.Button","node":{"__id__":13},"clickEvents":[{"__type__":"cc.ClickEvent","target":{"__id__":1},"component":"EmoticonUI","handler":"OnEmoticonItemClick","customEventData":"2"}],"_N$target":{"__id__":13}}],"_prefab":{"__type__":"cc.PrefabInfo","root":{"__id__":1},"asset":{"__uuid__":"110cNKQa9A3priHBN4+ZXN"},"fileId":"d6rqRBR1NNZ4JpKKBn12Wt"},"_contentSize":{"__type__":"cc.Size","width":72,"height":72},"_position":{"__type__":"cc.Vec2","x":46,"y":-138}},{"__type__":"cc.Sprite","node":{"__id__":13},"_spriteFrame":{"__uuid__":"4aDoNu1HpC8rO8hkLMizkE"},"_sizeMode":0},{"__type__":"cc.Node","_name":"EmoticonSprite","_parent":{"__id__":8},"_components":[{"__id__":16},{"__type__":"cc.Button","node":{"__id__":15},"clickEvents":[{"__type__":"cc.ClickEvent","target":{"__id__":1},"component":"EmoticonUI","handler":"OnEmoticonItemClick","customEventData":"3"}],"_N$target":{"__id__":15}}],"_prefab":{"__type__":"cc.PrefabInfo","root":{"__id__":1},"asset":{"__uuid__":"110cNKQa9A3priHBN4+ZXN"},"fileId":"fcei/sBBdCe58YWGYP+s6O"},"_contentSize":{"__type__":"cc.Size","width":72,"height":72},"_position":{"__type__":"cc.Vec2","x":158,"y":-138}},{"__type__":"cc.Sprite","node":{"__id__":15},"_spriteFrame":{"__uuid__":"b62N0usWhPp5VjkAMom35G"},"_sizeMode":0},{"__type__":"cc.Node","_name":"indicator","_parent":{"__id__":5},"_components":[{"__id__":18}],"_prefab":{"__type__":"cc.PrefabInfo","root":{"__id__":1},"asset":{"__uuid__":"110cNKQa9A3priHBN4+ZXN"},"fileId":"caWrwaHIxBdpZWKjuDdg69"},"_opacity":0,"_contentSize":{"__type__":"cc.Size","width":100,"height":27},"_position":{"__type__":"cc.Vec2","y":170}},{"__type__":"cc.PageViewIndicator","node":{"__id__":17},"_pageView":{"__id__":19},"spriteFrame":{"__uuid__":"c9+lH/PwFGAY+AMl0bEdq3"},"cellSize":{"__type__":"cc.Size","width":10,"height":10},"spacing":10},{"__type__":"cc.PageView","node":{"__id__":5},"content":{"__id__":7},"bounceDuration":0.5,"_N$indicator":{"__id__":18}},{"__type__":"cc.Node","_name":"Arrow","_parent":{"__id__":5},"_components":[{"__type__":"cc.Sprite","node":{"__id__":20},"_spriteFrame":{"__uuid__":"2b/JpB+AtKQ7g8936K0L12"}}],"_prefab":{"__type__":"cc.PrefabInfo","root":{"__id__":1},"asset":{"__uuid__":"110cNKQa9A3priHBN4+ZXN"},"fileId":"0bqBe1ft5Gcpj1vVmfKOY1"},"_anchorPoint":{"__type__":"cc.Vec2"},"_contentSize":{"__type__":"cc.Size","width":18,"height":22},"_position":{"__type__":"cc.Vec2","x":200,"y":-40}},{"__type__":"cc.Node","_name":"EmoticonItem","_parent":{"__id__":1},"_children":[{"__id__":22},{"__id__":23}],"_components":[{"__type__":"8da07jO2tlAvr/KKO8GnXaX","node":{"__id__":21}}],"_prefab":{"__type__":"cc.PrefabInfo","root":{"__id__":1},"asset":{"__uuid__":"110cNKQa9A3priHBN4+ZXN"},"fileId":"86XlJGHOtFZYMst4e6IW1s"},"_opacity":0,"_contentSize":{"__type__":"cc.Size","width":100,"height":100},"_position":{"__type__":"cc.Vec2","x":10000,"y":10000}},{"__type__":"cc.Node","_name":"Arrow","_parent":{"__id__":21},"_components":[{"__type__":"cc.Sprite","node":{"__id__":22},"_spriteFrame":{"__uuid__":"58LiTPViZPKrHZe9c7BvC8"}}],"_prefab":{"__type__":"cc.PrefabInfo","root":{"__id__":1},"asset":{"__uuid__":"110cNKQa9A3priHBN4+ZXN"},"fileId":"7fGSQj15RJxKKHfrHtdeX5"},"_contentSize":{"__type__":"cc.Size","width":26,"height":22},"_rotationX":135,"_rotationY":135,"_position":{"__type__":"cc.Vec2","x":32.6,"y":-25.4}},{"__type__":"cc.Node","_name":"EmoticonSprite","_parent":{"__id__":21},"_components":[{"__type__":"cc.Sprite","node":{"__id__":23},"_spriteFrame":{"__uuid__":"60jCGiFNBHVLwSIBvVw3nh"},"_sizeMode":0}],"_prefab":{"__type__":"cc.PrefabInfo","root":{"__id__":1},"asset":{"__uuid__":"110cNKQa9A3priHBN4+ZXN"},"fileId":"72rv3AcJ5C1617gJBEeqcX"},"_contentSize":{"__type__":"cc.Size","width":72,"height":72}},{"__type__":"cc.Node","_name":"EmoticonItem","_parent":{"__id__":1},"_children":[{"__id__":25},{"__id__":26}],"_components":[{"__type__":"8da07jO2tlAvr/KKO8GnXaX","node":{"__id__":24}}],"_prefab":{"__type__":"cc.PrefabInfo","root":{"__id__":1},"asset":{"__uuid__":"110cNKQa9A3priHBN4+ZXN"},"fileId":"21gO3TkMdAb6oSdgPKm6L8"},"_opacity":0,"_contentSize":{"__type__":"cc.Size","width":100,"height":100},"_position":{"__type__":"cc.Vec2","x":10000,"y":10000}},{"__type__":"cc.Node","_name":"Arrow","_parent":{"__id__":24},"_components":[{"__type__":"cc.Sprite","node":{"__id__":25},"_spriteFrame":{"__uuid__":"58LiTPViZPKrHZe9c7BvC8"}}],"_prefab":{"__type__":"cc.PrefabInfo","root":{"__id__":1},"asset":{"__uuid__":"110cNKQa9A3priHBN4+ZXN"},"fileId":"44S8EElXVEI4SSyCvfyPzp"},"_contentSize":{"__type__":"cc.Size","width":26,"height":22},"_rotationX":135,"_rotationY":135,"_position":{"__type__":"cc.Vec2","x":32.6,"y":-25.4}},{"__type__":"cc.Node","_name":"EmoticonSprite","_parent":{"__id__":24},"_components":[{"__type__":"cc.Sprite","node":{"__id__":26},"_spriteFrame":{"__uuid__":"60jCGiFNBHVLwSIBvVw3nh"},"_sizeMode":0}],"_prefab":{"__type__":"cc.PrefabInfo","root":{"__id__":1},"asset":{"__uuid__":"110cNKQa9A3priHBN4+ZXN"},"fileId":"59GRB1YrdK/5TMoZU0L7X7"},"_contentSize":{"__type__":"cc.Size","width":72,"height":72}},{"__type__":"cc.Node","_name":"EmoticonItem","_parent":{"__id__":1},"_children":[{"__id__":28},{"__id__":29}],"_components":[{"__type__":"8da07jO2tlAvr/KKO8GnXaX","node":{"__id__":27}}],"_prefab":{"__type__":"cc.PrefabInfo","root":{"__id__":1},"asset":{"__uuid__":"110cNKQa9A3priHBN4+ZXN"},"fileId":"30aHBjzFlF2YFB/UWDfr6M"},"_opacity":0,"_contentSize":{"__type__":"cc.Size","width":100,"height":100},"_position":{"__type__":"cc.Vec2","x":10000,"y":10000}},{"__type__":"cc.Node","_name":"Arrow","_parent":{"__id__":27},"_components":[{"__type__":"cc.Sprite","node":{"__id__":28},"_spriteFrame":{"__uuid__":"58LiTPViZPKrHZe9c7BvC8"}}],"_prefab":{"__type__":"cc.PrefabInfo","root":{"__id__":1},"asset":{"__uuid__":"110cNKQa9A3priHBN4+ZXN"},"fileId":"00AxvnrJ9LZbHSLbM2KcHW"},"_contentSize":{"__type__":"cc.Size","width":26,"height":22},"_rotationX":135,"_rotationY":135,"_position":{"__type__":"cc.Vec2","x":32.6,"y":-25.4}},{"__type__":"cc.Node","_name":"EmoticonSprite","_parent":{"__id__":27},"_components":[{"__type__":"cc.Sprite","node":{"__id__":29},"_spriteFrame":{"__uuid__":"60jCGiFNBHVLwSIBvVw3nh"},"_sizeMode":0}],"_prefab":{"__type__":"cc.PrefabInfo","root":{"__id__":1},"asset":{"__uuid__":"110cNKQa9A3priHBN4+ZXN"},"fileId":"5aW9594bREEpdYpdsUJYU1"},"_contentSize":{"__type__":"cc.Size","width":72,"height":72}}],{"__type__":"cc.SpriteFrame","content":{"name":"default_btn_disabled","texture":"71VhFCTINJM6/Ky3oX9nBT","rect":[0,0,40,40],"offset":[0,0],"originalSize":[40,40],"capInsets":[15,7,15,9]}},{"__type__":"cc.SpriteFrame","content":{"name":"mianbanarrow","texture":"fcJS4K3v9B9LpajzpsNm+D","rect":[1517,994,18,22],"offset":[0,0],"originalSize":[18,22]}},{"__type__":"cc.SpriteFrame","content":{"name":"smle","texture":"fcJS4K3v9B9LpajzpsNm+D","rect":[1165,215,72,72],"offset":[0,0],"originalSize":[72,72]}},{"__type__":"cc.SpriteFrame","content":{"name":"arrow","texture":"fcJS4K3v9B9LpajzpsNm+D","rect":[620,275,26,22],"offset":[0,0],"originalSize":[26,22]}},{"__type__":"cc.SpriteFrame","content":{"name":"angry","texture":"fcJS4K3v9B9LpajzpsNm+D","rect":[1165,288,72,72],"offset":[0,0],"originalSize":[72,72]}},{"__type__":"cc.SpriteFrame","content":{"name":"cry","texture":"fcJS4K3v9B9LpajzpsNm+D","rect":[1195,88,72,72],"offset":[0,0],"originalSize":[72,72]}},{"__type__":"cc.SpriteFrame","content":{"name":"cool","texture":"fcJS4K3v9B9LpajzpsNm+D","rect":[1264,3,72,72],"offset":[0,0],"originalSize":[72,72]}},{"__type__":"cc.SpriteFrame","content":{"name":"default_scrollbar_bg","texture":"4bq2fLGOZAmbhANV8Ec/iQ","rect":[0,0,30,15],"offset":[0,0],"originalSize":[30,15],"capInsets":[10,0,10,0]}},{"__type__":"cc.SpriteFrame","content":{"name":"mianban","texture":"fcJS4K3v9B9LpajzpsNm+D","rect":[1682,940,78,80],"offset":[0,0],"originalSize":[78,80],"capInsets":[25,10,25,10]}},{"__type__":"cc.SpriteFrame","content":{"name":"default_btn_pressed","texture":"b4P/PCArtIdIH38t6mlw8Y","rect":[0,0,40,40],"offset":[0,0],"originalSize":[40,40],"capInsets":[11,11,11,7]}},{"__type__":"cc.SpriteFrame","content":{"name":"default_btn_normal","texture":"e8Ueib+qJEhL6mXAHdnwbi","rect":[0,0,40,40],"offset":[0,0],"originalSize":[40,40],"capInsets":[8,11,7,9]}},{"__type__":"cc.SpriteFrame","content":{"name":"chat","texture":"fcJS4K3v9B9LpajzpsNm+D","rect":[580,214,69,60],"offset":[0,0],"originalSize":[69,60]}}]