[[{"__type__":"cc.Prefab","_name":"huolijiaqiang_M","data":{"__id__":1},"asyncLoadAssets":false},{"__type__":"cc.Node","_name":"huolijiaqiang_M","_children":[{"__id__":2},{"__id__":3},{"__id__":4}],"_components":[{"__id__":5},{"__type__":"5f78867I45Ho4XUIjr0GHcB","node":{"__id__":1},"animationCtrl":{"__id__":5}}],"_prefab":{"__type__":"cc.PrefabInfo","root":{"__id__":1},"asset":{"__uuid__":"14OAqdO3lHSZdvvRRzEMgi"},"fileId":"fciW9BCdhOjKXAnfgvhBBR"}},{"__type__":"cc.Node","_name":"line1","_parent":{"__id__":1},"_components":[{"__type__":"cc.Sprite","node":{"__id__":2},"_spriteFrame":{"__uuid__":"19iY1gUShAN6BA/VHlnHCe"},"_dstBlendFactor":1}],"_prefab":{"__type__":"cc.PrefabInfo","root":{"__id__":1},"asset":{"__uuid__":"14OAqdO3lHSZdvvRRzEMgi"},"fileId":"4aNosz9LVO57hMAGEjNBXZ"},"_color":{"__type__":"cc.Color","r":255,"g":238,"b":195},"_contentSize":{"__type__":"cc.Size","width":28,"height":64},"_scaleX":0.2893449999989848,"_scaleY":0.19721399999878172,"_position":{"__type__":"cc.Vec2","x":-25,"y":-7.6314310000611165}},{"__type__":"cc.Node","_name":"line2","_parent":{"__id__":1},"_components":[{"__type__":"cc.Sprite","node":{"__id__":3},"_spriteFrame":{"__uuid__":"19iY1gUShAN6BA/VHlnHCe"},"_dstBlendFactor":1}],"_prefab":{"__type__":"cc.PrefabInfo","root":{"__id__":1},"asset":{"__uuid__":"14OAqdO3lHSZdvvRRzEMgi"},"fileId":"444nlUPpRJJZlHn2kzdOdY"},"_opacity":0,"_color":{"__type__":"cc.Color","r":255,"g":238,"b":195},"_contentSize":{"__type__":"cc.Size","width":28,"height":64},"_scaleX":-0.5,"_scaleY":0.25,"_position":{"__type__":"cc.Vec2","x":25,"y":-14.6}},{"__type__":"cc.Node","_name":"line3","_parent":{"__id__":1},"_components":[{"__type__":"cc.Sprite","node":{"__id__":4},"_spriteFrame":{"__uuid__":"19iY1gUShAN6BA/VHlnHCe"},"_dstBlendFactor":1}],"_prefab":{"__type__":"cc.PrefabInfo","root":{"__id__":1},"asset":{"__uuid__":"14OAqdO3lHSZdvvRRzEMgi"},"fileId":"73SLmLsLZKsoKTDuY/UTg0"},"_color":{"__type__":"cc.Color","r":248,"g":237,"b":217},"_contentSize":{"__type__":"cc.Size","width":28,"height":64},"_scaleX":0.5826882000004466,"_scaleY":0.8756061000006294,"_position":{"__type__":"cc.Vec2","x":-6.5,"y":5.629519999983756}},{"__type__":"cc.Animation","node":{"__id__":1},"_defaultClip":{"__uuid__":"f6jLIji4xCgJ5MocDWpfFS"},"_clips":[{"__uuid__":"f6jLIji4xCgJ5MocDWpfFS"}]}],{"__type__":"cc.SpriteFrame","content":{"name":"line_002","texture":"20wkx7r05LO5L2PvQg5zW3","rect":[398,1128,28,64],"offset":[1,0],"originalSize":[32,64]}}]