[{"__type__":"cc.SpriteFrame","content":{"name":"tk__0008","texture":"20wkx7r05LO5L2PvQg5zW3","rect":[958,73,62,64],"offset":[-1,0],"originalSize":[64,64]}},{"__type__":"cc.SpriteFrame","content":{"name":"_0016_jindutiaojianbian","texture":"20wkx7r05LO5L2PvQg5zW3","rect":[739,958,90,16],"offset":[0,0],"originalSize":[90,16],"capInsets":[6,0,5,0]}},{"__type__":"cc.SpriteFrame","content":{"name":"shouji12","texture":"20wkx7r05LO5L2PvQg5zW3","rect":[190,961,64,62],"offset":[0,0],"originalSize":[64,64]}},{"__type__":"cc.SpriteFrame","content":{"name":"xiangzi","texture":"20wkx7r05LO5L2PvQg5zW3","rect":[3,846,110,110],"offset":[0,0],"originalSize":[110,110]}},{"__type__":"cc.SpriteFrame","content":{"name":"_0017_jindutiaoditu","texture":"20wkx7r05LO5L2PvQg5zW3","rect":[624,1032,94,20],"offset":[0,0],"originalSize":[94,20],"capInsets":[17,0,17,0]}},{"__type__":"cc.SpriteFrame","content":{"name":"ring01","texture":"20wkx7r05LO5L2PvQg5zW3","rect":[132,838,122,122],"offset":[0,0],"originalSize":[128,128]}},[{"__type__":"cc.Prefab","_name":"BoxPrefab","data":{"__id__":1},"asyncLoadAssets":false},{"__type__":"cc.Node","_name":"BoxPrefab","_children":[{"__id__":2},{"__id__":11},{"__id__":12},{"__id__":13},{"__id__":14},{"__id__":15}],"_components":[{"__type__":"cc.Animation","node":{"__id__":1},"_defaultClip":{"__uuid__":"1bdWX7ugFDgIZQYLHsfZWO"},"_clips":[{"__uuid__":"1bdWX7ugFDgIZQYLHsfZWO"}]},{"__id__":16},{"__type__":"2a818IpKQlG5o6Hc2o5EMrX","node":{"__id__":1},"EntityType":19,"DeadPrefab":{"__uuid__":"a2kGB4MHVOibHHcLb48zt6"},"Body":{"__id__":2},"dieAnimationClip":"xiangzi_die","MyCollider":{"__id__":16},"HPSprite":{"__id__":4},"LineSpriteFrame":{"__uuid__":"e0Fev8ANJIKKn4Z1OaMcay"},"LeftHpNode":{"__id__":3},"CachedLineSprite":[{"__id__":5},{"__id__":6},{"__id__":7},{"__id__":8},{"__id__":9},{"__id__":10}]}],"_prefab":{"__type__":"cc.PrefabInfo","root":{"__id__":1},"asset":{"__uuid__":"dfw7ObNU5DFbKDqRkZTa1d"},"fileId":"48FgEGVOdEP7kyABZa7ps0"},"groupIndex":9},{"__type__":"cc.Node","_name":"xiangzi","_parent":{"__id__":1},"_children":[{"__id__":3}],"_components":[{"__type__":"cc.Sprite","node":{"__id__":2},"_spriteFrame":{"__uuid__":"80VX8eIJtP/bdYtT82o0ZB"}}],"_prefab":{"__type__":"cc.PrefabInfo","root":{"__id__":1},"asset":{"__uuid__":"dfw7ObNU5DFbKDqRkZTa1d"},"fileId":"47w23H+H9ASK/XEmmQIxvC"},"_contentSize":{"__type__":"cc.Size","width":110,"height":110},"_scaleX":0.67,"_scaleY":0.67},{"__type__":"cc.Node","_name":"HPBg","_parent":{"__id__":2},"_children":[{"__id__":4},{"__id__":5},{"__id__":6},{"__id__":7},{"__id__":8},{"__id__":9},{"__id__":10}],"_components":[{"__type__":"cc.Sprite","node":{"__id__":3},"_spriteFrame":{"__uuid__":"84oa/IQ/NAH5H2pPdK4Ehi"},"_sizeMode":2}],"_prefab":{"__type__":"cc.PrefabInfo","root":{"__id__":1},"asset":{"__uuid__":"dfw7ObNU5DFbKDqRkZTa1d"},"fileId":"e9Ps45/F9OxJiXjYaCZ994"},"_contentSize":{"__type__":"cc.Size","width":94,"height":20},"_scaleX":1.4925373,"_scaleY":1.4925373,"_position":{"__type__":"cc.Vec2","y":85},"groupIndex":8},{"__type__":"cc.Node","_name":"Left","_parent":{"__id__":3},"_components":[{"__type__":"cc.Sprite","node":{"__id__":4},"_spriteFrame":{"__uuid__":"21Jto3bLtH0o6JMo2+Ch0H"},"_type":3,"_sizeMode":2,"_fillRange":1}],"_prefab":{"__type__":"cc.PrefabInfo","root":{"__id__":1},"asset":{"__uuid__":"dfw7ObNU5DFbKDqRkZTa1d"},"fileId":"f3g/IG+DBAxoj7DhTR9sg2"},"_anchorPoint":{"__type__":"cc.Vec2"},"_contentSize":{"__type__":"cc.Size","width":90,"height":16},"_position":{"__type__":"cc.Vec2","x":-45,"y":-8}},{"__type__":"cc.Node","_name":"line","_parent":{"__id__":3},"_components":[{"__type__":"cc.Sprite","node":{"__id__":5},"_spriteFrame":{"__uuid__":"e0Fev8ANJIKKn4Z1OaMcay"}}],"_prefab":{"__type__":"cc.PrefabInfo","root":{"__id__":1},"asset":{"__uuid__":"dfw7ObNU5DFbKDqRkZTa1d"},"fileId":"89E3AAebZFpb1uDXDfLXij"},"_contentSize":{"__type__":"cc.Size","width":8,"height":16}},{"__type__":"cc.Node","_name":"line","_parent":{"__id__":3},"_components":[{"__type__":"cc.Sprite","node":{"__id__":6},"_spriteFrame":{"__uuid__":"e0Fev8ANJIKKn4Z1OaMcay"}}],"_prefab":{"__type__":"cc.PrefabInfo","root":{"__id__":1},"asset":{"__uuid__":"dfw7ObNU5DFbKDqRkZTa1d"},"fileId":"d7eEF7gBdFaZUQ6dkRxJ9l"},"_contentSize":{"__type__":"cc.Size","width":8,"height":16},"_position":{"__type__":"cc.Vec2","x":16}},{"__type__":"cc.Node","_name":"line","_parent":{"__id__":3},"_components":[{"__type__":"cc.Sprite","node":{"__id__":7},"_spriteFrame":{"__uuid__":"e0Fev8ANJIKKn4Z1OaMcay"}}],"_prefab":{"__type__":"cc.PrefabInfo","root":{"__id__":1},"asset":{"__uuid__":"dfw7ObNU5DFbKDqRkZTa1d"},"fileId":"dc/5JFW7dIlI/rMCWyBcsc"},"_contentSize":{"__type__":"cc.Size","width":8,"height":16},"_position":{"__type__":"cc.Vec2","x":32,"y":-0.9}},{"__type__":"cc.Node","_name":"line","_parent":{"__id__":3},"_components":[{"__type__":"cc.Sprite","node":{"__id__":8},"_spriteFrame":{"__uuid__":"e0Fev8ANJIKKn4Z1OaMcay"}}],"_prefab":{"__type__":"cc.PrefabInfo","root":{"__id__":1},"asset":{"__uuid__":"dfw7ObNU5DFbKDqRkZTa1d"},"fileId":"c8dcAm9nxLJpV/ad+q/BDH"},"_contentSize":{"__type__":"cc.Size","width":8,"height":16},"_position":{"__type__":"cc.Vec2","x":-16}},{"__type__":"cc.Node","_name":"line","_parent":{"__id__":3},"_components":[{"__type__":"cc.Sprite","node":{"__id__":9},"_spriteFrame":{"__uuid__":"e0Fev8ANJIKKn4Z1OaMcay"}}],"_prefab":{"__type__":"cc.PrefabInfo","root":{"__id__":1},"asset":{"__uuid__":"dfw7ObNU5DFbKDqRkZTa1d"},"fileId":"03uP9gJrpA1KDCNb3Bnnjj"},"_contentSize":{"__type__":"cc.Size","width":8,"height":16},"_position":{"__type__":"cc.Vec2","x":-32}},{"__type__":"cc.Node","_name":"line","_parent":{"__id__":3},"_components":[{"__type__":"cc.Sprite","node":{"__id__":10},"_spriteFrame":{"__uuid__":"e0Fev8ANJIKKn4Z1OaMcay"}}],"_prefab":{"__type__":"cc.PrefabInfo","root":{"__id__":1},"asset":{"__uuid__":"dfw7ObNU5DFbKDqRkZTa1d"},"fileId":"76BY7iwtJKpaqCxS4MAmrZ"},"_contentSize":{"__type__":"cc.Size","width":8,"height":16},"_position":{"__type__":"cc.Vec2","x":-32}},{"__type__":"cc.Node","_name":"quan2","_parent":{"__id__":1},"_components":[{"__type__":"cc.Sprite","node":{"__id__":11}}],"_prefab":{"__type__":"cc.PrefabInfo","root":{"__id__":1},"asset":{"__uuid__":"dfw7ObNU5DFbKDqRkZTa1d"},"fileId":"cdsimnhkVCw6t2IfyxZ4Kv"},"_opacity":0,"_contentSize":{"__type__":"cc.Size","width":200,"height":201},"_scaleX":1.14,"_scaleY":1.14},{"__type__":"cc.Node","_name":"quan3","_parent":{"__id__":1},"_components":[{"__type__":"cc.Sprite","node":{"__id__":12},"_spriteFrame":{"__uuid__":"09tpKjMpVA3Zv4JLwA2fZu"}}],"_prefab":{"__type__":"cc.PrefabInfo","root":{"__id__":1},"asset":{"__uuid__":"dfw7ObNU5DFbKDqRkZTa1d"},"fileId":"6cYLvvZEBFmJodPOFQucRG"},"_opacity":0,"_contentSize":{"__type__":"cc.Size","width":62,"height":64},"_scaleX":3.47,"_scaleY":3.47,"_position":{"__type__":"cc.Vec2","x":-7,"y":-4}},{"__type__":"cc.Node","_name":"wu","_parent":{"__id__":1},"_components":[{"__type__":"cc.Sprite","node":{"__id__":13},"_spriteFrame":{"__uuid__":"79w8FR3rZBcJ9MIicho6dx"}}],"_prefab":{"__type__":"cc.PrefabInfo","root":{"__id__":1},"asset":{"__uuid__":"dfw7ObNU5DFbKDqRkZTa1d"},"fileId":"0difUXjZJFW6mG4gCDP6I2"},"_opacity":0,"_contentSize":{"__type__":"cc.Size","width":64,"height":62},"_scaleX":2.36,"_scaleY":2.36,"_position":{"__type__":"cc.Vec2","x":3,"y":20}},{"__type__":"cc.Node","_name":"wu2","_parent":{"__id__":1},"_components":[{"__type__":"cc.Sprite","node":{"__id__":14},"_spriteFrame":{"__uuid__":"79w8FR3rZBcJ9MIicho6dx"}}],"_prefab":{"__type__":"cc.PrefabInfo","root":{"__id__":1},"asset":{"__uuid__":"dfw7ObNU5DFbKDqRkZTa1d"},"fileId":"e0Vkg5APhGsLpfQhdkgClg"},"_opacity":0,"_contentSize":{"__type__":"cc.Size","width":64,"height":62},"_scaleX":1.9,"_scaleY":1.9,"_position":{"__type__":"cc.Vec2","x":-15,"y":10}},{"__type__":"cc.Node","_name":"quan4","_parent":{"__id__":1},"_components":[{"__type__":"cc.Sprite","node":{"__id__":15},"_spriteFrame":{"__uuid__":"aaf+ObgLJOhL7MOzxja6jD"}}],"_prefab":{"__type__":"cc.PrefabInfo","root":{"__id__":1},"asset":{"__uuid__":"dfw7ObNU5DFbKDqRkZTa1d"},"fileId":"92lfnj+pVMHbaVrot5d/+k"},"_opacity":0,"_contentSize":{"__type__":"cc.Size","width":122,"height":122},"_scaleX":2.46,"_scaleY":2.46},{"__type__":"cc.BoxCollider","node":{"__id__":1}}],{"__type__":"cc.SpriteFrame","content":{"name":"line","texture":"20wkx7r05LO5L2PvQg5zW3","rect":[647,644,8,16],"offset":[0,0],"originalSize":[8,16]}}]