[{"__type__":"cc.SpriteFrame","content":{"name":"tk__0008","texture":"20wkx7r05LO5L2PvQg5zW3","rect":[958,73,62,64],"offset":[-1,0],"originalSize":[64,64]}},{"__type__":"cc.SpriteFrame","content":{"name":"_0016_jindutiaojianbian","texture":"20wkx7r05LO5L2PvQg5zW3","rect":[739,958,90,16],"offset":[0,0],"originalSize":[90,16],"capInsets":[6,0,5,0]}},{"__type__":"cc.SpriteFrame","content":{"name":"xiangzi","texture":"20wkx7r05LO5L2PvQg5zW3","rect":[3,846,110,110],"offset":[0,0],"originalSize":[110,110]}},{"__type__":"cc.SpriteFrame","content":{"name":"_0017_jindutiaoditu","texture":"20wkx7r05LO5L2PvQg5zW3","rect":[624,1032,94,20],"offset":[0,0],"originalSize":[94,20],"capInsets":[17,0,17,0]}},{"__type__":"cc.SpriteFrame","content":{"name":"shouji13","texture":"20wkx7r05LO5L2PvQg5zW3","rect":[164,221,144,144],"offset":[0,0],"originalSize":[144,144]}},{"__type__":"cc.SpriteFrame","content":{"name":"shouji18","texture":"20wkx7r05LO5L2PvQg5zW3","rect":[143,575,18,54],"offset":[-1,-1],"originalSize":[32,64]}},{"__type__":"cc.SpriteFrame","content":{"name":"line","texture":"20wkx7r05LO5L2PvQg5zW3","rect":[647,644,8,16],"offset":[0,0],"originalSize":[8,16]}},[{"__type__":"cc.Prefab","_name":"xiangzi","data":{"__id__":1},"asyncLoadAssets":false},{"__type__":"cc.Node","_name":"xiangzi","_children":[{"__id__":2},{"__id__":3},{"__id__":4},{"__id__":6},{"__id__":7}],"_components":[{"__type__":"cc.Animation","node":{"__id__":1},"_defaultClip":{"__uuid__":"1bdWX7ugFDgIZQYLHsfZWO"},"_clips":[{"__uuid__":"1bdWX7ugFDgIZQYLHsfZWO"}]},{"__type__":"bed2a3yMnxLbbRf1xQnc9+P","node":{"__id__":1},"SpAtlas":{"__uuid__":"49hgYBWs5C0osUMDkiP1E1"},"EntityType":18,"DeadPrefab":{"__uuid__":"a2kGB4MHVOibHHcLb48zt6"},"DeadPrefabName":"xiangzi_die_H","Body":{"__id__":4},"dieAnimationClip":"xiangzi_die","MyCollider":{"__id__":12},"LeftHPnode":{"__id__":8},"HPnode":{"__id__":7},"SpriteBox":{"__id__":5}},{"__id__":12}],"_prefab":{"__type__":"cc.PrefabInfo","root":{"__id__":1},"asset":{"__uuid__":"eeO0v/UN5OzI7ftSK4kIsh"},"fileId":"a94ojeqapLjppuX12cmjJx"},"groupIndex":9},{"__type__":"cc.Node","_name":"New Sprite","_parent":{"__id__":1},"_components":[{"__type__":"cc.Sprite","node":{"__id__":2},"_spriteFrame":{"__uuid__":"ddInceMQZPGZHr+bOYXl8z"}}],"_prefab":{"__type__":"cc.PrefabInfo","root":{"__id__":1},"asset":{"__uuid__":"eeO0v/UN5OzI7ftSK4kIsh"},"fileId":"e5BowKFWJI4oZW1zDGHIDT"},"_opacity":0,"_color":{"__type__":"cc.Color","r":255},"_contentSize":{"__type__":"cc.Size","width":18,"height":54}},{"__type__":"cc.Node","_name":"New Sprite1","_parent":{"__id__":1},"_components":[{"__type__":"cc.Sprite","node":{"__id__":3},"_spriteFrame":{"__uuid__":"d3hvGWVS9EXrV2d2qB4iIj"}}],"_prefab":{"__type__":"cc.PrefabInfo","root":{"__id__":1},"asset":{"__uuid__":"eeO0v/UN5OzI7ftSK4kIsh"},"fileId":"8aI19LzWBDkoyI8ln5M4VX"},"_opacity":0,"_color":{"__type__":"cc.Color","r":255},"_contentSize":{"__type__":"cc.Size","width":144,"height":144},"_rotationX":450,"_rotationY":450},{"__type__":"cc.Node","_name":"xiangzi","_parent":{"__id__":1},"_components":[{"__id__":5}],"_prefab":{"__type__":"cc.PrefabInfo","root":{"__id__":1},"asset":{"__uuid__":"eeO0v/UN5OzI7ftSK4kIsh"},"fileId":"7e7LIogpBDfLhqh3biiRFD"},"_contentSize":{"__type__":"cc.Size","width":110,"height":110},"_scaleX":0.67,"_scaleY":0.67},{"__type__":"cc.Sprite","node":{"__id__":4},"_spriteFrame":{"__uuid__":"80VX8eIJtP/bdYtT82o0ZB"}},{"__type__":"cc.Node","_name":"quan3","_parent":{"__id__":1},"_components":[{"__type__":"cc.Sprite","node":{"__id__":6},"_spriteFrame":{"__uuid__":"09tpKjMpVA3Zv4JLwA2fZu"}}],"_prefab":{"__type__":"cc.PrefabInfo","root":{"__id__":1},"asset":{"__uuid__":"eeO0v/UN5OzI7ftSK4kIsh"},"fileId":"03nvzOr9FD0oiIW939e6Uz"},"_opacity":0,"_contentSize":{"__type__":"cc.Size","width":62,"height":64},"_scaleX":3.2893442622950824,"_scaleY":3.2893442622950824,"_position":{"__type__":"cc.Vec2","x":-7,"y":-4}},{"__type__":"cc.Node","_name":"BlueHPBg","_parent":{"__id__":1},"_children":[{"__id__":8},{"__id__":9},{"__id__":10},{"__id__":11}],"_components":[{"__type__":"cc.Sprite","node":{"__id__":7},"_spriteFrame":{"__uuid__":"84oa/IQ/NAH5H2pPdK4Ehi"},"_sizeMode":0}],"_prefab":{"__type__":"cc.PrefabInfo","root":{"__id__":1},"asset":{"__uuid__":"eeO0v/UN5OzI7ftSK4kIsh"},"fileId":"4azgi+/KdEjaj+iWh8J9o3"},"_contentSize":{"__type__":"cc.Size","width":102,"height":18},"_scaleX":0,"_scaleY":0,"_position":{"__type__":"cc.Vec2","y":61},"groupIndex":8},{"__type__":"cc.Node","_name":"Left","_parent":{"__id__":7},"_components":[{"__type__":"cc.Sprite","node":{"__id__":8},"_spriteFrame":{"__uuid__":"21Jto3bLtH0o6JMo2+Ch0H"},"_type":3,"_sizeMode":0,"_fillRange":1}],"_prefab":{"__type__":"cc.PrefabInfo","root":{"__id__":1},"asset":{"__uuid__":"eeO0v/UN5OzI7ftSK4kIsh"},"fileId":"8198rkbeFH/rHyPBIZxl7B"},"_anchorPoint":{"__type__":"cc.Vec2","y":0.5},"_contentSize":{"__type__":"cc.Size","width":96,"height":12},"_position":{"__type__":"cc.Vec2","x":-48}},{"__type__":"cc.Node","_name":"line","_parent":{"__id__":7},"_components":[{"__type__":"cc.Sprite","node":{"__id__":9},"_spriteFrame":{"__uuid__":"e0Fev8ANJIKKn4Z1OaMcay"}}],"_prefab":{"__type__":"cc.PrefabInfo","root":{"__id__":1},"asset":{"__uuid__":"eeO0v/UN5OzI7ftSK4kIsh"},"fileId":"98CQ9J1pZPErYNfbNvJcpW"},"_contentSize":{"__type__":"cc.Size","width":8,"height":16},"_position":{"__type__":"cc.Vec2","x":26}},{"__type__":"cc.Node","_name":"line","_parent":{"__id__":7},"_components":[{"__type__":"cc.Sprite","node":{"__id__":10},"_spriteFrame":{"__uuid__":"e0Fev8ANJIKKn4Z1OaMcay"}}],"_prefab":{"__type__":"cc.PrefabInfo","root":{"__id__":1},"asset":{"__uuid__":"eeO0v/UN5OzI7ftSK4kIsh"},"fileId":"15C3GcTGpMdre7xA/8UaYW"},"_contentSize":{"__type__":"cc.Size","width":8,"height":16},"_position":{"__type__":"cc.Vec2","x":1}},{"__type__":"cc.Node","_name":"line","_parent":{"__id__":7},"_components":[{"__type__":"cc.Sprite","node":{"__id__":11},"_spriteFrame":{"__uuid__":"e0Fev8ANJIKKn4Z1OaMcay"}}],"_prefab":{"__type__":"cc.PrefabInfo","root":{"__id__":1},"asset":{"__uuid__":"eeO0v/UN5OzI7ftSK4kIsh"},"fileId":"83HgxTIr1DHZkoleA18sCt"},"_contentSize":{"__type__":"cc.Size","width":8,"height":16},"_position":{"__type__":"cc.Vec2","x":-25}},{"__type__":"cc.BoxCollider","node":{"__id__":1},"_size":{"__type__":"cc.Size","width":75,"height":75}}]]