[[{"__type__":"cc.Prefab","_name":"BigBlockPrefab","data":{"__id__":1},"asyncLoadAssets":false},{"__type__":"cc.Node","_name":"SmallBlockPrefab","_components":[{"__type__":"cc.Sprite","node":{"__id__":1},"_spriteFrame":{"__uuid__":"e1OADhH6hAcb92r9UOesk9"},"_sizeMode":0},{"__type__":"cc.BoxCollider","node":{"__id__":1}},{"__type__":"66bbat6woZPYaxk90RJYLba","node":{"__id__":1},"SpAtlas":{"__uuid__":"0dybIr3kNFYrJo5LVNQ/d2"},"EntityType":8}],"_prefab":{"__type__":"cc.PrefabInfo","root":{"__id__":1},"asset":{"__uuid__":"5bN0niZ55NBp7Y8ZISwhXe"},"fileId":"cb8l4u5clNFL68HJqcN7YC"},"_opacity":0,"_color":{"__type__":"cc.Color","r":207,"g":35,"b":35},"_contentSize":{"__type__":"cc.Size","width":100,"height":100},"groupIndex":2}],{"__type__":"cc.SpriteFrame","content":{"name":"tk_1","texture":"96v2cfPGRMrK08a9XaXlj/","rect":[436,3,52,52],"offset":[0,0],"originalSize":[52,52]}}]