[{"__type__":"cc.SpriteFrame","content":{"name":"shikuai_03","texture":"20wkx7r05LO5L2PvQg5zW3","rect":[609,360,46,40],"offset":[0,-3],"originalSize":[64,64]}},{"__type__":"cc.SpriteFrame","content":{"name":"shouji12","texture":"20wkx7r05LO5L2PvQg5zW3","rect":[190,961,64,62],"offset":[0,0],"originalSize":[64,64]}},[{"__type__":"cc.Prefab","_name":"Zhangai_hit_01","data":{"__id__":1},"asyncLoadAssets":false},{"__type__":"cc.Node","_name":"Zhangai_hit_01","_children":[{"__id__":2},{"__id__":4}],"_components":[{"__id__":8},{"__type__":"3f6973JHftFpKTMspSNwhiz","node":{"__id__":1},"animationCtrl":{"__id__":8},"randomDelay":true,"randomDelayTime":0.27}],"_prefab":{"__type__":"cc.PrefabInfo","root":{"__id__":1},"asset":{"__uuid__":"f5vfLnbzpECalgeJtITfS8"},"fileId":"b4R/PmNQVJd6PC/6nLXK84"},"_opacity":0},{"__type__":"cc.Node","_name":"New Node","_parent":{"__id__":1},"_children":[{"__id__":3}],"_prefab":{"__type__":"cc.PrefabInfo","root":{"__id__":1},"asset":{"__uuid__":"f5vfLnbzpECalgeJtITfS8"},"fileId":"56AQtUtLJLxKVpEOQLmH4p"}},{"__type__":"cc.Node","_name":"sprite6","_parent":{"__id__":2},"_components":[{"__type__":"cc.Sprite","node":{"__id__":3},"_spriteFrame":{"__uuid__":"79w8FR3rZBcJ9MIicho6dx"}}],"_prefab":{"__type__":"cc.PrefabInfo","root":{"__id__":1},"asset":{"__uuid__":"f5vfLnbzpECalgeJtITfS8"},"fileId":"33GOkqiW5DdLz+711Th4Qk"},"_opacity":0,"_color":{"__type__":"cc.Color","r":201,"g":193,"b":193},"_contentSize":{"__type__":"cc.Size","width":64,"height":62},"_rotationX":180,"_rotationY":180,"_scaleX":2,"_scaleY":2},{"__type__":"cc.Node","_name":"New Node1","_parent":{"__id__":1},"_children":[{"__id__":5},{"__id__":6},{"__id__":7}],"_prefab":{"__type__":"cc.PrefabInfo","root":{"__id__":1},"asset":{"__uuid__":"f5vfLnbzpECalgeJtITfS8"},"fileId":"a9I/qFTvhDAoCM7G2h5GAi"}},{"__type__":"cc.Node","_name":"sprite3","_parent":{"__id__":4},"_components":[{"__type__":"cc.Sprite","node":{"__id__":5},"_spriteFrame":{"__uuid__":"06IqozQ0FDDbtvYtDUFv3o"},"_sizeMode":0}],"_prefab":{"__type__":"cc.PrefabInfo","root":{"__id__":1},"asset":{"__uuid__":"f5vfLnbzpECalgeJtITfS8"},"fileId":"8ckXcESjhGlpamN4aikd7s"},"_contentSize":{"__type__":"cc.Size","width":65,"height":45},"_rotationX":252.00000000000006,"_rotationY":252.00000000000006,"_scaleX":0.86,"_scaleY":0.86,"_position":{"__type__":"cc.Vec2","x":-47.809999999999995,"y":26.809999999999995}},{"__type__":"cc.Node","_name":"sprite4","_parent":{"__id__":4},"_components":[{"__type__":"cc.Sprite","node":{"__id__":6},"_spriteFrame":{"__uuid__":"06IqozQ0FDDbtvYtDUFv3o"}}],"_prefab":{"__type__":"cc.PrefabInfo","root":{"__id__":1},"asset":{"__uuid__":"f5vfLnbzpECalgeJtITfS8"},"fileId":"a2eeuH5jtIVJmeaWpC4slS"},"_contentSize":{"__type__":"cc.Size","width":46,"height":40},"_rotationX":-280.00000000000006,"_rotationY":-280.00000000000006,"_scaleX":0.8444444444444444,"_scaleY":0.8444444444444444,"_position":{"__type__":"cc.Vec2","x":-31.266666666666673,"y":-46.12222222222223}},{"__type__":"cc.Node","_name":"sprite5","_parent":{"__id__":4},"_components":[{"__type__":"cc.Sprite","node":{"__id__":7},"_spriteFrame":{"__uuid__":"06IqozQ0FDDbtvYtDUFv3o"}}],"_prefab":{"__type__":"cc.PrefabInfo","root":{"__id__":1},"asset":{"__uuid__":"f5vfLnbzpECalgeJtITfS8"},"fileId":"e7r3RO/MJDcoDgZRRcYoWK"},"_contentSize":{"__type__":"cc.Size","width":46,"height":40},"_rotationX":-190.90909090909093,"_rotationY":-190.90909090909093,"_scaleX":0.8727272727272728,"_scaleY":0.8727272727272728,"_position":{"__type__":"cc.Vec2","x":27.490909090909096,"y":-11.072727272727274}},{"__type__":"cc.Animation","node":{"__id__":1},"_defaultClip":{"__uuid__":"58Vm4Zz4BOBrFwrjyiQI4+"},"_clips":[{"__uuid__":"58Vm4Zz4BOBrFwrjyiQI4+"}]}]]