[{"__type__":"cc.SpriteFrame","content":{"name":"tk__0008","texture":"20wkx7r05LO5L2PvQg5zW3","rect":[958,73,62,64],"offset":[-1,0],"originalSize":[64,64]}},{"__type__":"cc.AnimationClip","_name":"T_boom_L","_duration":0.4666666666666667,"sample":30,"wrapMode":0,"curveData":{"paths":{},"props":{"scaleX":[{"frame":0,"value":1.91},{"frame":0.1,"value":2.98},{"frame":0.4,"value":3.48}],"scaleY":[{"frame":0,"value":1.91},{"frame":0.1,"value":2.98},{"frame":0.4,"value":3.47}],"opacity":[{"frame":0,"value":0},{"frame":0.1,"value":255},{"frame":0.23333333333333334,"value":255},{"frame":0.4,"value":0}]}},"events":[{"frame":0.4666666666666667,"func":"","params":[]}]},[{"__type__":"cc.Prefab","_name":"T_boom_L","data":{"__id__":1},"asyncLoadAssets":false},{"__type__":"cc.Node","_name":"T_boom_L","_components":[{"__id__":2},{"__type__":"cc.Sprite","node":{"__id__":1},"_spriteFrame":{"__uuid__":"09tpKjMpVA3Zv4JLwA2fZu"}},{"__type__":"3f6973JHftFpKTMspSNwhiz","node":{"__id__":1},"animationCtrl":{"__id__":2}}],"_prefab":{"__type__":"cc.PrefabInfo","root":{"__id__":1},"asset":{"__uuid__":"f1AKENK7FGHYstoStrVTI9"},"fileId":"c7h/UioFtLEbiHpu87VM3l"},"_contentSize":{"__type__":"cc.Size","width":62,"height":64},"_scaleX":0.9,"_scaleY":0.9,"_position":{"__type__":"cc.Vec2","x":-7,"y":-4}},{"__type__":"cc.Animation","node":{"__id__":1},"_defaultClip":{"__uuid__":"62KZfIlMFAJ4Gmr7sMIZgw"},"_clips":[{"__uuid__":"62KZfIlMFAJ4Gmr7sMIZgw"}]}]]