[{"__type__":"cc.SpriteFrame","content":{"name":"shouji12","texture":"20wkx7r05LO5L2PvQg5zW3","rect":[190,961,64,62],"offset":[0,0],"originalSize":[64,64]}},[{"__type__":"cc.Prefab","_name":"yinshen_L","data":{"__id__":1},"asyncLoadAssets":false},{"__type__":"cc.Node","_name":"yinshen_L","_components":[{"__id__":2},{"__type__":"5f78867I45Ho4XUIjr0GHcB","node":{"__id__":1},"animationCtrl":{"__id__":2}},{"__type__":"cc.Sprite","node":{"__id__":1},"_spriteFrame":{"__uuid__":"79w8FR3rZBcJ9MIicho6dx"},"_dstBlendFactor":0}],"_prefab":{"__type__":"cc.PrefabInfo","root":{"__id__":1},"asset":{"__uuid__":"9bftt1nSdB548qUif5uccl"},"fileId":"d2rJhAzE9JeZXKobCqwMMT"},"_contentSize":{"__type__":"cc.Size","width":64,"height":62}},{"__type__":"cc.Animation","node":{"__id__":1},"_defaultClip":{"__uuid__":"a4WHbMjN9ABZSwqmNbV8Po"},"_clips":[{"__uuid__":"a4WHbMjN9ABZSwqmNbV8Po"}]}],{"__type__":"cc.AnimationClip","_name":"yinshen_L","_duration":0.8,"curveData":{"paths":{},"props":{"opacity":[{"frame":0,"value":0},{"frame":0.05,"value":255},{"frame":0.36666666666666664,"value":255},{"frame":0.8,"value":0}]}}}]