[{"__type__":"cc.AnimationClip","_name":"30MDJS","_duration":31,"sample":30,"curveData":{"paths":{"0":{"props":{"color":[{"frame":1,"value":{"__type__":"cc.Color","r":255}},{"frame":20,"value":{"__type__":"cc.Color","r":255}},{"frame":21,"value":{"__type__":"cc.Color","r":255}}],"scaleX":[{"frame":0,"value":7},{"frame":0.13333333333333333,"value":0.6},{"frame":0.26666666666666666,"value":1.1},{"frame":0.4,"value":1},{"frame":0.8333333333333334,"value":1},{"frame":1,"value":2},{"frame":20,"value":7},{"frame":20.166666666666668,"value":0.6},{"frame":20.3,"value":1.1},{"frame":20.433333333333334,"value":1},{"frame":20.8,"value":1},{"frame":21,"value":2},{"frame":30,"value":7},{"frame":30.133333333333333,"value":0.6},{"frame":30.266666666666666,"value":1.1},{"frame":30.4,"value":1},{"frame":30.733333333333334,"value":1},{"frame":31,"value":2}],"scaleY":[{"frame":0,"value":7},{"frame":0.13333333333333333,"value":0.6},{"frame":0.26666666666666666,"value":1.1},{"frame":0.4,"value":1},{"frame":0.8333333333333334,"value":1},{"frame":1,"value":2},{"frame":20,"value":7},{"frame":20.166666666666668,"value":0.6},{"frame":20.3,"value":1.1},{"frame":20.433333333333334,"value":1},{"frame":20.8,"value":1},{"frame":21,"value":2},{"frame":30,"value":7},{"frame":30.133333333333333,"value":0.6},{"frame":30.266666666666666,"value":1.1},{"frame":30.4,"value":1},{"frame":30.733333333333334,"value":1},{"frame":31,"value":2}],"opacity":[{"frame":0,"value":0},{"frame":0.13333333333333333,"value":255},{"frame":0.8333333333333334,"value":255},{"frame":1,"value":0},{"frame":20,"value":0},{"frame":20.166666666666668,"value":255},{"frame":20.8,"value":255},{"frame":21,"value":0},{"frame":30,"value":0},{"frame":30.133333333333333,"value":255},{"frame":30.733333333333334,"value":255},{"frame":31,"value":0}],"x":[{"frame":29.933333333333334,"value":11},{"frame":30.033333333333335,"value":0}]}},"1":{"props":{"color":[{"frame":10.1,"value":{"__type__":"cc.Color","r":255,"g":255,"b":255}},{"frame":19,"value":{"__type__":"cc.Color","r":255,"g":255,"b":255}},{"frame":20,"value":{"__type__":"cc.Color","r":255,"g":255,"b":255}}],"scaleX":[{"frame":9,"value":7},{"frame":9.133333333333333,"value":0.6},{"frame":9.3,"value":1.1},{"frame":9.466666666666667,"value":1},{"frame":9.8,"value":1},{"frame":10,"value":2},{"frame":19,"value":7},{"frame":19.1,"value":0.6},{"frame":19.233333333333334,"value":1.1},{"frame":19.366666666666667,"value":1},{"frame":19.8,"value":1},{"frame":19.966666666666665,"value":2},{"frame":29,"value":7},{"frame":29.133333333333333,"value":0.6},{"frame":29.266666666666666,"value":1.1},{"frame":29.4,"value":1},{"frame":29.733333333333334,"value":1},{"frame":30,"value":2}],"scaleY":[{"frame":9,"value":7},{"frame":9.133333333333333,"value":0.6},{"frame":9.3,"value":1.1},{"frame":9.466666666666667,"value":1},{"frame":9.8,"value":1},{"frame":10,"value":2},{"frame":19,"value":7},{"frame":19.1,"value":0.6},{"frame":19.233333333333334,"value":1.1},{"frame":19.366666666666667,"value":1},{"frame":19.8,"value":1},{"frame":19.966666666666665,"value":2},{"frame":29,"value":7},{"frame":29.133333333333333,"value":0.6},{"frame":29.266666666666666,"value":1.1},{"frame":29.4,"value":1},{"frame":29.733333333333334,"value":1},{"frame":30,"value":2}],"opacity":[{"frame":9,"value":0},{"frame":9.133333333333333,"value":255},{"frame":9.8,"value":255},{"frame":10,"value":0},{"frame":19,"value":0},{"frame":19.1,"value":255},{"frame":19.8,"value":255},{"frame":19.966666666666665,"value":0},{"frame":29,"value":0},{"frame":29.133333333333333,"value":255},{"frame":29.733333333333334,"value":255},{"frame":30,"value":0}],"x":[{"frame":28.933333333333334,"value":11},{"frame":29.033333333333335,"value":0}]}},"2":{"props":{"color":[{"frame":9,"value":{"__type__":"cc.Color","r":255}},{"frame":18,"value":{"__type__":"cc.Color","r":255}},{"frame":19,"value":{"__type__":"cc.Color","r":255}}],"scaleX":[{"frame":8,"value":7},{"frame":8.133333333333333,"value":0.6},{"frame":8.3,"value":1.1},{"frame":8.466666666666667,"value":1},{"frame":8.833333333333334,"value":1},{"frame":9,"value":2},{"frame":18,"value":7},{"frame":18.166666666666668,"value":0.6},{"frame":18.3,"value":1.1},{"frame":18.466666666666665,"value":1},{"frame":18.833333333333332,"value":1},{"frame":19,"value":2},{"frame":28,"value":7},{"frame":28.133333333333333,"value":0.6},{"frame":28.266666666666666,"value":1.1},{"frame":28.4,"value":1},{"frame":28.733333333333334,"value":1},{"frame":29,"value":2}],"scaleY":[{"frame":8,"value":7},{"frame":8.133333333333333,"value":0.6},{"frame":8.3,"value":1.1},{"frame":8.466666666666667,"value":1},{"frame":8.833333333333334,"value":1},{"frame":9,"value":2},{"frame":18,"value":7},{"frame":18.166666666666668,"value":0.6},{"frame":18.3,"value":1.1},{"frame":18.466666666666665,"value":1},{"frame":18.833333333333332,"value":1},{"frame":19,"value":2},{"frame":28,"value":7},{"frame":28.133333333333333,"value":0.6},{"frame":28.266666666666666,"value":1.1},{"frame":28.4,"value":1},{"frame":28.733333333333334,"value":1},{"frame":29,"value":2}],"opacity":[{"frame":8,"value":0},{"frame":8.133333333333333,"value":255},{"frame":8.833333333333334,"value":255},{"frame":9,"value":0},{"frame":18,"value":0},{"frame":18.166666666666668,"value":255},{"frame":18.833333333333332,"value":255},{"frame":19,"value":0},{"frame":28,"value":0},{"frame":28.133333333333333,"value":255},{"frame":28.733333333333334,"value":255},{"frame":29,"value":0}],"x":[{"frame":27.966666666666665,"value":11},{"frame":28.033333333333335,"value":0}]}},"3":{"props":{"color":[{"frame":8,"value":{"__type__":"cc.Color","r":255,"g":255,"b":255}},{"frame":17,"value":{"__type__":"cc.Color","r":255,"g":255,"b":255}},{"frame":18,"value":{"__type__":"cc.Color","r":255,"g":255,"b":255}},{"frame":20,"value":{"__type__":"cc.Color","r":255,"g":234}},{"frame":27,"value":{"__type__":"cc.Color","r":255,"g":255,"b":255}}],"scaleX":[{"frame":7,"value":7},{"frame":7.133333333333334,"value":0.6},{"frame":7.3,"value":1.1},{"frame":7.466666666666667,"value":1},{"frame":7.833333333333333,"value":1},{"frame":8,"value":2},{"frame":17,"value":7},{"frame":17.133333333333333,"value":0.6},{"frame":17.3,"value":1.1},{"frame":17.466666666666665,"value":1},{"frame":17.833333333333332,"value":1},{"frame":18,"value":2},{"frame":27,"value":7},{"frame":27.133333333333333,"value":0.6},{"frame":27.266666666666666,"value":1.1},{"frame":27.4,"value":1},{"frame":27.733333333333334,"value":1},{"frame":28,"value":2}],"scaleY":[{"frame":7,"value":7},{"frame":7.133333333333334,"value":0.6},{"frame":7.3,"value":1.1},{"frame":7.466666666666667,"value":1},{"frame":7.833333333333333,"value":1},{"frame":8,"value":2},{"frame":17,"value":7},{"frame":17.133333333333333,"value":0.6},{"frame":17.3,"value":1.1},{"frame":17.466666666666665,"value":1},{"frame":17.833333333333332,"value":1},{"frame":18,"value":2},{"frame":27,"value":7},{"frame":27.133333333333333,"value":0.6},{"frame":27.266666666666666,"value":1.1},{"frame":27.4,"value":1},{"frame":27.733333333333334,"value":1},{"frame":28,"value":2}],"opacity":[{"frame":7,"value":0},{"frame":7.133333333333334,"value":255},{"frame":7.833333333333333,"value":255},{"frame":8,"value":0},{"frame":17,"value":0},{"frame":17.133333333333333,"value":255},{"frame":17.833333333333332,"value":255},{"frame":18,"value":0},{"frame":26.966666666666665,"value":0},{"frame":27,"value":0},{"frame":27.133333333333333,"value":255},{"frame":27.733333333333334,"value":255},{"frame":28,"value":0}],"x":[{"frame":26.966666666666665,"value":11},{"frame":27,"value":0}]}},"4":{"props":{"color":[{"frame":7,"value":{"__type__":"cc.Color","r":255}},{"frame":16,"value":{"__type__":"cc.Color","r":255}},{"frame":17,"value":{"__type__":"cc.Color","r":255,"g":58}},{"frame":20,"value":{"__type__":"cc.Color","r":255,"g":234}},{"frame":25.966666666666665,"value":{"__type__":"cc.Color","r":255}}],"scaleX":[{"frame":6,"value":7},{"frame":6.133333333333334,"value":0.6},{"frame":6.3,"value":1.1},{"frame":6.466666666666667,"value":1},{"frame":6.833333333333333,"value":1},{"frame":7,"value":2},{"frame":16,"value":7},{"frame":16.133333333333333,"value":0.6},{"frame":16.3,"value":1.1},{"frame":16.466666666666665,"value":1},{"frame":16.833333333333332,"value":1},{"frame":17,"value":2},{"frame":26,"value":7},{"frame":26.133333333333333,"value":0.6},{"frame":26.266666666666666,"value":1.1},{"frame":26.4,"value":1},{"frame":26.733333333333334,"value":1},{"frame":27,"value":2}],"scaleY":[{"frame":6,"value":7},{"frame":6.133333333333334,"value":0.6},{"frame":6.3,"value":1.1},{"frame":6.466666666666667,"value":1},{"frame":6.833333333333333,"value":1},{"frame":7,"value":2},{"frame":16,"value":7},{"frame":16.133333333333333,"value":0.6},{"frame":16.3,"value":1.1},{"frame":16.466666666666665,"value":1},{"frame":16.833333333333332,"value":1},{"frame":17,"value":2},{"frame":26,"value":7},{"frame":26.133333333333333,"value":0.6},{"frame":26.266666666666666,"value":1.1},{"frame":26.4,"value":1},{"frame":26.733333333333334,"value":1},{"frame":27,"value":2}],"opacity":[{"frame":6,"value":0},{"frame":6.133333333333334,"value":255},{"frame":6.833333333333333,"value":255},{"frame":7,"value":0},{"frame":16,"value":0},{"frame":16.133333333333333,"value":255},{"frame":16.833333333333332,"value":255},{"frame":17,"value":0},{"frame":26,"value":0},{"frame":26.133333333333333,"value":255},{"frame":26.733333333333334,"value":255},{"frame":27,"value":0}],"x":[{"frame":25.966666666666665,"value":11},{"frame":26.066666666666666,"value":0}]}},"5":{"props":{"color":[{"frame":6,"value":{"__type__":"cc.Color","r":255,"g":255,"b":255}},{"frame":15,"value":{"__type__":"cc.Color","r":255,"g":255,"b":255}},{"frame":16,"value":{"__type__":"cc.Color","r":255,"g":255,"b":255}},{"frame":20,"value":{"__type__":"cc.Color","r":255,"g":234}},{"frame":25.033333333333335,"value":{"__type__":"cc.Color","r":255,"g":255,"b":255}}],"scaleX":[{"frame":5,"value":7},{"frame":5.133333333333334,"value":0.6},{"frame":5.3,"value":1.1},{"frame":5.466666666666667,"value":1},{"frame":5.833333333333333,"value":1},{"frame":6,"value":2},{"frame":15,"value":7},{"frame":15.133333333333333,"value":0.6},{"frame":15.3,"value":1.1},{"frame":15.466666666666667,"value":1},{"frame":15.833333333333334,"value":1},{"frame":16,"value":2},{"frame":25,"value":7},{"frame":25.133333333333333,"value":0.6},{"frame":25.266666666666666,"value":1.1},{"frame":25.4,"value":1},{"frame":25.733333333333334,"value":1},{"frame":26,"value":2}],"scaleY":[{"frame":5,"value":7},{"frame":5.133333333333334,"value":0.6},{"frame":5.3,"value":1.1},{"frame":5.466666666666667,"value":1},{"frame":5.833333333333333,"value":1},{"frame":6,"value":2},{"frame":15,"value":7},{"frame":15.133333333333333,"value":0.6},{"frame":15.3,"value":1.1},{"frame":15.466666666666667,"value":1},{"frame":15.833333333333334,"value":1},{"frame":16,"value":2},{"frame":25,"value":7},{"frame":25.133333333333333,"value":0.6},{"frame":25.266666666666666,"value":1.1},{"frame":25.4,"value":1},{"frame":25.733333333333334,"value":1},{"frame":26,"value":2}],"opacity":[{"frame":5,"value":0},{"frame":5.133333333333334,"value":255},{"frame":5.833333333333333,"value":255},{"frame":6,"value":0},{"frame":15,"value":0},{"frame":15.133333333333333,"value":255},{"frame":15.833333333333334,"value":255},{"frame":16,"value":0},{"frame":25,"value":0},{"frame":25.033333333333335,"value":63},{"frame":25.133333333333333,"value":255},{"frame":25.733333333333334,"value":255},{"frame":26,"value":0}],"x":[{"frame":24.966666666666665,"value":11},{"frame":25.033333333333335,"value":0}]}},"6":{"props":{"color":[{"frame":5,"value":{"__type__":"cc.Color","r":255}},{"frame":14,"value":{"__type__":"cc.Color","r":255}},{"frame":20,"value":{"__type__":"cc.Color","r":255,"g":234}},{"frame":24,"value":{"__type__":"cc.Color","r":255}}],"scaleX":[{"frame":4,"value":7},{"frame":4.133333333333334,"value":0.6},{"frame":4.3,"value":1.1},{"frame":4.466666666666667,"value":1},{"frame":4.833333333333333,"value":1},{"frame":5,"value":2},{"frame":14,"value":7},{"frame":14.133333333333333,"value":0.6},{"frame":14.3,"value":1.1},{"frame":14.466666666666667,"value":1},{"frame":14.833333333333334,"value":1},{"frame":15,"value":2},{"frame":24,"value":7},{"frame":24.133333333333333,"value":0.6},{"frame":24.266666666666666,"value":1.1},{"frame":24.4,"value":1},{"frame":24.733333333333334,"value":1},{"frame":25,"value":2}],"scaleY":[{"frame":4,"value":7},{"frame":4.133333333333334,"value":0.6},{"frame":4.3,"value":1.1},{"frame":4.466666666666667,"value":1},{"frame":4.833333333333333,"value":1},{"frame":5,"value":2},{"frame":14,"value":7},{"frame":14.133333333333333,"value":0.6},{"frame":14.3,"value":1.1},{"frame":14.466666666666667,"value":1},{"frame":14.833333333333334,"value":1},{"frame":15,"value":2},{"frame":24,"value":7},{"frame":24.133333333333333,"value":0.6},{"frame":24.266666666666666,"value":1.1},{"frame":24.4,"value":1},{"frame":24.733333333333334,"value":1},{"frame":25,"value":2}],"opacity":[{"frame":4,"value":0},{"frame":4.133333333333334,"value":255},{"frame":4.833333333333333,"value":255},{"frame":5,"value":0},{"frame":14,"value":0},{"frame":14.133333333333333,"value":255},{"frame":14.833333333333334,"value":255},{"frame":15,"value":0},{"frame":24,"value":0},{"frame":24.133333333333333,"value":255},{"frame":24.733333333333334,"value":255},{"frame":25,"value":0}],"x":[{"frame":23.966666666666665,"value":11},{"frame":24,"value":0}]}},"7":{"props":{"color":[{"frame":3,"value":{"__type__":"cc.Color","r":255,"g":255,"b":255}},{"frame":13,"value":{"__type__":"cc.Color","r":255,"g":255,"b":255}},{"frame":14,"value":{"__type__":"cc.Color","r":255,"g":255,"b":255}},{"frame":20,"value":{"__type__":"cc.Color","r":255,"g":234}},{"frame":23,"value":{"__type__":"cc.Color","r":255,"g":255,"b":255}}],"scaleX":[{"frame":3,"value":7},{"frame":3.1333333333333333,"value":0.6},{"frame":3.2666666666666666,"value":1.1},{"frame":3.433333333333333,"value":1},{"frame":3.8333333333333335,"value":1},{"frame":4,"value":2},{"frame":13,"value":7},{"frame":13.133333333333333,"value":0.6},{"frame":13.3,"value":1.1},{"frame":13.466666666666667,"value":1},{"frame":13.833333333333334,"value":1},{"frame":14,"value":2},{"frame":23,"value":7},{"frame":23.133333333333333,"value":0.6},{"frame":23.266666666666666,"value":1.1},{"frame":23.4,"value":1},{"frame":23.733333333333334,"value":1},{"frame":24,"value":2}],"scaleY":[{"frame":3,"value":7},{"frame":3.1333333333333333,"value":0.6},{"frame":3.2666666666666666,"value":1.1},{"frame":3.433333333333333,"value":1},{"frame":3.8333333333333335,"value":1},{"frame":4,"value":2},{"frame":13,"value":7},{"frame":13.133333333333333,"value":0.6},{"frame":13.3,"value":1.1},{"frame":13.466666666666667,"value":1},{"frame":13.833333333333334,"value":1},{"frame":14,"value":2},{"frame":23,"value":7},{"frame":23.133333333333333,"value":0.6},{"frame":23.266666666666666,"value":1.1},{"frame":23.4,"value":1},{"frame":23.733333333333334,"value":1},{"frame":24,"value":2}],"opacity":[{"frame":3,"value":0},{"frame":3.1333333333333333,"value":255},{"frame":3.8333333333333335,"value":255},{"frame":4,"value":0},{"frame":13,"value":0},{"frame":13.133333333333333,"value":255},{"frame":13.833333333333334,"value":255},{"frame":14,"value":0},{"frame":23,"value":0},{"frame":23.133333333333333,"value":255},{"frame":23.733333333333334,"value":255},{"frame":24,"value":0}],"x":[{"frame":22.9,"value":11},{"frame":23.033333333333335,"value":0}]}},"8":{"props":{"color":[{"frame":2.1333333333333333,"value":{"__type__":"cc.Color","r":255}},{"frame":3,"value":{"__type__":"cc.Color","r":255}},{"frame":12,"value":{"__type__":"cc.Color","r":255}},{"frame":13,"value":{"__type__":"cc.Color","r":255}},{"frame":20,"value":{"__type__":"cc.Color","r":255,"g":234}},{"frame":22.3,"value":{"__type__":"cc.Color","r":255}}],"scaleX":[{"frame":2,"value":7},{"frame":2.1333333333333333,"value":0.6},{"frame":2.2666666666666666,"value":1.1},{"frame":2.466666666666667,"value":1},{"frame":2.8333333333333335,"value":1},{"frame":3,"value":2},{"frame":12,"value":7},{"frame":12.133333333333333,"value":0.6},{"frame":12.3,"value":1.1},{"frame":12.466666666666667,"value":1},{"frame":12.833333333333334,"value":1},{"frame":13,"value":2},{"frame":22,"value":7},{"frame":22.133333333333333,"value":0.6},{"frame":22.266666666666666,"value":1.1},{"frame":22.4,"value":1},{"frame":22.733333333333334,"value":1},{"frame":23,"value":2}],"scaleY":[{"frame":2,"value":7},{"frame":2.1333333333333333,"value":0.6},{"frame":2.2666666666666666,"value":1.1},{"frame":2.466666666666667,"value":1},{"frame":2.8333333333333335,"value":1},{"frame":3,"value":2},{"frame":12,"value":7},{"frame":12.133333333333333,"value":0.6},{"frame":12.3,"value":1.1},{"frame":12.466666666666667,"value":1},{"frame":12.833333333333334,"value":1},{"frame":13,"value":2},{"frame":22,"value":7},{"frame":22.133333333333333,"value":0.6},{"frame":22.266666666666666,"value":1.1},{"frame":22.4,"value":1},{"frame":22.733333333333334,"value":1},{"frame":23,"value":2}],"opacity":[{"frame":2,"value":0},{"frame":2.1333333333333333,"value":255},{"frame":2.8333333333333335,"value":255},{"frame":3,"value":0},{"frame":12,"value":0},{"frame":12.133333333333333,"value":255},{"frame":12.833333333333334,"value":255},{"frame":13,"value":0},{"frame":22,"value":0},{"frame":22.133333333333333,"value":255},{"frame":22.733333333333334,"value":255},{"frame":23,"value":0}],"x":[{"frame":21.9,"value":11},{"frame":22,"value":0}]}},"9":{"props":{"color":[{"frame":1,"value":{"__type__":"cc.Color","r":255,"g":255,"b":255}},{"frame":11,"value":{"__type__":"cc.Color","r":255,"g":255,"b":255}},{"frame":12,"value":{"__type__":"cc.Color","r":255,"g":255,"b":255}},{"frame":20,"value":{"__type__":"cc.Color","r":255,"g":234}},{"frame":21.066666666666666,"value":{"__type__":"cc.Color","r":255,"g":255,"b":255}}],"scaleX":[{"frame":1,"value":7},{"frame":1.1333333333333333,"value":0.6},{"frame":1.2666666666666666,"value":1.1},{"frame":1.4,"value":1},{"frame":1.8333333333333333,"value":1},{"frame":2,"value":2},{"frame":11,"value":7},{"frame":11.133333333333333,"value":0.6},{"frame":11.3,"value":1.1},{"frame":11.466666666666667,"value":1},{"frame":11.833333333333334,"value":1},{"frame":12,"value":2},{"frame":21,"value":7},{"frame":21.133333333333333,"value":0.6},{"frame":21.266666666666666,"value":1.1},{"frame":21.4,"value":1},{"frame":21.733333333333334,"value":1},{"frame":22,"value":2}],"scaleY":[{"frame":1,"value":7},{"frame":1.1333333333333333,"value":0.6},{"frame":1.2666666666666666,"value":1.1},{"frame":1.4,"value":1},{"frame":1.8333333333333333,"value":1},{"frame":2,"value":2},{"frame":11,"value":7},{"frame":11.133333333333333,"value":0.6},{"frame":11.3,"value":1.1},{"frame":11.466666666666667,"value":1},{"frame":11.833333333333334,"value":1},{"frame":12,"value":2},{"frame":21,"value":7},{"frame":21.133333333333333,"value":0.6},{"frame":21.266666666666666,"value":1.1},{"frame":21.4,"value":1},{"frame":21.733333333333334,"value":1},{"frame":22,"value":2}],"opacity":[{"frame":1,"value":0},{"frame":1.1333333333333333,"value":255},{"frame":1.8333333333333333,"value":255},{"frame":2,"value":0},{"frame":11,"value":0},{"frame":11.133333333333333,"value":255},{"frame":11.833333333333334,"value":255},{"frame":12,"value":0},{"frame":21,"value":0},{"frame":21.066666666666666,"value":127},{"frame":21.133333333333333,"value":255},{"frame":21.733333333333334,"value":255},{"frame":22,"value":0}],"x":[{"frame":21,"value":11},{"frame":21.066666666666666,"value":0}]},"comps":{"cc.Sprite":{}}},"10":{"props":{"scaleX":[{"frame":10.4,"value":1}],"scaleY":[{"frame":10.4,"value":1}],"opacity":[]}},"10/10_1":{"props":{"color":[{"frame":20,"value":{"__type__":"cc.Color","r":255,"g":234}}],"x":[{"frame":20,"value":-13}],"opacity":[{"frame":1,"value":0}]},"comps":{"cc.Sprite":{"spriteFrame":[{"frame":20,"value":{"__uuid__":"99HsF2fcRIHrZ/zTYTC4r9"}}]}}},"10/10_0":{"props":{"color":[{"frame":0,"value":{"__type__":"cc.Color","r":255,"g":235,"b":10}},{"frame":10,"value":{"__type__":"cc.Color","r":255}},{"frame":20,"value":{"__type__":"cc.Color","r":255,"g":234}}],"opacity":[{"frame":0,"value":0},{"frame":10,"value":0},{"frame":10.133333333333333,"value":255},{"frame":10.833333333333334,"value":255},{"frame":11,"value":0}],"scaleY":[{"frame":10,"value":7},{"frame":10.133333333333333,"value":0.6},{"frame":10.3,"value":1.1},{"frame":10.466666666666667,"value":1},{"frame":10.833333333333334,"value":1},{"frame":11,"value":2}],"scaleX":[{"frame":10,"value":7},{"frame":10.133333333333333,"value":0.6},{"frame":10.3,"value":1.1},{"frame":10.466666666666667,"value":1},{"frame":10.833333333333334,"value":1},{"frame":11,"value":2}]}},"New Node/3":{"props":{"scaleX":[{"frame":0,"value":7},{"frame":0.13333333333333333,"value":0.6},{"frame":0.26666666666666666,"value":1.1},{"frame":0.4,"value":1},{"frame":0.8333333333333334,"value":1},{"frame":1,"value":2}],"scaleY":[{"frame":0,"value":7},{"frame":0.13333333333333333,"value":0.6},{"frame":0.26666666666666666,"value":1.1},{"frame":0.4,"value":1},{"frame":0.8333333333333334,"value":1},{"frame":1,"value":2}],"opacity":[{"frame":0,"value":0},{"frame":0.13333333333333333,"value":255},{"frame":0.8333333333333334,"value":255},{"frame":1,"value":0}],"color":[{"frame":0,"value":{"__type__":"cc.Color","r":255}}]}},"New Node/2":{"props":{"scaleX":[{"frame":1,"value":7},{"frame":1.1666666666666667,"value":0.6},{"frame":1.3,"value":1.1},{"frame":1.4666666666666666,"value":1},{"frame":1.8333333333333333,"value":1},{"frame":2,"value":2},{"frame":2.033333333333333,"value":7},{"frame":2.1333333333333333,"value":0.6},{"frame":2.3,"value":1.1},{"frame":2.466666666666667,"value":1},{"frame":2.8333333333333335,"value":1},{"frame":3,"value":2},{"frame":3.033333333333333,"value":7},{"frame":3.1333333333333333,"value":0.6},{"frame":3.3,"value":1.1},{"frame":3.433333333333333,"value":1},{"frame":3.8333333333333335,"value":1},{"frame":4,"value":2},{"frame":4.033333333333333,"value":7},{"frame":4.133333333333334,"value":0.6},{"frame":4.3,"value":1.1},{"frame":4.466666666666667,"value":1},{"frame":4.833333333333333,"value":1},{"frame":5,"value":2},{"frame":5.033333333333333,"value":7},{"frame":5.133333333333334,"value":0.6},{"frame":5.3,"value":1.1},{"frame":5.466666666666667,"value":1},{"frame":5.833333333333333,"value":1},{"frame":6,"value":2},{"frame":6.033333333333333,"value":7},{"frame":6.133333333333334,"value":0.6},{"frame":6.266666666666667,"value":1.1},{"frame":6.466666666666667,"value":1},{"frame":6.833333333333333,"value":1},{"frame":7,"value":2},{"frame":7.033333333333333,"value":7},{"frame":7.1,"value":0.6},{"frame":7.3,"value":1.1},{"frame":7.466666666666667,"value":1},{"frame":7.833333333333333,"value":1},{"frame":8,"value":2},{"frame":8.033333333333333,"value":7},{"frame":8.133333333333333,"value":0.6},{"frame":8.266666666666667,"value":1.1},{"frame":8.466666666666667,"value":1},{"frame":8.833333333333334,"value":1},{"frame":9,"value":2},{"frame":9.033333333333333,"value":7},{"frame":9.133333333333333,"value":0.6},{"frame":9.3,"value":1.1},{"frame":9.366666666666667,"value":1},{"frame":9.833333333333334,"value":1},{"frame":10,"value":2},{"frame":10.033333333333333,"value":7},{"frame":10.133333333333333,"value":0.6},{"frame":10.3,"value":1.1},{"frame":10.466666666666667,"value":1},{"frame":10.833333333333334,"value":1},{"frame":11,"value":2}],"scaleY":[{"frame":1,"value":7},{"frame":1.1666666666666667,"value":0.6},{"frame":1.3,"value":1.1},{"frame":1.4666666666666666,"value":1},{"frame":1.8333333333333333,"value":1},{"frame":2,"value":2},{"frame":2.033333333333333,"value":7},{"frame":2.1333333333333333,"value":0.6},{"frame":2.3,"value":1.1},{"frame":2.466666666666667,"value":1},{"frame":2.8333333333333335,"value":1},{"frame":3,"value":2},{"frame":3.033333333333333,"value":7},{"frame":3.1333333333333333,"value":0.6},{"frame":3.3,"value":1.1},{"frame":3.433333333333333,"value":1},{"frame":3.8333333333333335,"value":1},{"frame":4,"value":2},{"frame":4.033333333333333,"value":7},{"frame":4.133333333333334,"value":0.6},{"frame":4.3,"value":1.1},{"frame":4.466666666666667,"value":1},{"frame":4.833333333333333,"value":1},{"frame":5,"value":2},{"frame":5.033333333333333,"value":7},{"frame":5.133333333333334,"value":0.6},{"frame":5.3,"value":1.1},{"frame":5.466666666666667,"value":1},{"frame":5.833333333333333,"value":1},{"frame":6,"value":2},{"frame":6.033333333333333,"value":7},{"frame":6.133333333333334,"value":0.6},{"frame":6.266666666666667,"value":1.1},{"frame":6.466666666666667,"value":1},{"frame":6.833333333333333,"value":1},{"frame":7,"value":2},{"frame":7.033333333333333,"value":7},{"frame":7.1,"value":0.6},{"frame":7.3,"value":1.1},{"frame":7.466666666666667,"value":1},{"frame":7.833333333333333,"value":1},{"frame":8,"value":2},{"frame":8.033333333333333,"value":7},{"frame":8.133333333333333,"value":0.6},{"frame":8.266666666666667,"value":1.1},{"frame":8.466666666666667,"value":1},{"frame":8.833333333333334,"value":1},{"frame":9,"value":2},{"frame":9.033333333333333,"value":7},{"frame":9.133333333333333,"value":0.6},{"frame":9.3,"value":1.1},{"frame":9.366666666666667,"value":1},{"frame":9.833333333333334,"value":1},{"frame":10,"value":2},{"frame":10.033333333333333,"value":7},{"frame":10.133333333333333,"value":0.6},{"frame":10.3,"value":1.1},{"frame":10.466666666666667,"value":1},{"frame":10.833333333333334,"value":1},{"frame":11,"value":2}],"opacity":[{"frame":1,"value":0},{"frame":1.1666666666666667,"value":255},{"frame":1.8333333333333333,"value":255},{"frame":2,"value":0},{"frame":2.033333333333333,"value":50},{"frame":2.1333333333333333,"value":255},{"frame":2.8333333333333335,"value":255},{"frame":2.966666666666667,"value":42},{"frame":3,"value":0},{"frame":3.1666666666666665,"value":255},{"frame":3.8333333333333335,"value":255},{"frame":3.933333333333333,"value":102},{"frame":4,"value":0},{"frame":4.133333333333334,"value":255},{"frame":4.833333333333333,"value":255},{"frame":5,"value":0},{"frame":5.133333333333334,"value":255},{"frame":5.833333333333333,"value":255},{"frame":6,"value":0},{"frame":6.033333333333333,"value":63},{"frame":6.133333333333334,"value":255},{"frame":6.833333333333333,"value":255},{"frame":6.9,"value":152},{"frame":7,"value":0},{"frame":7.1,"value":255},{"frame":7.833333333333333,"value":255},{"frame":8,"value":0},{"frame":8.033333333333333,"value":63},{"frame":8.133333333333333,"value":255},{"frame":8.833333333333334,"value":255},{"frame":8.966666666666667,"value":51},{"frame":9,"value":0},{"frame":9.133333333333333,"value":255},{"frame":9.833333333333334,"value":255},{"frame":10,"value":0},{"frame":10.033333333333333,"value":63},{"frame":10.133333333333333,"value":255},{"frame":10.833333333333334,"value":255},{"frame":11,"value":0}],"color":[{"frame":1,"value":{"__type__":"cc.Color","r":255,"g":255,"b":255}},{"frame":1.9666666666666666,"value":{"__type__":"cc.Color","r":255,"g":255,"b":255}},{"frame":2.033333333333333,"value":{"__type__":"cc.Color","r":255}},{"frame":2.966666666666667,"value":{"__type__":"cc.Color","r":255}},{"frame":3.066666666666667,"value":{"__type__":"cc.Color","r":255,"g":255,"b":255}},{"frame":3.933333333333333,"value":{"__type__":"cc.Color","r":255,"g":255,"b":255}},{"frame":4,"value":{"__type__":"cc.Color","r":255}},{"frame":4.966666666666667,"value":{"__type__":"cc.Color","r":255}},{"frame":5.033333333333333,"value":{"__type__":"cc.Color","r":255,"g":255,"b":255}},{"frame":5.966666666666667,"value":{"__type__":"cc.Color","r":255,"g":255,"b":255}},{"frame":6,"value":{"__type__":"cc.Color","r":255}},{"frame":6.966666666666667,"value":{"__type__":"cc.Color","r":255}},{"frame":7,"value":{"__type__":"cc.Color","r":255,"g":255,"b":255}},{"frame":7.966666666666667,"value":{"__type__":"cc.Color","r":255,"g":255,"b":255}},{"frame":8.033333333333333,"value":{"__type__":"cc.Color","r":255}},{"frame":8.966666666666667,"value":{"__type__":"cc.Color","r":255}},{"frame":9.033333333333333,"value":{"__type__":"cc.Color","r":255,"g":255,"b":255}},{"frame":10,"value":{"__type__":"cc.Color","r":255,"g":255,"b":255}},{"frame":10.033333333333333,"value":{"__type__":"cc.Color","r":255}}]}},"New Node/1":{"props":{"color":[{"frame":12,"value":{"__type__":"cc.Color","r":255,"g":255,"b":255}},{"frame":12.033333333333333,"value":{"__type__":"cc.Color","r":255}},{"frame":13.033333333333333,"value":{"__type__":"cc.Color","r":255}},{"frame":13.066666666666666,"value":{"__type__":"cc.Color","r":255,"g":255,"b":255}},{"frame":13.933333333333334,"value":{"__type__":"cc.Color","r":255,"g":255,"b":255}},{"frame":14,"value":{"__type__":"cc.Color","r":255}},{"frame":15,"value":{"__type__":"cc.Color","r":255}},{"frame":15.033333333333333,"value":{"__type__":"cc.Color","r":255,"g":255,"b":255}},{"frame":15.966666666666667,"value":{"__type__":"cc.Color","r":255,"g":255,"b":255}},{"frame":16,"value":{"__type__":"cc.Color","r":255}},{"frame":17,"value":{"__type__":"cc.Color","r":255}},{"frame":17.033333333333335,"value":{"__type__":"cc.Color","r":255,"g":255,"b":255}},{"frame":18,"value":{"__type__":"cc.Color","r":255,"g":255,"b":255}},{"frame":18.033333333333335,"value":{"__type__":"cc.Color","r":255}},{"frame":19,"value":{"__type__":"cc.Color","r":255}},{"frame":19.033333333333335,"value":{"__type__":"cc.Color","r":255,"g":255,"b":255}},{"frame":20,"value":{"__type__":"cc.Color","r":255,"g":255,"b":255}},{"frame":20.033333333333335,"value":{"__type__":"cc.Color","r":255}},{"frame":21,"value":{"__type__":"cc.Color","r":255}},{"frame":21.033333333333335,"value":{"__type__":"cc.Color","r":255,"g":255,"b":255}},{"frame":21.966666666666665,"value":{"__type__":"cc.Color","r":255,"g":255,"b":255}},{"frame":22,"value":{"__type__":"cc.Color","r":255}}],"scaleY":[{"frame":11,"value":7},{"frame":11.133333333333333,"value":0.6},{"frame":11.3,"value":1.1},{"frame":11.433333333333334,"value":1},{"frame":11.833333333333334,"value":1},{"frame":12,"value":2},{"frame":12.033333333333333,"value":7},{"frame":12.133333333333333,"value":0.6},{"frame":12.266666666666667,"value":1.1},{"frame":12.466666666666667,"value":1},{"frame":12.833333333333334,"value":1},{"frame":13,"value":2},{"frame":13.033333333333333,"value":7},{"frame":13.133333333333333,"value":0.6},{"frame":13.3,"value":1.1},{"frame":13.466666666666667,"value":1},{"frame":13.833333333333334,"value":1},{"frame":14,"value":2},{"frame":14.033333333333333,"value":7},{"frame":14.133333333333333,"value":0.6},{"frame":14.3,"value":1.1},{"frame":14.466666666666667,"value":1},{"frame":14.833333333333334,"value":1},{"frame":15,"value":2},{"frame":15.033333333333333,"value":7},{"frame":15.133333333333333,"value":0.6},{"frame":15.3,"value":1.1},{"frame":15.466666666666667,"value":1},{"frame":15.833333333333334,"value":1},{"frame":16,"value":2},{"frame":16.033333333333335,"value":7},{"frame":16.133333333333333,"value":0.6},{"frame":16.3,"value":1.1},{"frame":16.466666666666665,"value":1},{"frame":16.833333333333332,"value":1},{"frame":17,"value":2},{"frame":17.033333333333335,"value":7},{"frame":17.133333333333333,"value":0.6},{"frame":17.3,"value":1.1},{"frame":17.466666666666665,"value":1},{"frame":17.833333333333332,"value":1},{"frame":18,"value":2},{"frame":18.033333333333335,"value":7},{"frame":18.133333333333333,"value":0.6},{"frame":18.3,"value":1.1},{"frame":18.466666666666665,"value":1},{"frame":18.833333333333332,"value":1},{"frame":19,"value":2},{"frame":19.033333333333335,"value":7},{"frame":19.133333333333333,"value":0.6},{"frame":19.3,"value":1.1},{"frame":19.466666666666665,"value":1},{"frame":19.833333333333332,"value":1},{"frame":20,"value":2},{"frame":20.033333333333335,"value":7},{"frame":20.133333333333333,"value":0.6},{"frame":20.3,"value":1.1},{"frame":20.466666666666665,"value":1},{"frame":20.833333333333332,"value":1},{"frame":21,"value":2},{"frame":21.066666666666666,"value":7}],"scaleX":[{"frame":11,"value":7},{"frame":11.133333333333333,"value":0.6},{"frame":11.3,"value":1.1},{"frame":11.433333333333334,"value":1},{"frame":11.833333333333334,"value":1},{"frame":12,"value":2},{"frame":12.033333333333333,"value":7},{"frame":12.133333333333333,"value":0.6},{"frame":12.266666666666667,"value":1.1},{"frame":12.466666666666667,"value":1},{"frame":12.833333333333334,"value":1},{"frame":13,"value":2},{"frame":13.033333333333333,"value":7},{"frame":13.133333333333333,"value":0.6},{"frame":13.3,"value":1.1},{"frame":13.466666666666667,"value":1},{"frame":13.833333333333334,"value":1},{"frame":14,"value":2},{"frame":14.033333333333333,"value":7},{"frame":14.133333333333333,"value":0.6},{"frame":14.3,"value":1.1},{"frame":14.466666666666667,"value":1},{"frame":14.833333333333334,"value":1},{"frame":15,"value":2},{"frame":15.033333333333333,"value":7},{"frame":15.133333333333333,"value":0.6},{"frame":15.3,"value":1.1},{"frame":15.466666666666667,"value":1},{"frame":15.833333333333334,"value":1},{"frame":16,"value":2},{"frame":16.033333333333335,"value":7},{"frame":16.133333333333333,"value":0.6},{"frame":16.3,"value":1.1},{"frame":16.466666666666665,"value":1},{"frame":16.833333333333332,"value":1},{"frame":17,"value":2},{"frame":17.033333333333335,"value":7},{"frame":17.133333333333333,"value":0.6},{"frame":17.3,"value":1.1},{"frame":17.466666666666665,"value":1},{"frame":17.833333333333332,"value":1},{"frame":18,"value":2},{"frame":18.033333333333335,"value":7},{"frame":18.133333333333333,"value":0.6},{"frame":18.3,"value":1.1},{"frame":18.466666666666665,"value":1},{"frame":18.833333333333332,"value":1},{"frame":19,"value":2},{"frame":19.033333333333335,"value":7},{"frame":19.133333333333333,"value":0.6},{"frame":19.3,"value":1.1},{"frame":19.466666666666665,"value":1},{"frame":19.833333333333332,"value":1},{"frame":20,"value":2},{"frame":20.033333333333335,"value":7},{"frame":20.133333333333333,"value":0.6},{"frame":20.3,"value":1.1},{"frame":20.466666666666665,"value":1},{"frame":20.833333333333332,"value":1},{"frame":21,"value":2},{"frame":21.066666666666666,"value":7}],"opacity":[{"frame":11,"value":0},{"frame":11.133333333333333,"value":255},{"frame":11.833333333333334,"value":255},{"frame":12,"value":0},{"frame":12.033333333333333,"value":0},{"frame":12.066666666666666,"value":84},{"frame":12.133333333333333,"value":255},{"frame":12.833333333333334,"value":255},{"frame":12.966666666666667,"value":28},{"frame":13,"value":0},{"frame":13.033333333333333,"value":0},{"frame":13.133333333333333,"value":255},{"frame":13.833333333333334,"value":255},{"frame":14,"value":0},{"frame":14.033333333333333,"value":0},{"frame":14.066666666666666,"value":84},{"frame":14.133333333333333,"value":255},{"frame":14.833333333333334,"value":255},{"frame":15,"value":0},{"frame":15.033333333333333,"value":0},{"frame":15.133333333333333,"value":255},{"frame":15.833333333333334,"value":255},{"frame":16,"value":0},{"frame":16.033333333333335,"value":0},{"frame":16.133333333333333,"value":255},{"frame":16.833333333333332,"value":255},{"frame":17,"value":0},{"frame":17.033333333333335,"value":0},{"frame":17.033333333333335,"value":0},{"frame":17.133333333333333,"value":255},{"frame":17.833333333333332,"value":255},{"frame":18,"value":0},{"frame":18.033333333333335,"value":0},{"frame":18.066666666666666,"value":50},{"frame":18.133333333333333,"value":255},{"frame":18.833333333333332,"value":255},{"frame":19,"value":0},{"frame":19.033333333333335,"value":0},{"frame":19.133333333333333,"value":255},{"frame":19.833333333333332,"value":255},{"frame":20,"value":0},{"frame":20.033333333333335,"value":0},{"frame":20.133333333333333,"value":255},{"frame":20.833333333333332,"value":255},{"frame":21,"value":0},{"frame":21.066666666666666,"value":0}]}}}}},{"__type__":"cc.SpriteFrame","content":{"name":"CountDowm_49","texture":"fcJS4K3v9B9LpajzpsNm+D","rect":[2030,345,12,25],"offset":[-2,0],"originalSize":[22,25]}}]