[{"__type__":"cc.SpriteFrame","content":{"name":"quan01","texture":"20wkx7r05LO5L2PvQg5zW3","rect":[890,1213,84,84],"offset":[0,0],"originalSize":[100,100]}},[{"__type__":"cc.Prefab","_name":"baohuzhao_H","data":{"__id__":1},"asyncLoadAssets":false},{"__type__":"cc.Node","_name":"baohuzhao_H","_children":[{"__id__":2},{"__id__":3}],"_components":[{"__id__":4},{"__type__":"5f78867I45Ho4XUIjr0GHcB","node":{"__id__":1},"animationCtrl":{"__id__":4}}],"_prefab":{"__type__":"cc.PrefabInfo","root":{"__id__":1},"asset":{"__uuid__":"4exUBK6WhNcafNG8ewUtVh"},"fileId":"17ILr9K+hBBLx/k85kMdN0"}},{"__type__":"cc.Node","_name":"quan2","_parent":{"__id__":1},"_components":[{"__type__":"cc.Sprite","node":{"__id__":2},"_spriteFrame":{"__uuid__":"8cuEiSmD5IS6XrnLdApOPX"}}],"_prefab":{"__type__":"cc.PrefabInfo","root":{"__id__":1},"asset":{"__uuid__":"4exUBK6WhNcafNG8ewUtVh"},"fileId":"fbLCUIzPlCl70zqbItmDw8"},"_contentSize":{"__type__":"cc.Size","width":128,"height":128},"_scaleX":0.48,"_scaleY":0.48,"_position":{"__type__":"cc.Vec2","x":-1.1368683772161603e-13,"y":-7.105427357601002e-15}},{"__type__":"cc.Node","_name":"quan","_parent":{"__id__":1},"_components":[{"__type__":"cc.Sprite","node":{"__id__":3},"_spriteFrame":{"__uuid__":"06cKXD7CFPCIKDSV3WmAkD"}}],"_prefab":{"__type__":"cc.PrefabInfo","root":{"__id__":1},"asset":{"__uuid__":"4exUBK6WhNcafNG8ewUtVh"},"fileId":"ddbZZN4ENFKrBN6OlB++jE"},"_contentSize":{"__type__":"cc.Size","width":84,"height":84},"_scaleX":1.44,"_scaleY":1.44},{"__type__":"cc.Animation","node":{"__id__":1},"_defaultClip":{"__uuid__":"8eRU7+JdFOrovaq/8YxAi9"},"_clips":[{"__uuid__":"8eRU7+JdFOrovaq/8YxAi9"}]}],{"__type__":"cc.SpriteFrame","content":{"name":"yanchen_c02","texture":"20wkx7r05LO5L2PvQg5zW3","rect":[142,665,128,128],"offset":[0,0],"originalSize":[128,128]}}]