[{"__type__":"cc.SpriteFrame","content":{"name":"3","texture":"fcJS4K3v9B9LpajzpsNm+D","rect":[1870,927,61,85],"offset":[0,0],"originalSize":[61,85]}},[{"__type__":"cc.Prefab","_name":"BeginCountDownUI","data":{"__id__":1},"asyncLoadAssets":false},{"__type__":"cc.Node","_name":"BeginCountDownUI","_children":[{"__id__":2},{"__id__":3}],"_components":[{"__type__":"cc.Widget","node":{"__id__":1},"_alignFlags":45},{"__type__":"983e32DZFtFwrj5iDmQkf5b","node":{"__id__":1},"Ani":{"__id__":10},"CountDownNode":{"__id__":3},"CountDownNumberSprite0":{"__id__":7},"CountDownNumberSprite1":{"__id__":9},"CountDownSpriteFrameList":[{"__uuid__":"b5xJKPJ5hJdqd8kwjzTmHG"},{"__uuid__":"becWc+XTdOVK05BHtBOomc"},{"__uuid__":"89i8AOb+BIdrLRqAN6jdLj"}]},{"__id__":10}],"_prefab":{"__type__":"cc.PrefabInfo","root":{"__id__":1},"asset":{"__uuid__":"955+WfNz1N/J2hTk0obn8A"},"fileId":"3aISovi0REDqpFOGqH7N/J"},"_contentSize":{"__type__":"cc.Size","width":1334,"height":750},"_position":{"__type__":"cc.Vec2","x":667,"y":375}},{"__type__":"cc.Node","_name":"DJSBG","_parent":{"__id__":1},"_components":[{"__type__":"cc.Sprite","node":{"__id__":2},"_spriteFrame":{"__uuid__":"c5poCz8gRFpInr8YfX54D4"},"_sizeMode":0}],"_prefab":{"__type__":"cc.PrefabInfo","root":{"__id__":1},"asset":{"__uuid__":"955+WfNz1N/J2hTk0obn8A"},"fileId":"7bl98gqrFCZ6A2EJ81ujY8"},"_contentSize":{"__type__":"cc.Size","width":1334,"height":90}},{"__type__":"cc.Node","_name":"DJSUI","_parent":{"__id__":1},"_children":[{"__id__":4},{"__id__":5},{"__id__":6},{"__id__":8}],"_components":[{"__type__":"cc.Animation","node":{"__id__":3},"_defaultClip":{"__uuid__":"f6VLQij4REdKkDkWDGPLLA"},"_clips":[{"__uuid__":"f6VLQij4REdKkDkWDGPLLA"}]}],"_prefab":{"__type__":"cc.PrefabInfo","root":{"__id__":1},"asset":{"__uuid__":"955+WfNz1N/J2hTk0obn8A"},"fileId":"e7o+4yDudH+ZoLNSS8ZycO"}},{"__type__":"cc.Node","_name":"BG","_parent":{"__id__":3},"_components":[{"__type__":"cc.Sprite","node":{"__id__":4},"_spriteFrame":{"__uuid__":"e6aLBPp0VDGIOyJXt6EAyr"}}],"_prefab":{"__type__":"cc.PrefabInfo","root":{"__id__":1},"asset":{"__uuid__":"955+WfNz1N/J2hTk0obn8A"},"fileId":"06x6TJylVHyIoeHvCaFmmd"},"_contentSize":{"__type__":"cc.Size","width":211,"height":211}},{"__type__":"cc.Node","_name":"BGADD","_parent":{"__id__":3},"_components":[{"__type__":"cc.Sprite","node":{"__id__":5},"_spriteFrame":{"__uuid__":"e6aLBPp0VDGIOyJXt6EAyr"},"_dstBlendFactor":0}],"_prefab":{"__type__":"cc.PrefabInfo","root":{"__id__":1},"asset":{"__uuid__":"955+WfNz1N/J2hTk0obn8A"},"fileId":"d17pcFht9EzrSpM0LPljvP"},"_contentSize":{"__type__":"cc.Size","width":211,"height":211}},{"__type__":"cc.Node","_name":"SZ","_parent":{"__id__":3},"_components":[{"__id__":7}],"_prefab":{"__type__":"cc.PrefabInfo","root":{"__id__":1},"asset":{"__uuid__":"955+WfNz1N/J2hTk0obn8A"},"fileId":"e1cTFmEq1G95rU4R3NBd/I"},"_contentSize":{"__type__":"cc.Size","width":61,"height":85}},{"__type__":"cc.Sprite","node":{"__id__":6},"_spriteFrame":{"__uuid__":"89i8AOb+BIdrLRqAN6jdLj"}},{"__type__":"cc.Node","_name":"SZADD","_parent":{"__id__":3},"_components":[{"__id__":9}],"_prefab":{"__type__":"cc.PrefabInfo","root":{"__id__":1},"asset":{"__uuid__":"955+WfNz1N/J2hTk0obn8A"},"fileId":"15Bg4HtHxHib8Ln8Ps6xJL"},"_contentSize":{"__type__":"cc.Size","width":61,"height":85}},{"__type__":"cc.Sprite","node":{"__id__":8},"_spriteFrame":{"__uuid__":"89i8AOb+BIdrLRqAN6jdLj"},"_srcBlendFactor":0},{"__type__":"cc.Animation","node":{"__id__":1},"_defaultClip":{"__uuid__":"761UzSbXlGX4PeVAtq4zl2"},"_clips":[{"__uuid__":"761UzSbXlGX4PeVAtq4zl2"}]}],{"__type__":"cc.SpriteFrame","content":{"name":"1","texture":"fcJS4K3v9B9LpajzpsNm+D","rect":[1998,709,43,84],"offset":[0,0],"originalSize":[43,84]}},{"__type__":"cc.SpriteFrame","content":{"name":"2","texture":"fcJS4K3v9B9LpajzpsNm+D","rect":[1133,88,61,84],"offset":[0,0],"originalSize":[61,84]}},{"__type__":"cc.SpriteFrame","content":{"name":"DJSBG","texture":"fcJS4K3v9B9LpajzpsNm+D","rect":[634,652,1136,90],"offset":[0,0],"originalSize":[1136,90]}},{"__type__":"cc.SpriteFrame","content":{"name":"NumBG","texture":"fcJS4K3v9B9LpajzpsNm+D","rect":[1551,3,211,211],"offset":[0,0],"originalSize":[211,211]}}]