[{"__type__":"cc.SpriteFrame","content":{"name":"TopBG","texture":"fcJS4K3v9B9LpajzpsNm+D","rect":[1724,456,320,68],"offset":[0,0],"originalSize":[320,68],"capInsets":[120,15,120,30]}},{"__type__":"cc.SpriteFrame","content":{"name":"singleColor","texture":"fcJS4K3v9B9LpajzpsNm+D","rect":[972,760,32,32],"offset":[0,0],"originalSize":[32,32]}},{"__type__":"cc.SpriteFrame","content":{"name":"ReBG2","texture":"fcJS4K3v9B9LpajzpsNm+D","rect":[1441,743,60,40],"offset":[0,0],"originalSize":[60,40],"capInsets":[25,0,25,0]}},{"__type__":"cc.SpriteFrame","content":{"name":"CountDowm_51","texture":"fcJS4K3v9B9LpajzpsNm+D","rect":[1403,760,18,25],"offset":[0,0],"originalSize":[22,25]}},{"__type__":"cc.SpriteFrame","content":{"name":"_0012_whitebutton","texture":"fcJS4K3v9B9LpajzpsNm+D","rect":[1873,760,48,58],"offset":[0,0],"originalSize":[48,58]}},{"__type__":"cc.SpriteFrame","content":{"name":"CountDowm_55","texture":"fcJS4K3v9B9LpajzpsNm+D","rect":[1361,760,20,25],"offset":[-1,0],"originalSize":[22,25]}},{"__type__":"cc.SpriteFrame","content":{"name":"CountDowm_50","texture":"fcJS4K3v9B9LpajzpsNm+D","rect":[1422,760,18,25],"offset":[0,0],"originalSize":[22,25]}},{"__type__":"cc.SpriteFrame","content":{"name":"_0001_yuanxing","texture":"fcJS4K3v9B9LpajzpsNm+D","rect":[3,1003,12,12],"offset":[0,0],"originalSize":[12,12]}},{"__type__":"cc.SpriteFrame","content":{"name":"TipBG","texture":"fcJS4K3v9B9LpajzpsNm+D","rect":[415,275,204,90],"offset":[0,0],"originalSize":[204,90],"capInsets":[80,35,80,35]}},{"__type__":"cc.SpriteFrame","content":{"name":"shoot","texture":"fcJS4K3v9B9LpajzpsNm+D","rect":[1377,456,173,174],"offset":[0,0],"originalSize":[173,174]}},{"__type__":"cc.SpriteFrame","content":{"name":"mianbanarrow","texture":"fcJS4K3v9B9LpajzpsNm+D","rect":[1517,994,18,22],"offset":[0,0],"originalSize":[18,22]}},{"__type__":"cc.SpriteFrame","content":{"name":"CountDowm_54","texture":"fcJS4K3v9B9LpajzpsNm+D","rect":[2027,617,18,25],"offset":[0,0],"originalSize":[22,25]}},{"__type__":"cc.SpriteFrame","content":{"name":"bluedaojish","texture":"fcJS4K3v9B9LpajzpsNm+D","rect":[1195,161,52,52],"offset":[0,0],"originalSize":[52,52]}},{"__type__":"cc.SpriteFrame","content":{"name":"zhuzaibisai","texture":"fcJS4K3v9B9LpajzpsNm+D","rect":[3,751,400,251],"offset":[0,0],"originalSize":[400,251]}},{"__type__":"cc.SpriteFrame","content":{"name":"BFSZ_50","texture":"fcJS4K3v9B9LpajzpsNm+D","rect":[1047,760,20,32],"offset":[0,0],"originalSize":[22,34]}},{"__type__":"cc.SpriteFrame","content":{"name":"victory_04","texture":"fcJS4K3v9B9LpajzpsNm+D","rect":[400,652,136,98],"offset":[0,-5],"originalSize":[136,108]}},{"__type__":"cc.SpriteFrame","content":{"name":"4","texture":"fcJS4K3v9B9LpajzpsNm+D","rect":[671,366,68,85],"offset":[0,0],"originalSize":[68,85]}},{"__type__":"cc.SpriteFrame","content":{"name":"_0011_die","texture":"fcJS4K3v9B9LpajzpsNm+D","rect":[1377,631,20,20],"offset":[0,0],"originalSize":[20,20]}},{"__type__":"cc.SpriteFrame","content":{"name":"red","texture":"fcJS4K3v9B9LpajzpsNm+D","rect":[1238,215,54,62],"offset":[0,0],"originalSize":[54,62]}},{"__type__":"cc.SpriteFrame","content":{"name":"effectTip","texture":"fcJS4K3v9B9LpajzpsNm+D","rect":[415,215,164,58],"offset":[0,0],"originalSize":[164,58],"capInsets":[52,0,39,0]}},{"__type__":"cc.SpriteFrame","content":{"name":"CountDowm_58","texture":"fcJS4K3v9B9LpajzpsNm+D","rect":[2030,371,6,19],"offset":[-1,0],"originalSize":[22,25]}},{"__type__":"cc.SpriteFrame","content":{"name":"victory_01s","texture":"fcJS4K3v9B9LpajzpsNm+D","rect":[3,377,396,373],"offset":[0,0],"originalSize":[396,373]}},{"__type__":"cc.SpriteFrame","content":{"name":"smle","texture":"fcJS4K3v9B9LpajzpsNm+D","rect":[1165,215,72,72],"offset":[0,0],"originalSize":[72,72]}},{"__type__":"cc.SpriteFrame","content":{"name":"CountDowm_57","texture":"fcJS4K3v9B9LpajzpsNm+D","rect":[2027,591,18,25],"offset":[0,0],"originalSize":[22,25]}},{"__type__":"cc.SpriteFrame","content":{"name":"xianrufengkuang","texture":"fcJS4K3v9B9LpajzpsNm+D","rect":[415,3,358,210],"offset":[0,0],"originalSize":[358,210]}},{"__type__":"cc.SpriteFrame","content":{"name":"yaoganjiantou","texture":"fcJS4K3v9B9LpajzpsNm+D","rect":[1771,275,258,180],"offset":[0,0],"originalSize":[258,180]}},{"__type__":"cc.SpriteFrame","content":{"name":"shibukedang","texture":"fcJS4K3v9B9LpajzpsNm+D","rect":[774,3,358,210],"offset":[0,0],"originalSize":[358,210]}},{"__type__":"cc.SpriteFrame","content":{"name":"firstBlood","texture":"fcJS4K3v9B9LpajzpsNm+D","rect":[799,794,358,210],"offset":[0,0],"originalSize":[358,210]}},{"__type__":"cc.SpriteFrame","content":{"name":"arrow","texture":"fcJS4K3v9B9LpajzpsNm+D","rect":[620,275,26,22],"offset":[0,0],"originalSize":[26,22]}},{"__type__":"cc.SpriteFrame","content":{"name":"YD1","texture":"fcJS4K3v9B9LpajzpsNm+D","rect":[1682,820,302,106],"offset":[0,0],"originalSize":[302,106]}},{"__type__":"cc.SpriteFrame","content":{"name":"CountDowm_56","texture":"fcJS4K3v9B9LpajzpsNm+D","rect":[1340,760,20,25],"offset":[0,0],"originalSize":[22,25]}},{"__type__":"cc.SpriteFrame","content":{"name":"yuan","texture":"fcJS4K3v9B9LpajzpsNm+D","rect":[1551,456,172,174],"offset":[0,0],"originalSize":[172,174]}},{"__type__":"cc.SpriteFrame","content":{"name":"TXWS","texture":"fcJS4K3v9B9LpajzpsNm+D","rect":[404,751,394,251],"offset":[0,0],"originalSize":[394,251]}},{"__type__":"cc.SpriteFrame","content":{"name":"angry","texture":"fcJS4K3v9B9LpajzpsNm+D","rect":[1165,288,72,72],"offset":[0,0],"originalSize":[72,72]}},{"__type__":"cc.SpriteFrame","content":{"name":"victory_05","texture":"fcJS4K3v9B9LpajzpsNm+D","rect":[1761,940,108,79],"offset":[0,0],"originalSize":[108,79]}},{"__type__":"cc.SpriteFrame","content":{"name":"_0004_cuihuidifangjididitu","texture":"fcJS4K3v9B9LpajzpsNm+D","rect":[1265,743,74,42],"offset":[0,0],"originalSize":[74,42],"capInsets":[20,0,20,0]}},{"__type__":"cc.SpriteFrame","content":{"name":"victory_01","texture":"fcJS4K3v9B9LpajzpsNm+D","rect":[3,3,411,373],"offset":[0,0],"originalSize":[411,373]}},{"__type__":"cc.SpriteFrame","content":{"name":"victory_05s","texture":"fcJS4K3v9B9LpajzpsNm+D","rect":[1149,456,227,181],"offset":[0,0],"originalSize":[227,181]}},{"__type__":"cc.SpriteFrame","content":{"name":"shousha","texture":"fcJS4K3v9B9LpajzpsNm+D","rect":[799,794,358,210],"offset":[0,0],"originalSize":[358,210]}},{"__type__":"cc.SpriteFrame","content":{"name":"yaoganditu2","texture":"fcJS4K3v9B9LpajzpsNm+D","rect":[400,377,270,274],"offset":[0,0],"originalSize":[270,274]}},{"__type__":"cc.SpriteFrame","content":{"name":"kill","texture":"fcJS4K3v9B9LpajzpsNm+D","rect":[1771,683,226,76],"offset":[5,1],"originalSize":[352,114]}},{"__type__":"cc.SpriteFrame","content":{"name":"_0024_huisedaojishiditu","texture":"fcJS4K3v9B9LpajzpsNm+D","rect":[1248,161,52,52],"offset":[0,0],"originalSize":[52,52]}},{"__type__":"cc.SpriteFrame","content":{"name":"victory_04s","texture":"fcJS4K3v9B9LpajzpsNm+D","rect":[1133,3,130,84],"offset":[-2,4],"originalSize":[136,108]}},{"__type__":"cc.SpriteAtlas","_name":"BattleUI.plist","_spriteFrames":{"1":{"__uuid__":"b5xJKPJ5hJdqd8kwjzTmHG"},"2":{"__uuid__":"becWc+XTdOVK05BHtBOomc"},"3":{"__uuid__":"89i8AOb+BIdrLRqAN6jdLj"},"4":{"__uuid__":"3bEfn+W81Dyaf4L/n0BH8a"},"5":{"__uuid__":"851XEo3atNjaYDfSOi6lEz"},"BFSZ_48":{"__uuid__":"d1gGTKdqVOmKQ1nNFToSLZ"},"BFSZ_49":{"__uuid__":"8e73zDTV1Fg4QKd9RN4y7w"},"BFSZ_50":{"__uuid__":"35mC81b7hPPYwSGH3MRP3Z"},"BFSZ_51":{"__uuid__":"baCGakyTZJx5T4ZAkjv90U"},"BFSZ_52":{"__uuid__":"c609YCMSVMcbqOOAwfx3GA"},"BFSZ_53":{"__uuid__":"f5C91c0cxOY5FdsPu4M8J5"},"BFSZ_54":{"__uuid__":"b0SJfJ/phOOrlSbbnUAPfq"},"BFSZ_55":{"__uuid__":"ddKa4j8ZJFN4f+0I8iG9un"},"BFSZ_56":{"__uuid__":"7cQfxudwdOcJyWloArqlbT"},"BFSZ_57":{"__uuid__":"f0D9KCKyBDD5XJQZ0eZ2mJ"},"CountDowm_48":{"__uuid__":"d7MnG4kxpKpK8pCaujFtXl"},"CountDowm_49":{"__uuid__":"99HsF2fcRIHrZ/zTYTC4r9"},"CountDowm_50":{"__uuid__":"20RsN6zCFDVZOPLOfGXpCF"},"CountDowm_51":{"__uuid__":"0eMoyyCOBKfY3fa3GfhaIb"},"CountDowm_52":{"__uuid__":"7e7OrpKEZJpYZLsdweWYiy"},"CountDowm_53":{"__uuid__":"aeRxA7cbZDbpTVj4Jt75UW"},"CountDowm_54":{"__uuid__":"2d/POR/VdIRpD9exLOpiS8"},"CountDowm_55":{"__uuid__":"20B7ikWMNNEa6MKnLw8T8M"},"CountDowm_56":{"__uuid__":"5drszDf99IHKAnchAofpCT"},"CountDowm_57":{"__uuid__":"4axUfEgxZLU4WHVdbQFhrw"},"CountDowm_58":{"__uuid__":"45md7B1oVOpZCSvkX3Y3wY"},"CountDowm_88":{"__uuid__":"8d8T1irDhJi418/oXFmDjr"},"DJSBG":{"__uuid__":"c5poCz8gRFpInr8YfX54D4"},"DSSF":{"__uuid__":"f2NO5hwB1JZr+wT0fYGxKR"},"JDWX_BG":{"__uuid__":"f8fbLUsDZEH4j14vWnz/M3"},"JDWX_JT":{"__uuid__":"878VUS4D9L5oLDtIjzfCSl"},"JDWX_WZ":{"__uuid__":"ecFWS/6gxNS4U4lqFzHYHM"},"KillIcon":{"__uuid__":"b9K5oLy5xM8rLr7zWAw9Ny"},"KillInfBG":{"__uuid__":"fdC8HcQGlAiK1qBfbvQdxg"},"KillInfBG2":{"__uuid__":"b1nFziqyVBlYDjwBq33VRn"},"NumBG":{"__uuid__":"e6aLBPp0VDGIOyJXt6EAyr"},"PlayerBG":{"__uuid__":"f5lOyLklVN8qcbjOo/YB8o"},"ReBG1":{"__uuid__":"7cIiCIaDlMR4dtlkz3zGu7"},"ReBG2":{"__uuid__":"0a1GQ8o9dMXLezdUAWMoa9"},"ShuangSha":{"__uuid__":"a5R5Vij8xFt5Yj7mOJcWKG"},"TXWS":{"__uuid__":"60Ud9OnS5Ho6x/08x92OR7"},"TipBG":{"__uuid__":"22KTFKI/9OFa2e2hB9cTIT"},"TopBG":{"__uuid__":"0273o8ob5NcaNUNf0i8Tzp"},"X":{"__uuid__":"a9oS6qJZJJioegUuarhqqa"},"YD1":{"__uuid__":"5dQ/evPSZCD7r1ZmVpOZs6"},"YD2":{"__uuid__":"c5kvG3krBLQLsZgymv5Z5L"},"ZD_BG_Yaogan_3":{"__uuid__":"ebqzpdTHlBO5XmsQZBm4GQ"},"ZD_Button_Zhanting":{"__uuid__":"c2gyhYnWpEAK5boyWds53R"},"_0001_yuanxing":{"__uuid__":"20Sjk2RVxNSrVPcPCjDpWi"},"_0004_cuihuidifangjididitu":{"__uuid__":"641mSjl3dLKJGZIhtO+SOe"},"_0005_shezhi":{"__uuid__":"a18wvB+KRIj69H6umIvZtn"},"_0010_kill":{"__uuid__":"7dPMsXIH9FbJFTWx7AlT9Q"},"_0011_die":{"__uuid__":"3caP9htX9MdpQvo3pGt3ao"},"_0012_whitebutton":{"__uuid__":"16KBnNsTNNw67p3zAmkPVq"},"_0013_yellowbutton":{"__uuid__":"d6JtJ/ZNJFI5jAUF+ldE8N"},"_0024_huisedaojishiditu":{"__uuid__":"70s447/0ZOUZRVPhyzJ5dm"},"_0025_reddaojishidi":{"__uuid__":"9cGdkN/f5JLbgStpSnvgCo"},"angry":{"__uuid__":"60jCGiFNBHVLwSIBvVw3nh"},"arrow":{"__uuid__":"58LiTPViZPKrHZe9c7BvC8"},"attackRingClose":{"__uuid__":"8e+iDWcZJC8Zh9gkoWH0yk"},"attackRingOpen":{"__uuid__":"ffQhOzyzFKbrWp5o/D9d8d"},"blue":{"__uuid__":"d5K4qgW+dEEJPhMQRmT/rP"},"bluedaojish":{"__uuid__":"34oiGB9MdII7TU4NlcxLAM"},"chat":{"__uuid__":"fcJ4hwI0VNl6AVY80ZMti6"},"clock":{"__uuid__":"9bsWayJcpGe78xi8otVqBj"},"cool":{"__uuid__":"b62N0usWhPp5VjkAMom35G"},"cry":{"__uuid__":"7dex8WZbRBvZCwyacdYE7y"},"daojubutton":{"__uuid__":"ebNT++Sa9Oz5gURFcoGJby"},"default_sprite_splash":{"__uuid__":"a5+wExUapOgblwqcd8fyc9"},"diban":{"__uuid__":"f2/dATR8xBP6pVCT8jjB6M"},"dizuo":{"__uuid__":"aeghF9A0hOGY6H0XXWBsyY"},"effectButton":{"__uuid__":"df27Ty87pOnLE1igPJtT7p"},"effectTip":{"__uuid__":"43nl5+/ZRKQ5YvBA1uM3+o"},"firstBlood":{"__uuid__":"53AS6VmShHuIHAxG9+jiow"},"jidiweixian":{"__uuid__":"cdUKbzHpJBdZEFCbz8mBU8"},"kill":{"__uuid__":"6dYypTPR9PFZp2q4N9MFev"},"lijifuhuo":{"__uuid__":"e6W7Q+P7lJpr+EboiXCklY"},"mianban":{"__uuid__":"d8nOMivrZEYbDTh6J4Unpq"},"mianbanarrow":{"__uuid__":"2b/JpB+AtKQ7g8936K0L12"},"red":{"__uuid__":"3fo4wK0hRJHKGUBscAWuvV"},"reddaojishidi":{"__uuid__":"a58YQw4IRLyKiu+0KcNiDx"},"shibukedang":{"__uuid__":"529wV1/V5L3o+pr3SKqBzt"},"shoot-black":{"__uuid__":"cc5RxEWg9DHo8AGmdcni7w"},"shoot":{"__uuid__":"2bz/Jy+dlEYYctQ3sBmuCC"},"shousha":{"__uuid__":"69yjmIOp1CuYmDLkOP2KDd"},"singleColor":{"__uuid__":"08L+cdXZZHS59r32etsaNM"},"smle":{"__uuid__":"4aDoNu1HpC8rO8hkLMizkE"},"victory_01":{"__uuid__":"65lh8HMclDBKJXu5eVcg3d"},"victory_01s":{"__uuid__":"4aCpWmtTJNCIWez5av9Jb9"},"victory_04":{"__uuid__":"37hMDw7zFEELcCdJBJpixH"},"victory_04s":{"__uuid__":"75SmRlhmxEl7FZiMs4M8G6"},"victory_05":{"__uuid__":"625MLrH1xJmIsAH9WHaYqx"},"victory_05s":{"__uuid__":"68JPiZW7pO87ngAIpPjmzw"},"victory_06":{"__uuid__":"873b4pOiBPN72/Nho2s8Gk"},"victory_06s":{"__uuid__":"defsaHha1HhpCUTnFprWTQ"},"xianrufengkuang":{"__uuid__":"51JVMq6epDY5Vqq2IyIU3Q"},"yaoganditu2":{"__uuid__":"6boDiCn3REi6DNw82tap4F"},"yaoganjiantou":{"__uuid__":"52FuCDN2RHnpnY+cvsSRwv"},"yinshenjiaqiang":{"__uuid__":"c0BBsBd/9EN5/KRPfmhnX4"},"yuan":{"__uuid__":"5dspQNfMFKBZAnkmoDN43Q"},"zhuzaibisai":{"__uuid__":"35gThKL9hAfZXPoZV3Vz54"}}},{"__type__":"cc.SpriteFrame","content":{"name":"ReBG1","texture":"fcJS4K3v9B9LpajzpsNm+D","rect":[1502,743,60,40],"offset":[0,0],"originalSize":[60,40],"capInsets":[25,0,25,0]}},{"__type__":"cc.SpriteFrame","content":{"name":"BFSZ_56","texture":"fcJS4K3v9B9LpajzpsNm+D","rect":[2018,669,20,34],"offset":[1,0],"originalSize":[22,34]}},{"__type__":"cc.SpriteFrame","content":{"name":"_0010_kill","texture":"fcJS4K3v9B9LpajzpsNm+D","rect":[1398,631,20,20],"offset":[0,0],"originalSize":[20,20]}},{"__type__":"cc.SpriteFrame","content":{"name":"cry","texture":"fcJS4K3v9B9LpajzpsNm+D","rect":[1195,88,72,72],"offset":[0,0],"originalSize":[72,72]}},{"__type__":"cc.SpriteFrame","content":{"name":"CountDowm_52","texture":"fcJS4K3v9B9LpajzpsNm+D","rect":[2018,643,22,25],"offset":[0,0],"originalSize":[22,25]}},{"__type__":"cc.SpriteFrame","content":{"name":"5","texture":"fcJS4K3v9B9LpajzpsNm+D","rect":[740,366,65,85],"offset":[0,0],"originalSize":[65,85]}},{"__type__":"cc.SpriteFrame","content":{"name":"victory_06","texture":"fcJS4K3v9B9LpajzpsNm+D","rect":[910,456,238,181],"offset":[0,0],"originalSize":[238,181]}},{"__type__":"cc.SpriteFrame","content":{"name":"JDWX_JT","texture":"fcJS4K3v9B9LpajzpsNm+D","rect":[1227,361,74,62],"offset":[0,0],"originalSize":[74,62]}},{"__type__":"cc.SpriteFrame","content":{"name":"3","texture":"fcJS4K3v9B9LpajzpsNm+D","rect":[1870,927,61,85],"offset":[0,0],"originalSize":[61,85]}},{"__type__":"cc.SpriteFrame","content":{"name":"CountDowm_88","texture":"fcJS4K3v9B9LpajzpsNm+D","rect":[620,331,22,26],"offset":[0,0],"originalSize":[22,26]}},{"__type__":"cc.SpriteFrame","content":{"name":"BFSZ_49","texture":"fcJS4K3v9B9LpajzpsNm+D","rect":[2030,312,12,32],"offset":[0,0],"originalSize":[22,34]}},{"__type__":"cc.SpriteFrame","content":{"name":"attackRingClose","texture":"fcJS4K3v9B9LpajzpsNm+D","rect":[1517,784,36,36],"offset":[4,8],"originalSize":[60,66]}},{"__type__":"cc.SpriteFrame","content":{"name":"CountDowm_49","texture":"fcJS4K3v9B9LpajzpsNm+D","rect":[2030,345,12,25],"offset":[-2,0],"originalSize":[22,25]}},{"__type__":"cc.SpriteFrame","content":{"name":"clock","texture":"fcJS4K3v9B9LpajzpsNm+D","rect":[1419,631,16,20],"offset":[0,0],"originalSize":[16,20]}},{"__type__":"cc.SpriteFrame","content":{"name":"_0025_reddaojishidi","texture":"fcJS4K3v9B9LpajzpsNm+D","rect":[1932,980,36,36],"offset":[0,0],"originalSize":[36,36]}},{"__type__":"cc.SpriteFrame","content":{"name":"_0005_shezhi","texture":"fcJS4K3v9B9LpajzpsNm+D","rect":[1922,760,54,52],"offset":[0,0],"originalSize":[54,52]}},{"__type__":"cc.SpriteFrame","content":{"name":"ShuangSha","texture":"fcJS4K3v9B9LpajzpsNm+D","rect":[1158,794,358,210],"offset":[0,0],"originalSize":[358,210]}},{"__type__":"cc.SpriteFrame","content":{"name":"reddaojishidi","texture":"fcJS4K3v9B9LpajzpsNm+D","rect":[1932,927,52,52],"offset":[0,0],"originalSize":[52,52]}},{"__type__":"cc.SpriteFrame","content":{"name":"default_sprite_splash","texture":"fcJS4K3v9B9LpajzpsNm+D","rect":[972,760,32,32],"offset":[0,0],"originalSize":[32,32],"capInsets":[3,3,4,4]}},{"__type__":"cc.SpriteFrame","content":{"name":"X","texture":"fcJS4K3v9B9LpajzpsNm+D","rect":[1165,361,61,71],"offset":[0,0],"originalSize":[61,71]}},{"__type__":"cc.SpriteFrame","content":{"name":"CountDowm_53","texture":"fcJS4K3v9B9LpajzpsNm+D","rect":[1998,683,18,25],"offset":[0,0],"originalSize":[22,25]}},{"__type__":"cc.SpriteFrame","content":{"name":"dizuo","texture":"fcJS4K3v9B9LpajzpsNm+D","rect":[799,743,88,50],"offset":[0,0],"originalSize":[88,50]}},{"__type__":"cc.SpriteFrame","content":{"name":"BFSZ_54","texture":"fcJS4K3v9B9LpajzpsNm+D","rect":[1005,760,20,32],"offset":[0,0],"originalSize":[22,34]}},{"__type__":"cc.SpriteFrame","content":{"name":"KillInfBG2","texture":"fcJS4K3v9B9LpajzpsNm+D","rect":[888,760,41,32],"offset":[0,0],"originalSize":[41,32],"capInsets":[4,2,4,2]}},{"__type__":"cc.SpriteFrame","content":{"name":"1","texture":"fcJS4K3v9B9LpajzpsNm+D","rect":[1998,709,43,84],"offset":[0,0],"originalSize":[43,84]}},{"__type__":"cc.SpriteFrame","content":{"name":"cool","texture":"fcJS4K3v9B9LpajzpsNm+D","rect":[1264,3,72,72],"offset":[0,0],"originalSize":[72,72]}},{"__type__":"cc.SpriteFrame","content":{"name":"KillIcon","texture":"fcJS4K3v9B9LpajzpsNm+D","rect":[1089,760,32,28],"offset":[0,0],"originalSize":[32,28]}},{"__type__":"cc.SpriteFrame","content":{"name":"BFSZ_51","texture":"fcJS4K3v9B9LpajzpsNm+D","rect":[1985,940,20,34],"offset":[1,0],"originalSize":[22,34]}},{"__type__":"cc.SpriteFrame","content":{"name":"2","texture":"fcJS4K3v9B9LpajzpsNm+D","rect":[1133,88,61,84],"offset":[0,0],"originalSize":[61,84]}},{"__type__":"cc.SpriteFrame","content":{"name":"yinshenjiaqiang","texture":"fcJS4K3v9B9LpajzpsNm+D","rect":[1761,760,62,58],"offset":[0,0],"originalSize":[62,58]}},{"__type__":"cc.SpriteFrame","content":{"name":"ZD_Button_Zhanting","texture":"fcJS4K3v9B9LpajzpsNm+D","rect":[1969,980,32,36],"offset":[0,0],"originalSize":[32,36]}},{"__type__":"cc.SpriteFrame","content":{"name":"YD2","texture":"fcJS4K3v9B9LpajzpsNm+D","rect":[1724,525,302,106],"offset":[0,0],"originalSize":[302,106]}},{"__type__":"cc.SpriteFrame","content":{"name":"DJSBG","texture":"fcJS4K3v9B9LpajzpsNm+D","rect":[634,652,1136,90],"offset":[0,0],"originalSize":[1136,90]}},{"__type__":"cc.SpriteFrame","content":{"name":"BFSZ_52","texture":"fcJS4K3v9B9LpajzpsNm+D","rect":[620,298,22,32],"offset":[0,0],"originalSize":[22,34]}},{"__type__":"cc.SpriteFrame","content":{"name":"shoot-black","texture":"fcJS4K3v9B9LpajzpsNm+D","rect":[650,215,150,150],"offset":[0,0],"originalSize":[150,150]}},{"__type__":"cc.SpriteFrame","content":{"name":"jidiweixian","texture":"fcJS4K3v9B9LpajzpsNm+D","rect":[1771,3,272,148],"offset":[0,0],"originalSize":[272,148]}},{"__type__":"cc.SpriteFrame","content":{"name":"BFSZ_48","texture":"fcJS4K3v9B9LpajzpsNm+D","rect":[1068,760,20,32],"offset":[0,0],"originalSize":[22,34]}},{"__type__":"cc.SpriteFrame","content":{"name":"blue","texture":"fcJS4K3v9B9LpajzpsNm+D","rect":[1238,278,54,62],"offset":[0,0],"originalSize":[54,62]}},{"__type__":"cc.SpriteFrame","content":{"name":"_0013_yellowbutton","texture":"fcJS4K3v9B9LpajzpsNm+D","rect":[1824,760,48,58],"offset":[0,0],"originalSize":[48,58],"capInsets":[13,0,15,0]}},{"__type__":"cc.SpriteFrame","content":{"name":"CountDowm_48","texture":"fcJS4K3v9B9LpajzpsNm+D","rect":[1382,760,20,25],"offset":[0,0],"originalSize":[22,25]}},{"__type__":"cc.SpriteFrame","content":{"name":"mianban","texture":"fcJS4K3v9B9LpajzpsNm+D","rect":[1682,940,78,80],"offset":[0,0],"originalSize":[78,80],"capInsets":[25,10,25,10]}},{"__type__":"cc.SpriteFrame","content":{"name":"BFSZ_55","texture":"fcJS4K3v9B9LpajzpsNm+D","rect":[2027,558,18,32],"offset":[0,0],"originalSize":[22,34]}},{"__type__":"cc.SpriteFrame","content":{"name":"victory_06s","texture":"fcJS4K3v9B9LpajzpsNm+D","rect":[671,456,238,181],"offset":[0,0],"originalSize":[238,181]}},{"__type__":"cc.SpriteFrame","content":{"name":"effectButton","texture":"fcJS4K3v9B9LpajzpsNm+D","rect":[1517,821,164,172],"offset":[0,0],"originalSize":[164,172]}},{"__type__":"cc.SpriteFrame","content":{"name":"lijifuhuo","texture":"fcJS4K3v9B9LpajzpsNm+D","rect":[1771,632,246,50],"offset":[0,0],"originalSize":[246,50],"capInsets":[75,0,144,0]}},{"__type__":"cc.SpriteFrame","content":{"name":"NumBG","texture":"fcJS4K3v9B9LpajzpsNm+D","rect":[1551,3,211,211],"offset":[0,0],"originalSize":[211,211]}},{"__type__":"cc.SpriteFrame","content":{"name":"daojubutton","texture":"fcJS4K3v9B9LpajzpsNm+D","rect":[537,652,96,96],"offset":[0,0],"originalSize":[96,96]}},{"__type__":"cc.SpriteFrame","content":{"name":"ZD_BG_Yaogan_3","texture":"fcJS4K3v9B9LpajzpsNm+D","rect":[2030,275,12,36],"offset":[0,0],"originalSize":[12,36]}},{"__type__":"cc.SpriteFrame","content":{"name":"JDWX_WZ","texture":"fcJS4K3v9B9LpajzpsNm+D","rect":[1563,743,197,76],"offset":[0,0],"originalSize":[197,76]}},{"__type__":"cc.SpriteFrame","content":{"name":"BFSZ_57","texture":"fcJS4K3v9B9LpajzpsNm+D","rect":[2027,525,18,32],"offset":[0,0],"originalSize":[22,34]}},{"__type__":"cc.SpriteFrame","content":{"name":"DSSF","texture":"fcJS4K3v9B9LpajzpsNm+D","rect":[806,215,358,210],"offset":[0,0],"originalSize":[358,210]}},{"__type__":"cc.SpriteFrame","content":{"name":"diban","texture":"fcJS4K3v9B9LpajzpsNm+D","rect":[1122,743,142,42],"offset":[0,0],"originalSize":[142,42]}},{"__type__":"cc.SpriteFrame","content":{"name":"BFSZ_53","texture":"fcJS4K3v9B9LpajzpsNm+D","rect":[1026,760,20,32],"offset":[0,-1],"originalSize":[22,34]}},{"__type__":"cc.SpriteFrame","content":{"name":"PlayerBG","texture":"fcJS4K3v9B9LpajzpsNm+D","rect":[1985,794,60,78],"offset":[0,0],"originalSize":[60,78],"capInsets":[0,30,0,30]}},{"__type__":"cc.SpriteFrame","content":{"name":"JDWX_BG","texture":"fcJS4K3v9B9LpajzpsNm+D","rect":[1771,152,272,122],"offset":[0,0],"originalSize":[272,122]}},{"__type__":"cc.SpriteFrame","content":{"name":"chat","texture":"fcJS4K3v9B9LpajzpsNm+D","rect":[580,214,69,60],"offset":[0,0],"originalSize":[69,60]}},{"__type__":"cc.SpriteFrame","content":{"name":"KillInfBG","texture":"fcJS4K3v9B9LpajzpsNm+D","rect":[930,760,41,32],"offset":[0,0],"originalSize":[41,32],"capInsets":[10,0,10,0]}},{"__type__":"cc.SpriteFrame","content":{"name":"attackRingOpen","texture":"fcJS4K3v9B9LpajzpsNm+D","rect":[1985,873,60,66],"offset":[0,0],"originalSize":[60,66]}}]