[[{"__type__":"cc.Prefab","_name":"BorderPrefab","data":{"__id__":1},"asyncLoadAssets":false},{"__type__":"cc.Node","_name":"BorderPrefab","_components":[{"__type__":"cc.Sprite","node":{"__id__":1},"_spriteFrame":{"__uuid__":"f7fZtkEZlC9ZT78PwJsffl"},"_type":2,"_sizeMode":0,"_isTrimmedMode":false},{"__type__":"20da64RoJxP5JS/ohB9y2Qx","node":{"__id__":1},"SpAtlas":{"__uuid__":"0dybIr3kNFYrJo5LVNQ/d2"},"EntityType":7},{"__type__":"cc.BoxCollider","node":{"__id__":1},"_offset":{"__type__":"cc.Vec2","x":50,"y":50}}],"_prefab":{"__type__":"cc.PrefabInfo","root":{"__id__":1},"asset":{"__uuid__":"deS3jOKYRCm6APIvgMq3tc"},"fileId":"cb8l4u5clNFL68HJqcN7YC"},"_anchorPoint":{"__type__":"cc.Vec2"},"_contentSize":{"__type__":"cc.Size","width":100,"height":100},"groupIndex":10}],{"__type__":"cc.SpriteFrame","content":{"name":"border","texture":"96v2cfPGRMrK08a9XaXlj/","rect":[206,209,102,102],"offset":[0,0],"originalSize":[102,102]}}]