[{"__type__":"cc.SpriteFrame","content":{"name":"tankdie","texture":"20wkx7r05LO5L2PvQg5zW3","rect":[804,1219,84,78],"offset":[0,0],"originalSize":[84,78]}},{"__type__":"cc.SpriteFrame","content":{"name":"shouji12","texture":"20wkx7r05LO5L2PvQg5zW3","rect":[190,961,64,62],"offset":[0,0],"originalSize":[64,64]}},[{"__type__":"cc.Prefab","_name":"Player_die_H","data":{"__id__":1},"asyncLoadAssets":false},{"__type__":"cc.Node","_name":"Player_die_H","_children":[{"__id__":2},{"__id__":3},{"__id__":4},{"__id__":5}],"_components":[{"__id__":6},{"__type__":"3f6973JHftFpKTMspSNwhiz","node":{"__id__":1},"animationCtrl":{"__id__":6}}],"_prefab":{"__type__":"cc.PrefabInfo","root":{"__id__":1},"asset":{"__uuid__":"88is9+OvVOppy0X1RncK3c"},"fileId":"b2ODcH7hdIRJ7S+q+V+vYt"}},{"__type__":"cc.Node","_name":"New Sprite","_parent":{"__id__":1},"_components":[{"__type__":"cc.Sprite","node":{"__id__":2},"_spriteFrame":{"__uuid__":"59yi7WrJlA+oXFKNo2aYiE"}}],"_prefab":{"__type__":"cc.PrefabInfo","root":{"__id__":1},"asset":{"__uuid__":"88is9+OvVOppy0X1RncK3c"},"fileId":"daoxDLEyhMlrA+da6EALEL"},"_contentSize":{"__type__":"cc.Size","width":84,"height":78},"_position":{"__type__":"cc.Vec2","x":6,"y":4}},{"__type__":"cc.Node","_name":"wu","_parent":{"__id__":1},"_components":[{"__type__":"cc.Sprite","node":{"__id__":3},"_spriteFrame":{"__uuid__":"79w8FR3rZBcJ9MIicho6dx"}}],"_prefab":{"__type__":"cc.PrefabInfo","root":{"__id__":1},"asset":{"__uuid__":"88is9+OvVOppy0X1RncK3c"},"fileId":"fb2tvyYxBFL56rs3M30Y6N"},"_contentSize":{"__type__":"cc.Size","width":64,"height":62}},{"__type__":"cc.Node","_name":"wu1","_parent":{"__id__":1},"_components":[{"__type__":"cc.Sprite","node":{"__id__":4},"_spriteFrame":{"__uuid__":"79w8FR3rZBcJ9MIicho6dx"}}],"_prefab":{"__type__":"cc.PrefabInfo","root":{"__id__":1},"asset":{"__uuid__":"88is9+OvVOppy0X1RncK3c"},"fileId":"d5AGvcwnJOg4DUtlgsfcNp"},"_contentSize":{"__type__":"cc.Size","width":64,"height":62}},{"__type__":"cc.Node","_name":"wu3","_parent":{"__id__":1},"_components":[{"__type__":"cc.Sprite","node":{"__id__":5},"_spriteFrame":{"__uuid__":"79w8FR3rZBcJ9MIicho6dx"}}],"_prefab":{"__type__":"cc.PrefabInfo","root":{"__id__":1},"asset":{"__uuid__":"88is9+OvVOppy0X1RncK3c"},"fileId":"9fUoX92FlFJYbtw1xtxc8x"},"_contentSize":{"__type__":"cc.Size","width":64,"height":62}},{"__type__":"cc.Animation","node":{"__id__":1},"_defaultClip":{"__uuid__":"b27B19KRJPzaOS+EPu0Eaj"},"_clips":[{"__uuid__":"b27B19KRJPzaOS+EPu0Eaj"}]}]]