[{"__type__":"cc.SpriteFrame","content":{"name":"jiguang02","texture":"20wkx7r05LO5L2PvQg5zW3","rect":[837,322,113,137],"offset":[0,3],"originalSize":[165,165]}},{"__type__":"cc.SpriteFrame","content":{"name":"jiguang03","texture":"20wkx7r05LO5L2PvQg5zW3","rect":[555,861,83,133],"offset":[0,16],"originalSize":[165,165]}},{"__type__":"cc.AnimationClip","_name":"T_fire_jiguang_H","_duration":0.1,"sample":30,"wrapMode":2,"curveData":{"paths":{},"comps":{"cc.Sprite":{"spriteFrame":[{"frame":0,"value":{"__uuid__":"d8qHJli8pPe7Aymmu8lkHC"}},{"frame":0.03333333333333333,"value":{"__uuid__":"6dCB3XOwJK4ZdIthsiI7Or"}},{"frame":0.06666666666666667,"value":{"__uuid__":"7cuCTzwudKnZFs1JA1K9LO"}}]}},"props":{"y":[{"frame":0,"value":42.6},{"frame":0.03333333333333333,"value":46.2},{"frame":0.06666666666666667,"value":60.7}]}}},{"__type__":"cc.SpriteFrame","content":{"name":"jiguang01","texture":"20wkx7r05LO5L2PvQg5zW3","rect":[837,460,113,129],"offset":[0,-1],"originalSize":[165,165]}}]