[{"__type__":"cc.SpriteFrame","content":{"name":"Tank_lvdai02","texture":"20wkx7r05LO5L2PvQg5zW3","rect":[165,1101,65,66],"offset":[0,0],"originalSize":[65,66]}},[{"__type__":"cc.Prefab","_name":"Tank_LvDai_G","data":{"__id__":1},"asyncLoadAssets":false},{"__type__":"cc.Node","_name":"Tank_LvDai_G","_children":[{"__id__":2}],"_prefab":{"__type__":"cc.PrefabInfo","root":{"__id__":1},"asset":{"__uuid__":"a56P88YNRFrZEwc9tH5bhb"},"fileId":"298S8DCp1N7J8Czgk4Ieed"}},{"__type__":"cc.Node","_name":"Tank_LvDai_Ani","_parent":{"__id__":1},"_children":[{"__id__":3},{"__id__":4},{"__id__":5},{"__id__":6},{"__id__":7},{"__id__":8},{"__id__":9},{"__id__":10}],"_components":[{"__type__":"cc.Animation","node":{"__id__":2},"_defaultClip":{"__uuid__":"6axa+WsclIc4D/Zz/j3Nf8"},"_clips":[{"__uuid__":"6axa+WsclIc4D/Zz/j3Nf8"}],"playOnLoad":true}],"_prefab":{"__type__":"cc.PrefabInfo","root":{"__id__":1},"asset":{"__uuid__":"a56P88YNRFrZEwc9tH5bhb"},"fileId":"786etPKq1PzohOXklhJtTe"}},{"__type__":"cc.Node","_name":"Tank_di_G","_parent":{"__id__":2},"_components":[{"__type__":"cc.Sprite","node":{"__id__":3}}],"_prefab":{"__type__":"cc.PrefabInfo","root":{"__id__":1},"asset":{"__uuid__":"a56P88YNRFrZEwc9tH5bhb"},"fileId":"601ThJhk1P0ISgwC8WybFY"},"_contentSize":{"__type__":"cc.Size","width":69,"height":55},"_position":{"__type__":"cc.Vec2","y":-2.5}},{"__type__":"cc.Node","_name":"Tank_heidi","_parent":{"__id__":2},"_components":[{"__type__":"cc.Sprite","node":{"__id__":4},"_spriteFrame":{"__uuid__":"88MmydYDZHsL/IRggwIY4A"}}],"_prefab":{"__type__":"cc.PrefabInfo","root":{"__id__":1},"asset":{"__uuid__":"a56P88YNRFrZEwc9tH5bhb"},"fileId":"97NSWkm4xJPK8LkRJ7CFkt"},"_contentSize":{"__type__":"cc.Size","width":65,"height":66}},{"__type__":"cc.Node","_name":"Tank_henxian01","_parent":{"__id__":2},"_components":[{"__type__":"cc.Sprite","node":{"__id__":5},"_spriteFrame":{"__uuid__":"bdbj/6jbBEA7m8y0Fd8K6F"}}],"_prefab":{"__type__":"cc.PrefabInfo","root":{"__id__":1},"asset":{"__uuid__":"a56P88YNRFrZEwc9tH5bhb"},"fileId":"85euRY9a1ICYqCahrtCrnU"},"_contentSize":{"__type__":"cc.Size","width":63,"height":3},"_position":{"__type__":"cc.Vec2","y":23.6}},{"__type__":"cc.Node","_name":"Tank_henxian02","_parent":{"__id__":2},"_components":[{"__type__":"cc.Sprite","node":{"__id__":6},"_spriteFrame":{"__uuid__":"bdbj/6jbBEA7m8y0Fd8K6F"}}],"_prefab":{"__type__":"cc.PrefabInfo","root":{"__id__":1},"asset":{"__uuid__":"a56P88YNRFrZEwc9tH5bhb"},"fileId":"c4reY1CElLK4mBai4rnen+"},"_contentSize":{"__type__":"cc.Size","width":63,"height":3},"_position":{"__type__":"cc.Vec2","y":12.5}},{"__type__":"cc.Node","_name":"Tank_henxian03","_parent":{"__id__":2},"_components":[{"__type__":"cc.Sprite","node":{"__id__":7},"_spriteFrame":{"__uuid__":"bdbj/6jbBEA7m8y0Fd8K6F"}}],"_prefab":{"__type__":"cc.PrefabInfo","root":{"__id__":1},"asset":{"__uuid__":"a56P88YNRFrZEwc9tH5bhb"},"fileId":"68OMr01llBeZhyrqtVYkIG"},"_contentSize":{"__type__":"cc.Size","width":63,"height":3},"_position":{"__type__":"cc.Vec2","y":1.3}},{"__type__":"cc.Node","_name":"Tank_henxian04","_parent":{"__id__":2},"_components":[{"__type__":"cc.Sprite","node":{"__id__":8},"_spriteFrame":{"__uuid__":"bdbj/6jbBEA7m8y0Fd8K6F"}}],"_prefab":{"__type__":"cc.PrefabInfo","root":{"__id__":1},"asset":{"__uuid__":"a56P88YNRFrZEwc9tH5bhb"},"fileId":"3078uRVkxJK594guw4zriP"},"_contentSize":{"__type__":"cc.Size","width":63,"height":3},"_position":{"__type__":"cc.Vec2","y":-8.9}},{"__type__":"cc.Node","_name":"Tank_henxian05","_parent":{"__id__":2},"_components":[{"__type__":"cc.Sprite","node":{"__id__":9},"_spriteFrame":{"__uuid__":"bdbj/6jbBEA7m8y0Fd8K6F"}}],"_prefab":{"__type__":"cc.PrefabInfo","root":{"__id__":1},"asset":{"__uuid__":"a56P88YNRFrZEwc9tH5bhb"},"fileId":"39cRfYxiRMLYoHwo/TV69i"},"_contentSize":{"__type__":"cc.Size","width":63,"height":3},"_position":{"__type__":"cc.Vec2","y":-19}},{"__type__":"cc.Node","_name":"Tank_henxian06","_parent":{"__id__":2},"_components":[{"__type__":"cc.Sprite","node":{"__id__":10},"_spriteFrame":{"__uuid__":"bdbj/6jbBEA7m8y0Fd8K6F"}}],"_prefab":{"__type__":"cc.PrefabInfo","root":{"__id__":1},"asset":{"__uuid__":"a56P88YNRFrZEwc9tH5bhb"},"fileId":"6bbaGPyKNB55JjfMGZxqu6"},"_contentSize":{"__type__":"cc.Size","width":63,"height":3},"_position":{"__type__":"cc.Vec2","y":-29.6}}],{"__type__":"cc.SpriteFrame","content":{"name":"Tank_lvdai01","texture":"20wkx7r05LO5L2PvQg5zW3","rect":[958,69,63,3],"offset":[0,0],"originalSize":[63,3]}}]