[{"__type__":"cc.SpriteFrame","content":{"name":"shouji15","texture":"20wkx7r05LO5L2PvQg5zW3","rect":[958,262,58,76],"offset":[0,-7],"originalSize":[100,100]}},{"__type__":"cc.SpriteFrame","content":{"name":"shouji14","texture":"20wkx7r05LO5L2PvQg5zW3","rect":[527,995,96,96],"offset":[0,0],"originalSize":[100,100]}},[{"__type__":"cc.Prefab","_name":"T_yujing_red_M","data":{"__id__":1},"asyncLoadAssets":false},{"__type__":"cc.Node","_name":"T_yujing_red_M","_children":[{"__id__":2},{"__id__":3}],"_prefab":{"__type__":"cc.PrefabInfo","root":{"__id__":1},"asset":{"__uuid__":"ee1K+1zExIdb4ZKUANHrfk"},"fileId":"985sNTiQJAcqGoJ0VdGAIO"},"_position":{"__type__":"cc.Vec2","x":134}},{"__type__":"cc.Node","_name":"New Sprite","_parent":{"__id__":1},"_components":[{"__type__":"cc.Sprite","node":{"__id__":2},"_spriteFrame":{"__uuid__":"55P/2bPBZF+pxrwDriv0zc"},"_dstBlendFactor":1}],"_prefab":{"__type__":"cc.PrefabInfo","root":{"__id__":1},"asset":{"__uuid__":"ee1K+1zExIdb4ZKUANHrfk"},"fileId":"3blPPdB2ZAIrQDvl7fQ5uw"},"_color":{"__type__":"cc.Color","r":255},"_contentSize":{"__type__":"cc.Size","width":58,"height":76},"_position":{"__type__":"cc.Vec2","y":-9}},{"__type__":"cc.Node","_name":"New Sprite1","_parent":{"__id__":1},"_components":[{"__type__":"cc.Sprite","node":{"__id__":3},"_spriteFrame":{"__uuid__":"83h26G2GpNnIMLBaO4Iu30"},"_dstBlendFactor":1}],"_prefab":{"__type__":"cc.PrefabInfo","root":{"__id__":1},"asset":{"__uuid__":"ee1K+1zExIdb4ZKUANHrfk"},"fileId":"44TIP2NqRAYpxntxSNM8Y2"},"_color":{"__type__":"cc.Color","r":255},"_contentSize":{"__type__":"cc.Size","width":96,"height":96}}]]