[{"__type__":"cc.SpriteFrame","content":{"name":"zidan02","texture":"20wkx7r05LO5L2PvQg5zW3","rect":[143,498,19,56],"offset":[0,0],"originalSize":[19,56]}},[{"__type__":"cc.Prefab","_name":"Bulletqianghua_M","data":{"__id__":1},"asyncLoadAssets":false},{"__type__":"cc.Node","_name":"Bulletqianghua_M","_children":[{"__id__":2}],"_components":[{"__id__":7},{"__type__":"71a93I3hEVFh4S+mJpr7C/k","node":{"__id__":1},"EntityType":12,"DeadPrefab":{"__uuid__":"19OH/mLN5GVp77yxYIFzfw"},"DeadPrefabName":"T_shouji_qianghua_H","Body":{"__id__":3},"dieAnimationClip":"T_zidan_qianghua_M","MyCollider":{"__id__":7},"tuoWeiSprite":{"__id__":4},"colorSpriteChange":[{"__id__":4},{"__id__":5},{"__id__":6}],"blueTeamColor":{"__type__":"cc.Color","r":248,"g":246,"b":246},"redTeamColor":{"__type__":"cc.Color","r":243,"g":70,"b":70}}],"_prefab":{"__type__":"cc.PrefabInfo","root":{"__id__":1},"asset":{"__uuid__":"63ejb/ZqtMVqxVzvrPZFBw"},"fileId":"53B1KTdrJDBpCWAXloDzb7"},"_contentSize":{"__type__":"cc.Size","width":23,"height":50},"groupIndex":6},{"__type__":"cc.Node","_name":"Body","_parent":{"__id__":1},"_children":[{"__id__":3}],"_prefab":{"__type__":"cc.PrefabInfo","root":{"__id__":1},"asset":{"__uuid__":"63ejb/ZqtMVqxVzvrPZFBw"},"fileId":"63NP6HkwFG+ZWGD3Oxza/8"},"_contentSize":{"__type__":"cc.Size","width":23,"height":34}},{"__type__":"cc.Node","_name":"T_zidan_qianghua_M","_parent":{"__id__":2},"_children":[{"__id__":4},{"__id__":5},{"__id__":6}],"_components":[{"__type__":"cc.Animation","node":{"__id__":3},"_defaultClip":{"__uuid__":"bf71JgnA9EV7VvpBqxU4ce"},"_clips":[{"__uuid__":"bf71JgnA9EV7VvpBqxU4ce"}],"playOnLoad":true}],"_prefab":{"__type__":"cc.PrefabInfo","root":{"__id__":1},"asset":{"__uuid__":"63ejb/ZqtMVqxVzvrPZFBw"},"fileId":"4cS5AQ8bFAnJ1rexOGU6kJ"},"_scaleX":0.9,"_scaleY":0.9},{"__type__":"cc.Node","_name":"tuowei","_parent":{"__id__":3},"_components":[{"__type__":"cc.Sprite","node":{"__id__":4},"_spriteFrame":{"__uuid__":"50H3/BaIdOGqoXs92bPMNi"},"_dstBlendFactor":0}],"_prefab":{"__type__":"cc.PrefabInfo","root":{"__id__":1},"asset":{"__uuid__":"63ejb/ZqtMVqxVzvrPZFBw"},"fileId":"51Gv7xQRtBZYrW9L1hWun5"},"_opacity":200,"_color":{"__type__":"cc.Color","r":255,"g":122},"_anchorPoint":{"__type__":"cc.Vec2","x":0.5,"y":1},"_contentSize":{"__type__":"cc.Size","width":19,"height":56},"_scaleX":1.02,"_scaleY":2.71,"_position":{"__type__":"cc.Vec2","y":-8.5}},{"__type__":"cc.Node","_name":"tuowei2","_parent":{"__id__":3},"_components":[{"__type__":"cc.Sprite","node":{"__id__":5},"_spriteFrame":{"__uuid__":"89qFomUQhA85D0an2MULV4"},"_dstBlendFactor":0}],"_prefab":{"__type__":"cc.PrefabInfo","root":{"__id__":1},"asset":{"__uuid__":"63ejb/ZqtMVqxVzvrPZFBw"},"fileId":"3fwAxVggtDCbLQzKooB3tJ"},"_contentSize":{"__type__":"cc.Size","width":30,"height":53},"_scaleX":1.28,"_scaleY":1.37,"_position":{"__type__":"cc.Vec2","y":-45.2}},{"__type__":"cc.Node","_name":"zidan","_parent":{"__id__":3},"_components":[{"__type__":"cc.Sprite","node":{"__id__":6},"_spriteFrame":{"__uuid__":"f9/W1sOmlOW4U8n/PVS6R+"},"_dstBlendFactor":0}],"_prefab":{"__type__":"cc.PrefabInfo","root":{"__id__":1},"asset":{"__uuid__":"63ejb/ZqtMVqxVzvrPZFBw"},"fileId":"3d3q9h0zFL1bE69HPEb+mA"},"_contentSize":{"__type__":"cc.Size","width":19,"height":19},"_scaleX":1.22,"_scaleY":1.92,"_position":{"__type__":"cc.Vec2","y":-1.6}},{"__type__":"cc.BoxCollider","node":{"__id__":1},"_size":{"__type__":"cc.Size","width":25,"height":25}}],{"__type__":"cc.SpriteFrame","content":{"name":"zidan05","texture":"20wkx7r05LO5L2PvQg5zW3","rect":[989,1199,30,53],"offset":[0,0],"originalSize":[30,53]}},{"__type__":"cc.AnimationClip","_name":"T_zidan_qianghua_M","_duration":0.18333333333333332,"wrapMode":2,"curveData":{"paths":{"tuowei":{"props":{"scaleY":[{"frame":0,"value":3.81},{"frame":0.05,"value":2.7},{"frame":0.08333333333333333,"value":3.81},{"frame":0.13333333333333333,"value":2.68},{"frame":0.18333333333333332,"value":3.81}],"scaleX":[{"frame":0,"value":1.02},{"frame":0.05,"value":1.14},{"frame":0.08333333333333333,"value":1.02},{"frame":0.13333333333333333,"value":1.14},{"frame":0.18333333333333332,"value":1.02}],"x":[{"frame":0.16666666666666666,"value":0}],"y":[{"frame":0.16666666666666666,"value":-13.5}]}},"zidan":{"props":{}},"tuowei2":{"props":{"scaleX":[{"frame":0,"value":1.55},{"frame":0.03333333333333333,"value":1.29},{"frame":0.08333333333333333,"value":1.55},{"frame":0.13333333333333333,"value":1.29},{"frame":0.18333333333333332,"value":1.55}],"scaleY":[{"frame":0,"value":1.55},{"frame":0.03333333333333333,"value":1.23},{"frame":0.08333333333333333,"value":1.55},{"frame":0.13333333333333333,"value":1.23},{"frame":0.18333333333333332,"value":1.55}],"y":[{"frame":0,"value":-55},{"frame":0.03333333333333333,"value":-44.2},{"frame":0.08333333333333333,"value":-55},{"frame":0.13333333333333333,"value":-44.2},{"frame":0.16666666666666666,"value":-47.8},{"frame":0.18333333333333332,"value":-55}],"x":[{"frame":0,"value":-0.9},{"frame":0.08333333333333333,"value":-0.9},{"frame":0.16666666666666666,"value":-0.9},{"frame":0.18333333333333332,"value":-0.9}]}}},"props":{}}},{"__type__":"cc.SpriteFrame","content":{"name":"zidan01","texture":"20wkx7r05LO5L2PvQg5zW3","rect":[143,555,19,19],"offset":[0,0],"originalSize":[19,19]}}]