[{"__type__":"cc.SpriteFrame","content":{"name":"ZJAvartarBG","texture":"edbTbev+hCL6zKsAFEoqlh","rect":[258,266,156,159],"offset":[0,0],"originalSize":[156,159]}},{"__type__":"cc.SpriteFrame","content":{"name":"BigPanelBG","texture":"edbTbev+hCL6zKsAFEoqlh","rect":[356,110,100,70],"offset":[0,0],"originalSize":[100,70],"capInsets":[25,20,25,18]}},{"__type__":"cc.SpriteFrame","content":{"name":"PlayerVSIcon","texture":"edbTbev+hCL6zKsAFEoqlh","rect":[356,3,106,106],"offset":[0,0],"originalSize":[106,106]}},{"__type__":"cc.SpriteFrame","content":{"name":"TabPress1","texture":"edbTbev+hCL6zKsAFEoqlh","rect":[457,165,50,4],"offset":[0,0],"originalSize":[50,4],"capInsets":[10,1,10,1]}},{"__type__":"cc.SpriteFrame","content":{"name":"WeCBtnBG","texture":"edbTbev+hCL6zKsAFEoqlh","rect":[356,181,84,84],"offset":[0,0],"originalSize":[84,84],"capInsets":[25,25,25,25]}},{"__type__":"cc.SpriteFrame","content":{"name":"div1","texture":"edbTbev+hCL6zKsAFEoqlh","rect":[463,42,40,2],"offset":[0,0],"originalSize":[40,2],"capInsets":[5,0.5,5,0.5]}},{"__type__":"cc.SpriteFrame","content":{"name":"CloseBtn","texture":"edbTbev+hCL6zKsAFEoqlh","rect":[441,181,62,67],"offset":[0,0],"originalSize":[62,67]}},{"__type__":"cc.SpriteFrame","content":{"name":"TabPress2","texture":"edbTbev+hCL6zKsAFEoqlh","rect":[457,160,50,4],"offset":[0,0],"originalSize":[50,4]}},{"__type__":"cc.SpriteFrame","content":{"name":"CHCardBG","texture":"edbTbev+hCL6zKsAFEoqlh","rect":[3,3,352,192],"offset":[0,0],"originalSize":[352,192]}},{"__type__":"cc.SpriteFrame","content":{"name":"RankArrow","texture":"edbTbev+hCL6zKsAFEoqlh","rect":[463,52,14,13],"offset":[0,0],"originalSize":[14,13]}},{"__type__":"cc.SpriteFrame","content":{"name":"RankUpBG","texture":"edbTbev+hCL6zKsAFEoqlh","rect":[457,110,50,24],"offset":[0,0],"originalSize":[50,24]}},{"__type__":"cc.SpriteFrame","content":{"name":"Div2","texture":"edbTbev+hCL6zKsAFEoqlh","rect":[457,173,50,2],"offset":[0,0],"originalSize":[50,2]}},{"__type__":"cc.SpriteAtlas","_name":"QunRank.plist","_spriteFrames":{"BigPanelBG":{"__uuid__":"1atJ2xj6hHYpLvk6P8W5Vi"},"CHCardBG":{"__uuid__":"725bxPfeNK2ZAYUimG+T5J"},"CloseBtn":{"__uuid__":"55TextD7ZE962O3IGZRMko"},"Div2":{"__uuid__":"baOOY/JodB/4g5aYxPiKKd"},"HomeIconBtn":{"__uuid__":"dfJvQ7KJRBH7YBwaFf6/v9"},"MoreIconBtn":{"__uuid__":"d3cz+PPGtExJ/ere176N+a"},"PlayerVSAvartarBG":{"__uuid__":"e3ZprLSnhD+ZNv68j5kRtR"},"PlayerVSIcon":{"__uuid__":"29tNLs2tNEk6SDEepQgqPi"},"PopBG":{"__uuid__":"d7zZGXek1M24YzB0MB5nT4"},"RankArrow":{"__uuid__":"7dGFezE1tPdriD4hy3FFD8"},"RankDownBG":{"__uuid__":"d2h7T7E5JDSJ2Fg+Scuw/4"},"RankUpBG":{"__uuid__":"a6GH1jv59K2LOzNBuBKVfk"},"TabLine1":{"__uuid__":"caiPg0JJ5OmYlsEzXsiJkX"},"TabPress1":{"__uuid__":"34N820zJxMy4EqsyfDWrs4"},"TabPress2":{"__uuid__":"5f7nQBaC9CWKiEImpzCPM5"},"WeCBtnBG":{"__uuid__":"343Zzijt1G7oPxa5HJq8DG"},"ZJAvartarBG":{"__uuid__":"16JDMOHoNKdLrB25kB3CKH"},"div1":{"__uuid__":"44yxX6BxVF8brvVjCRQNzN"}}},{"__type__":"cc.SpriteFrame","content":{"name":"TabLine1","texture":"edbTbev+hCL6zKsAFEoqlh","rect":[457,170,50,2],"offset":[0,0],"originalSize":[50,2]}},{"__type__":"cc.SpriteFrame","content":{"name":"RankDownBG","texture":"edbTbev+hCL6zKsAFEoqlh","rect":[457,135,50,24],"offset":[0,0],"originalSize":[50,24]}},{"__type__":"cc.SpriteFrame","content":{"name":"MoreIconBtn","texture":"edbTbev+hCL6zKsAFEoqlh","rect":[463,45,38,6],"offset":[0,0],"originalSize":[38,6]}},{"__type__":"cc.SpriteFrame","content":{"name":"PopBG","texture":"edbTbev+hCL6zKsAFEoqlh","rect":[3,196,254,223],"offset":[0,0],"originalSize":[254,223]}},{"__type__":"cc.SpriteFrame","content":{"name":"HomeIconBtn","texture":"edbTbev+hCL6zKsAFEoqlh","rect":[463,3,44,38],"offset":[0,0],"originalSize":[44,38]}},{"__type__":"cc.SpriteFrame","content":{"name":"PlayerVSAvartarBG","texture":"edbTbev+hCL6zKsAFEoqlh","rect":[3,420,154,154],"offset":[0,0],"originalSize":[154,154]}}]