[[{"__type__":"cc.Prefab","_name":"ItemArriveUI","data":{"__id__":1},"asyncLoadAssets":false},{"__type__":"cc.Node","_name":"ItemArriveUI","_children":[{"__id__":2},{"__id__":3}],"_components":[{"__type__":"cc.Widget","node":{"__id__":1},"_alignFlags":45},{"__type__":"8b811AdVe9Egov2OzEQNxpZ","node":{"__id__":1},"ShowTime":1.5,"ContentStr":{"__id__":4}}],"_prefab":{"__type__":"cc.PrefabInfo","root":{"__id__":1},"asset":{"__uuid__":"38+VBVVIhPmKYUzs+Ydlg9"},"fileId":"dc98NQXFpNeZOlUuyo2gwO"},"_contentSize":{"__type__":"cc.Size","width":1334,"height":750},"_position":{"__type__":"cc.Vec2","x":667,"y":375}},{"__type__":"cc.Node","_name":"bg","_parent":{"__id__":1},"_components":[{"__type__":"cc.Sprite","node":{"__id__":2},"_spriteFrame":{"__uuid__":"d18tBER9hChoNPrBU4ysNJ"},"_type":1,"_sizeMode":0}],"_prefab":{"__type__":"cc.PrefabInfo","root":{"__id__":1},"asset":{"__uuid__":"38+VBVVIhPmKYUzs+Ydlg9"},"fileId":"99HxJ0RRJM5oQb7XjTRCJz"},"_contentSize":{"__type__":"cc.Size","width":280,"height":100},"_position":{"__type__":"cc.Vec2","y":160}},{"__type__":"cc.Node","_name":"txt","_parent":{"__id__":1},"_components":[{"__id__":4}],"_prefab":{"__type__":"cc.PrefabInfo","root":{"__id__":1},"asset":{"__uuid__":"38+VBVVIhPmKYUzs+Ydlg9"},"fileId":"dcrGdwPLZGIaaAfc9eB9sR"},"_color":{"__type__":"cc.Color","r":169,"g":85,"b":26},"_contentSize":{"__type__":"cc.Size","width":176,"height":40},"_position":{"__type__":"cc.Vec2","y":160}},{"__type__":"cc.Label","node":{"__id__":3},"_useOriginalSize":false,"_actualFontSize":22,"_fontSize":22,"_N$string":"新的道具抵达战场","_N$horizontalAlign":1,"_N$verticalAlign":1}],{"__type__":"cc.SpriteFrame","content":{"name":"TipBG","texture":"5f2BaCmQ1CnYPuCD1/rLg9","rect":[810,3,204,90],"offset":[0,0],"originalSize":[204,90],"capInsets":[65,0,65,0]}}]