[{"__type__":"cc.SpriteFrame","content":{"name":"zhuanhuan_04_5","texture":"20wkx7r05LO5L2PvQg5zW3","rect":[837,590,113,99],"offset":[0,0],"originalSize":[113,99]}},[{"__type__":"cc.Prefab","_name":"tuji_L","data":{"__id__":1},"asyncLoadAssets":false},{"__type__":"cc.Node","_name":"tuji_L","_components":[{"__type__":"9bdf76vszFBEKWDAGyNctFy","node":{"__id__":1},"SpAtlas":{"__uuid__":"49hgYBWs5C0osUMDkiP1E1"},"Resid":1307,"EntityType":13,"DeadPrefab":{"__uuid__":"b93CiNZcJMRJDBtFIL71Nc"},"DeadPrefabName":"daojuxiaoshi_H","Body":{"__id__":1},"dieAnimationClip":"daojuxiaoshi","AvailableTime":15,"WarnAnimationClip":"jiasu2_xiaoshi"},{"__type__":"cc.Sprite","node":{"__id__":1},"_spriteFrame":{"__uuid__":"1dy3wSX/xBBZwJ013ZJI1Z"},"_sizeMode":0,"_dstBlendFactor":0},{"__type__":"cc.BoxCollider","node":{"__id__":1}}],"_prefab":{"__type__":"cc.PrefabInfo","root":{"__id__":1},"asset":{"__uuid__":"705jfedvpFc5Xk17HUaFD0"},"fileId":"d3XLmCkIhGPYv6PZUoDFCv"},"_contentSize":{"__type__":"cc.Size","width":100,"height":85},"groupIndex":4}]]