[{"__type__":"cc.SpriteFrame","content":{"name":"Water","texture":"96v2cfPGRMrK08a9XaXlj/","rect":[230,106,102,102],"offset":[0,0],"originalSize":[102,102]}},{"__type__":"cc.SpriteAtlas","_name":"MapItem.plist","_spriteFrames":{"BrickBg":{"__uuid__":"306+cqs2NOn70ktNyE8JqX"},"BrickBg2":{"__uuid__":"ffXacLOlNKELNsWTwyOzy4"},"MapDecorate_1":{"__uuid__":"5doQuh7P1Cb6HSoSIOoiiH"},"MapDecorate_2":{"__uuid__":"f3ezQol3RG14x/fT0hh7IU"},"MapDecorate_3":{"__uuid__":"0fvmHDc6RJbIoYp2w5iE7A"},"NoBroken":{"__uuid__":"55rWkpRglCkpDgpFvhOzOf"},"Water":{"__uuid__":"0cl71X6UJLDIgvsZhgjkpQ"},"Water2":{"__uuid__":"eeQYXjDq1JWp6Xz0PLMryP"},"Water3":{"__uuid__":"edpcxcXPNCEZjBmuBLY1o3"},"border":{"__uuid__":"f7fZtkEZlC9ZT78PwJsffl"},"border2":{"__uuid__":"f9TUnb8w1F55Hvsb5mNVay"},"tk_1":{"__uuid__":"e1OADhH6hAcb92r9UOesk9"},"tp_1":{"__uuid__":"6e4z248MNFAL6JEj2H+fqq"}}},{"__type__":"cc.SpriteFrame","content":{"name":"MapDecorate_3","texture":"96v2cfPGRMrK08a9XaXlj/","rect":[177,462,32,32],"offset":[16,-23],"originalSize":[102,102]}},{"__type__":"cc.SpriteFrame","content":{"name":"BrickBg","texture":"96v2cfPGRMrK08a9XaXlj/","rect":[3,206,202,202],"offset":[0,0],"originalSize":[202,202]}},{"__type__":"cc.SpriteFrame","content":{"name":"NoBroken","texture":"96v2cfPGRMrK08a9XaXlj/","rect":[230,312,101,101],"offset":[0,0],"originalSize":[101,101]}},{"__type__":"cc.SpriteFrame","content":{"name":"MapDecorate_1","texture":"96v2cfPGRMrK08a9XaXlj/","rect":[3,409,78,86],"offset":[-12,-2],"originalSize":[102,102]}},{"__type__":"cc.SpriteFrame","content":{"name":"tp_1","texture":"96v2cfPGRMrK08a9XaXlj/","rect":[177,409,52,52],"offset":[0,0],"originalSize":[52,52]}},{"__type__":"cc.SpriteFrame","content":{"name":"tk_1","texture":"96v2cfPGRMrK08a9XaXlj/","rect":[436,3,52,52],"offset":[0,0],"originalSize":[52,52]}},{"__type__":"cc.SpriteFrame","content":{"name":"Water3","texture":"96v2cfPGRMrK08a9XaXlj/","rect":[230,3,102,102],"offset":[0,0],"originalSize":[102,102]}},{"__type__":"cc.SpriteFrame","content":{"name":"Water2","texture":"96v2cfPGRMrK08a9XaXlj/","rect":[333,3,102,102],"offset":[0,0],"originalSize":[102,102]}},{"__type__":"cc.SpriteFrame","content":{"name":"MapDecorate_2","texture":"96v2cfPGRMrK08a9XaXlj/","rect":[82,409,94,84],"offset":[0,0],"originalSize":[102,102]}},{"__type__":"cc.SpriteFrame","content":{"name":"border","texture":"96v2cfPGRMrK08a9XaXlj/","rect":[206,209,102,102],"offset":[0,0],"originalSize":[102,102]}},{"__type__":"cc.SpriteFrame","content":{"name":"border2","texture":"96v2cfPGRMrK08a9XaXlj/","rect":[333,106,102,102],"offset":[0,0],"originalSize":[102,102]}},{"__type__":"cc.SpriteFrame","content":{"name":"BrickBg2","texture":"96v2cfPGRMrK08a9XaXlj/","rect":[3,3,202,202],"offset":[0,0],"originalSize":[202,202]}}]