[[{"__type__":"cc.Prefab","_name":"T_shouji_q_L","data":{"__id__":1},"asyncLoadAssets":false},{"__type__":"cc.Node","_name":"T_shouji_q_L","_children":[{"__id__":2},{"__id__":3}],"_components":[{"__id__":4},{"__type__":"3f6973JHftFpKTMspSNwhiz","node":{"__id__":1},"animationCtrl":{"__id__":4}}],"_prefab":{"__type__":"cc.PrefabInfo","root":{"__id__":1},"asset":{"__uuid__":"0eSi/+J+lIooSHsVufRBg3"},"fileId":"6aFLHQE75DCZHrrxqZ7d3h"},"_scaleX":1.2,"_scaleY":1.2},{"__type__":"cc.Node","_name":"sprite1","_parent":{"__id__":1},"_components":[{"__type__":"cc.Sprite","node":{"__id__":2},"_spriteFrame":{"__uuid__":"74Hoh4rY9N37EpO6sIEK8C"},"_dstBlendFactor":1}],"_prefab":{"__type__":"cc.PrefabInfo","root":{"__id__":1},"asset":{"__uuid__":"0eSi/+J+lIooSHsVufRBg3"},"fileId":"12neKHhttAk7os+Yjx0cLr"},"_opacity":250.94231249982246,"_color":{"__type__":"cc.Color","r":255,"g":244,"b":121},"_anchorPoint":{"__type__":"cc.Vec2","x":0.6,"y":0.3},"_contentSize":{"__type__":"cc.Size","width":52,"height":50},"_scaleX":1.5,"_scaleY":1.5},{"__type__":"cc.Node","_name":"sprite7","_parent":{"__id__":1},"_components":[{"__type__":"cc.Sprite","node":{"__id__":3},"_spriteFrame":{"__uuid__":"596a0BgDdAI50NfAxDKwmi"},"_dstBlendFactor":1}],"_prefab":{"__type__":"cc.PrefabInfo","root":{"__id__":1},"asset":{"__uuid__":"0eSi/+J+lIooSHsVufRBg3"},"fileId":"34W4QheMROfpmkaFwbA8Jb"},"_color":{"__type__":"cc.Color","r":250,"g":130},"_contentSize":{"__type__":"cc.Size","width":74,"height":72},"_rotationX":180,"_rotationY":180,"_scaleX":0.8999999999999999,"_scaleY":0.8999999999999999},{"__type__":"cc.Animation","node":{"__id__":1},"_defaultClip":{"__uuid__":"bdmTnaq0tO4pqOxzq3s/6h"},"_clips":[{"__uuid__":"bdmTnaq0tO4pqOxzq3s/6h"}]}],{"__type__":"cc.SpriteFrame","content":{"name":"shouji04","texture":"20wkx7r05LO5L2PvQg5zW3","rect":[324,1027,74,72],"offset":[1,-4],"originalSize":[86,86]}},{"__type__":"cc.SpriteFrame","content":{"name":"shouji01","texture":"20wkx7r05LO5L2PvQg5zW3","rect":[148,1222,52,50],"offset":[-2,3],"originalSize":[64,64]}},{"__type__":"cc.AnimationClip","_name":"shouji_q_L","_duration":0.2,"sample":30,"curveData":{"paths":{"sprite1":{"props":{"scaleX":[{"frame":0,"value":0.3},{"frame":0.06666666666666667,"value":1.5},{"frame":0.13333333333333333,"value":2}],"scaleY":[{"frame":0,"value":0.3},{"frame":0.06666666666666667,"value":1.5},{"frame":0.13333333333333333,"value":2}],"anchorX":[{"frame":0,"value":0.6}],"anchorY":[{"frame":0,"value":0.3}],"opacity":[{"frame":0,"value":0},{"frame":0.06666666666666667,"value":250.94231249982246},{"frame":0.13333333333333333,"value":0}]}},"sprite7":{"props":{"scaleX":[{"frame":0.03333333333333333,"value":0.3},{"frame":0.1,"value":1.5},{"frame":0.2,"value":2.5}],"scaleY":[{"frame":0.03333333333333333,"value":0.3},{"frame":0.1,"value":1.5},{"frame":0.2,"value":2.5}],"rotation":[{"frame":0.03333333333333333,"value":180}],"opacity":[{"frame":0.03333333333333333,"value":0},{"frame":0.06666666666666667,"value":255},{"frame":0.1,"value":255},{"frame":0.2,"value":0}]}}},"props":{"scaleX":[{"frame":0,"value":1.2}],"scaleY":[{"frame":0,"value":1.2}]}}}]