[{"__type__":"cc.SpriteFrame","content":{"name":"line_002","texture":"20wkx7r05LO5L2PvQg5zW3","rect":[398,1128,28,64],"offset":[1,0],"originalSize":[32,64]}},{"__type__":"cc.SpriteFrame","content":{"name":"shouji22","texture":"20wkx7r05LO5L2PvQg5zW3","rect":[152,1273,40,40],"offset":[0,0],"originalSize":[40,40]}},{"__type__":"cc.SpriteFrame","content":{"name":"yanchen_c03","texture":"20wkx7r05LO5L2PvQg5zW3","rect":[458,659,128,128],"offset":[0,0],"originalSize":[128,128]}},[{"__type__":"cc.Prefab","_name":"daojuxiaoshi_H","data":{"__id__":1},"asyncLoadAssets":false},{"__type__":"cc.Node","_name":"daojuxiaoshi_H","_children":[{"__id__":2},{"__id__":3},{"__id__":4},{"__id__":5},{"__id__":6},{"__id__":7},{"__id__":8},{"__id__":9},{"__id__":10}],"_components":[{"__id__":11},{"__type__":"3f6973JHftFpKTMspSNwhiz","node":{"__id__":1},"animationCtrl":{"__id__":11}}],"_prefab":{"__type__":"cc.PrefabInfo","root":{"__id__":1},"fileId":"d9j7CxtuxJ6K5kMyG8erL0"}},{"__type__":"cc.Node","_name":"glow","_parent":{"__id__":1},"_components":[{"__type__":"cc.Sprite","node":{"__id__":2},"_spriteFrame":{"__uuid__":"aaf+ObgLJOhL7MOzxja6jD"}}],"_prefab":{"__type__":"cc.PrefabInfo","root":{"__id__":1},"fileId":"f2ih0KvZlCYZQaGf57HQqH"},"_opacity":120,"_color":{"__type__":"cc.Color","r":255,"g":254,"b":253},"_contentSize":{"__type__":"cc.Size","width":122,"height":122},"_scaleX":0.7248,"_scaleY":0.7248},{"__type__":"cc.Node","_name":"guanghuan","_parent":{"__id__":1},"_components":[{"__type__":"cc.Sprite","node":{"__id__":3},"_spriteFrame":{"__uuid__":"26pZqkuotC368n4/ZSEb56"}}],"_prefab":{"__type__":"cc.PrefabInfo","root":{"__id__":1},"fileId":"8b5OuYPFhGxIW2Van6cpD9"},"_opacity":153,"_color":{"__type__":"cc.Color","r":255,"g":190,"b":60},"_contentSize":{"__type__":"cc.Size","width":40,"height":40},"_scaleX":2.35,"_scaleY":2.35},{"__type__":"cc.Node","_name":"line","_parent":{"__id__":1},"_components":[{"__type__":"cc.Sprite","node":{"__id__":4},"_spriteFrame":{"__uuid__":"19iY1gUShAN6BA/VHlnHCe"}}],"_prefab":{"__type__":"cc.PrefabInfo","root":{"__id__":1},"fileId":"56fIWzhaFH+7sJG8K2XsPE"},"_contentSize":{"__type__":"cc.Size","width":28,"height":64},"_rotationX":60,"_rotationY":60,"_scaleX":0.47866666666666674,"_scaleY":0.4563333333333333,"_position":{"__type__":"cc.Vec2","x":54.12,"y":31.10666666666667}},{"__type__":"cc.Node","_name":"line2","_parent":{"__id__":1},"_components":[{"__type__":"cc.Sprite","node":{"__id__":5},"_spriteFrame":{"__uuid__":"19iY1gUShAN6BA/VHlnHCe"}}],"_prefab":{"__type__":"cc.PrefabInfo","root":{"__id__":1},"fileId":"efA6OMCnpDPLaC/6+IpM3U"},"_contentSize":{"__type__":"cc.Size","width":28,"height":64},"_rotationX":138,"_rotationY":138,"_scaleX":0.1846,"_scaleY":0.4942,"_position":{"__type__":"cc.Vec2","x":-48,"y":53.7}},{"__type__":"cc.Node","_name":"line3","_parent":{"__id__":1},"_components":[{"__type__":"cc.Sprite","node":{"__id__":6},"_spriteFrame":{"__uuid__":"19iY1gUShAN6BA/VHlnHCe"}}],"_prefab":{"__type__":"cc.PrefabInfo","root":{"__id__":1},"fileId":"32ZELB2R1HIb22gVbcvUW0"},"_color":{"__type__":"cc.Color","r":255,"g":230,"b":128},"_contentSize":{"__type__":"cc.Size","width":28,"height":64},"_rotationX":17,"_rotationY":17,"_scaleX":0.4703333333333334,"_scaleY":0.6073333333333333,"_position":{"__type__":"cc.Vec2","x":-16.333333333333332,"y":-52.266666666666666}},{"__type__":"cc.Node","_name":"line4","_parent":{"__id__":1},"_components":[{"__type__":"cc.Sprite","node":{"__id__":7},"_spriteFrame":{"__uuid__":"5fhu1h86VFbZ2CRJqTBJcx"}}],"_prefab":{"__type__":"cc.PrefabInfo","root":{"__id__":1},"fileId":"9467FjKoxL8qhHOREDgnuJ"},"_color":{"__type__":"cc.Color","r":255,"g":228,"b":115},"_contentSize":{"__type__":"cc.Size","width":128,"height":128},"_rotationX":-15,"_rotationY":-15,"_scaleX":0.074,"_scaleY":0.074,"_position":{"__type__":"cc.Vec2","x":-29.799999999999997,"y":-7.299999999999999}},{"__type__":"cc.Node","_name":"star","_parent":{"__id__":1},"_components":[{"__type__":"cc.Sprite","node":{"__id__":8},"_spriteFrame":{"__uuid__":"5fhu1h86VFbZ2CRJqTBJcx"}}],"_prefab":{"__type__":"cc.PrefabInfo","root":{"__id__":1},"fileId":"4a7kmBbotCMohau9UWf/ny"},"_color":{"__type__":"cc.Color","r":255,"g":243,"b":213},"_contentSize":{"__type__":"cc.Size","width":128,"height":128},"_scaleX":0.15000000000000002,"_scaleY":0.15000000000000002,"_position":{"__type__":"cc.Vec2","x":16.240000000000002,"y":34.78}},{"__type__":"cc.Node","_name":"star2","_parent":{"__id__":1},"_components":[{"__type__":"cc.Sprite","node":{"__id__":9},"_spriteFrame":{"__uuid__":"5fhu1h86VFbZ2CRJqTBJcx"}}],"_prefab":{"__type__":"cc.PrefabInfo","root":{"__id__":1},"fileId":"3d1R+vmyFK6Ki1LM+1jn0h"},"_color":{"__type__":"cc.Color","r":255,"g":253,"b":213},"_contentSize":{"__type__":"cc.Size","width":128,"height":128},"_scaleX":0.10800000000000001,"_scaleY":0.10800000000000001,"_position":{"__type__":"cc.Vec2","x":21.240000000000002,"y":-18.56}},{"__type__":"cc.Node","_name":"luoxuan3","_parent":{"__id__":1},"_components":[{"__type__":"cc.Sprite","node":{"__id__":10},"_spriteFrame":{"__uuid__":"26pZqkuotC368n4/ZSEb56"}}],"_prefab":{"__type__":"cc.PrefabInfo","root":{"__id__":1},"fileId":"1fWfIJqqhNaqa4nprbgylc"},"_opacity":0,"_contentSize":{"__type__":"cc.Size","width":40,"height":40},"_rotationX":600,"_rotationY":600,"_scaleX":2,"_scaleY":2},{"__type__":"cc.Animation","node":{"__id__":1},"_defaultClip":{"__uuid__":"baym3bHORHGoX1yzcf1TwO"},"_clips":[{"__uuid__":"baym3bHORHGoX1yzcf1TwO"}]}],{"__type__":"cc.SpriteFrame","content":{"name":"ring01","texture":"20wkx7r05LO5L2PvQg5zW3","rect":[132,838,122,122],"offset":[0,0],"originalSize":[128,128]}},{"__type__":"cc.AnimationClip","_name":"daojuxiaoshi_H","_duration":0.5833333333333334,"wrapMode":2,"curveData":{"paths":{"glow":{"comps":{"cc.Sprite":{}},"props":{"scaleX":[{"frame":0,"value":0.5},{"frame":0.08333333333333333,"value":0.57},{"frame":0.5,"value":1}],"scaleY":[{"frame":0,"value":0.5},{"frame":0.08333333333333333,"value":0.57},{"frame":0.5,"value":1}],"opacity":[{"frame":0,"value":255},{"frame":0.08333333333333333,"value":255},{"frame":0.16666666666666666,"value":150},{"frame":0.5,"value":0}],"color":[{"frame":0.06666666666666667,"value":{"__type__":"cc.Color","r":255,"g":254,"b":253}}]}},"guanghuan":{"comps":{"cc.Sprite":{}},"props":{"scaleX":[{"frame":0,"value":0.75},{"frame":0.16666666666666666,"value":2.25},{"frame":0.3333333333333333,"value":2.5}],"scaleY":[{"frame":0,"value":0.75},{"frame":0.16666666666666666,"value":2.25},{"frame":0.3333333333333333,"value":2.5}],"color":[{"frame":0,"value":{"__type__":"cc.Color","r":255,"g":255,"b":255}},{"frame":0.08333333333333333,"value":{"__type__":"cc.Color","r":255,"g":250,"b":150}},{"frame":0.3333333333333333,"value":{"__type__":"cc.Color","r":255,"g":150}}],"opacity":[{"frame":0,"value":255},{"frame":0.16666666666666666,"value":255},{"frame":0.3333333333333333,"value":0}]}},"line":{"comps":{"cc.Sprite":{}},"props":{"rotation":[{"frame":0,"value":60}],"scaleX":[{"frame":0,"value":0.5},{"frame":0.16666666666666666,"value":0.75},{"frame":0.3,"value":0.20733333333333348},{"frame":0.4166666666666667,"value":0.01}],"scaleY":[{"frame":0,"value":0.5},{"frame":0.16666666666666666,"value":0.57},{"frame":0.3,"value":0.3426666666666667},{"frame":0.4166666666666667,"value":0.26}],"position":[{"frame":0,"value":[7.6,4.2]},{"frame":0.16666666666666666,"value":[49.8,28.6]},{"frame":0.4166666666666667,"value":[66,38]}],"color":[{"frame":0.16666666666666666,"value":{"__type__":"cc.Color","r":255,"g":255,"b":255}}],"opacity":[{"frame":0.4,"value":255},{"frame":0.4166666666666667,"value":0}]}},"line2":{"comps":{"cc.Sprite":{}},"props":{"rotation":[{"frame":0,"value":138}],"scaleY":[{"frame":0,"value":0.25},{"frame":0.08333333333333333,"value":0.56},{"frame":0.16666666666666666,"value":0.511},{"frame":0.25,"value":0.49}],"scaleX":[{"frame":0,"value":0.25},{"frame":0.08333333333333333,"value":0.57},{"frame":0.16666666666666666,"value":0.283},{"frame":0.25,"value":0.16}],"color":[{"frame":0.08333333333333333,"value":{"__type__":"cc.Color","r":255,"g":255,"b":255}}],"position":[{"frame":0,"value":[-3.2,4.3]},{"frame":0.08333333333333333,"value":[-30,33]},{"frame":0.25,"value":[-50,56]}],"opacity":[{"frame":0.23333333333333334,"value":255},{"frame":0.25,"value":0}]}},"line3":{"comps":{"cc.Sprite":{}},"props":{"scaleX":[{"frame":0,"value":0.5},{"frame":0.16666666666666666,"value":0.65},{"frame":0.3,"value":0.29066666666666674},{"frame":0.4166666666666667,"value":0.16}],"scaleY":[{"frame":0,"value":0.5},{"frame":0.16666666666666666,"value":0.49},{"frame":0.3,"value":0.7246666666666667},{"frame":0.4166666666666667,"value":0.81}],"rotation":[{"frame":0,"value":17}],"position":[{"frame":0,"value":[-0.6,-1.4]},{"frame":0.16666666666666666,"value":[-15,-48]},{"frame":0.4166666666666667,"value":[-20,-64]}],"color":[{"frame":0,"value":{"__type__":"cc.Color","r":255,"g":255,"b":255}},{"frame":0.16666666666666666,"value":{"__type__":"cc.Color","r":255,"g":250,"b":175}},{"frame":0.4166666666666667,"value":{"__type__":"cc.Color","r":255,"g":175}}],"opacity":[{"frame":0.38333333333333336,"value":255},{"frame":0.4166666666666667,"value":0}]}},"line4":{"comps":{"cc.Sprite":{}},"props":{"scaleX":[{"frame":0.08333333333333333,"value":0.02},{"frame":0.16666666666666666,"value":0.09},{"frame":0.3333333333333333,"value":0.05},{"frame":0.4166666666666667,"value":0.02}],"scaleY":[{"frame":0.08333333333333333,"value":0.02},{"frame":0.16666666666666666,"value":0.09},{"frame":0.3333333333333333,"value":0.05},{"frame":0.4166666666666667,"value":0.02}],"color":[{"frame":0.08333333333333333,"value":{"__type__":"cc.Color","r":255,"g":255,"b":255}},{"frame":0.25,"value":{"__type__":"cc.Color","r":255,"g":225,"b":100}},{"frame":0.4166666666666667,"value":{"__type__":"cc.Color","r":255,"g":75}}],"position":[{"frame":0.08333333333333333,"value":[-19.9,-3.7]},{"frame":0.3333333333333333,"value":[-36.4,-9.7]},{"frame":0.4166666666666667,"value":[-44.3,-12.7]}],"rotation":[{"frame":0.08333333333333333,"value":0},{"frame":0.3333333333333333,"value":-25},{"frame":0.4166666666666667,"value":-30}],"opacity":[{"frame":0.4,"value":255},{"frame":0.4166666666666667,"value":0}]}},"star":{"comps":{"cc.Sprite":{}},"props":{"position":[{"frame":0.16666666666666666,"value":[13.2,21.9]},{"frame":0.25,"value":[17,38]},{"frame":0.5,"value":[26,43]}],"scaleX":[{"frame":0.16666666666666666,"value":0.07},{"frame":0.25,"value":0.17},{"frame":0.5,"value":0.01}],"scaleY":[{"frame":0.16666666666666666,"value":0.07},{"frame":0.25,"value":0.17},{"frame":0.5,"value":0.01}],"opacity":[{"frame":0.15,"value":0},{"frame":0.16666666666666666,"value":255},{"frame":0.48333333333333334,"value":255},{"frame":0.5,"value":0}],"color":[{"frame":0.16666666666666666,"value":{"__type__":"cc.Color","r":255,"g":255,"b":255}},{"frame":0.3333333333333333,"value":{"__type__":"cc.Color","r":255,"g":225,"b":150}},{"frame":0.5,"value":{"__type__":"cc.Color","r":255,"g":175}}]}},"star2":{"props":{"opacity":[{"frame":0.13333333333333333,"value":0},{"frame":0.16666666666666666,"value":255},{"frame":0.5666666666666667,"value":255},{"frame":0.5833333333333334,"value":0}],"position":[{"frame":0.16666666666666666,"value":[18.8,-16.3]},{"frame":0.25,"value":[21.85,-19.125]},{"frame":0.3333333333333333,"value":[33,-26]},{"frame":0.5,"value":[37,-32]}],"scaleX":[{"frame":0.16666666666666666,"value":0.14},{"frame":0.25,"value":0.1},{"frame":0.3333333333333333,"value":0.06},{"frame":0.5,"value":0.02},{"frame":0.5833333333333334,"value":0}],"scaleY":[{"frame":0.16666666666666666,"value":0.14},{"frame":0.25,"value":0.1},{"frame":0.3333333333333333,"value":0.06},{"frame":0.5,"value":0.02},{"frame":0.5833333333333334,"value":0}],"color":[{"frame":0.16666666666666666,"value":{"__type__":"cc.Color","r":255,"g":255,"b":255}},{"frame":0.3333333333333333,"value":{"__type__":"cc.Color","r":255,"g":250,"b":150}},{"frame":0.5833333333333334,"value":{"__type__":"cc.Color","r":255,"g":75}}]},"comps":{"cc.Sprite":{}}},"luoxuan3":{"props":{"scaleX":[{"frame":0.25,"value":2},{"frame":0.5833333333333334,"value":0.5}],"scaleY":[{"frame":0.25,"value":2},{"frame":0.5833333333333334,"value":0.5}],"opacity":[{"frame":0.25,"value":0},{"frame":0.3333333333333333,"value":255},{"frame":0.5,"value":255},{"frame":0.5833333333333334,"value":0}],"color":[{"frame":0.36666666666666664,"value":{"__type__":"cc.Color","r":255,"g":255,"b":255}}]}}},"props":{"opacity":[{"frame":0,"value":255}]}}}]