[{"__type__":"cc.SpriteFrame","content":{"name":"button","texture":"d8kE3HskNOraYRnaYxnmiG","rect":[3,807,354,94],"offset":[0,0],"originalSize":[354,94]}},{"__type__":"cc.SpriteFrame","content":{"name":"_0011_back","texture":"aeQf/v2d5GzL/fTdnhZUd6","rect":[921,824,100,58],"offset":[0,0],"originalSize":[100,58]}},{"__type__":"cc.SpriteFrame","content":{"name":"default_btn_disabled","texture":"71VhFCTINJM6/Ky3oX9nBT","rect":[0,0,40,40],"offset":[0,0],"originalSize":[40,40],"capInsets":[15,7,15,9]}},{"__type__":"cc.SpriteFrame","content":{"name":"biaoqian","texture":"d8kE3HskNOraYRnaYxnmiG","rect":[793,276,176,116],"offset":[0,0],"originalSize":[176,116]}},[{"__type__":"cc.Prefab","_name":"ActivityUI","data":{"__id__":1},"asyncLoadAssets":false},{"__type__":"cc.Node","_name":"ActivityUI","_children":[{"__id__":2},{"__id__":3},{"__id__":5},{"__id__":6}],"_components":[{"__type__":"cc.Widget","node":{"__id__":1},"isAlignOnce":false,"_alignFlags":45},{"__type__":"5e4fbbiCSdKBr4u8FhaOpUl","node":{"__id__":1},"itemPrefab":{"__id__":7},"itemRoot":{"__id__":36},"scrollView":{"__id__":37},"Widget":{"__id__":38}}],"_prefab":{"__type__":"cc.PrefabInfo","root":{"__id__":1},"asset":{"__uuid__":"3bPW8diGNO4Lgp45STNZhr"},"fileId":"9bFD3JXfBJvppt/S6cYlML"},"_contentSize":{"__type__":"cc.Size","width":1344,"height":750},"_position":{"__type__":"cc.Vec2","x":672,"y":375}},{"__type__":"cc.Node","_name":"BG","_parent":{"__id__":1},"_components":[{"__type__":"cc.Sprite","node":{"__id__":2},"_spriteFrame":{"__uuid__":"c5OvpjAOBBIJ9ZHjOjU4MQ"},"_sizeMode":0},{"__type__":"cc.Widget","node":{"__id__":2},"_alignFlags":45,"_left":-10,"_right":-10,"_top":-10,"_bottom":-10,"_originalWidth":362,"_originalHeight":204}],"_prefab":{"__type__":"cc.PrefabInfo","root":{"__id__":1},"asset":{"__uuid__":"3bPW8diGNO4Lgp45STNZhr"},"fileId":"1eIDes8T9M7o6YSGpojpd6"},"_contentSize":{"__type__":"cc.Size","width":1364,"height":770}},{"__type__":"cc.Node","_name":"Title","_parent":{"__id__":1},"_children":[{"__id__":4}],"_components":[{"__type__":"cc.Widget","node":{"__id__":3},"_alignFlags":9}],"_prefab":{"__type__":"cc.PrefabInfo","root":{"__id__":1},"asset":{"__uuid__":"3bPW8diGNO4Lgp45STNZhr"},"fileId":"c540GdnQRFAaqdut+XVYgU"},"_position":{"__type__":"cc.Vec2","x":-672,"y":375}},{"__type__":"cc.Node","_name":"New Label","_parent":{"__id__":3},"_components":[{"__type__":"cc.Label","node":{"__id__":4},"_useOriginalSize":false,"_actualFontSize":32,"_fontSize":32,"_N$string":"活动玩法","_N$verticalAlign":1}],"_prefab":{"__type__":"cc.PrefabInfo","root":{"__id__":1},"asset":{"__uuid__":"3bPW8diGNO4Lgp45STNZhr"},"fileId":"b1lgrF/vFHgo0rs6HqzQ1i"},"_contentSize":{"__type__":"cc.Size","width":128,"height":40},"_position":{"__type__":"cc.Vec2","x":173.2,"y":-28.5}},{"__type__":"cc.Node","_name":"BackBtn","_parent":{"__id__":1},"_components":[{"__type__":"cc.Sprite","node":{"__id__":5},"_spriteFrame":{"__uuid__":"220iHabAVM0o5fC/dX8u1H"},"_type":1,"_sizeMode":2},{"__type__":"cc.Button","node":{"__id__":5},"pressedColor":{"__type__":"cc.Color","r":255,"g":255,"b":255},"pressedSprite":{"__uuid__":"e97GVMl6JHh5Ml5qEDdSGa"},"hoverSprite":{"__uuid__":"e97GVMl6JHh5Ml5qEDdSGa"},"clickEvents":[{"__type__":"cc.ClickEvent","target":{"__id__":1},"component":"ActivityUI","handler":"onBtnReturn"}],"_N$normalColor":{"__type__":"cc.Color","r":255,"g":255,"b":255},"_N$disabledColor":{"__type__":"cc.Color","r":255,"g":255,"b":255},"_N$normalSprite":{"__uuid__":"220iHabAVM0o5fC/dX8u1H"},"_N$disabledSprite":{"__uuid__":"29FYIk+N1GYaeWH/q1NxQO"},"_N$target":{"__id__":5}},{"__type__":"cc.Widget","node":{"__id__":5},"_alignFlags":9}],"_prefab":{"__type__":"cc.PrefabInfo","root":{"__id__":1},"asset":{"__uuid__":"3bPW8diGNO4Lgp45STNZhr"},"fileId":"25MI+VkXdKCIidCljLSnRN"},"_contentSize":{"__type__":"cc.Size","width":100,"height":58},"_position":{"__type__":"cc.Vec2","x":-622,"y":346}},{"__type__":"cc.Node","_name":"New ScrollView","_parent":{"__id__":1},"_children":[{"__id__":7},{"__id__":35}],"_components":[{"__type__":"cc.Sprite","node":{"__id__":6},"_enabled":false,"_spriteFrame":{"__uuid__":"9bvaMerUlDyary99mJa6xp"},"_type":1,"_sizeMode":0},{"__id__":37},{"__id__":38}],"_prefab":{"__type__":"cc.PrefabInfo","root":{"__id__":1},"asset":{"__uuid__":"3bPW8diGNO4Lgp45STNZhr"},"fileId":"37HnwgUS9G/pCX912F1oom"},"_color":{"__type__":"cc.Color","r":184,"g":184,"b":184},"_contentSize":{"__type__":"cc.Size","width":1334,"height":620},"_position":{"__type__":"cc.Vec2","y":-27}},{"__type__":"cc.Node","_name":"ActivityItem","_parent":{"__id__":6},"_children":[{"__id__":8},{"__id__":10},{"__id__":12},{"__id__":15},{"__id__":18},{"__id__":19},{"__id__":21},{"__id__":26},{"__id__":29}],"_active":false,"_components":[{"__type__":"ef6bfR9vVJPjJxE2jvuCYsO","node":{"__id__":7},"image":{"__id__":9},"nameImage":{"__id__":20},"modelName":{"__id__":11},"model":{"__id__":25},"detail":{"__id__":28},"lockState":{"__id__":15},"openState":{"__id__":12},"subMenu":{"__id__":29},"colorNormal":{"__type__":"cc.Color","r":2,"g":66,"b":135},"colorLock":{"__type__":"cc.Color","r":58,"g":148,"b":242},"nodesColor":[{"__id__":22},{"__id__":23},{"__id__":24},{"__id__":18},{"__id__":27}]},{"__type__":"cc.Button","node":{"__id__":7},"clickEvents":[{"__type__":"cc.ClickEvent","target":{"__id__":7},"component":"ActivityItem","handler":"onClickItem"}],"_N$target":{"__id__":7}}],"_prefab":{"__type__":"cc.PrefabInfo","root":{"__id__":1},"asset":{"__uuid__":"3bPW8diGNO4Lgp45STNZhr"},"fileId":"982ZzfDCJC5rgcpOJmdaxs"},"_anchorPoint":{"__type__":"cc.Vec2","x":0.5,"y":1},"_contentSize":{"__type__":"cc.Size","width":416,"height":558},"_position":{"__type__":"cc.Vec2","x":10,"y":269}},{"__type__":"cc.Node","_name":"BackgroundImage","_parent":{"__id__":7},"_components":[{"__id__":9},{"__type__":"cc.Widget","node":{"__id__":8},"_enabled":false,"_alignFlags":45,"_left":-50,"_right":-50,"_top":-20,"_bottom":-20,"_originalWidth":350,"_originalHeight":550}],"_prefab":{"__type__":"cc.PrefabInfo","root":{"__id__":1},"asset":{"__uuid__":"3bPW8diGNO4Lgp45STNZhr"},"fileId":"acCgtCrw5HF7zETwzChmsE"},"_contentSize":{"__type__":"cc.Size","width":416,"height":558},"_position":{"__type__":"cc.Vec2","x":-5.5,"y":-276.6}},{"__type__":"cc.Sprite","node":{"__id__":8},"_sizeMode":0},{"__type__":"cc.Node","_name":"Name","_parent":{"__id__":7},"_active":false,"_components":[{"__id__":11}],"_prefab":{"__type__":"cc.PrefabInfo","root":{"__id__":1},"asset":{"__uuid__":"3bPW8diGNO4Lgp45STNZhr"},"fileId":"d7YVjA/GVJ5ImZwFvG+Vhw"},"_contentSize":{"__type__":"cc.Size","width":128,"height":40},"_position":{"__type__":"cc.Vec2","x":-5.5,"y":-464.6}},{"__type__":"cc.Label","node":{"__id__":10},"_useOriginalSize":false,"_actualFontSize":32,"_fontSize":32,"_N$string":"经典模式","_N$horizontalAlign":1,"_N$verticalAlign":1},{"__type__":"cc.Node","_name":"OpenState","_parent":{"__id__":7},"_children":[{"__id__":13},{"__id__":14}],"_prefab":{"__type__":"cc.PrefabInfo","root":{"__id__":1},"asset":{"__uuid__":"3bPW8diGNO4Lgp45STNZhr"},"fileId":"8cVXbB6lVALq5o/0idgvjt"},"_position":{"__type__":"cc.Vec2","x":-5.5,"y":-17.6}},{"__type__":"cc.Node","_name":"New Sprite","_parent":{"__id__":12},"_components":[{"__type__":"cc.Sprite","node":{"__id__":13},"_spriteFrame":{"__uuid__":"2a1EbNfQBNQIIl7wQeno6h"}}],"_prefab":{"__type__":"cc.PrefabInfo","root":{"__id__":1},"asset":{"__uuid__":"3bPW8diGNO4Lgp45STNZhr"},"fileId":"c0T289w65M6JLPp844AbIo"},"_contentSize":{"__type__":"cc.Size","width":176,"height":116},"_position":{"__type__":"cc.Vec2","x":100.1,"y":-41}},{"__type__":"cc.Node","_name":"OpenState","_parent":{"__id__":12},"_components":[{"__type__":"cc.Label","node":{"__id__":14},"_useOriginalSize":false,"_actualFontSize":19,"_fontSize":19,"_N$string":"已开启","_N$horizontalAlign":1,"_N$verticalAlign":1}],"_prefab":{"__type__":"cc.PrefabInfo","root":{"__id__":1},"asset":{"__uuid__":"3bPW8diGNO4Lgp45STNZhr"},"fileId":"0a/EDgQBBENJ4IQa5OzlO1"},"_contentSize":{"__type__":"cc.Size","width":57,"height":40},"_position":{"__type__":"cc.Vec2","x":135.5,"y":-19}},{"__type__":"cc.Node","_name":"LockState","_parent":{"__id__":7},"_children":[{"__id__":16},{"__id__":17}],"_components":[{"__type__":"cc.Widget","node":{"__id__":15},"_enabled":false,"_alignFlags":45,"_originalWidth":100,"_originalHeight":100}],"_prefab":{"__type__":"cc.PrefabInfo","root":{"__id__":1},"asset":{"__uuid__":"3bPW8diGNO4Lgp45STNZhr"},"fileId":"c0ULpD/b5CTpSCqFTOMWI/"},"_color":{"__type__":"cc.Color"},"_contentSize":{"__type__":"cc.Size","width":316,"height":518},"_position":{"__type__":"cc.Vec2","x":-5.5,"y":-276.6}},{"__type__":"cc.Node","_name":"bg","_parent":{"__id__":15},"_components":[{"__type__":"cc.Sprite","node":{"__id__":16},"_spriteFrame":{"__uuid__":"4d5xQLnc9D37aFTMnQ2TSX"},"_sizeMode":0},{"__type__":"cc.Widget","node":{"__id__":16},"_alignFlags":45,"_left":-46,"_right":-32,"_top":-20,"_bottom":2,"_originalWidth":100,"_originalHeight":100}],"_prefab":{"__type__":"cc.PrefabInfo","root":{"__id__":1},"asset":{"__uuid__":"3bPW8diGNO4Lgp45STNZhr"},"fileId":"97lvoLeJNBSbd84QEA9d5E"},"_contentSize":{"__type__":"cc.Size","width":394,"height":536},"_position":{"__type__":"cc.Vec2","x":-7,"y":11}},{"__type__":"cc.Node","_name":"New Sprite","_parent":{"__id__":15},"_components":[{"__type__":"cc.Sprite","node":{"__id__":17},"_spriteFrame":{"__uuid__":"9bNjMw6zVP7I7ajVqWd5OF"}}],"_prefab":{"__type__":"cc.PrefabInfo","root":{"__id__":1},"asset":{"__uuid__":"3bPW8diGNO4Lgp45STNZhr"},"fileId":"e3qkWFJvtDrIpyi3RLh0LV"},"_contentSize":{"__type__":"cc.Size","width":226,"height":226}},{"__type__":"cc.Node","_name":"New Sprite","_parent":{"__id__":7},"_components":[{"__type__":"cc.Sprite","node":{"__id__":18},"_spriteFrame":{"__uuid__":"55DYvsO8BOvLjR7p6h9EPV"}}],"_prefab":{"__type__":"cc.PrefabInfo","root":{"__id__":1},"asset":{"__uuid__":"3bPW8diGNO4Lgp45STNZhr"},"fileId":"c1MXsv+t9KY6nyWrcHDVj1"},"_color":{"__type__":"cc.Color","r":2,"g":66,"b":135},"_contentSize":{"__type__":"cc.Size","width":336,"height":82},"_position":{"__type__":"cc.Vec2","x":-9.5,"y":-441.6}},{"__type__":"cc.Node","_name":"NameImage","_parent":{"__id__":7},"_components":[{"__id__":20}],"_prefab":{"__type__":"cc.PrefabInfo","root":{"__id__":1},"asset":{"__uuid__":"3bPW8diGNO4Lgp45STNZhr"},"fileId":"08w1BtsnFJfLS5xY4NDTYN"},"_contentSize":{"__type__":"cc.Size","width":312,"height":68},"_position":{"__type__":"cc.Vec2","x":-14.5,"y":-443.6}},{"__type__":"cc.Sprite","node":{"__id__":19}},{"__type__":"cc.Node","_name":"Model","_parent":{"__id__":7},"_children":[{"__id__":22},{"__id__":23},{"__id__":24}],"_components":[{"__id__":25}],"_prefab":{"__type__":"cc.PrefabInfo","root":{"__id__":1},"asset":{"__uuid__":"3bPW8diGNO4Lgp45STNZhr"},"fileId":"7cERegk1xMobIFSp/Ypw2y"},"_color":{"__type__":"cc.Color","r":255,"g":244,"b":31},"_contentSize":{"__type__":"cc.Size","width":161.04,"height":90},"_position":{"__type__":"cc.Vec2","x":-95.9,"y":-88.1}},{"__type__":"cc.Node","_name":"Num1","_parent":{"__id__":21},"_components":[{"__type__":"cc.Sprite","node":{"__id__":22},"_spriteFrame":{"__uuid__":"cdpxS8DvFFn6+3yWJyk8gz"}}],"_prefab":{"__type__":"cc.PrefabInfo","root":{"__id__":1},"asset":{"__uuid__":"3bPW8diGNO4Lgp45STNZhr"},"fileId":"44Z939EV9MhZqUMfrZT86n"},"_color":{"__type__":"cc.Color","r":2,"g":66,"b":135},"_contentSize":{"__type__":"cc.Size","width":46,"height":66},"_position":{"__type__":"cc.Vec2","x":-53.9,"y":-3}},{"__type__":"cc.Node","_name":"Num2","_parent":{"__id__":21},"_components":[{"__type__":"cc.Sprite","node":{"__id__":23},"_spriteFrame":{"__uuid__":"cdpxS8DvFFn6+3yWJyk8gz"}}],"_prefab":{"__type__":"cc.PrefabInfo","root":{"__id__":1},"asset":{"__uuid__":"3bPW8diGNO4Lgp45STNZhr"},"fileId":"244hJ6wW1EEIJ+lCq4al0G"},"_color":{"__type__":"cc.Color","r":2,"g":66,"b":135},"_contentSize":{"__type__":"cc.Size","width":46,"height":66},"_position":{"__type__":"cc.Vec2","x":36.3,"y":-3}},{"__type__":"cc.Node","_name":"New Sprite","_parent":{"__id__":21},"_components":[{"__type__":"cc.Sprite","node":{"__id__":24},"_spriteFrame":{"__uuid__":"b6orrHatdLgqeToRdngH01"}}],"_prefab":{"__type__":"cc.PrefabInfo","root":{"__id__":1},"asset":{"__uuid__":"3bPW8diGNO4Lgp45STNZhr"},"fileId":"0cmxer+d9GK4e8VArGsF8A"},"_color":{"__type__":"cc.Color","r":2,"g":66,"b":135},"_contentSize":{"__type__":"cc.Size","width":46,"height":36},"_position":{"__type__":"cc.Vec2","x":-8,"y":-17.3}},{"__type__":"cc.Label","node":{"__id__":21},"_enabled":false,"_useOriginalSize":false,"_actualFontSize":90,"_fontSize":90,"_lineHeight":90,"_N$string":"3V3","_N$horizontalAlign":1,"_N$verticalAlign":1,"_N$overflow":3},{"__type__":"cc.Node","_name":"DetailNode","_parent":{"__id__":7},"_children":[{"__id__":27}],"_prefab":{"__type__":"cc.PrefabInfo","root":{"__id__":1},"asset":{"__uuid__":"3bPW8diGNO4Lgp45STNZhr"},"fileId":"dfNQeLJQJFmbKfleWatmHe"},"_position":{"__type__":"cc.Vec2","x":-5.5,"y":-17.6}},{"__type__":"cc.Node","_name":"Detail","_parent":{"__id__":26},"_components":[{"__id__":28}],"_prefab":{"__type__":"cc.PrefabInfo","root":{"__id__":1},"asset":{"__uuid__":"3bPW8diGNO4Lgp45STNZhr"},"fileId":"6fR3PKxYNPLrALqWyZOHeE"},"_color":{"__type__":"cc.Color","r":2,"g":64,"b":134},"_anchorPoint":{"__type__":"cc.Vec2","y":0.5},"_contentSize":{"__type__":"cc.Size","width":76,"height":40},"_position":{"__type__":"cc.Vec2","x":-165.5,"y":-19.2}},{"__type__":"cc.Label","node":{"__id__":27},"_useOriginalSize":false,"_actualFontSize":19,"_fontSize":19,"_N$string":"周一开放","_N$verticalAlign":1},{"__type__":"cc.Node","_name":"SubMenu","_parent":{"__id__":7},"_children":[{"__id__":30},{"__id__":31},{"__id__":33}],"_active":false,"_components":[{"__type__":"cc.Widget","node":{"__id__":29},"_enabled":false,"_alignFlags":45}],"_prefab":{"__type__":"cc.PrefabInfo","root":{"__id__":1},"asset":{"__uuid__":"3bPW8diGNO4Lgp45STNZhr"},"fileId":"86k+K/8lZNoYjboGTgzydQ"},"_contentSize":{"__type__":"cc.Size","width":316,"height":518},"_position":{"__type__":"cc.Vec2","x":-5.5,"y":-276.6}},{"__type__":"cc.Node","_name":"New Sprite","_parent":{"__id__":29},"_components":[{"__type__":"cc.Sprite","node":{"__id__":30},"_spriteFrame":{"__uuid__":"c8JYssR7ZKBI0XJOVO+Ouw"}}],"_prefab":{"__type__":"cc.PrefabInfo","root":{"__id__":1},"asset":{"__uuid__":"3bPW8diGNO4Lgp45STNZhr"},"fileId":"ffmTYssI9GN6dGH8zX03vq"},"_contentSize":{"__type__":"cc.Size","width":394,"height":536},"_position":{"__type__":"cc.Vec2","x":-6,"y":10}},{"__type__":"cc.Node","_name":"autoBtn","_parent":{"__id__":29},"_children":[{"__id__":32}],"_components":[{"__type__":"cc.Sprite","node":{"__id__":31},"_spriteFrame":{"__uuid__":"11O4onlPpO+LvzPXbNQSA1"},"_type":1,"_sizeMode":0},{"__type__":"cc.Button","node":{"__id__":31},"transition":2,"pressedColor":{"__type__":"cc.Color","r":255,"g":255,"b":255},"pressedSprite":{"__uuid__":"11O4onlPpO+LvzPXbNQSA1"},"hoverSprite":{"__uuid__":"11O4onlPpO+LvzPXbNQSA1"},"clickEvents":[{"__type__":"cc.ClickEvent","target":{"__id__":7},"component":"ActivityItem","handler":"onClickEnter"}],"_N$normalColor":{"__type__":"cc.Color","r":255,"g":255,"b":255},"_N$disabledColor":{"__type__":"cc.Color","r":255,"g":255,"b":255},"_N$normalSprite":{"__uuid__":"11O4onlPpO+LvzPXbNQSA1"},"_N$disabledSprite":{"__uuid__":"11O4onlPpO+LvzPXbNQSA1"},"_N$target":{"__id__":31}}],"_prefab":{"__type__":"cc.PrefabInfo","root":{"__id__":1},"asset":{"__uuid__":"3bPW8diGNO4Lgp45STNZhr"},"fileId":"02D124bnVO15ZP78Kx3Dv+"},"_contentSize":{"__type__":"cc.Size","width":354,"height":94},"_position":{"__type__":"cc.Vec2","x":-6,"y":111.6}},{"__type__":"cc.Node","_name":"Label","_parent":{"__id__":31},"_components":[{"__type__":"cc.Label","node":{"__id__":32},"_useOriginalSize":false,"_actualFontSize":36,"_fontSize":36,"_lineHeight":30,"_enableWrapText":false,"_N$string":"快速游戏","_N$horizontalAlign":1,"_N$verticalAlign":1,"_N$overflow":1}],"_prefab":{"__type__":"cc.PrefabInfo","root":{"__id__":1},"asset":{"__uuid__":"3bPW8diGNO4Lgp45STNZhr"},"fileId":"6avBBzBkJOoo9+1AodkFKY"},"_contentSize":{"__type__":"cc.Size","width":173.4,"height":40}},{"__type__":"cc.Node","_name":"roomBtn","_parent":{"__id__":29},"_children":[{"__id__":34}],"_components":[{"__type__":"cc.Sprite","node":{"__id__":33},"_spriteFrame":{"__uuid__":"11O4onlPpO+LvzPXbNQSA1"},"_type":1,"_sizeMode":0},{"__type__":"cc.Button","node":{"__id__":33},"transition":2,"pressedColor":{"__type__":"cc.Color","r":255,"g":255,"b":255},"pressedSprite":{"__uuid__":"11O4onlPpO+LvzPXbNQSA1"},"hoverSprite":{"__uuid__":"11O4onlPpO+LvzPXbNQSA1"},"clickEvents":[{"__type__":"cc.ClickEvent","target":{"__id__":7},"component":"ActivityItem","handler":"onClickCreate"}],"_N$normalColor":{"__type__":"cc.Color","r":255,"g":255,"b":255},"_N$disabledColor":{"__type__":"cc.Color","r":255,"g":255,"b":255},"_N$normalSprite":{"__uuid__":"11O4onlPpO+LvzPXbNQSA1"},"_N$disabledSprite":{"__uuid__":"11O4onlPpO+LvzPXbNQSA1"},"_N$target":{"__id__":33}}],"_prefab":{"__type__":"cc.PrefabInfo","root":{"__id__":1},"asset":{"__uuid__":"3bPW8diGNO4Lgp45STNZhr"},"fileId":"65VlNqAoFJ/5/Dkh4ia/wv"},"_contentSize":{"__type__":"cc.Size","width":354,"height":94},"_position":{"__type__":"cc.Vec2","x":-6,"y":-105.6}},{"__type__":"cc.Node","_name":"Label","_parent":{"__id__":33},"_components":[{"__type__":"cc.Label","node":{"__id__":34},"_useOriginalSize":false,"_actualFontSize":36,"_fontSize":36,"_lineHeight":30,"_enableWrapText":false,"_N$string":"创建房间","_N$horizontalAlign":1,"_N$verticalAlign":1,"_N$overflow":1}],"_prefab":{"__type__":"cc.PrefabInfo","root":{"__id__":1},"asset":{"__uuid__":"3bPW8diGNO4Lgp45STNZhr"},"fileId":"a4mh8rRlhBD6TA0wGnGacD"},"_contentSize":{"__type__":"cc.Size","width":173.4,"height":40}},{"__type__":"cc.Node","_name":"view","_parent":{"__id__":6},"_children":[{"__id__":36}],"_components":[{"__type__":"cc.Mask","node":{"__id__":35}},{"__type__":"cc.Widget","node":{"__id__":35},"_alignFlags":45,"_originalWidth":240,"_originalHeight":250}],"_prefab":{"__type__":"cc.PrefabInfo","root":{"__id__":1},"asset":{"__uuid__":"3bPW8diGNO4Lgp45STNZhr"},"fileId":"03gAi2Q5pAq4uEV0L3qrVp"},"_contentSize":{"__type__":"cc.Size","width":1334,"height":620}},{"__type__":"cc.Node","_name":"content","_parent":{"__id__":35},"_components":[{"__type__":"cc.Layout","node":{"__id__":36},"_layoutSize":{"__type__":"cc.Size","width":436,"height":550},"_resize":1,"_N$layoutType":1,"_N$paddingLeft":10,"_N$paddingRight":10}],"_prefab":{"__type__":"cc.PrefabInfo","root":{"__id__":1},"asset":{"__uuid__":"3bPW8diGNO4Lgp45STNZhr"},"fileId":"82IPzC9AJG+JQ2dWGGJAE8"},"_anchorPoint":{"__type__":"cc.Vec2","y":1},"_contentSize":{"__type__":"cc.Size","width":436,"height":550},"_position":{"__type__":"cc.Vec2","x":-616,"y":274}},{"__type__":"cc.ScrollView","node":{"__id__":6},"content":{"__id__":36},"vertical":false,"brake":0.75,"bounceDuration":0.23,"_N$horizontalScrollBar":null,"_N$verticalScrollBar":null},{"__type__":"cc.Widget","node":{"__id__":6},"_alignFlags":40,"_left":5,"_right":5,"_originalWidth":1334}],{"__type__":"cc.SpriteFrame","content":{"name":"lockfugaituceng","texture":"d8kE3HskNOraYRnaYxnmiG","rect":[3,3,394,536],"offset":[0,0],"originalSize":[394,536]}},{"__type__":"cc.SpriteFrame","content":{"name":"conglindazuozhandiban","texture":"d8kE3HskNOraYRnaYxnmiG","rect":[3,902,336,82],"offset":[0,0],"originalSize":[336,82]}},{"__type__":"cc.SpriteFrame","content":{"name":"lock","texture":"d8kE3HskNOraYRnaYxnmiG","rect":[793,3,226,226],"offset":[0,0],"originalSize":[226,226]}},{"__type__":"cc.SpriteFrame","content":{"name":"default_panel","texture":"d8HsitJHxOYqo801xBk8ev","rect":[0,0,20,20],"offset":[0,0],"originalSize":[20,20],"capInsets":[4,3,4,3]}},{"__type__":"cc.SpriteFrame","content":{"name":"v","texture":"d8kE3HskNOraYRnaYxnmiG","rect":[936,431,46,36],"offset":[0,0],"originalSize":[46,36]}},{"__type__":"cc.SpriteFrame","content":{"name":"BG","texture":"25Si/Ki+hMlqF2yaosCl7I","rect":[1453,295,512,512],"offset":[0,0],"originalSize":[512,512]}},{"__type__":"cc.SpriteFrame","content":{"name":"anniu-xiamiandeditu","texture":"d8kE3HskNOraYRnaYxnmiG","rect":[398,3,394,536],"offset":[0,0],"originalSize":[394,536]}},{"__type__":"cc.SpriteFrame","content":{"name":"3","texture":"d8kE3HskNOraYRnaYxnmiG","rect":[970,297,46,66],"offset":[0,0],"originalSize":[46,66]}},{"__type__":"cc.SpriteFrame","content":{"name":"default_btn_pressed","texture":"b4P/PCArtIdIH38t6mlw8Y","rect":[0,0,40,40],"offset":[0,0],"originalSize":[40,40],"capInsets":[11,11,11,7]}}]