[{"__type__":"cc.SpriteFrame","content":{"name":"shouji17","texture":"20wkx7r05LO5L2PvQg5zW3","rect":[587,744,58,60],"offset":[-1,0],"originalSize":[64,64]}},{"__type__":"cc.SpriteFrame","content":{"name":"shouji02","texture":"20wkx7r05LO5L2PvQg5zW3","rect":[958,201,60,60],"offset":[0,0],"originalSize":[64,64]}},{"__type__":"cc.SpriteFrame","content":{"name":"shouji04","texture":"20wkx7r05LO5L2PvQg5zW3","rect":[324,1027,74,72],"offset":[1,-4],"originalSize":[86,86]}},{"__type__":"cc.SpriteFrame","content":{"name":"shouji01","texture":"20wkx7r05LO5L2PvQg5zW3","rect":[148,1222,52,50],"offset":[-2,3],"originalSize":[64,64]}},[{"__type__":"cc.Prefab","_name":"T_shouji_q_H","data":{"__id__":1},"asyncLoadAssets":false},{"__type__":"cc.Node","_name":"T_shouji_q_H","_children":[{"__id__":2},{"__id__":3},{"__id__":4},{"__id__":5},{"__id__":6},{"__id__":7},{"__id__":8}],"_components":[{"__id__":9},{"__type__":"3f6973JHftFpKTMspSNwhiz","node":{"__id__":1},"animationCtrl":{"__id__":9}}],"_prefab":{"__type__":"cc.PrefabInfo","root":{"__id__":1},"asset":{"__uuid__":"a6qMar66JObaX8bWCM/lwO"},"fileId":"34oQ79OHlATpvbF7n+eY/7"}},{"__type__":"cc.Node","_name":"sprite1","_parent":{"__id__":1},"_components":[{"__type__":"cc.Sprite","node":{"__id__":2},"_spriteFrame":{"__uuid__":"74Hoh4rY9N37EpO6sIEK8C"},"_dstBlendFactor":1}],"_prefab":{"__type__":"cc.PrefabInfo","root":{"__id__":1},"asset":{"__uuid__":"a6qMar66JObaX8bWCM/lwO"},"fileId":"6d6j9L515AlpdDOYPURhUQ"},"_color":{"__type__":"cc.Color","r":255,"g":244,"b":121},"_contentSize":{"__type__":"cc.Size","width":52,"height":50},"_scaleX":0.3,"_scaleY":0.3},{"__type__":"cc.Node","_name":"sprite2","_parent":{"__id__":1},"_components":[{"__type__":"cc.Sprite","node":{"__id__":3},"_spriteFrame":{"__uuid__":"4dGu1z74VKu7GDAFoOXdDP"},"_dstBlendFactor":1}],"_prefab":{"__type__":"cc.PrefabInfo","root":{"__id__":1},"asset":{"__uuid__":"a6qMar66JObaX8bWCM/lwO"},"fileId":"0cU+dWv0NH3rzx8RvXw9E0"},"_color":{"__type__":"cc.Color","r":255,"g":244,"b":121},"_contentSize":{"__type__":"cc.Size","width":60,"height":60},"_scaleX":0.3,"_scaleY":0.3},{"__type__":"cc.Node","_name":"sprite3","_parent":{"__id__":1},"_components":[{"__type__":"cc.Sprite","node":{"__id__":4},"_spriteFrame":{"__uuid__":"1371gg7Y5H3rzQdwjRbfwx"},"_dstBlendFactor":1}],"_prefab":{"__type__":"cc.PrefabInfo","root":{"__id__":1},"asset":{"__uuid__":"a6qMar66JObaX8bWCM/lwO"},"fileId":"a3xbmF3PVD9KkV608OxFiw"},"_color":{"__type__":"cc.Color","r":255,"g":244,"b":121},"_contentSize":{"__type__":"cc.Size","width":58,"height":60},"_scaleX":0.3,"_scaleY":0.3},{"__type__":"cc.Node","_name":"sprite4","_parent":{"__id__":1},"_components":[{"__type__":"cc.Sprite","node":{"__id__":5},"_spriteFrame":{"__uuid__":"f9/W1sOmlOW4U8n/PVS6R+"},"_dstBlendFactor":1}],"_prefab":{"__type__":"cc.PrefabInfo","root":{"__id__":1},"asset":{"__uuid__":"a6qMar66JObaX8bWCM/lwO"},"fileId":"81wCRenq9Lsq74THOWbG4D"},"_color":{"__type__":"cc.Color","r":255,"g":244,"b":121},"_contentSize":{"__type__":"cc.Size","width":19,"height":19},"_scaleX":0.3,"_scaleY":0.3},{"__type__":"cc.Node","_name":"sprite5","_parent":{"__id__":1},"_components":[{"__type__":"cc.Sprite","node":{"__id__":6},"_spriteFrame":{"__uuid__":"f9/W1sOmlOW4U8n/PVS6R+"},"_dstBlendFactor":1}],"_prefab":{"__type__":"cc.PrefabInfo","root":{"__id__":1},"asset":{"__uuid__":"a6qMar66JObaX8bWCM/lwO"},"fileId":"761J+7fwBIrKQDMsa5z0YS"},"_color":{"__type__":"cc.Color","r":255,"g":244,"b":121},"_contentSize":{"__type__":"cc.Size","width":19,"height":19},"_scaleX":0.3,"_scaleY":0.3},{"__type__":"cc.Node","_name":"sprite6","_parent":{"__id__":1},"_components":[{"__type__":"cc.Sprite","node":{"__id__":7},"_spriteFrame":{"__uuid__":"f9/W1sOmlOW4U8n/PVS6R+"},"_dstBlendFactor":1}],"_prefab":{"__type__":"cc.PrefabInfo","root":{"__id__":1},"asset":{"__uuid__":"a6qMar66JObaX8bWCM/lwO"},"fileId":"d0Yw3OFW5IbKdG6wMemKYs"},"_color":{"__type__":"cc.Color","r":255,"g":244,"b":121},"_contentSize":{"__type__":"cc.Size","width":19,"height":19},"_scaleX":0.3,"_scaleY":0.3},{"__type__":"cc.Node","_name":"sprite7","_parent":{"__id__":1},"_components":[{"__type__":"cc.Sprite","node":{"__id__":8},"_spriteFrame":{"__uuid__":"596a0BgDdAI50NfAxDKwmi"},"_dstBlendFactor":1}],"_prefab":{"__type__":"cc.PrefabInfo","root":{"__id__":1},"asset":{"__uuid__":"a6qMar66JObaX8bWCM/lwO"},"fileId":"c9rv4HiCdEe5eOLFH+PdHI"},"_color":{"__type__":"cc.Color","r":250,"g":130},"_contentSize":{"__type__":"cc.Size","width":74,"height":72},"_scaleX":0.3,"_scaleY":0.3},{"__type__":"cc.Animation","node":{"__id__":1},"_defaultClip":{"__uuid__":"d3YOrfp3lJSY3d/3lGWr9h"},"_clips":[{"__uuid__":"d3YOrfp3lJSY3d/3lGWr9h"}]}],{"__type__":"cc.AnimationClip","_name":"shouji_q_H","_duration":0.43333333333333335,"sample":30,"curveData":{"paths":{"sprite1":{"props":{"scaleX":[{"frame":0,"value":0.3},{"frame":0.06666666666666667,"value":1.5},{"frame":0.13333333333333333,"value":2}],"scaleY":[{"frame":0,"value":0.3},{"frame":0.06666666666666667,"value":1.5},{"frame":0.13333333333333333,"value":2}],"anchorX":[{"frame":0,"value":0.6}],"anchorY":[{"frame":0,"value":0.3}],"opacity":[{"frame":0,"value":0},{"frame":0.06666666666666667,"value":250.94231249982246},{"frame":0.13333333333333333,"value":0}]}},"sprite2":{"props":{"scaleX":[{"frame":0,"value":0.3},{"frame":0.06666666666666667,"value":0.7666666666666666},{"frame":0.1,"value":1}],"scaleY":[{"frame":0,"value":0.3},{"frame":0.06666666666666667,"value":0.7666666666666666},{"frame":0.1,"value":1}],"opacity":[{"frame":0,"value":0},{"frame":0.03333333333333333,"value":255},{"frame":0.06666666666666667,"value":254},{"frame":0.1,"value":254},{"frame":0.16666666666666666,"value":0}],"color":[{"frame":0,"value":{"__type__":"cc.Color","r":255,"g":255,"b":255}},{"frame":0.06666666666666667,"value":{"__type__":"cc.Color","r":245,"g":204,"b":75}},{"frame":0.16666666666666666,"value":{"__type__":"cc.Color","r":255,"g":106,"b":7}}]}},"sprite3":{"comps":{"cc.Sprite":{}},"props":{"scaleX":[{"frame":0,"value":0.5},{"frame":0.13333333333333333,"value":1.5},{"frame":0.36666666666666664,"value":2.5}],"scaleY":[{"frame":0,"value":0.5},{"frame":0.13333333333333333,"value":1.5},{"frame":0.36666666666666664,"value":2.5}],"position":[{"frame":0,"value":[0,0]}],"opacity":[{"frame":0,"value":0},{"frame":0.03333333333333333,"value":255},{"frame":0.2,"value":180},{"frame":0.26666666666666666,"value":50},{"frame":0.36666666666666664,"value":0}],"color":[{"frame":0,"value":{"__type__":"cc.Color","r":255,"g":245}},{"frame":0.13333333333333333,"value":{"__type__":"cc.Color","r":255,"g":233,"b":87}},{"frame":0.36666666666666664,"value":{"__type__":"cc.Color","r":255,"g":184}}]}},"sprite4":{"props":{"scaleX":[{"frame":0,"value":0.5},{"frame":0.23333333333333334,"value":0.3,"curve":"linear"},{"frame":0.43333333333333335,"value":0.03}],"scaleY":[{"frame":0,"value":0.5},{"frame":0.23333333333333334,"value":0.3},{"frame":0.43333333333333335,"value":0.03}],"position":[{"frame":0,"value":[0,0]},{"frame":0.13333333333333333,"value":[29.963636363636372,27.200000000000003]},{"frame":0.43333333333333335,"value":[41.2,37.4]}],"opacity":[{"frame":0,"value":0},{"frame":0.03333333333333333,"value":255},{"frame":0.3,"value":150},{"frame":0.43333333333333335,"value":0}],"color":[{"frame":0,"value":{"__type__":"cc.Color","r":255,"g":234,"b":77}}]}},"sprite5":{"props":{"scaleX":[{"frame":0,"value":0.3},{"frame":0.16666666666666666,"value":0.5},{"frame":0.43333333333333335,"value":0.03}],"scaleY":[{"frame":0,"value":0.3},{"frame":0.16666666666666666,"value":0.5},{"frame":0.43333333333333335,"value":0.03}],"position":[{"frame":0,"value":[0,0]},{"frame":0.2,"value":[-43.04666666666667,6.526666666666666]},{"frame":0.43333333333333335,"value":[-58.7,8.9]}],"opacity":[{"frame":0,"value":0},{"frame":0.03333333333333333,"value":255},{"frame":0.3,"value":150},{"frame":0.43333333333333335,"value":0}],"color":[{"frame":0,"value":{"__type__":"cc.Color","r":255,"g":234,"b":77}}]}},"sprite6":{"props":{"scaleX":[{"frame":0,"value":0.3},{"frame":0.13333333333333333,"value":0.5},{"frame":0.43333333333333335,"value":0.03}],"scaleY":[{"frame":0,"value":0.3},{"frame":0.13333333333333333,"value":0.5},{"frame":0.43333333333333335,"value":0.03}],"opacity":[{"frame":0,"value":0},{"frame":0.03333333333333333,"value":255},{"frame":0.3333333333333333,"value":150},{"frame":0.43333333333333335,"value":0}],"position":[{"frame":0,"value":[0,0]},{"frame":0.43333333333333335,"value":[33.1,-37.4]}],"color":[{"frame":0,"value":{"__type__":"cc.Color","r":255,"g":234,"b":77}}]}},"sprite7":{"props":{"scaleX":[{"frame":0.03333333333333333,"value":0.3},{"frame":0.1,"value":1.5},{"frame":0.2,"value":2.5}],"scaleY":[{"frame":0.03333333333333333,"value":0.3},{"frame":0.1,"value":1.5},{"frame":0.2,"value":2.5}],"rotation":[{"frame":0.03333333333333333,"value":180}],"opacity":[{"frame":0.03333333333333333,"value":0},{"frame":0.06666666666666667,"value":255},{"frame":0.1,"value":255},{"frame":0.2,"value":0}]}}},"props":{"scaleX":[{"frame":0,"value":1.2}],"scaleY":[{"frame":0,"value":1.2}]}}},{"__type__":"cc.SpriteFrame","content":{"name":"zidan01","texture":"20wkx7r05LO5L2PvQg5zW3","rect":[143,555,19,19],"offset":[0,0],"originalSize":[19,19]}}]