[{"__type__":"cc.SpriteFrame","content":{"name":"victory_07s","texture":"5f2BaCmQ1CnYPuCD1/rLg9","rect":[338,895,126,98],"offset":[-1,0],"originalSize":[178,100]}},{"__type__":"cc.SpriteFrame","content":{"name":"bg3","texture":"5f2BaCmQ1CnYPuCD1/rLg9","rect":[756,58,46,26],"offset":[0,0],"originalSize":[46,26]}},[{"__type__":"cc.Prefab","_name":"LoseUI","data":{"__id__":1},"asyncLoadAssets":false},{"__type__":"cc.Node","_name":"LoseUI","_children":[{"__id__":2}],"_components":[{"__type__":"cc.Widget","node":{"__id__":1},"_alignFlags":45},{"__type__":"6ab50ntHYJKkbG92RYHeBfj","node":{"__id__":1},"Ani":{"__id__":19},"Value":{"__id__":18}},{"__type__":"cc.Animation","node":{"__id__":1},"_defaultClip":{"__uuid__":"c5Aqi2a/9L1Y6W+EzE5jp/"},"_clips":[{"__uuid__":"c5Aqi2a/9L1Y6W+EzE5jp/"}]}],"_prefab":{"__type__":"cc.PrefabInfo","root":{"__id__":1},"asset":{"__uuid__":"41eMy68xtHgqDIYqTtvw7b"},"fileId":"e6nADXeXdJf76Z7yOi5HS5"},"_contentSize":{"__type__":"cc.Size","width":1334,"height":750},"_position":{"__type__":"cc.Vec2","x":667,"y":375}},{"__type__":"cc.Node","_name":"jiesuan_shibai","_parent":{"__id__":1},"_children":[{"__id__":3},{"__id__":4},{"__id__":15}],"_components":[{"__id__":19},{"__type__":"cc.Widget","node":{"__id__":2},"_alignFlags":45}],"_prefab":{"__type__":"cc.PrefabInfo","root":{"__id__":1},"asset":{"__uuid__":"41eMy68xtHgqDIYqTtvw7b"},"fileId":"abMUOieO9Ffb+mlSxMM4+N"},"_contentSize":{"__type__":"cc.Size","width":1334,"height":750}},{"__type__":"cc.Node","_name":"bg2","_parent":{"__id__":2},"_components":[{"__type__":"cc.Sprite","node":{"__id__":3},"_spriteFrame":{"__uuid__":"40vurQ7gxJl7+rm1/4FkRf"},"_sizeMode":0},{"__type__":"cc.Widget","node":{"__id__":3},"_alignFlags":45,"_left":-30,"_right":-30,"_top":-30,"_bottom":-30}],"_prefab":{"__type__":"cc.PrefabInfo","root":{"__id__":1},"asset":{"__uuid__":"41eMy68xtHgqDIYqTtvw7b"},"fileId":"0fbRfFpYxIO7no3NmFXAiH"},"_contentSize":{"__type__":"cc.Size","width":47.25423728813559,"height":27.45762711864407},"_scaleX":29.5,"_scaleY":29.5},{"__type__":"cc.Node","_name":"New Node","_parent":{"__id__":2},"_children":[{"__id__":5},{"__id__":6},{"__id__":10},{"__id__":14}],"_prefab":{"__type__":"cc.PrefabInfo","root":{"__id__":1},"asset":{"__uuid__":"41eMy68xtHgqDIYqTtvw7b"},"fileId":"9eiyOTBRpJ4rREjpUVZSd6"}},{"__type__":"cc.Node","_name":"7","_parent":{"__id__":4},"_components":[{"__type__":"cc.Sprite","node":{"__id__":5},"_spriteFrame":{"__uuid__":"03OHoIvGZHa5pWKY0EB5NQ"}}],"_prefab":{"__type__":"cc.PrefabInfo","root":{"__id__":1},"asset":{"__uuid__":"41eMy68xtHgqDIYqTtvw7b"},"fileId":"4d6ga8PZhCGLiV7fUGPL+y"},"_contentSize":{"__type__":"cc.Size","width":126,"height":98},"_scaleX":7.6,"_scaleY":7.6,"_position":{"__type__":"cc.Vec2","y":-20}},{"__type__":"cc.Node","_name":"New Node","_parent":{"__id__":4},"_children":[{"__id__":7},{"__id__":8},{"__id__":9}],"_prefab":{"__type__":"cc.PrefabInfo","root":{"__id__":1},"asset":{"__uuid__":"41eMy68xtHgqDIYqTtvw7b"},"fileId":"f6co6Jky9N9baZIJXN46An"},"_scaleX":-1,"_position":{"__type__":"cc.Vec2","y":152}},{"__type__":"cc.Node","_name":"5","_parent":{"__id__":6},"_components":[{"__type__":"cc.Sprite","node":{"__id__":7},"_spriteFrame":{"__uuid__":"68JPiZW7pO87ngAIpPjmzw"}}],"_prefab":{"__type__":"cc.PrefabInfo","root":{"__id__":1},"asset":{"__uuid__":"41eMy68xtHgqDIYqTtvw7b"},"fileId":"0eiGBPZttDzLp4CjoTccH5"},"_contentSize":{"__type__":"cc.Size","width":227,"height":181},"_position":{"__type__":"cc.Vec2","x":-158,"y":-36}},{"__type__":"cc.Node","_name":"6","_parent":{"__id__":6},"_components":[{"__type__":"cc.Sprite","node":{"__id__":8},"_spriteFrame":{"__uuid__":"defsaHha1HhpCUTnFprWTQ"}}],"_prefab":{"__type__":"cc.PrefabInfo","root":{"__id__":1},"asset":{"__uuid__":"41eMy68xtHgqDIYqTtvw7b"},"fileId":"a0fzN1+MZOza/1M2AArfrC"},"_contentSize":{"__type__":"cc.Size","width":238,"height":181},"_position":{"__type__":"cc.Vec2","x":-158,"y":-127}},{"__type__":"cc.Node","_name":"4","_parent":{"__id__":6},"_components":[{"__type__":"cc.Sprite","node":{"__id__":9},"_spriteFrame":{"__uuid__":"75SmRlhmxEl7FZiMs4M8G6"}}],"_prefab":{"__type__":"cc.PrefabInfo","root":{"__id__":1},"asset":{"__uuid__":"41eMy68xtHgqDIYqTtvw7b"},"fileId":"63MkAnwglBAr3xVrN0fzE+"},"_contentSize":{"__type__":"cc.Size","width":130,"height":84},"_position":{"__type__":"cc.Vec2","x":-217,"y":-73}},{"__type__":"cc.Node","_name":"1111","_parent":{"__id__":4},"_children":[{"__id__":11},{"__id__":12},{"__id__":13}],"_prefab":{"__type__":"cc.PrefabInfo","root":{"__id__":1},"asset":{"__uuid__":"41eMy68xtHgqDIYqTtvw7b"},"fileId":"ddTef/yaxKvoPLsYf0B0h/"},"_position":{"__type__":"cc.Vec2","y":152}},{"__type__":"cc.Node","_name":"51","_parent":{"__id__":10},"_components":[{"__type__":"cc.Sprite","node":{"__id__":11},"_spriteFrame":{"__uuid__":"68JPiZW7pO87ngAIpPjmzw"}}],"_prefab":{"__type__":"cc.PrefabInfo","root":{"__id__":1},"asset":{"__uuid__":"41eMy68xtHgqDIYqTtvw7b"},"fileId":"b2aGCVd25KBZyjNgkU25QW"},"_contentSize":{"__type__":"cc.Size","width":227,"height":181},"_position":{"__type__":"cc.Vec2","x":-158,"y":-36}},{"__type__":"cc.Node","_name":"61","_parent":{"__id__":10},"_components":[{"__type__":"cc.Sprite","node":{"__id__":12},"_spriteFrame":{"__uuid__":"defsaHha1HhpCUTnFprWTQ"}}],"_prefab":{"__type__":"cc.PrefabInfo","root":{"__id__":1},"asset":{"__uuid__":"41eMy68xtHgqDIYqTtvw7b"},"fileId":"37VddML/hFGouqB8sKksXr"},"_contentSize":{"__type__":"cc.Size","width":238,"height":181},"_position":{"__type__":"cc.Vec2","x":-158,"y":-127}},{"__type__":"cc.Node","_name":"41","_parent":{"__id__":10},"_components":[{"__type__":"cc.Sprite","node":{"__id__":13},"_spriteFrame":{"__uuid__":"75SmRlhmxEl7FZiMs4M8G6"}}],"_prefab":{"__type__":"cc.PrefabInfo","root":{"__id__":1},"asset":{"__uuid__":"41eMy68xtHgqDIYqTtvw7b"},"fileId":"73sxI2zltCCrKigE3bGukd"},"_contentSize":{"__type__":"cc.Size","width":130,"height":84},"_position":{"__type__":"cc.Vec2","x":-217,"y":-73}},{"__type__":"cc.Node","_name":"shengli","_parent":{"__id__":4},"_components":[{"__type__":"cc.Sprite","node":{"__id__":14},"_spriteFrame":{"__uuid__":"4aCpWmtTJNCIWez5av9Jb9"}}],"_prefab":{"__type__":"cc.PrefabInfo","root":{"__id__":1},"asset":{"__uuid__":"41eMy68xtHgqDIYqTtvw7b"},"fileId":"37JFhNYOlIEYMSTaRB7wE4"},"_contentSize":{"__type__":"cc.Size","width":396,"height":373},"_position":{"__type__":"cc.Vec2","y":32}},{"__type__":"cc.Node","_name":"Reason","_parent":{"__id__":2},"_children":[{"__id__":16},{"__id__":17}],"_components":[{"__type__":"cc.Sprite","node":{"__id__":15},"_spriteFrame":{"__uuid__":"98oY9qar9Mv6DbcmTU1yZD"},"_type":1,"_sizeMode":0},{"__type__":"cc.Layout","node":{"__id__":15},"_layoutSize":{"__type__":"cc.Size","width":286,"height":40},"_resize":1,"_N$layoutType":1,"_N$paddingLeft":30,"_N$paddingRight":30}],"_prefab":{"__type__":"cc.PrefabInfo","root":{"__id__":1},"asset":{"__uuid__":"41eMy68xtHgqDIYqTtvw7b"},"fileId":"54knK3uCJIe6vtlgrSVSrT"},"_contentSize":{"__type__":"cc.Size","width":286,"height":40},"_position":{"__type__":"cc.Vec2","y":-200}},{"__type__":"cc.Node","_name":"yinsegantanhao","_parent":{"__id__":15},"_components":[{"__type__":"cc.Sprite","node":{"__id__":16},"_spriteFrame":{"__uuid__":"8fn7LYthlJzKAK77RhMGkg"}}],"_prefab":{"__type__":"cc.PrefabInfo","root":{"__id__":1},"asset":{"__uuid__":"41eMy68xtHgqDIYqTtvw7b"},"fileId":"e1V3iLJ1ZMC6M9qPqY8dX1"},"_contentSize":{"__type__":"cc.Size","width":44,"height":44},"_position":{"__type__":"cc.Vec2","x":-91,"y":20}},{"__type__":"cc.Node","_name":"New Label","_parent":{"__id__":15},"_components":[{"__id__":18}],"_prefab":{"__type__":"cc.PrefabInfo","root":{"__id__":1},"asset":{"__uuid__":"41eMy68xtHgqDIYqTtvw7b"},"fileId":"21MSH80V1CxqHWU/NeHMTW"},"_color":{"__type__":"cc.Color","r":59,"g":66,"b":118},"_contentSize":{"__type__":"cc.Size","width":182,"height":40},"_position":{"__type__":"cc.Vec2","x":22}},{"__type__":"cc.Label","node":{"__id__":17},"_useOriginalSize":false,"_actualFontSize":26,"_fontSize":26,"_N$string":"我方基地被摧毁","_N$horizontalAlign":1,"_N$verticalAlign":1},{"__type__":"cc.Animation","node":{"__id__":2},"_defaultClip":{"__uuid__":"aeEO4dyYNMq7WJIEd8cADG"},"_clips":[{"__uuid__":"aeEO4dyYNMq7WJIEd8cADG"}]}],{"__type__":"cc.SpriteFrame","content":{"name":"victory_01s","texture":"fcJS4K3v9B9LpajzpsNm+D","rect":[3,377,396,373],"offset":[0,0],"originalSize":[396,373]}},{"__type__":"cc.SpriteFrame","content":{"name":"victory_05s","texture":"fcJS4K3v9B9LpajzpsNm+D","rect":[1149,456,227,181],"offset":[0,0],"originalSize":[227,181]}},{"__type__":"cc.SpriteFrame","content":{"name":"victory_04s","texture":"fcJS4K3v9B9LpajzpsNm+D","rect":[1133,3,130,84],"offset":[-2,4],"originalSize":[136,108]}},{"__type__":"cc.SpriteFrame","content":{"name":"yinsegantanhao","texture":"661XjWfv1BOayrl/asTWcd","rect":[3,201,44,44],"offset":[0,0],"originalSize":[44,44]}},{"__type__":"cc.SpriteFrame","content":{"name":"yinsediban","texture":"661XjWfv1BOayrl/asTWcd","rect":[616,3,312,42],"offset":[0,0],"originalSize":[312,42],"capInsets":[60,15,60,15]}},{"__type__":"cc.AnimationClip","_name":"jiesuan_shibai","_duration":2.4833333333333334,"curveData":{"paths":{"New Node/shengli":{"props":{"scaleX":[{"frame":0,"value":0.4},{"frame":0.1,"value":1.9},{"frame":0.2833333333333333,"value":0.6},{"frame":0.4166666666666667,"value":1.1},{"frame":0.6333333333333333,"value":1},{"frame":1.2833333333333334,"value":1}],"scaleY":[{"frame":0,"value":0.4},{"frame":0.1,"value":1.5},{"frame":0.2833333333333333,"value":0.8},{"frame":0.4166666666666667,"value":1.1},{"frame":0.6333333333333333,"value":1},{"frame":1.2833333333333334,"value":1}],"y":[{"frame":1.1333333333333333,"value":27}],"x":[{"frame":1.1333333333333333,"value":0}]}},"New Node/2":{"props":{"scaleY":[{"frame":0.4166666666666667,"value":1},{"frame":0.5166666666666667,"value":1},{"frame":0.6333333333333333,"value":1},{"frame":1.2833333333333334,"value":1}],"scaleX":[{"frame":0,"value":0.7},{"frame":0.11666666666666667,"value":1},{"frame":0.21666666666666667,"value":1.2},{"frame":0.3333333333333333,"value":1},{"frame":1.2833333333333334,"value":1}],"opacity":[{"frame":0.2,"value":0},{"frame":0.2833333333333333,"value":255}],"y":[{"frame":0.25,"value":52},{"frame":0.3,"value":107.5},{"frame":0.4166666666666667,"value":183},{"frame":0.5333333333333333,"value":147},{"frame":0.65,"value":173},{"frame":0.75,"value":152},{"frame":0.8833333333333333,"value":159},{"frame":1.2833333333333334,"value":152}],"rotation":[{"frame":0.3,"value":-9.3},{"frame":0.4166666666666667,"value":3.5000000000000018},{"frame":0.55,"value":2.6515151515151527},{"frame":0.7666666666666667,"value":-2.778787878787879},{"frame":0.9666666666666667,"value":0.054848484848486645},{"frame":1.0166666666666666,"value":0},{"frame":1.1,"value":0}]}},"New Node/3":{"props":{"scaleX":[{"frame":0,"value":2},{"frame":0.2,"value":0.8},{"frame":0.26666666666666666,"value":1.13},{"frame":0.4,"value":1},{"frame":1.2833333333333334,"value":1}],"scaleY":[{"frame":0,"value":2},{"frame":0.2,"value":0.8},{"frame":0.26666666666666666,"value":1.13},{"frame":0.4,"value":1},{"frame":1.2833333333333334,"value":1}],"opacity":[{"frame":0,"value":0},{"frame":0.2,"value":255}],"rotation":[{"frame":1.0833333333333333,"value":7}]}},"New Node/New Node/6":{"props":{"y":[{"frame":0.43333333333333335,"value":-141},{"frame":0.6,"value":-125},{"frame":0.7833333333333333,"value":-127},{"frame":1.2333333333333334,"value":-127}],"x":[{"frame":0.43333333333333335,"value":-58},{"frame":0.6,"value":-156},{"frame":0.7833333333333333,"value":-147}],"opacity":[{"frame":0.3333333333333333,"value":0},{"frame":0.43333333333333335,"value":255}],"rotation":[{"frame":0.5,"value":13},{"frame":2,"value":0}]}},"New Node/New Node/5":{"props":{"y":[{"frame":0.4666666666666667,"value":-140},{"frame":0.6,"value":-66},{"frame":0.8333333333333334,"value":-72},{"frame":1.0833333333333333,"value":-72}],"x":[{"frame":0.4666666666666667,"value":-42},{"frame":0.6,"value":-103},{"frame":0.8333333333333334,"value":-87},{"frame":1.0833333333333333,"value":-87}],"opacity":[{"frame":0.45,"value":0},{"frame":0.5166666666666667,"value":255}],"rotation":[{"frame":0.6166666666666667,"value":43},{"frame":1.6333333333333333,"value":55}]}},"New Node/New Node/4":{"props":{"opacity":[{"frame":0.5333333333333333,"value":0},{"frame":0.6,"value":255}],"y":[{"frame":0.6333333333333333,"value":-114},{"frame":0.8,"value":-98},{"frame":0.9333333333333333,"value":-106},{"frame":1.3,"value":-114},{"frame":1.3666666666666667,"value":-113.125},{"frame":1.7,"value":-107},{"frame":2.15,"value":-110}],"x":[{"frame":0.6333333333333333,"value":-174},{"frame":0.8,"value":-240},{"frame":0.9333333333333333,"value":-226},{"frame":1.3,"value":-212},{"frame":1.3666666666666667,"value":-214.625},{"frame":1.7,"value":-233},{"frame":2.15,"value":-232}],"rotation":[{"frame":0.6333333333333333,"value":-143},{"frame":0.8,"value":-77},{"frame":0.9333333333333333,"value":-93},{"frame":1.3,"value":-122},{"frame":1.3666666666666667,"value":-118.40864250946457},{"frame":1.7,"value":-93.2691400757166},{"frame":2.15,"value":-99}]}},"New Node/1111/61":{"props":{"x":[{"frame":0.43333333333333335,"value":-20},{"frame":0.6,"value":-167},{"frame":0.7666666666666667,"value":-158},{"frame":1.2333333333333334,"value":-158}],"y":[{"frame":0.43333333333333335,"value":-105},{"frame":0.6,"value":-125},{"frame":0.7666666666666667,"value":-127},{"frame":1.2333333333333334,"value":-127}],"opacity":[{"frame":0.3333333333333333,"value":0},{"frame":0.43333333333333335,"value":255}],"rotation":[{"frame":0.5833333333333334,"value":16},{"frame":1.8333333333333333,"value":0}]}},"New Node/1111/41":{"props":{"x":[{"frame":0.5833333333333334,"value":-144},{"frame":0.9166666666666666,"value":-224},{"frame":2.0833333333333335,"value":-233}],"y":[{"frame":0.5833333333333334,"value":-98},{"frame":0.9166666666666666,"value":-168},{"frame":2.0833333333333335,"value":-190}],"opacity":[{"frame":0.5,"value":0},{"frame":0.5666666666666667,"value":255}],"rotation":[{"frame":0.55,"value":-37},{"frame":0.9,"value":-109},{"frame":1.7,"value":-108},{"frame":2.4833333333333334,"value":-111}]}},"New Node/1111/51":{"props":{"x":[{"frame":0.5,"value":-29},{"frame":0.6333333333333333,"value":-120},{"frame":0.85,"value":-105}],"y":[{"frame":0.5,"value":-113},{"frame":0.6333333333333333,"value":-55},{"frame":0.85,"value":-69}],"opacity":[{"frame":0.45,"value":0},{"frame":0.5,"value":255}],"rotation":[{"frame":0.7666666666666667,"value":-10}]}},"New Node/7":{"props":{"opacity":[{"frame":0.016666666666666666,"value":0},{"frame":0.5833333333333334,"value":125},{"frame":0.6833333333333333,"value":184.99999999999994},{"frame":0.8,"value":255}],"rotation":[{"frame":0.16666666666666666,"value":-16},{"frame":2.3833333333333333,"value":-10}],"scaleX":[{"frame":1.3333333333333333,"value":7.92}],"scaleY":[{"frame":1.3333333333333333,"value":7.92}]}},"bg2":{"props":{}}}}},{"__type__":"cc.AnimationClip","_name":"LoseUI_ani01","_duration":0.7333333333333333,"sample":30,"curveData":{"paths":{"_007_yuansu_G/_0007_yuansu":{"props":{"scaleX":[{"frame":0.16666666666666666,"value":0},{"frame":0.23333333333333334,"value":0.1},{"frame":0.36666666666666664,"value":0.73},{"frame":0.4666666666666667,"value":0.98,"curve":[0.21,0.39,0.5,1]},{"frame":0.7333333333333333,"value":1}],"scaleY":[{"frame":0.16666666666666666,"value":0},{"frame":0.23333333333333334,"value":0.1},{"frame":0.36666666666666664,"value":1},{"frame":0.4666666666666667,"value":1.02,"curve":[0.21,0.37,0.51,1]},{"frame":0.7333333333333333,"value":1}],"y":[{"frame":0.16666666666666666,"value":0},{"frame":0.23333333333333334,"value":0},{"frame":0.36666666666666664,"value":-1},{"frame":0.4666666666666667,"value":2,"curve":[0.21,0.42,0.49,1]},{"frame":0.7333333333333333,"value":0}]}},"_007_yuansu_G/_0006_victory":{"props":{"y":[{"frame":0,"value":838},{"frame":0.23333333333333334,"value":165},{"frame":0.3,"value":0},{"frame":0.43333333333333335,"value":7},{"frame":0.5,"value":-2.6,"curve":[0.21,0.37,0.48,1]},{"frame":0.7333333333333333,"value":0}],"scaleX":[{"frame":0,"value":0.02},{"frame":0.23333333333333334,"value":0.06},{"frame":0.3,"value":1},{"frame":0.43333333333333335,"value":0.93},{"frame":0.5,"value":1.02,"curve":[0.23,0.37,0.47,1]},{"frame":0.7333333333333333,"value":1}],"scaleY":[{"frame":0,"value":1},{"frame":0.23333333333333334,"value":3.2},{"frame":0.3,"value":1},{"frame":0.43333333333333335,"value":1.09},{"frame":0.5,"value":0.98,"curve":[0.22,0.37,0.42,1]},{"frame":0.7333333333333333,"value":1}]}},"_007_yuansu_G/_0004_cuihuidifangjididitu":{"props":{"scaleX":[{"frame":0.16666666666666666,"value":0},{"frame":0.23333333333333334,"value":0.22},{"frame":0.36666666666666664,"value":1.54},{"frame":0.43333333333333335,"value":1},{"frame":0.7333333333333333,"value":1}],"scaleY":[{"frame":0.16666666666666666,"value":0},{"frame":0.23333333333333334,"value":0.22},{"frame":0.36666666666666664,"value":0.64},{"frame":0.43333333333333335,"value":1},{"frame":0.7333333333333333,"value":1}]}},"WinLogo":{"props":{"scaleX":[{"frame":0,"value":0.12},{"frame":0.23333333333333334,"value":0.26},{"frame":0.3,"value":0.55},{"frame":0.43333333333333335,"value":1},{"frame":0.7333333333333333,"value":1}],"scaleY":[{"frame":0,"value":0.56},{"frame":0.23333333333333334,"value":1.39},{"frame":0.3,"value":0.55},{"frame":0.43333333333333335,"value":1},{"frame":0.7333333333333333,"value":1}],"y":[{"frame":0,"value":847},{"frame":0.23333333333333334,"value":198},{"frame":0.3,"value":0},{"frame":0.43333333333333335,"value":0},{"frame":0.7333333333333333,"value":0}]}}}}},{"__type__":"cc.SpriteFrame","content":{"name":"victory_06s","texture":"fcJS4K3v9B9LpajzpsNm+D","rect":[671,456,238,181],"offset":[0,0],"originalSize":[238,181]}}]