[{"__type__":"cc.SpriteFrame","content":{"name":"tk__0008","texture":"20wkx7r05LO5L2PvQg5zW3","rect":[958,73,62,64],"offset":[-1,0],"originalSize":[64,64]}},{"__type__":"cc.SpriteFrame","content":{"name":"shouji22","texture":"20wkx7r05LO5L2PvQg5zW3","rect":[152,1273,40,40],"offset":[0,0],"originalSize":[40,40]}},{"__type__":"cc.AnimationClip","_name":"T_boom_H","_duration":0.9,"sample":30,"wrapMode":0,"curveData":{"paths":{"sprite2":{"props":{"scaleX":[{"frame":0,"value":0.69},{"frame":0.23333333333333334,"value":4.18}],"scaleY":[{"frame":0,"value":0.69},{"frame":0.23333333333333334,"value":4.18}],"opacity":[{"frame":0,"value":0},{"frame":0.03333333333333333,"value":255},{"frame":0.13333333333333333,"value":255},{"frame":0.23333333333333334,"value":0}],"rotation":[{"frame":0.03333333333333333,"value":67}]}},"glow":{"props":{"scaleX":[{"frame":0.16666666666666666,"value":2.38},{"frame":0.43333333333333335,"value":0.99}],"scaleY":[{"frame":0.16666666666666666,"value":2.38},{"frame":0.43333333333333335,"value":0.99}],"opacity":[{"frame":0.06666666666666667,"value":0},{"frame":0.13333333333333333,"value":255},{"frame":0.4,"value":255},{"frame":0.5,"value":0}],"color":[{"frame":0.2,"value":{"__type__":"cc.Color","r":255,"g":255,"b":255}}]}},"quan":{"props":{"scaleX":[{"frame":0.13333333333333333,"value":1},{"frame":0.23333333333333334,"value":1.8},{"frame":0.5,"value":2}],"scaleY":[{"frame":0.13333333333333333,"value":1},{"frame":0.23333333333333334,"value":1.8},{"frame":0.5,"value":2}],"opacity":[{"frame":0.1,"value":0},{"frame":0.23333333333333334,"value":255},{"frame":0.5333333333333333,"value":0}]}},"quan3":{"props":{"opacity":[{"frame":0.23333333333333334,"value":0},{"frame":0.3333333333333333,"value":255},{"frame":0.4666666666666667,"value":255},{"frame":0.6333333333333333,"value":0}],"scaleX":[{"frame":0.23333333333333334,"value":1.91},{"frame":0.3333333333333333,"value":2.98},{"frame":0.6333333333333333,"value":3.47}],"scaleY":[{"frame":0.23333333333333334,"value":1.91},{"frame":0.3333333333333333,"value":2.98},{"frame":0.6333333333333333,"value":3.47}],"y":[{"frame":0.36666666666666664,"value":-4}],"x":[{"frame":0.36666666666666664,"value":-7}]}},"quan2":{"props":{"scaleX":[{"frame":0.1,"value":0.48},{"frame":0.16666666666666666,"value":1.28},{"frame":0.26666666666666666,"value":1.4}],"scaleY":[{"frame":0.1,"value":0.48},{"frame":0.16666666666666666,"value":1.28},{"frame":0.26666666666666666,"value":1.4}],"opacity":[{"frame":0.06666666666666667,"value":0},{"frame":0.16666666666666666,"value":255},{"frame":0.26666666666666666,"value":0}]}},"lizi3":{"props":{"y":[{"frame":0.5666666666666667,"value":-4}],"x":[{"frame":0.5666666666666667,"value":-5}],"scaleY":[{"frame":0.36666666666666664,"value":5.21},{"frame":0.6333333333333333,"value":3.68},{"frame":0.8666666666666667,"value":2.17}],"scaleX":[{"frame":0.36666666666666664,"value":5.21},{"frame":0.6333333333333333,"value":3.68},{"frame":0.8666666666666667,"value":2.17}],"opacity":[{"frame":0.3333333333333333,"value":0},{"frame":0.43333333333333335,"value":255},{"frame":0.7666666666666667,"value":255},{"frame":0.9,"value":0}],"rotation":[{"frame":0.36666666666666664,"value":0},{"frame":0.8666666666666667,"value":30}]}}}},"events":[{"frame":0.4666666666666667,"func":"","params":[]}]},{"__type__":"cc.SpriteFrame","content":{"name":"shouji21","texture":"20wkx7r05LO5L2PvQg5zW3","rect":[84,1092,80,74],"offset":[0,-2],"originalSize":[80,80]}},{"__type__":"cc.SpriteFrame","content":{"name":"tuowei_03","texture":"20wkx7r05LO5L2PvQg5zW3","rect":[143,469,20,28],"offset":[0,2],"originalSize":[32,32]}},{"__type__":"cc.SpriteFrame","content":{"name":"yanchen_c03","texture":"20wkx7r05LO5L2PvQg5zW3","rect":[458,659,128,128],"offset":[0,0],"originalSize":[128,128]}},{"__type__":"cc.SpriteFrame","content":{"name":"ring01","texture":"20wkx7r05LO5L2PvQg5zW3","rect":[132,838,122,122],"offset":[0,0],"originalSize":[128,128]}},[{"__type__":"cc.Prefab","_name":"T_boom_H","data":{"__id__":1},"asyncLoadAssets":false},{"__type__":"cc.Node","_name":"T_boom_H","_children":[{"__id__":2},{"__id__":3},{"__id__":4},{"__id__":5},{"__id__":6},{"__id__":7}],"_components":[{"__id__":8},{"__type__":"3f6973JHftFpKTMspSNwhiz","node":{"__id__":1},"animationCtrl":{"__id__":8}}],"_prefab":{"__type__":"cc.PrefabInfo","root":{"__id__":1},"asset":{"__uuid__":"c8rninSulHZJ8rbgyyDt23"},"fileId":"7fwEuYRv9ATJnPqJKD4Wo8"},"_scaleX":0.9,"_scaleY":0.9},{"__type__":"cc.Node","_name":"glow","_parent":{"__id__":1},"_components":[{"__type__":"cc.Sprite","node":{"__id__":2},"_spriteFrame":{"__uuid__":"26pZqkuotC368n4/ZSEb56"}}],"_prefab":{"__type__":"cc.PrefabInfo","root":{"__id__":1},"asset":{"__uuid__":"c8rninSulHZJ8rbgyyDt23"},"fileId":"b8a7QYf+5PArGPLrbuQBw1"},"_opacity":0,"_contentSize":{"__type__":"cc.Size","width":40,"height":40},"_scaleX":2.38,"_scaleY":2.38},{"__type__":"cc.Node","_name":"sprite2","_parent":{"__id__":1},"_components":[{"__type__":"cc.Sprite","node":{"__id__":3},"_spriteFrame":{"__uuid__":"4bbZRLwOBKooalsfw6FOCT"}}],"_prefab":{"__type__":"cc.PrefabInfo","root":{"__id__":1},"asset":{"__uuid__":"c8rninSulHZJ8rbgyyDt23"},"fileId":"e5lpcYxx5MNqLGdyHWHJ7J"},"_opacity":0,"_contentSize":{"__type__":"cc.Size","width":80,"height":74},"_rotationX":67,"_rotationY":67,"_scaleX":0.69,"_scaleY":0.69},{"__type__":"cc.Node","_name":"quan","_parent":{"__id__":1},"_components":[{"__type__":"cc.Sprite","node":{"__id__":4},"_spriteFrame":{"__uuid__":"aaf+ObgLJOhL7MOzxja6jD"}}],"_prefab":{"__type__":"cc.PrefabInfo","root":{"__id__":1},"asset":{"__uuid__":"c8rninSulHZJ8rbgyyDt23"},"fileId":"51ozGTXOZHn5V9jojRjhgc"},"_opacity":0,"_contentSize":{"__type__":"cc.Size","width":122,"height":122}},{"__type__":"cc.Node","_name":"quan2","_parent":{"__id__":1},"_components":[{"__type__":"cc.Sprite","node":{"__id__":5},"_spriteFrame":{"__uuid__":"5fhu1h86VFbZ2CRJqTBJcx"}}],"_prefab":{"__type__":"cc.PrefabInfo","root":{"__id__":1},"asset":{"__uuid__":"c8rninSulHZJ8rbgyyDt23"},"fileId":"4dWX/4qcFOq7VzgTlXpsX6"},"_opacity":0,"_contentSize":{"__type__":"cc.Size","width":128,"height":128},"_scaleX":0.39,"_scaleY":0.39},{"__type__":"cc.Node","_name":"quan3","_parent":{"__id__":1},"_components":[{"__type__":"cc.Sprite","node":{"__id__":6},"_spriteFrame":{"__uuid__":"09tpKjMpVA3Zv4JLwA2fZu"}}],"_prefab":{"__type__":"cc.PrefabInfo","root":{"__id__":1},"asset":{"__uuid__":"c8rninSulHZJ8rbgyyDt23"},"fileId":"f9akYQ5IlIcqAJ+cyWNkMh"},"_opacity":0,"_contentSize":{"__type__":"cc.Size","width":62,"height":64},"_scaleX":1.91,"_scaleY":1.91,"_position":{"__type__":"cc.Vec2","x":-7,"y":-4}},{"__type__":"cc.Node","_name":"lizi3","_parent":{"__id__":1},"_components":[{"__type__":"cc.Sprite","node":{"__id__":7},"_spriteFrame":{"__uuid__":"5fIYYBbUdAiL/vzVmuBgB/"}}],"_prefab":{"__type__":"cc.PrefabInfo","root":{"__id__":1},"asset":{"__uuid__":"c8rninSulHZJ8rbgyyDt23"},"fileId":"84INhLj29JObjphyKsOocf"},"_opacity":0,"_contentSize":{"__type__":"cc.Size","width":20,"height":28},"_scaleX":4.4,"_scaleY":4.4,"_position":{"__type__":"cc.Vec2","x":23.7,"y":-29}},{"__type__":"cc.Animation","node":{"__id__":1},"_defaultClip":{"__uuid__":"4aASxEwOFJZrs73Niki9hF"},"_clips":[{"__uuid__":"4aASxEwOFJZrs73Niki9hF"}]}]]