[{"__type__":"cc.AnimationClip","_name":"Tank_G_attack01","_duration":0.3333333333333333,"sample":30,"wrapMode":2,"curveData":{"paths":{"Tank_group/Tank_pao":{"props":{"x":[{"frame":0,"value":0},{"frame":0.03333333333333333,"value":0},{"frame":0.3333333333333333,"value":0}],"y":[{"frame":0,"value":23},{"frame":0.03333333333333333,"value":19.3},{"frame":0.3333333333333333,"value":23}],"scaleX":[{"frame":0,"value":1},{"frame":0.03333333333333333,"value":1.64},{"frame":0.06666666666666667,"value":1.25},{"frame":0.13333333333333333,"value":0.89},{"frame":0.3333333333333333,"value":1}],"scaleY":[{"frame":0,"value":1},{"frame":0.03333333333333333,"value":0.69},{"frame":0.06666666666666667,"value":0.92},{"frame":0.13333333333333333,"value":1.23},{"frame":0.3333333333333333,"value":1}]}},"Tank_group":{"props":{"x":[{"frame":0,"value":0},{"frame":0.03333333333333333,"value":0},{"frame":0.06666666666666667,"value":0},{"frame":0.13333333333333333,"value":0},{"frame":0.3333333333333333,"value":0}],"y":[{"frame":0,"value":-3.8},{"frame":0.03333333333333333,"value":-1.9},{"frame":0.06666666666666667,"value":-9.7},{"frame":0.13333333333333333,"value":-7.4},{"frame":0.3333333333333333,"value":-3.8}],"scaleX":[{"frame":0,"value":1},{"frame":0.03333333333333333,"value":0.91},{"frame":0.06666666666666667,"value":1.11},{"frame":0.13333333333333333,"value":0.99},{"frame":0.3333333333333333,"value":1}],"scaleY":[{"frame":0,"value":1},{"frame":0.03333333333333333,"value":1.1},{"frame":0.06666666666666667,"value":0.82},{"frame":0.13333333333333333,"value":0.96},{"frame":0.3333333333333333,"value":1}]}}}}},{"__type__":"cc.AnimationClip","_name":"Tank_G_idle01","_duration":0.4,"sample":30,"wrapMode":2,"curveData":{"paths":{"Tank_group":{"props":{"x":[{"frame":0,"value":0},{"frame":0.06666666666666667,"value":0},{"frame":0.13333333333333333,"value":-0.3},{"frame":0.2,"value":-0.3},{"frame":0.26666666666666666,"value":-0.7},{"frame":0.3333333333333333,"value":0},{"frame":0.4,"value":0}],"y":[{"frame":0,"value":-3.8},{"frame":0.06666666666666667,"value":-4.3},{"frame":0.13333333333333333,"value":-3.5},{"frame":0.2,"value":-3.2},{"frame":0.26666666666666666,"value":-4.6},{"frame":0.3333333333333333,"value":-3.4},{"frame":0.4,"value":-3.8}],"scaleX":[{"frame":0,"value":1},{"frame":0.13333333333333333,"value":0.97},{"frame":0.2,"value":1.02},{"frame":0.26666666666666666,"value":0.98},{"frame":0.3333333333333333,"value":1.02},{"frame":0.4,"value":1}],"scaleY":[{"frame":0,"value":1},{"frame":0.13333333333333333,"value":0.97},{"frame":0.2,"value":1.02},{"frame":0.26666666666666666,"value":0.98},{"frame":0.3333333333333333,"value":0.98},{"frame":0.4,"value":1}]}},"Tank_group/Tank_pao":{"props":{"y":[{"frame":0,"value":23},{"frame":0.4,"value":23}]}}}}}]