[[{"__type__":"cc.Prefab","_name":"jiasu_M","data":{"__id__":1},"asyncLoadAssets":false},{"__type__":"cc.Node","_name":"jiasu_M","_children":[{"__id__":2}],"_components":[{"__type__":"cc.BoxCollider","node":{"__id__":1}},{"__type__":"283deLRoEdBrrZr8xNXRa94","node":{"__id__":1},"Resid":1305,"DeadPrefab":{"__uuid__":"b93CiNZcJMRJDBtFIL71Nc"},"DeadPrefabName":"daojuxiaoshi_H","Body":{"__id__":1}}],"_prefab":{"__type__":"cc.PrefabInfo","root":{"__id__":1},"asset":{"__uuid__":"2fKee64AlMCYNac5NoCIGu"},"fileId":"12fxT1IEhBKoJ6XvJ4tVni"},"_anchorPoint":{"__type__":"cc.Vec2"},"groupIndex":4},{"__type__":"cc.Node","_name":"jiasu","_parent":{"__id__":1},"_children":[{"__id__":3}],"_prefab":{"__type__":"cc.PrefabInfo","root":{"__id__":1},"asset":{"__uuid__":"2fKee64AlMCYNac5NoCIGu"},"fileId":"3euQdaLY1N1Lpa8p7r6LlZ"}},{"__type__":"cc.Node","_name":"New Sprite","_parent":{"__id__":2},"_components":[{"__type__":"cc.Sprite","node":{"__id__":3},"_spriteFrame":{"__uuid__":"84oHcWliRAFozn4GsgtbQ3"}}],"_prefab":{"__type__":"cc.PrefabInfo","root":{"__id__":1},"asset":{"__uuid__":"2fKee64AlMCYNac5NoCIGu"},"fileId":"24c/s3w6pOvZ3nHYk7qbWn"},"_contentSize":{"__type__":"cc.Size","width":101,"height":101}}],{"__type__":"cc.SpriteFrame","content":{"name":"jiasu05","texture":"20wkx7r05LO5L2PvQg5zW3","rect":[453,836,101,101],"offset":[0,0],"originalSize":[101,101]}}]