[{"__type__":"cc.SpriteFrame","content":{"name":"jiguang04","texture":"20wkx7r05LO5L2PvQg5zW3","rect":[647,689,127,127],"offset":[3,2],"originalSize":[139,139]}},[{"__type__":"cc.Prefab","_name":"T_shifang_jiguang_L","data":{"__id__":1},"asyncLoadAssets":false},{"__type__":"cc.Node","_name":"T_shifang_jiguang_L","_components":[{"__type__":"cc.Sprite","node":{"__id__":1},"_spriteFrame":{"__uuid__":"010udLNedJ8pxXmKm0SU6H"},"_dstBlendFactor":0}],"_prefab":{"__type__":"cc.PrefabInfo","root":{"__id__":1},"asset":{"__uuid__":"fd/EMpWXRKQqYK1ANaHOs0"},"fileId":"377nUxDE9PEKgdBWr82r5b"},"_contentSize":{"__type__":"cc.Size","width":127,"height":127},"_scaleX":1.2,"_scaleY":1.2}]]