[{"__type__":"cc.SpriteFrame","content":{"name":"CG_tank_lvdai02","texture":"25Si/Ki+hMlqF2yaosCl7I","rect":[1153,752,98,79],"offset":[0,0],"originalSize":[98,79]}},{"__type__":"cc.AnimationClip","_name":"Logo_tanke_ani02","_duration":2.5166666666666666,"wrapMode":0,"curveData":{"paths":{"N_Logo_tanke_shang":{"props":{"position":[],"scaleX":[],"scaleY":[]}},"N_Logo_tanke_shengti":{"props":{"position":[],"scaleX":[],"scaleY":[]}},"N_Logo_tanke_lvdaiR01":{"props":{"scaleX":[],"scaleY":[],"position":[]}},"N_Logo_tanke_lvdaiL01":{"props":{"scaleX":[],"scaleY":[],"position":[]}},"N_Logo_tanke_lvdaiL01/N_Logo_tanke_lvdaiL05":{"props":{"position":[],"scaleX":[],"scaleY":[],"rotation":[]}},"N_Logo_tanke_lvdaiL01/N_Logo_tanke_lvdaiL06":{"props":{"position":[],"scaleX":[],"scaleY":[],"rotation":[]}},"N_Logo_tanke_lvdaiL01/N_Logo_tanke_lvdaiL04":{"props":{"position":[],"scaleX":[],"scaleY":[],"rotation":[]}},"N_Logo_tanke_lvdaiL01/N_Logo_tanke_lvdaiL03":{"props":{"position":[],"scaleX":[],"scaleY":[],"rotation":[]}},"N_Logo_tanke_lvdaiL01/N_Logo_tanke_lvdaiL02":{"props":{"position":[],"scaleX":[],"scaleY":[],"rotation":[]}},"N_Logo_tanke_lvdaiR01/N_Logo_tanke_lvdaiR02":{"props":{"position":[],"scaleX":[],"scaleY":[],"rotation":[]}},"N_Logo_tanke_lvdaiR01/N_Logo_tanke_lvdaiR03":{"props":{"position":[],"scaleX":[],"scaleY":[],"rotation":[]}},"N_Logo_tanke_lvdaiR01/N_Logo_tanke_lvdaiR04":{"props":{"position":[],"scaleX":[],"scaleY":[],"rotation":[]}},"N_Logo_tanke_lvdaiR01/N_Logo_tanke_lvdaiR05":{"props":{"position":[],"scaleX":[],"scaleY":[],"rotation":[]}}},"props":{"position":[{"frame":1.6666666666666667,"value":[-88,-121],"curve":[0.1,0.52,0.32,1],"motionPath":[]},{"frame":1.9,"value":[-32.9,33.6],"motionPath":[],"curve":[0.72,0,0.86,0.63]},{"frame":2.066666666666667,"value":[-8,-10.2],"motionPath":[]},{"frame":2.1333333333333333,"value":[-4.6,6],"motionPath":[]},{"frame":2.3333333333333335,"value":[-3,-5]},{"frame":2.5166666666666666,"value":[0,0],"motionPath":[]}],"scaleX":[{"frame":1.6666666666666667,"value":0.31},{"frame":1.9,"value":0.9},{"frame":2.033333333333333,"value":0.92},{"frame":2.066666666666667,"value":0.9},{"frame":2.5166666666666666,"value":1}],"scaleY":[{"frame":1.6666666666666667,"value":0.31},{"frame":1.9,"value":0.9},{"frame":2.033333333333333,"value":1.02},{"frame":2.066666666666667,"value":0.85},{"frame":2.5166666666666666,"value":1}],"opacity":[{"frame":1.5,"value":0},{"frame":1.6666666666666667,"value":255},{"frame":2.5166666666666666,"value":255}],"rotation":[{"frame":1.6666666666666667,"value":-28},{"frame":1.9,"value":-12},{"frame":2.066666666666667,"value":0},{"frame":2.1333333333333333,"value":2},{"frame":2.3333333333333335,"value":-2},{"frame":2.5166666666666666,"value":0}]}}},{"__type__":"cc.SpriteFrame","content":{"name":"CG_tank_lvdai01","texture":"25Si/Ki+hMlqF2yaosCl7I","rect":[1153,649,142,102],"offset":[0,0],"originalSize":[142,102]}},{"__type__":"cc.SpriteFrame","content":{"name":"CG_huan_01","texture":"25Si/Ki+hMlqF2yaosCl7I","rect":[712,423,440,440],"offset":[0,0],"originalSize":[440,440]}},{"__type__":"cc.SpriteFrame","content":{"name":"CG_tank_lvdai04","texture":"0c0Po/48ROEpzcz7uf6jDS","rect":[977,3,31,9],"offset":[0,0],"originalSize":[31,9]}},{"__type__":"cc.SpriteFrame","content":{"name":"_0007_greybutton","texture":"661XjWfv1BOayrl/asTWcd","rect":[616,89,206,86],"offset":[0,0],"originalSize":[206,86]}},{"__type__":"cc.SpriteFrame","content":{"name":"CG_Logo","texture":"25Si/Ki+hMlqF2yaosCl7I","rect":[1453,3,568,291],"offset":[0,0],"originalSize":[568,291]}},{"__type__":"cc.SpriteFrame","content":{"name":"_0011_back","texture":"aeQf/v2d5GzL/fTdnhZUd6","rect":[921,824,100,58],"offset":[0,0],"originalSize":[100,58]}},{"__type__":"cc.SpriteFrame","content":{"name":"default_btn_disabled","texture":"71VhFCTINJM6/Ky3oX9nBT","rect":[0,0,40,40],"offset":[0,0],"originalSize":[40,40],"capInsets":[15,7,15,9]}},{"__type__":"cc.SpriteFrame","content":{"name":"_0007_orangebutton","texture":"661XjWfv1BOayrl/asTWcd","rect":[823,89,176,74],"offset":[0,0],"originalSize":[176,74]}},[{"__type__":"cc.Prefab","_name":"LogoUI","data":{"__id__":1},"asyncLoadAssets":false},{"__type__":"cc.Node","_name":"LogoUI","_children":[{"__id__":2},{"__id__":3},{"__id__":40},{"__id__":58},{"__id__":62},{"__id__":65},{"__id__":68},{"__id__":71},{"__id__":74},{"__id__":77},{"__id__":80},{"__id__":83},{"__id__":86},{"__id__":98},{"__id__":100},{"__id__":101},{"__id__":103},{"__id__":105}],"_components":[{"__type__":"cc.Widget","node":{"__id__":1},"isAlignOnce":false,"_alignFlags":45},{"__type__":"35e6aCahn9E0KWwnBmcvZLZ","node":{"__id__":1},"startBtn":{"__id__":43},"startPVPBtn":{"__id__":46},"loadingNode":{"__id__":58},"loadingProcess":{"__id__":61},"BtnPCLogin":{"__id__":70},"BtnPCClear":{"__id__":73},"BtnCreateRoom":{"__id__":76},"BtnJoinRoom":{"__id__":64},"BtnServer":{"__id__":67},"AIResetBtn":{"__id__":79},"AISettingBtn":{"__id__":82},"GuideBtn":{"__id__":85},"DiamondLeftLabel":{"__id__":96},"BlueBtnSpr":{"__uuid__":"7bVXuX55VM36mljrwl8dF/"},"OrangeBtnSpr":{"__uuid__":"39KPZzUXNForAFpo8GD/Wn"},"GreyBtnSpr":{"__uuid__":"10aY44y9xPD4hcwKOwE7k0"},"GuidBtn":{"__id__":49},"RecordBtn":{"__id__":90},"DiamondBtn":{"__id__":97},"AutoJoinBtn":{"__id__":54},"ActivityBtn":{"__id__":57},"ShareBtn":{"__id__":102},"QRShareBtn":{"__id__":104}}],"_prefab":{"__type__":"cc.PrefabInfo","root":{"__id__":1},"asset":{"__uuid__":"3aQLCrEAdO7btsR48X8Uz2"},"fileId":"d7aj6TbnpIDpjQSgwmLg9y"},"_contentSize":{"__type__":"cc.Size","width":1344,"height":750},"_position":{"__type__":"cc.Vec2","x":672,"y":375}},{"__type__":"cc.Node","_name":"N_Logo_bg01","_parent":{"__id__":1},"_components":[{"__type__":"cc.Sprite","node":{"__id__":2},"_spriteFrame":{"__uuid__":"5aRPxN9E1M74Z68I+D4gzU"},"_sizeMode":0},{"__type__":"cc.Widget","node":{"__id__":2},"_alignFlags":45,"_left":-10,"_right":-10,"_top":-10,"_bottom":-10,"_originalWidth":284,"_originalHeight":160}],"_prefab":{"__type__":"cc.PrefabInfo","root":{"__id__":1},"asset":{"__uuid__":"3aQLCrEAdO7btsR48X8Uz2"},"fileId":"3e7ubezqNOv7TGAWTb1kSS"},"_contentSize":{"__type__":"cc.Size","width":1364,"height":770}},{"__type__":"cc.Node","_name":"N_Logo_All","_parent":{"__id__":1},"_children":[{"__id__":4},{"__id__":11},{"__id__":33}],"_components":[{"__type__":"cc.Widget","node":{"__id__":3},"_alignFlags":1,"_left":667,"_right":667,"_top":25,"_bottom":375}],"_prefab":{"__type__":"cc.PrefabInfo","root":{"__id__":1},"asset":{"__uuid__":"3aQLCrEAdO7btsR48X8Uz2"},"fileId":"34DaXYvyNBWIBhn6p0UCW0"},"_contentSize":{"__type__":"cc.Size","width":600,"height":700}},{"__type__":"cc.Node","_name":"N_Logo_qiu_G","_parent":{"__id__":3},"_children":[{"__id__":5}],"_prefab":{"__type__":"cc.PrefabInfo","root":{"__id__":1},"asset":{"__uuid__":"3aQLCrEAdO7btsR48X8Uz2"},"fileId":"bba4aL7XBKdKXG9hbYDHzy"},"_position":{"__type__":"cc.Vec2","y":80}},{"__type__":"cc.Node","_name":"N_Logo_qiu_Ani","_parent":{"__id__":4},"_children":[{"__id__":6},{"__id__":10}],"_components":[{"__type__":"cc.Animation","node":{"__id__":5},"_defaultClip":{"__uuid__":"7c9DFSRiRCiqbc3YK1ej+u"},"_clips":[{"__uuid__":"7c9DFSRiRCiqbc3YK1ej+u"}],"playOnLoad":true}],"_prefab":{"__type__":"cc.PrefabInfo","root":{"__id__":1},"asset":{"__uuid__":"3aQLCrEAdO7btsR48X8Uz2"},"fileId":"b4T52q/hlM9Y6RezdY+Fix"}},{"__type__":"cc.Node","_name":"qiu_g","_parent":{"__id__":5},"_children":[{"__id__":7},{"__id__":8},{"__id__":9}],"_prefab":{"__type__":"cc.PrefabInfo","root":{"__id__":1},"asset":{"__uuid__":"3aQLCrEAdO7btsR48X8Uz2"},"fileId":"9d84TE12hLlo9vBkvFDvjY"},"_position":{"__type__":"cc.Vec2","y":-5}},{"__type__":"cc.Node","_name":"qiu","_parent":{"__id__":6},"_components":[{"__type__":"cc.Sprite","node":{"__id__":7},"_spriteFrame":{"__uuid__":"96wtBNuAZPvLxppqo6JjuN"}}],"_prefab":{"__type__":"cc.PrefabInfo","root":{"__id__":1},"asset":{"__uuid__":"3aQLCrEAdO7btsR48X8Uz2"},"fileId":"79unqmPvVA2bEHXmDMWTr8"},"_contentSize":{"__type__":"cc.Size","width":416,"height":416}},{"__type__":"cc.Node","_name":"waihuan","_parent":{"__id__":6},"_components":[{"__type__":"cc.Sprite","node":{"__id__":8},"_spriteFrame":{"__uuid__":"51qbbfTchNcKvh7Z/daNm9"}}],"_prefab":{"__type__":"cc.PrefabInfo","root":{"__id__":1},"asset":{"__uuid__":"3aQLCrEAdO7btsR48X8Uz2"},"fileId":"edvKnCciZL9ZCyCqTBuokr"},"_anchorPoint":{"__type__":"cc.Vec2","x":0.66,"y":0.44},"_contentSize":{"__type__":"cc.Size","width":432,"height":510}},{"__type__":"cc.Node","_name":"neihuan","_parent":{"__id__":6},"_components":[{"__type__":"cc.Sprite","node":{"__id__":9},"_spriteFrame":{"__uuid__":"09GUfeVYNMJIrVBDb4hl5G"}}],"_prefab":{"__type__":"cc.PrefabInfo","root":{"__id__":1},"asset":{"__uuid__":"3aQLCrEAdO7btsR48X8Uz2"},"fileId":"588Ui4ABhOd4MhkKm3ZzYo"},"_contentSize":{"__type__":"cc.Size","width":440,"height":440}},{"__type__":"cc.Node","_name":"touying","_parent":{"__id__":5},"_components":[{"__type__":"cc.Sprite","node":{"__id__":10},"_spriteFrame":{"__uuid__":"b67iCQV+lLdZnJNC6vXdq6"}}],"_prefab":{"__type__":"cc.PrefabInfo","root":{"__id__":1},"asset":{"__uuid__":"3aQLCrEAdO7btsR48X8Uz2"},"fileId":"98wjKcqFJHIKYKXXUlacHT"},"_contentSize":{"__type__":"cc.Size","width":618,"height":86},"_position":{"__type__":"cc.Vec2","y":-280}},{"__type__":"cc.Node","_name":"N_Logo_tank_G","_parent":{"__id__":3},"_children":[{"__id__":12},{"__id__":17}],"_prefab":{"__type__":"cc.PrefabInfo","root":{"__id__":1},"asset":{"__uuid__":"3aQLCrEAdO7btsR48X8Uz2"},"fileId":"07Ej/+HxNFKacwjNoJEZRz"},"_position":{"__type__":"cc.Vec2","x":133,"y":143}},{"__type__":"cc.Node","_name":"Yan_G","_parent":{"__id__":11},"_children":[{"__id__":13},{"__id__":14},{"__id__":15},{"__id__":16}],"_components":[{"__type__":"cc.Animation","node":{"__id__":12},"_defaultClip":{"__uuid__":"6araGqeL5HWpwwOAr+4pDf"},"_clips":[{"__uuid__":"6araGqeL5HWpwwOAr+4pDf"}],"playOnLoad":true}],"_prefab":{"__type__":"cc.PrefabInfo","root":{"__id__":1},"asset":{"__uuid__":"3aQLCrEAdO7btsR48X8Uz2"},"fileId":"ff1uRUqZZDoa98V1E2Vt8e"}},{"__type__":"cc.Node","_name":"yan_01","_parent":{"__id__":12},"_components":[{"__type__":"cc.Sprite","node":{"__id__":13},"_spriteFrame":{"__uuid__":"79w8FR3rZBcJ9MIicho6dx"}}],"_prefab":{"__type__":"cc.PrefabInfo","root":{"__id__":1},"asset":{"__uuid__":"3aQLCrEAdO7btsR48X8Uz2"},"fileId":"bfu2S3WrlBvK2IxrAfOXC5"},"_contentSize":{"__type__":"cc.Size","width":64,"height":62}},{"__type__":"cc.Node","_name":"yan_02","_parent":{"__id__":12},"_components":[{"__type__":"cc.Sprite","node":{"__id__":14},"_spriteFrame":{"__uuid__":"79w8FR3rZBcJ9MIicho6dx"}}],"_prefab":{"__type__":"cc.PrefabInfo","root":{"__id__":1},"asset":{"__uuid__":"3aQLCrEAdO7btsR48X8Uz2"},"fileId":"a1IHVrNVNGh7373ZOp+4oU"},"_contentSize":{"__type__":"cc.Size","width":64,"height":62}},{"__type__":"cc.Node","_name":"yan_03","_parent":{"__id__":12},"_components":[{"__type__":"cc.Sprite","node":{"__id__":15},"_spriteFrame":{"__uuid__":"79w8FR3rZBcJ9MIicho6dx"}}],"_prefab":{"__type__":"cc.PrefabInfo","root":{"__id__":1},"asset":{"__uuid__":"3aQLCrEAdO7btsR48X8Uz2"},"fileId":"11FdUzWahL25usfjSkPGBO"},"_contentSize":{"__type__":"cc.Size","width":64,"height":62}},{"__type__":"cc.Node","_name":"yan_04","_parent":{"__id__":12},"_components":[{"__type__":"cc.Sprite","node":{"__id__":16},"_spriteFrame":{"__uuid__":"79w8FR3rZBcJ9MIicho6dx"}}],"_prefab":{"__type__":"cc.PrefabInfo","root":{"__id__":1},"asset":{"__uuid__":"3aQLCrEAdO7btsR48X8Uz2"},"fileId":"f0wZ8iPVdBzpD9Bpz5jQE9"},"_contentSize":{"__type__":"cc.Size","width":64,"height":62}},{"__type__":"cc.Node","_name":"N_Logo_tank_Ani","_parent":{"__id__":11},"_children":[{"__id__":18},{"__id__":20},{"__id__":25},{"__id__":26}],"_components":[{"__id__":32},{"__type__":"4d18eIvKH5KepPxrpkhBULC","node":{"__id__":17},"Animation":{"__id__":32},"AnimationClipName1":"Logo_tanke_ani01","AnimationClipName2":"Logo_tanke_ani02"}],"_prefab":{"__type__":"cc.PrefabInfo","root":{"__id__":1},"asset":{"__uuid__":"3aQLCrEAdO7btsR48X8Uz2"},"fileId":"3cxNK8PgdOIbXCIBwP7gKg"}},{"__type__":"cc.Node","_name":"N_Logo_tanke_shang","_parent":{"__id__":17},"_children":[{"__id__":19}],"_components":[{"__type__":"cc.Sprite","node":{"__id__":18},"_spriteFrame":{"__uuid__":"76ZjsPB21C94rrF4e6VF0t"}}],"_prefab":{"__type__":"cc.PrefabInfo","root":{"__id__":1},"asset":{"__uuid__":"3aQLCrEAdO7btsR48X8Uz2"},"fileId":"38GYyVz7pAT63hwKFEuW/E"},"_contentSize":{"__type__":"cc.Size","width":157,"height":63},"_scaleX":1.009472000000853,"_scaleY":0.990527999999147,"_position":{"__type__":"cc.Vec2","x":6.7,"y":30}},{"__type__":"cc.Node","_name":"N_Logo_tanke_pao","_parent":{"__id__":18},"_components":[{"__type__":"cc.Sprite","node":{"__id__":19},"_spriteFrame":{"__uuid__":"d4o4j7yRFC/bDifhJn3Vw5"}}],"_prefab":{"__type__":"cc.PrefabInfo","root":{"__id__":1},"asset":{"__uuid__":"3aQLCrEAdO7btsR48X8Uz2"},"fileId":"19WoHf5RNONLLChMgKVNUw"},"_contentSize":{"__type__":"cc.Size","width":126,"height":95},"_position":{"__type__":"cc.Vec2","x":76.5,"y":38.9}},{"__type__":"cc.Node","_name":"N_Logo_tanke_lvdaiR01","_parent":{"__id__":17},"_children":[{"__id__":21},{"__id__":22},{"__id__":23},{"__id__":24}],"_components":[{"__type__":"cc.Sprite","node":{"__id__":20},"_spriteFrame":{"__uuid__":"00hLKVYNhBkK9m5TYUvR+u"}}],"_prefab":{"__type__":"cc.PrefabInfo","root":{"__id__":1},"asset":{"__uuid__":"3aQLCrEAdO7btsR48X8Uz2"},"fileId":"80+fiqsVhC3ac15tzKE/Of"},"_contentSize":{"__type__":"cc.Size","width":98,"height":79},"_position":{"__type__":"cc.Vec2","x":93,"y":-37}},{"__type__":"cc.Node","_name":"N_Logo_tanke_lvdaiR02","_parent":{"__id__":20},"_components":[{"__type__":"cc.Sprite","node":{"__id__":21},"_spriteFrame":{"__uuid__":"69PEqjLM9IS4tu/qpaezfd"}}],"_prefab":{"__type__":"cc.PrefabInfo","root":{"__id__":1},"asset":{"__uuid__":"3aQLCrEAdO7btsR48X8Uz2"},"fileId":"51bEMnH1VLPoej7cvcLzbw"},"_contentSize":{"__type__":"cc.Size","width":20,"height":8},"_rotationX":0.7104000000639799,"_rotationY":0.7104000000639799,"_position":{"__type__":"cc.Vec2","x":24.457129795707363,"y":3.941146122227531}},{"__type__":"cc.Node","_name":"N_Logo_tanke_lvdaiR03","_parent":{"__id__":20},"_components":[{"__type__":"cc.Sprite","node":{"__id__":22},"_spriteFrame":{"__uuid__":"69PEqjLM9IS4tu/qpaezfd"}}],"_prefab":{"__type__":"cc.PrefabInfo","root":{"__id__":1},"asset":{"__uuid__":"3aQLCrEAdO7btsR48X8Uz2"},"fileId":"44DB6facpKoqP7sXgbM0+N"},"_contentSize":{"__type__":"cc.Size","width":20,"height":8},"_rotationX":0.8743384616172061,"_rotationY":0.8743384616172061,"_position":{"__type__":"cc.Vec2","x":19.45673806424205,"y":-2.629940645389141}},{"__type__":"cc.Node","_name":"N_Logo_tanke_lvdaiR04","_parent":{"__id__":20},"_components":[{"__type__":"cc.Sprite","node":{"__id__":23},"_spriteFrame":{"__uuid__":"69PEqjLM9IS4tu/qpaezfd"}}],"_prefab":{"__type__":"cc.PrefabInfo","root":{"__id__":1},"asset":{"__uuid__":"3aQLCrEAdO7btsR48X8Uz2"},"fileId":"17oac8WWtAW72ZiO4ITEZk"},"_contentSize":{"__type__":"cc.Size","width":20,"height":8},"_rotationX":1.9597241381075305,"_rotationY":1.9597241381075305,"_position":{"__type__":"cc.Vec2","x":13.373151999736404,"y":-9.117536000181703}},{"__type__":"cc.Node","_name":"N_Logo_tanke_lvdaiR05","_parent":{"__id__":20},"_components":[{"__type__":"cc.Sprite","node":{"__id__":24},"_spriteFrame":{"__uuid__":"69PEqjLM9IS4tu/qpaezfd"}}],"_prefab":{"__type__":"cc.PrefabInfo","root":{"__id__":1},"asset":{"__uuid__":"3aQLCrEAdO7btsR48X8Uz2"},"fileId":"b4NHnqvmhAaI6QhchzkN1K"},"_contentSize":{"__type__":"cc.Size","width":20,"height":8},"_rotationX":3.1573333336176876,"_rotationY":3.1573333336176876,"_scaleY":0.28959999993602004,"_position":{"__type__":"cc.Vec2","x":2.576959999673703,"y":-16.999520000243127}},{"__type__":"cc.Node","_name":"N_Logo_tanke_shengti","_parent":{"__id__":17},"_components":[{"__type__":"cc.Sprite","node":{"__id__":25},"_spriteFrame":{"__uuid__":"43Yc80R3xNN4RgdBLMbuZh"}}],"_prefab":{"__type__":"cc.PrefabInfo","root":{"__id__":1},"asset":{"__uuid__":"3aQLCrEAdO7btsR48X8Uz2"},"fileId":"45T/b2yNRFfYQ4WftO3AGI"},"_contentSize":{"__type__":"cc.Size","width":174,"height":102},"_position":{"__type__":"cc.Vec2","x":14,"y":-26.64167272724946}},{"__type__":"cc.Node","_name":"N_Logo_tanke_lvdaiL01","_parent":{"__id__":17},"_children":[{"__id__":27},{"__id__":28},{"__id__":29},{"__id__":30},{"__id__":31}],"_components":[{"__type__":"cc.Sprite","node":{"__id__":26},"_spriteFrame":{"__uuid__":"06PljV0jxEa6+Orl9g8MAp"}}],"_prefab":{"__type__":"cc.PrefabInfo","root":{"__id__":1},"asset":{"__uuid__":"3aQLCrEAdO7btsR48X8Uz2"},"fileId":"748ClSpQpDc6XUVS3leOTl"},"_contentSize":{"__type__":"cc.Size","width":142,"height":102},"_position":{"__type__":"cc.Vec2","x":-43,"y":-27.52080000012796}},{"__type__":"cc.Node","_name":"N_Logo_tanke_lvdaiL02","_parent":{"__id__":26},"_components":[{"__type__":"cc.Sprite","node":{"__id__":27},"_spriteFrame":{"__uuid__":"0dD8KNXqBB4JrNqRqhZcGC"}}],"_prefab":{"__type__":"cc.PrefabInfo","root":{"__id__":1},"asset":{"__uuid__":"3aQLCrEAdO7btsR48X8Uz2"},"fileId":"30IeozZpJHjonKI/u933Lt"},"_contentSize":{"__type__":"cc.Size","width":31,"height":9},"_rotationX":1.0723018868890262,"_rotationY":1.0723018868890262,"_scaleY":0.8907076922978493,"_position":{"__type__":"cc.Vec2","x":46.50626285701733,"y":1.6923885710946576}},{"__type__":"cc.Node","_name":"N_Logo_tanke_lvdaiL03","_parent":{"__id__":26},"_components":[{"__type__":"cc.Sprite","node":{"__id__":28},"_spriteFrame":{"__uuid__":"0dD8KNXqBB4JrNqRqhZcGC"}}],"_prefab":{"__type__":"cc.PrefabInfo","root":{"__id__":1},"asset":{"__uuid__":"3aQLCrEAdO7btsR48X8Uz2"},"fileId":"55Ur7qhWBMyZF8tSDm85Py"},"_contentSize":{"__type__":"cc.Size","width":31,"height":9},"_rotationX":0.8118857143588342,"_rotationY":0.8118857143588342,"_scaleX":0.81,"_scaleY":0.6977221463313515,"_position":{"__type__":"cc.Vec2","x":47.375359999817654,"y":-7.323040000326298}},{"__type__":"cc.Node","_name":"N_Logo_tanke_lvdaiL04","_parent":{"__id__":26},"_components":[{"__type__":"cc.Sprite","node":{"__id__":29},"_spriteFrame":{"__uuid__":"0dD8KNXqBB4JrNqRqhZcGC"}}],"_prefab":{"__type__":"cc.PrefabInfo","root":{"__id__":1},"asset":{"__uuid__":"3aQLCrEAdO7btsR48X8Uz2"},"fileId":"8bZag3iL1GI6vllvHlcB4e"},"_contentSize":{"__type__":"cc.Size","width":31,"height":9},"_rotationX":1.7221818183369209,"_rotationY":1.7221818183369209,"_position":{"__type__":"cc.Vec2","x":42.12671999979526,"y":-14.364045714597694}},{"__type__":"cc.Node","_name":"N_Logo_tanke_lvdaiL05","_parent":{"__id__":26},"_components":[{"__type__":"cc.Sprite","node":{"__id__":30},"_spriteFrame":{"__uuid__":"0dD8KNXqBB4JrNqRqhZcGC"}}],"_prefab":{"__type__":"cc.PrefabInfo","root":{"__id__":1},"asset":{"__uuid__":"3aQLCrEAdO7btsR48X8Uz2"},"fileId":"34SXBZmVhC4rahSaX92KsX"},"_contentSize":{"__type__":"cc.Size","width":31,"height":9},"_rotationX":3.5520000003198997,"_rotationY":3.5520000003198997,"_scaleY":0.28959999993602004,"_position":{"__type__":"cc.Vec2","x":33.40543999991043,"y":-29.1809600003135}},{"__type__":"cc.Node","_name":"N_Logo_tanke_lvdaiL06","_parent":{"__id__":26},"_components":[{"__type__":"cc.Sprite","node":{"__id__":31},"_spriteFrame":{"__uuid__":"0dD8KNXqBB4JrNqRqhZcGC"}}],"_prefab":{"__type__":"cc.PrefabInfo","root":{"__id__":1},"asset":{"__uuid__":"3aQLCrEAdO7btsR48X8Uz2"},"fileId":"a4D2SR1kJIOpo8n7YCJMnb"},"_contentSize":{"__type__":"cc.Size","width":31,"height":9},"_rotationX":2.1650285716235578,"_rotationY":2.1650285716235578,"_position":{"__type__":"cc.Vec2","x":38.68447999986351,"y":-21.288800000341226}},{"__type__":"cc.Animation","node":{"__id__":17},"_defaultClip":{"__uuid__":"03wYg7/MRFI6isNqocs+rU"},"_clips":[{"__uuid__":"7dJbAuztREXZAyw+RO5nWm"},{"__uuid__":"03wYg7/MRFI6isNqocs+rU"}],"playOnLoad":true},{"__type__":"cc.Node","_name":"N_Logo_logo_G","_parent":{"__id__":3},"_children":[{"__id__":34}],"_prefab":{"__type__":"cc.PrefabInfo","root":{"__id__":1},"asset":{"__uuid__":"3aQLCrEAdO7btsR48X8Uz2"},"fileId":"d4SHJqtu5P1YB7kvQj9BKP"},"_position":{"__type__":"cc.Vec2","x":-14,"y":38}},{"__type__":"cc.Node","_name":"N_Logo_logo_Ani","_parent":{"__id__":33},"_children":[{"__id__":35},{"__id__":36},{"__id__":39}],"_components":[{"__type__":"cc.Animation","node":{"__id__":34},"_defaultClip":{"__uuid__":"8brxXK1qxMCZ9pwBHwuFNC"},"_clips":[{"__uuid__":"8brxXK1qxMCZ9pwBHwuFNC"}],"playOnLoad":true}],"_prefab":{"__type__":"cc.PrefabInfo","root":{"__id__":1},"asset":{"__uuid__":"3aQLCrEAdO7btsR48X8Uz2"},"fileId":"466XLYSJ5AVqT0/oen/NDk"}},{"__type__":"cc.Node","_name":"Logo_zhu_xuying","_parent":{"__id__":34},"_components":[{"__type__":"cc.Sprite","node":{"__id__":35},"_spriteFrame":{"__uuid__":"11JJ50aX5KW4y+nHqHo0VM"}}],"_prefab":{"__type__":"cc.PrefabInfo","root":{"__id__":1},"asset":{"__uuid__":"3aQLCrEAdO7btsR48X8Uz2"},"fileId":"faNzGk/OpCLZ72Eht8CZ8v"},"_opacity":81.60000000000001,"_contentSize":{"__type__":"cc.Size","width":568,"height":291}},{"__type__":"cc.Node","_name":"Logo_zhu","_parent":{"__id__":34},"_children":[{"__id__":37},{"__id__":38}],"_components":[{"__type__":"cc.Sprite","node":{"__id__":36},"_spriteFrame":{"__uuid__":"11JJ50aX5KW4y+nHqHo0VM"}}],"_prefab":{"__type__":"cc.PrefabInfo","root":{"__id__":1},"asset":{"__uuid__":"3aQLCrEAdO7btsR48X8Uz2"},"fileId":"7chnEEI6BPsbhcBsJ5hkCB"},"_contentSize":{"__type__":"cc.Size","width":568,"height":291}},{"__type__":"cc.Node","_name":"weixin","_parent":{"__id__":36},"_components":[{"__type__":"cc.Sprite","node":{"__id__":37},"_spriteFrame":{"__uuid__":"f8At+RB41JBIdZPMFK3uDH"}}],"_prefab":{"__type__":"cc.PrefabInfo","root":{"__id__":1},"asset":{"__uuid__":"3aQLCrEAdO7btsR48X8Uz2"},"fileId":"f1AP7eCTRKhI11alGfQpJ2"},"_anchorPoint":{"__type__":"cc.Vec2","x":0.5,"y":0.75},"_contentSize":{"__type__":"cc.Size","width":249,"height":64},"_position":{"__type__":"cc.Vec2","x":96.8,"y":-104.7}},{"__type__":"cc.Node","_name":"gaoguang","_parent":{"__id__":36},"_components":[{"__type__":"cc.Sprite","node":{"__id__":38},"_spriteFrame":{"__uuid__":"f4S0MIPoRJHrvH0v7Kd9W4"},"_dstBlendFactor":1}],"_prefab":{"__type__":"cc.PrefabInfo","root":{"__id__":1},"asset":{"__uuid__":"3aQLCrEAdO7btsR48X8Uz2"},"fileId":"c81daNChZPPKxES401NPEN"},"_contentSize":{"__type__":"cc.Size","width":285,"height":82},"_position":{"__type__":"cc.Vec2","x":22.2,"y":19.4}},{"__type__":"cc.Node","_name":"guangxiao_02","_parent":{"__id__":34},"_components":[{"__type__":"cc.Sprite","node":{"__id__":39},"_spriteFrame":{"__uuid__":"43qfi+hJVNd4FdjRtQMoB4"},"_dstBlendFactor":1}],"_prefab":{"__type__":"cc.PrefabInfo","root":{"__id__":1},"asset":{"__uuid__":"3aQLCrEAdO7btsR48X8Uz2"},"fileId":"df6vX7ajFM158Fh0MJU8iV"},"_opacity":0,"_contentSize":{"__type__":"cc.Size","width":62,"height":62}},{"__type__":"cc.Node","_name":"New Node","_parent":{"__id__":1},"_children":[{"__id__":41},{"__id__":44},{"__id__":47},{"__id__":50},{"__id__":55}],"_components":[{"__type__":"cc.Widget","node":{"__id__":40},"_alignFlags":4,"_top":667,"_bottom":33},{"__type__":"cc.Layout","node":{"__id__":40},"_layoutSize":{"__type__":"cc.Size","width":892,"height":100},"_resize":1,"_N$layoutType":1,"_N$spacingX":20}],"_prefab":{"__type__":"cc.PrefabInfo","root":{"__id__":1},"asset":{"__uuid__":"3aQLCrEAdO7btsR48X8Uz2"},"fileId":"59iXChtBdBm7Mg4Yk1R4hD"},"_contentSize":{"__type__":"cc.Size","width":892,"height":100},"_position":{"__type__":"cc.Vec2","y":-292}},{"__type__":"cc.Node","_name":"N_Logo_kaishiyouxi","_parent":{"__id__":40},"_children":[{"__id__":42}],"_components":[{"__type__":"cc.Sprite","node":{"__id__":41},"_spriteFrame":{"__uuid__":"7bVXuX55VM36mljrwl8dF/"},"_type":1,"_sizeMode":0},{"__id__":43},{"__type__":"583e37tDMZOyrHYOPD8BB3O","node":{"__id__":41},"pressedScale":1.2,"transDuration":0.1},{"__type__":"cc.Layout","node":{"__id__":41},"_layoutSize":{"__type__":"cc.Size","width":208,"height":88},"_resize":1,"_N$layoutType":1,"_N$paddingLeft":48,"_N$paddingRight":48,"_N$spacingX":30}],"_prefab":{"__type__":"cc.PrefabInfo","root":{"__id__":1},"asset":{"__uuid__":"3aQLCrEAdO7btsR48X8Uz2"},"fileId":"33sAco1slEHqedF5FpBbm8"},"_contentSize":{"__type__":"cc.Size","width":208,"height":88},"_position":{"__type__":"cc.Vec2","x":-342,"y":-0.9}},{"__type__":"cc.Node","_name":"New Label","_parent":{"__id__":41},"_components":[{"__type__":"cc.Label","node":{"__id__":42},"_useOriginalSize":false,"_actualFontSize":28,"_fontSize":28,"_N$string":"人机训练","_N$horizontalAlign":1,"_N$verticalAlign":1}],"_prefab":{"__type__":"cc.PrefabInfo","root":{"__id__":1},"asset":{"__uuid__":"3aQLCrEAdO7btsR48X8Uz2"},"fileId":"ba7OVJ24REiIZNtnviA2nx"},"_contentSize":{"__type__":"cc.Size","width":112,"height":40},"_position":{"__type__":"cc.Vec2","y":5}},{"__type__":"cc.Button","node":{"__id__":41},"clickEvents":[{"__type__":"cc.ClickEvent","target":{"__id__":1},"component":"LogoUI","handler":"OnStartBtn"}],"_N$interactable":false,"_N$target":{"__id__":41}},{"__type__":"cc.Node","_name":"N_Logo_PVP","_parent":{"__id__":40},"_children":[{"__id__":45}],"_components":[{"__type__":"cc.Sprite","node":{"__id__":44},"_spriteFrame":{"__uuid__":"39KPZzUXNForAFpo8GD/Wn"},"_type":1,"_sizeMode":0},{"__id__":46},{"__type__":"583e37tDMZOyrHYOPD8BB3O","node":{"__id__":44},"pressedScale":1.2,"transDuration":0.1},{"__type__":"cc.Layout","node":{"__id__":44},"_layoutSize":{"__type__":"cc.Size","width":208,"height":88},"_resize":1,"_N$layoutType":1,"_N$paddingLeft":48,"_N$paddingRight":48,"_N$spacingX":30}],"_prefab":{"__type__":"cc.PrefabInfo","root":{"__id__":1},"asset":{"__uuid__":"3aQLCrEAdO7btsR48X8Uz2"},"fileId":"a9sCuAscVEnriqEZ3d8r+S"},"_contentSize":{"__type__":"cc.Size","width":208,"height":88},"_position":{"__type__":"cc.Vec2","x":-114,"y":0.2}},{"__type__":"cc.Node","_name":"New Label","_parent":{"__id__":44},"_components":[{"__type__":"cc.Label","node":{"__id__":45},"_useOriginalSize":false,"_actualFontSize":28,"_fontSize":28,"_N$string":"多人对战","_N$horizontalAlign":1,"_N$verticalAlign":1}],"_prefab":{"__type__":"cc.PrefabInfo","root":{"__id__":1},"asset":{"__uuid__":"3aQLCrEAdO7btsR48X8Uz2"},"fileId":"c2v34GMk1HtpjiYi134Hiy"},"_color":{"__type__":"cc.Color","r":99,"g":25,"b":25},"_contentSize":{"__type__":"cc.Size","width":112,"height":40},"_position":{"__type__":"cc.Vec2","y":5}},{"__type__":"cc.Button","node":{"__id__":44},"clickEvents":[{"__type__":"cc.ClickEvent","target":{"__id__":1},"component":"LogoUI","handler":"OnPVPMakeTeadUI"}],"_N$interactable":false,"_N$target":{"__id__":44}},{"__type__":"cc.Node","_name":"GuidBtn","_parent":{"__id__":40},"_children":[{"__id__":48}],"_active":false,"_components":[{"__type__":"cc.Sprite","node":{"__id__":47},"_spriteFrame":{"__uuid__":"7bVXuX55VM36mljrwl8dF/"},"_type":1,"_sizeMode":0},{"__id__":49},{"__type__":"583e37tDMZOyrHYOPD8BB3O","node":{"__id__":47},"pressedScale":1.2,"transDuration":0.1},{"__type__":"cc.Layout","node":{"__id__":47},"_layoutSize":{"__type__":"cc.Size","width":208,"height":88},"_resize":1,"_N$layoutType":1,"_N$paddingLeft":48,"_N$paddingRight":48,"_N$spacingX":30}],"_prefab":{"__type__":"cc.PrefabInfo","root":{"__id__":1},"asset":{"__uuid__":"3aQLCrEAdO7btsR48X8Uz2"},"fileId":"80Urm0aftEHLD8sTNLPJ27"},"_contentSize":{"__type__":"cc.Size","width":208,"height":88}},{"__type__":"cc.Node","_name":"New Label","_parent":{"__id__":47},"_components":[{"__type__":"cc.Label","node":{"__id__":48},"_useOriginalSize":false,"_actualFontSize":28,"_fontSize":28,"_N$string":"新手引导","_N$horizontalAlign":1,"_N$verticalAlign":1}],"_prefab":{"__type__":"cc.PrefabInfo","root":{"__id__":1},"asset":{"__uuid__":"3aQLCrEAdO7btsR48X8Uz2"},"fileId":"36NHazr0lD9aUzP2S1BE9V"},"_color":{"__type__":"cc.Color"},"_contentSize":{"__type__":"cc.Size","width":112,"height":40},"_position":{"__type__":"cc.Vec2","y":5}},{"__type__":"cc.Button","node":{"__id__":47},"clickEvents":[{"__type__":"cc.ClickEvent","target":{"__id__":1},"component":"LogoUI","handler":"OnGuideBtn"}],"_N$interactable":false,"_N$target":{"__id__":47}},{"__type__":"cc.Node","_name":"N_Logo_AutoJoin","_parent":{"__id__":40},"_children":[{"__id__":51},{"__id__":52}],"_components":[{"__type__":"cc.Sprite","node":{"__id__":50},"_spriteFrame":{"__uuid__":"39KPZzUXNForAFpo8GD/Wn"},"_type":1,"_sizeMode":0},{"__id__":54},{"__type__":"583e37tDMZOyrHYOPD8BB3O","node":{"__id__":50},"pressedScale":1.2,"transDuration":0.1},{"__type__":"cc.Layout","node":{"__id__":50},"_enabled":false,"_layoutSize":{"__type__":"cc.Size","width":208,"height":88},"_resize":1,"_N$layoutType":1,"_N$paddingLeft":48,"_N$paddingRight":48,"_N$spacingX":30}],"_prefab":{"__type__":"cc.PrefabInfo","root":{"__id__":1},"asset":{"__uuid__":"3aQLCrEAdO7btsR48X8Uz2"},"fileId":"1637saMRhJDYgDL/RDWwRz"},"_contentSize":{"__type__":"cc.Size","width":208,"height":88},"_position":{"__type__":"cc.Vec2","x":114,"y":0.2}},{"__type__":"cc.Node","_name":"Label","_parent":{"__id__":50},"_components":[{"__type__":"cc.Label","node":{"__id__":51},"_useOriginalSize":false,"_actualFontSize":28,"_fontSize":28,"_N$string":"快速游戏","_N$horizontalAlign":1,"_N$verticalAlign":1}],"_prefab":{"__type__":"cc.PrefabInfo","root":{"__id__":1},"asset":{"__uuid__":"3aQLCrEAdO7btsR48X8Uz2"},"fileId":"8cJlkZJZ1IQrB86yyAl7QE"},"_color":{"__type__":"cc.Color","r":99,"g":25,"b":25},"_contentSize":{"__type__":"cc.Size","width":112,"height":40},"_position":{"__type__":"cc.Vec2","y":5}},{"__type__":"cc.Node","_name":"childNode","_parent":{"__id__":50},"_children":[{"__id__":53}],"_components":[{"__type__":"cc.Sprite","node":{"__id__":52},"_spriteFrame":{"__uuid__":"68Ijpfea1Cs52J1IelgrsS"}}],"_prefab":{"__type__":"cc.PrefabInfo","root":{"__id__":1},"asset":{"__uuid__":"3aQLCrEAdO7btsR48X8Uz2"},"fileId":"d5b/C7idBDa53Zdgx/1GGJ"},"_contentSize":{"__type__":"cc.Size","width":174,"height":58},"_position":{"__type__":"cc.Vec2","y":75}},{"__type__":"cc.Node","_name":"New Label","_parent":{"__id__":52},"_components":[{"__type__":"cc.Label","node":{"__id__":53},"_useOriginalSize":false,"_actualFontSize":22,"_fontSize":22,"_N$string":"限时开放","_N$horizontalAlign":1,"_N$verticalAlign":1}],"_prefab":{"__type__":"cc.PrefabInfo","root":{"__id__":1},"asset":{"__uuid__":"3aQLCrEAdO7btsR48X8Uz2"},"fileId":"fdi0SsTqpM9JRDnyWlSx6Y"},"_color":{"__type__":"cc.Color","r":255,"g":212,"b":97},"_contentSize":{"__type__":"cc.Size","width":88,"height":40},"_position":{"__type__":"cc.Vec2","y":7}},{"__type__":"cc.Button","node":{"__id__":50},"clickEvents":[{"__type__":"cc.ClickEvent","target":{"__id__":1},"component":"LogoUI","handler":"onAonAutoJoinBtnClicked"}],"_N$interactable":false,"_N$target":{"__id__":50}},{"__type__":"cc.Node","_name":"N_Logo_Activity","_parent":{"__id__":40},"_children":[{"__id__":56}],"_components":[{"__type__":"cc.Sprite","node":{"__id__":55},"_spriteFrame":{"__uuid__":"39KPZzUXNForAFpo8GD/Wn"},"_type":1,"_sizeMode":0},{"__id__":57},{"__type__":"583e37tDMZOyrHYOPD8BB3O","node":{"__id__":55},"pressedScale":1.2,"transDuration":0.1},{"__type__":"cc.Layout","node":{"__id__":55},"_enabled":false,"_layoutSize":{"__type__":"cc.Size","width":208,"height":88},"_resize":1,"_N$layoutType":1,"_N$paddingLeft":48,"_N$paddingRight":48,"_N$spacingX":30}],"_prefab":{"__type__":"cc.PrefabInfo","root":{"__id__":1},"asset":{"__uuid__":"3aQLCrEAdO7btsR48X8Uz2"},"fileId":"5baPLOdUJI56uZCOJsuwik"},"_contentSize":{"__type__":"cc.Size","width":208,"height":88},"_position":{"__type__":"cc.Vec2","x":342,"y":0.2}},{"__type__":"cc.Node","_name":"Label","_parent":{"__id__":55},"_components":[{"__type__":"cc.Label","node":{"__id__":56},"_useOriginalSize":false,"_actualFontSize":28,"_fontSize":28,"_N$string":"活动模式","_N$horizontalAlign":1,"_N$verticalAlign":1}],"_prefab":{"__type__":"cc.PrefabInfo","root":{"__id__":1},"asset":{"__uuid__":"3aQLCrEAdO7btsR48X8Uz2"},"fileId":"19j5kdncdKs4tpydME/LuP"},"_color":{"__type__":"cc.Color","r":99,"g":25,"b":25},"_contentSize":{"__type__":"cc.Size","width":112,"height":40},"_position":{"__type__":"cc.Vec2","y":5}},{"__type__":"cc.Button","node":{"__id__":55},"clickEvents":[{"__type__":"cc.ClickEvent","target":{"__id__":1},"component":"LogoUI","handler":"onActivityBtnClicked"}],"_N$interactable":false,"_N$target":{"__id__":55}},{"__type__":"cc.Node","_name":"loadingProcess","_parent":{"__id__":1},"_children":[{"__id__":59}],"_components":[{"__type__":"cc.Sprite","node":{"__id__":58},"_spriteFrame":{"__uuid__":"f65lsfwaZGLJPbJIBKtVqx"},"_type":1,"_sizeMode":0},{"__id__":61}],"_prefab":{"__type__":"cc.PrefabInfo","root":{"__id__":1},"asset":{"__uuid__":"3aQLCrEAdO7btsR48X8Uz2"},"fileId":"efAmOOXMJDN6IRnfsWHuvE"},"_contentSize":{"__type__":"cc.Size","width":760,"height":20},"_position":{"__type__":"cc.Vec2","y":-278}},{"__type__":"cc.Node","_name":"Process","_parent":{"__id__":58},"_components":[{"__id__":60}],"_prefab":{"__type__":"cc.PrefabInfo","root":{"__id__":1},"asset":{"__uuid__":"3aQLCrEAdO7btsR48X8Uz2"},"fileId":"73pNojmINCyaCN6s6xc1Xy"},"_anchorPoint":{"__type__":"cc.Vec2","y":0.5},"_contentSize":{"__type__":"cc.Size","height":20},"_position":{"__type__":"cc.Vec2","x":-380}},{"__type__":"cc.Sprite","node":{"__id__":59},"_spriteFrame":{"__uuid__":"79l1Fp9AhDC4u/ipkMDvSP"},"_type":1,"_sizeMode":0,"_fillRange":1},{"__type__":"cc.ProgressBar","node":{"__id__":58},"_N$totalLength":760,"_N$barSprite":{"__id__":60},"_N$progress":0},{"__type__":"cc.Node","_name":"JoinRoom","_parent":{"__id__":1},"_children":[{"__id__":63}],"_active":false,"_components":[{"__type__":"cc.Sprite","node":{"__id__":62},"_spriteFrame":{"__uuid__":"f0BIwQ8D5Ml7nTNQbh1YlS"},"_type":1,"_sizeMode":0},{"__id__":64}],"_prefab":{"__type__":"cc.PrefabInfo","root":{"__id__":1},"asset":{"__uuid__":"3aQLCrEAdO7btsR48X8Uz2"},"fileId":"22mVK5GGhN+pLUlCF+YWPB"},"_contentSize":{"__type__":"cc.Size","width":100,"height":40},"_scaleX":2,"_scaleY":2,"_position":{"__type__":"cc.Vec2","x":542,"y":200}},{"__type__":"cc.Node","_name":"Label","_parent":{"__id__":62},"_components":[{"__type__":"cc.Label","node":{"__id__":63},"_useOriginalSize":false,"_actualFontSize":20,"_fontSize":20,"_enableWrapText":false,"_N$string":"加入房间","_N$horizontalAlign":1,"_N$verticalAlign":1,"_N$overflow":1}],"_prefab":{"__type__":"cc.PrefabInfo","root":{"__id__":1},"asset":{"__uuid__":"3aQLCrEAdO7btsR48X8Uz2"},"fileId":"7fpfYr02FDWbH4ZOdfSc3o"},"_color":{"__type__":"cc.Color"},"_contentSize":{"__type__":"cc.Size","width":100,"height":40}},{"__type__":"cc.Button","node":{"__id__":62},"transition":2,"pressedColor":{"__type__":"cc.Color","r":255,"g":255,"b":255},"pressedSprite":{"__uuid__":"e97GVMl6JHh5Ml5qEDdSGa"},"hoverSprite":{"__uuid__":"e97GVMl6JHh5Ml5qEDdSGa"},"clickEvents":[{"__type__":"cc.ClickEvent","target":{"__id__":1},"component":"LogoUI","handler":"OnJoinRoom"}],"_N$normalColor":{"__type__":"cc.Color","r":255,"g":255,"b":255},"_N$disabledColor":{"__type__":"cc.Color","r":255,"g":255,"b":255},"_N$normalSprite":{"__uuid__":"f0BIwQ8D5Ml7nTNQbh1YlS"},"_N$disabledSprite":{"__uuid__":"29FYIk+N1GYaeWH/q1NxQO"},"_N$target":{"__id__":62}},{"__type__":"cc.Node","_name":"Server","_parent":{"__id__":1},"_children":[{"__id__":66}],"_components":[{"__type__":"cc.Sprite","node":{"__id__":65},"_spriteFrame":{"__uuid__":"f0BIwQ8D5Ml7nTNQbh1YlS"},"_type":1,"_sizeMode":0},{"__id__":67}],"_prefab":{"__type__":"cc.PrefabInfo","root":{"__id__":1},"asset":{"__uuid__":"3aQLCrEAdO7btsR48X8Uz2"},"fileId":"623IvO1DxJMbk+HoR1UsM+"},"_contentSize":{"__type__":"cc.Size","width":100,"height":40},"_position":{"__type__":"cc.Vec2","x":-600,"y":-142}},{"__type__":"cc.Node","_name":"Label","_parent":{"__id__":65},"_components":[{"__type__":"cc.Label","node":{"__id__":66},"_useOriginalSize":false,"_actualFontSize":20,"_fontSize":20,"_enableWrapText":false,"_N$string":"GM指令","_N$horizontalAlign":1,"_N$verticalAlign":1,"_N$overflow":1}],"_prefab":{"__type__":"cc.PrefabInfo","root":{"__id__":1},"asset":{"__uuid__":"3aQLCrEAdO7btsR48X8Uz2"},"fileId":"611lqwNbVMpJYvkxPGeobW"},"_color":{"__type__":"cc.Color"},"_contentSize":{"__type__":"cc.Size","width":100,"height":40}},{"__type__":"cc.Button","node":{"__id__":65},"transition":2,"pressedColor":{"__type__":"cc.Color","r":255,"g":255,"b":255},"pressedSprite":{"__uuid__":"e97GVMl6JHh5Ml5qEDdSGa"},"hoverSprite":{"__uuid__":"e97GVMl6JHh5Ml5qEDdSGa"},"clickEvents":[{"__type__":"cc.ClickEvent","target":{"__id__":1},"component":"LogoUI","handler":"OnServerBtn"}],"_N$normalColor":{"__type__":"cc.Color","r":255,"g":255,"b":255},"_N$disabledColor":{"__type__":"cc.Color","r":255,"g":255,"b":255},"_N$normalSprite":{"__uuid__":"f0BIwQ8D5Ml7nTNQbh1YlS"},"_N$disabledSprite":{"__uuid__":"29FYIk+N1GYaeWH/q1NxQO"},"_N$target":{"__id__":65}},{"__type__":"cc.Node","_name":"PCLogin","_parent":{"__id__":1},"_children":[{"__id__":69}],"_active":false,"_components":[{"__type__":"cc.Sprite","node":{"__id__":68},"_spriteFrame":{"__uuid__":"f0BIwQ8D5Ml7nTNQbh1YlS"},"_type":1,"_sizeMode":0},{"__id__":70}],"_prefab":{"__type__":"cc.PrefabInfo","root":{"__id__":1},"asset":{"__uuid__":"3aQLCrEAdO7btsR48X8Uz2"},"fileId":"b1/XYsBwZMB4YqpCtUW4yD"},"_contentSize":{"__type__":"cc.Size","width":100,"height":40},"_scaleX":2,"_scaleY":2,"_position":{"__type__":"cc.Vec2","x":542}},{"__type__":"cc.Node","_name":"Label","_parent":{"__id__":68},"_components":[{"__type__":"cc.Label","node":{"__id__":69},"_useOriginalSize":false,"_actualFontSize":20,"_fontSize":20,"_enableWrapText":false,"_N$string":"PC登录","_N$horizontalAlign":1,"_N$verticalAlign":1,"_N$overflow":1}],"_prefab":{"__type__":"cc.PrefabInfo","root":{"__id__":1},"asset":{"__uuid__":"3aQLCrEAdO7btsR48X8Uz2"},"fileId":"4916Q0P5pLaoNsdOXj5cjA"},"_color":{"__type__":"cc.Color"},"_contentSize":{"__type__":"cc.Size","width":100,"height":40},"_position":{"__type__":"cc.Vec2","x":1}},{"__type__":"cc.Button","node":{"__id__":68},"transition":2,"pressedColor":{"__type__":"cc.Color","r":255,"g":255,"b":255},"pressedSprite":{"__uuid__":"e97GVMl6JHh5Ml5qEDdSGa"},"hoverSprite":{"__uuid__":"e97GVMl6JHh5Ml5qEDdSGa"},"clickEvents":[{"__type__":"cc.ClickEvent","target":{"__id__":1},"component":"LogoUI","handler":"OnPCBtn"}],"_N$normalColor":{"__type__":"cc.Color","r":255,"g":255,"b":255},"_N$disabledColor":{"__type__":"cc.Color","r":255,"g":255,"b":255},"_N$normalSprite":{"__uuid__":"f0BIwQ8D5Ml7nTNQbh1YlS"},"_N$disabledSprite":{"__uuid__":"29FYIk+N1GYaeWH/q1NxQO"},"_N$target":{"__id__":68}},{"__type__":"cc.Node","_name":"PCClear","_parent":{"__id__":1},"_children":[{"__id__":72}],"_active":false,"_components":[{"__type__":"cc.Sprite","node":{"__id__":71},"_spriteFrame":{"__uuid__":"a5+wExUapOgblwqcd8fyc9"},"_sizeMode":0},{"__id__":73}],"_prefab":{"__type__":"cc.PrefabInfo","root":{"__id__":1},"asset":{"__uuid__":"3aQLCrEAdO7btsR48X8Uz2"},"fileId":"be03Zswb5L7ZoIqpG6txqc"},"_contentSize":{"__type__":"cc.Size","width":100,"height":40},"_position":{"__type__":"cc.Vec2","x":607,"y":-340}},{"__type__":"cc.Node","_name":"Label","_parent":{"__id__":71},"_components":[{"__type__":"cc.Label","node":{"__id__":72},"_useOriginalSize":false,"_actualFontSize":20,"_fontSize":20,"_enableWrapText":false,"_N$string":"清缓存","_N$horizontalAlign":1,"_N$verticalAlign":1,"_N$overflow":1}],"_prefab":{"__type__":"cc.PrefabInfo","root":{"__id__":1},"asset":{"__uuid__":"3aQLCrEAdO7btsR48X8Uz2"},"fileId":"4b3n+sLBdGDrlLrw2OZHQO"},"_color":{"__type__":"cc.Color"},"_contentSize":{"__type__":"cc.Size","width":100,"height":40},"_position":{"__type__":"cc.Vec2","x":1}},{"__type__":"cc.Button","node":{"__id__":71},"transition":2,"pressedColor":{"__type__":"cc.Color","r":255,"g":255,"b":255},"pressedSprite":{"__uuid__":"e97GVMl6JHh5Ml5qEDdSGa"},"hoverSprite":{"__uuid__":"e97GVMl6JHh5Ml5qEDdSGa"},"clickEvents":[{"__type__":"cc.ClickEvent","target":{"__id__":1},"component":"LogoUI","handler":"OnClearStorage"}],"_N$normalColor":{"__type__":"cc.Color","r":255,"g":255,"b":255},"_N$disabledColor":{"__type__":"cc.Color","r":255,"g":255,"b":255},"_N$normalSprite":{"__uuid__":"a5+wExUapOgblwqcd8fyc9"},"_N$disabledSprite":{"__uuid__":"29FYIk+N1GYaeWH/q1NxQO"},"_N$target":{"__id__":71}},{"__type__":"cc.Node","_name":"CreateRoom","_parent":{"__id__":1},"_children":[{"__id__":75}],"_active":false,"_components":[{"__type__":"cc.Sprite","node":{"__id__":74},"_spriteFrame":{"__uuid__":"f0BIwQ8D5Ml7nTNQbh1YlS"},"_type":1,"_sizeMode":0},{"__id__":76}],"_prefab":{"__type__":"cc.PrefabInfo","root":{"__id__":1},"asset":{"__uuid__":"3aQLCrEAdO7btsR48X8Uz2"},"fileId":"47XHzVZbZLBYUe68zBR5Pm"},"_contentSize":{"__type__":"cc.Size","width":100,"height":40},"_scaleX":2,"_scaleY":2,"_position":{"__type__":"cc.Vec2","x":542,"y":294}},{"__type__":"cc.Node","_name":"Label","_parent":{"__id__":74},"_components":[{"__type__":"cc.Label","node":{"__id__":75},"_useOriginalSize":false,"_actualFontSize":20,"_fontSize":20,"_enableWrapText":false,"_N$string":"创建房间","_N$horizontalAlign":1,"_N$verticalAlign":1,"_N$overflow":1}],"_prefab":{"__type__":"cc.PrefabInfo","root":{"__id__":1},"asset":{"__uuid__":"3aQLCrEAdO7btsR48X8Uz2"},"fileId":"96tw4G86FM+YJ8qFCrhiOJ"},"_color":{"__type__":"cc.Color"},"_contentSize":{"__type__":"cc.Size","width":100,"height":40}},{"__type__":"cc.Button","node":{"__id__":74},"transition":2,"pressedColor":{"__type__":"cc.Color","r":255,"g":255,"b":255},"pressedSprite":{"__uuid__":"e97GVMl6JHh5Ml5qEDdSGa"},"hoverSprite":{"__uuid__":"e97GVMl6JHh5Ml5qEDdSGa"},"clickEvents":[{"__type__":"cc.ClickEvent","target":{"__id__":1},"component":"LogoUI","handler":"OnCreateRoom"}],"_N$normalColor":{"__type__":"cc.Color","r":255,"g":255,"b":255},"_N$disabledColor":{"__type__":"cc.Color","r":255,"g":255,"b":255},"_N$normalSprite":{"__uuid__":"f0BIwQ8D5Ml7nTNQbh1YlS"},"_N$disabledSprite":{"__uuid__":"29FYIk+N1GYaeWH/q1NxQO"},"_N$target":{"__id__":74}},{"__type__":"cc.Node","_name":"ResetWinCount","_parent":{"__id__":1},"_children":[{"__id__":78}],"_active":false,"_components":[{"__type__":"cc.Sprite","node":{"__id__":77},"_spriteFrame":{"__uuid__":"f0BIwQ8D5Ml7nTNQbh1YlS"},"_type":1,"_sizeMode":0},{"__id__":79},{"__type__":"583e37tDMZOyrHYOPD8BB3O","node":{"__id__":77},"pressedScale":0.8,"transDuration":0.1}],"_prefab":{"__type__":"cc.PrefabInfo","root":{"__id__":1},"asset":{"__uuid__":"3aQLCrEAdO7btsR48X8Uz2"},"fileId":"caeVO5a3tPuLWLGdeQv4mb"},"_contentSize":{"__type__":"cc.Size","width":100,"height":40},"_position":{"__type__":"cc.Vec2","x":608,"y":-280}},{"__type__":"cc.Node","_name":"Label","_parent":{"__id__":77},"_components":[{"__type__":"cc.Label","node":{"__id__":78},"_useOriginalSize":false,"_actualFontSize":20,"_fontSize":20,"_enableWrapText":false,"_N$string":"AIReset","_N$horizontalAlign":1,"_N$verticalAlign":1,"_N$overflow":1}],"_prefab":{"__type__":"cc.PrefabInfo","root":{"__id__":1},"asset":{"__uuid__":"3aQLCrEAdO7btsR48X8Uz2"},"fileId":"b1WFyCB6RN0pn3y7ENgtZM"},"_color":{"__type__":"cc.Color"},"_contentSize":{"__type__":"cc.Size","width":100,"height":40}},{"__type__":"cc.Button","node":{"__id__":77},"transition":2,"pressedColor":{"__type__":"cc.Color","r":255,"g":255,"b":255},"pressedSprite":{"__uuid__":"e97GVMl6JHh5Ml5qEDdSGa"},"hoverSprite":{"__uuid__":"e97GVMl6JHh5Ml5qEDdSGa"},"_N$normalColor":{"__type__":"cc.Color","r":255,"g":255,"b":255},"_N$disabledColor":{"__type__":"cc.Color","r":255,"g":255,"b":255},"_N$normalSprite":{"__uuid__":"f0BIwQ8D5Ml7nTNQbh1YlS"},"_N$disabledSprite":{"__uuid__":"29FYIk+N1GYaeWH/q1NxQO"},"_N$target":{"__id__":77}},{"__type__":"cc.Node","_name":"AISetting","_parent":{"__id__":1},"_children":[{"__id__":81}],"_active":false,"_components":[{"__type__":"cc.Sprite","node":{"__id__":80},"_spriteFrame":{"__uuid__":"f0BIwQ8D5Ml7nTNQbh1YlS"},"_type":1,"_sizeMode":0},{"__id__":82},{"__type__":"583e37tDMZOyrHYOPD8BB3O","node":{"__id__":80},"pressedScale":0.8,"transDuration":0.1}],"_prefab":{"__type__":"cc.PrefabInfo","root":{"__id__":1},"asset":{"__uuid__":"3aQLCrEAdO7btsR48X8Uz2"},"fileId":"cc88XK8DFOcprIAYlrV9T0"},"_contentSize":{"__type__":"cc.Size","width":100,"height":40},"_position":{"__type__":"cc.Vec2","x":608,"y":-216}},{"__type__":"cc.Node","_name":"Label","_parent":{"__id__":80},"_components":[{"__type__":"cc.Label","node":{"__id__":81},"_useOriginalSize":false,"_actualFontSize":20,"_fontSize":20,"_enableWrapText":false,"_N$string":"AI设置","_N$horizontalAlign":1,"_N$verticalAlign":1,"_N$overflow":1}],"_prefab":{"__type__":"cc.PrefabInfo","root":{"__id__":1},"asset":{"__uuid__":"3aQLCrEAdO7btsR48X8Uz2"},"fileId":"f4UohprAxF3L2UR8YfNRSL"},"_color":{"__type__":"cc.Color"},"_contentSize":{"__type__":"cc.Size","width":100,"height":40}},{"__type__":"cc.Button","node":{"__id__":80},"transition":2,"pressedColor":{"__type__":"cc.Color","r":255,"g":255,"b":255},"pressedSprite":{"__uuid__":"e97GVMl6JHh5Ml5qEDdSGa"},"hoverSprite":{"__uuid__":"e97GVMl6JHh5Ml5qEDdSGa"},"_N$normalColor":{"__type__":"cc.Color","r":255,"g":255,"b":255},"_N$disabledColor":{"__type__":"cc.Color","r":255,"g":255,"b":255},"_N$normalSprite":{"__uuid__":"f0BIwQ8D5Ml7nTNQbh1YlS"},"_N$disabledSprite":{"__uuid__":"29FYIk+N1GYaeWH/q1NxQO"},"_N$target":{"__id__":80}},{"__type__":"cc.Node","_name":"GuideTest","_parent":{"__id__":1},"_children":[{"__id__":84}],"_active":false,"_components":[{"__type__":"cc.Sprite","node":{"__id__":83},"_spriteFrame":{"__uuid__":"f0BIwQ8D5Ml7nTNQbh1YlS"},"_type":1,"_sizeMode":0},{"__id__":85},{"__type__":"583e37tDMZOyrHYOPD8BB3O","node":{"__id__":83},"pressedScale":0.8,"transDuration":0.1}],"_prefab":{"__type__":"cc.PrefabInfo","root":{"__id__":1},"asset":{"__uuid__":"3aQLCrEAdO7btsR48X8Uz2"},"fileId":"e4zhDmnpBOr7K38tau6krN"},"_contentSize":{"__type__":"cc.Size","width":100,"height":40},"_position":{"__type__":"cc.Vec2","x":608,"y":-154}},{"__type__":"cc.Node","_name":"Label","_parent":{"__id__":83},"_components":[{"__type__":"cc.Label","node":{"__id__":84},"_useOriginalSize":false,"_actualFontSize":20,"_fontSize":20,"_enableWrapText":false,"_N$string":"新手教学","_N$horizontalAlign":1,"_N$verticalAlign":1,"_N$overflow":1}],"_prefab":{"__type__":"cc.PrefabInfo","root":{"__id__":1},"asset":{"__uuid__":"3aQLCrEAdO7btsR48X8Uz2"},"fileId":"3cqelm821OiK69gz363IzZ"},"_color":{"__type__":"cc.Color"},"_contentSize":{"__type__":"cc.Size","width":100,"height":40}},{"__type__":"cc.Button","node":{"__id__":83},"transition":2,"pressedColor":{"__type__":"cc.Color","r":255,"g":255,"b":255},"pressedSprite":{"__uuid__":"e97GVMl6JHh5Ml5qEDdSGa"},"hoverSprite":{"__uuid__":"e97GVMl6JHh5Ml5qEDdSGa"},"_N$normalColor":{"__type__":"cc.Color","r":255,"g":255,"b":255},"_N$disabledColor":{"__type__":"cc.Color","r":255,"g":255,"b":255},"_N$normalSprite":{"__uuid__":"f0BIwQ8D5Ml7nTNQbh1YlS"},"_N$disabledSprite":{"__uuid__":"29FYIk+N1GYaeWH/q1NxQO"},"_N$target":{"__id__":83}},{"__type__":"cc.Node","_name":"BtnConent","_parent":{"__id__":1},"_children":[{"__id__":87},{"__id__":91}],"_components":[{"__type__":"cc.Widget","node":{"__id__":86},"_alignFlags":9,"_left":134.5,"_right":499.5,"_top":5,"_originalWidth":335}],"_prefab":{"__type__":"cc.PrefabInfo","root":{"__id__":1},"asset":{"__uuid__":"3aQLCrEAdO7btsR48X8Uz2"},"fileId":"5aYORgxxFPqIkCAFVaV2Wi"},"_contentSize":{"__type__":"cc.Size","width":366,"height":48},"_position":{"__type__":"cc.Vec2","x":-354.5,"y":346}},{"__type__":"cc.Node","_name":"Record","_parent":{"__id__":86},"_children":[{"__id__":88},{"__id__":89}],"_components":[{"__type__":"cc.Sprite","node":{"__id__":87},"_spriteFrame":{"__uuid__":"4cp9/TdcFO4KDyKXMGLTwP"},"_type":1,"_sizeMode":0},{"__id__":90}],"_prefab":{"__type__":"cc.PrefabInfo","root":{"__id__":1},"asset":{"__uuid__":"3aQLCrEAdO7btsR48X8Uz2"},"fileId":"aeAvR/J7dNUofoqI8jXulc"},"_contentSize":{"__type__":"cc.Size","width":186,"height":48},"_position":{"__type__":"cc.Vec2","x":-101.3,"y":-1.8}},{"__type__":"cc.Node","_name":"wodezhanji","_parent":{"__id__":87},"_components":[{"__type__":"cc.Sprite","node":{"__id__":88},"_spriteFrame":{"__uuid__":"5ay9iNxwlLfLKobTRPtIxX"}}],"_prefab":{"__type__":"cc.PrefabInfo","root":{"__id__":1},"asset":{"__uuid__":"3aQLCrEAdO7btsR48X8Uz2"},"fileId":"fbheSQG2JEQak5w3BRRUMz"},"_contentSize":{"__type__":"cc.Size","width":70,"height":54},"_position":{"__type__":"cc.Vec2","x":-64}},{"__type__":"cc.Node","_name":"New Label","_parent":{"__id__":87},"_components":[{"__type__":"cc.Label","node":{"__id__":89},"_useOriginalSize":false,"_actualFontSize":22,"_fontSize":22,"_N$string":"我的战绩","_N$horizontalAlign":1,"_N$verticalAlign":1},{"__type__":"cc.LabelOutline","node":{"__id__":89},"_enabled":false,"_color":{"__type__":"cc.Color","r":136,"g":70,"b":42},"_width":0.8}],"_prefab":{"__type__":"cc.PrefabInfo","root":{"__id__":1},"asset":{"__uuid__":"3aQLCrEAdO7btsR48X8Uz2"},"fileId":"daU6qbJaBEb749QuEjUSRO"},"_color":{"__type__":"cc.Color","r":136,"g":70,"b":42},"_contentSize":{"__type__":"cc.Size","width":88,"height":40},"_position":{"__type__":"cc.Vec2","x":16,"y":-2}},{"__type__":"cc.Button","node":{"__id__":87},"clickEvents":[{"__type__":"cc.ClickEvent","target":{"__id__":1},"component":"LogoUI","handler":"OnRecordBtnClicked"}],"_N$target":{"__id__":87}},{"__type__":"cc.Node","_name":"Diamond","_parent":{"__id__":86},"_children":[{"__id__":92},{"__id__":93}],"_components":[{"__id__":97},{"__type__":"cc.Sprite","node":{"__id__":91},"_spriteFrame":{"__uuid__":"4cp9/TdcFO4KDyKXMGLTwP"},"_sizeMode":0}],"_prefab":{"__type__":"cc.PrefabInfo","root":{"__id__":1},"asset":{"__uuid__":"3aQLCrEAdO7btsR48X8Uz2"},"fileId":"c00/Vik4dNXY75mGhLj0ob"},"_anchorPoint":{"__type__":"cc.Vec2","y":0.5},"_contentSize":{"__type__":"cc.Size","width":186,"height":48},"_position":{"__type__":"cc.Vec2","x":24,"y":-2.2}},{"__type__":"cc.Node","_name":"diamond","_parent":{"__id__":91},"_components":[{"__type__":"cc.Sprite","node":{"__id__":92},"_spriteFrame":{"__uuid__":"f9f7DGBN1G56xaXgQZrkCS"}}],"_prefab":{"__type__":"cc.PrefabInfo","root":{"__id__":1},"asset":{"__uuid__":"3aQLCrEAdO7btsR48X8Uz2"},"fileId":"2bXJ5G4mRAcIWeHAHkvwKg"},"_anchorPoint":{"__type__":"cc.Vec2","y":0.5},"_contentSize":{"__type__":"cc.Size","width":68,"height":50},"_position":{"__type__":"cc.Vec2","x":-18}},{"__type__":"cc.Node","_name":"Diamond_Word","_parent":{"__id__":91},"_children":[{"__id__":94}],"_components":[{"__id__":96}],"_prefab":{"__type__":"cc.PrefabInfo","root":{"__id__":1},"asset":{"__uuid__":"3aQLCrEAdO7btsR48X8Uz2"},"fileId":"5fYSxJkrJONLYg1RSy0zKn"},"_color":{"__type__":"cc.Color","r":136,"g":70,"b":42},"_position":{"__type__":"cc.Vec2","x":100}},{"__type__":"cc.Node","_name":"Template","_parent":{"__id__":93},"_active":false,"_components":[{"__id__":95}],"_prefab":{"__type__":"cc.PrefabInfo","root":{"__id__":1},"asset":{"__uuid__":"3aQLCrEAdO7btsR48X8Uz2"},"fileId":"04eUOlCFFNcImclDCNFduB"},"_color":{"__type__":"cc.Color","r":136,"g":70,"b":42},"_contentSize":{"__type__":"cc.Size","width":14,"height":17}},{"__type__":"cc.Sprite","node":{"__id__":94},"_spriteFrame":{"__uuid__":"d7MnG4kxpKpK8pCaujFtXl"},"_sizeMode":0,"_isTrimmedMode":false},{"__type__":"16798xaPnVLdZwNbixFe2cV","node":{"__id__":93},"LabelAtlas":{"__uuid__":"7bRXkNrzhKoJqYv3aEXya7"},"LabelStr":"0123456789:","ResFormat":"CountDowm_","Template":{"__id__":95},"LayoutType":2},{"__type__":"cc.Button","node":{"__id__":91},"clickEvents":[{"__type__":"cc.ClickEvent","target":{"__id__":1},"component":"LogoUI","handler":"OnDiamondBtnClicked"}],"_N$target":{"__id__":91}},{"__type__":"cc.Node","_name":"ExitBtn","_parent":{"__id__":1},"_children":[{"__id__":99}],"_components":[{"__type__":"cc.Sprite","node":{"__id__":98},"_spriteFrame":{"__uuid__":"220iHabAVM0o5fC/dX8u1H"},"_type":1,"_sizeMode":0},{"__type__":"cc.Button","node":{"__id__":98},"pressedColor":{"__type__":"cc.Color","r":255,"g":255,"b":255},"pressedSprite":{"__uuid__":"e97GVMl6JHh5Ml5qEDdSGa"},"hoverSprite":{"__uuid__":"e97GVMl6JHh5Ml5qEDdSGa"},"clickEvents":[{"__type__":"cc.ClickEvent","target":{"__id__":1},"component":"LogoUI","handler":"OnExitBackToWXBtnClicked"}],"_N$normalColor":{"__type__":"cc.Color","r":255,"g":255,"b":255},"_N$disabledColor":{"__type__":"cc.Color","r":255,"g":255,"b":255},"_N$normalSprite":{"__uuid__":"220iHabAVM0o5fC/dX8u1H"},"_N$disabledSprite":{"__uuid__":"29FYIk+N1GYaeWH/q1NxQO"},"_N$target":{"__id__":98}},{"__type__":"583e37tDMZOyrHYOPD8BB3O","node":{"__id__":98},"pressedScale":0.8,"transDuration":0.1},{"__type__":"cc.Widget","node":{"__id__":98},"_alignFlags":9}],"_prefab":{"__type__":"cc.PrefabInfo","root":{"__id__":1},"asset":{"__uuid__":"3aQLCrEAdO7btsR48X8Uz2"},"fileId":"5bX8F1/6VGGIwsANizdPOc"},"_contentSize":{"__type__":"cc.Size","width":100,"height":58},"_position":{"__type__":"cc.Vec2","x":-622,"y":346}},{"__type__":"cc.Node","_name":"Label","_parent":{"__id__":98},"_active":false,"_components":[{"__type__":"cc.Label","node":{"__id__":99},"_useOriginalSize":false,"_actualFontSize":20,"_fontSize":20,"_enableWrapText":false,"_N$string":"返回微信","_N$horizontalAlign":1,"_N$verticalAlign":1,"_N$overflow":1}],"_prefab":{"__type__":"cc.PrefabInfo","root":{"__id__":1},"asset":{"__uuid__":"3aQLCrEAdO7btsR48X8Uz2"},"fileId":"38aMt18fJA9ZrN8KQdWlWJ"},"_color":{"__type__":"cc.Color"},"_contentSize":{"__type__":"cc.Size","width":100,"height":40}},{"__type__":"cc.Node","_name":"GMBtn","_parent":{"__id__":1},"_active":false,"_components":[{"__type__":"cc.Sprite","node":{"__id__":100},"_spriteFrame":{"__uuid__":"a18wvB+KRIj69H6umIvZtn"}},{"__type__":"cc.Widget","node":{"__id__":100},"_alignFlags":33,"_right":1241,"_top":631},{"__type__":"cc.Button","node":{"__id__":100},"clickEvents":[{"__type__":"cc.ClickEvent","target":{"__id__":1},"component":"LogoUI","handler":"OnGMBtnClicked"}],"_N$target":{"__id__":100}}],"_prefab":{"__type__":"cc.PrefabInfo","root":{"__id__":1},"asset":{"__uuid__":"3aQLCrEAdO7btsR48X8Uz2"},"fileId":"a8SKE9c7xN/7huwrSF1qTQ"},"_contentSize":{"__type__":"cc.Size","width":54,"height":52},"_position":{"__type__":"cc.Vec2","x":-596,"y":-282}},{"__type__":"cc.Node","_name":"ShareBtn","_parent":{"__id__":1},"_components":[{"__type__":"cc.Sprite","node":{"__id__":101},"_spriteFrame":{"__uuid__":"5dFHIDcNtPoqrw1yJG8XYJ"}},{"__type__":"cc.Widget","node":{"__id__":101},"_alignFlags":36,"_right":42,"_top":605,"_bottom":32.5},{"__id__":102}],"_prefab":{"__type__":"cc.PrefabInfo","root":{"__id__":1},"asset":{"__uuid__":"3aQLCrEAdO7btsR48X8Uz2"},"fileId":"c5Mche7W1Fd5SN6rEdj2ET"},"_contentSize":{"__type__":"cc.Size","width":100,"height":109},"_position":{"__type__":"cc.Vec2","x":580,"y":-288}},{"__type__":"cc.Button","node":{"__id__":101},"clickEvents":[{"__type__":"cc.ClickEvent","target":{"__id__":1},"component":"LogoUI","handler":"OnShareBtnClicked"}],"_N$interactable":false,"_N$target":{"__id__":101}},{"__type__":"cc.Node","_name":"ShareBtn2","_parent":{"__id__":1},"_components":[{"__type__":"cc.Sprite","node":{"__id__":103},"_spriteFrame":{"__uuid__":"55jABzcpFM9JKReBLgGr32"}},{"__type__":"cc.Widget","node":{"__id__":103},"_alignFlags":36,"_right":42,"_top":605,"_bottom":150.5},{"__id__":104}],"_prefab":{"__type__":"cc.PrefabInfo","root":{"__id__":1},"asset":{"__uuid__":"3aQLCrEAdO7btsR48X8Uz2"},"fileId":"32dAPKi+lBOovlq6XQJHlr"},"_contentSize":{"__type__":"cc.Size","width":100,"height":109},"_position":{"__type__":"cc.Vec2","x":580,"y":-170}},{"__type__":"cc.Button","node":{"__id__":103},"_N$target":{"__id__":103}},{"__type__":"cc.Node","_name":"erweima2","_parent":{"__id__":1},"_components":[{"__type__":"cc.Sprite","node":{"__id__":105},"_spriteFrame":{"__uuid__":"b2fLjEEhpIsajgNSTThtMm"}},{"__type__":"cc.Widget","node":{"__id__":105},"_alignFlags":36,"_right":17,"_bottom":271}],"_prefab":{"__type__":"cc.PrefabInfo","root":{"__id__":1},"asset":{"__uuid__":"3aQLCrEAdO7btsR48X8Uz2"},"fileId":"719eSMySpJFon756kd1IPr"},"_contentSize":{"__type__":"cc.Size","width":150,"height":208},"_position":{"__type__":"cc.Vec2","x":580}}],{"__type__":"cc.SpriteFrame","content":{"name":"CG_tank_shenti","texture":"25Si/Ki+hMlqF2yaosCl7I","rect":[1153,423,174,102],"offset":[0,0],"originalSize":[174,102]}},{"__type__":"cc.SpriteFrame","content":{"name":"glow1","texture":"20wkx7r05LO5L2PvQg5zW3","rect":[958,138,62,62],"offset":[0,0],"originalSize":[64,64]}},{"__type__":"cc.SpriteFrame","content":{"name":"logoButton","texture":"25Si/Ki+hMlqF2yaosCl7I","rect":[436,691,186,48],"offset":[0,0],"originalSize":[186,48]}},{"__type__":"cc.SpriteFrame","content":{"name":"CG_huan_02","texture":"25Si/Ki+hMlqF2yaosCl7I","rect":[3,445,432,510],"offset":[0,0],"originalSize":[432,510]}},{"__type__":"cc.SpriteFrame","content":{"name":"PYQShareBtn","texture":"5f2BaCmQ1CnYPuCD1/rLg9","rect":[104,895,100,109],"offset":[0,0],"originalSize":[100,109]}},{"__type__":"cc.SpriteFrame","content":{"name":"blueBG","texture":"5f2BaCmQ1CnYPuCD1/rLg9","rect":[672,289,334,188],"offset":[0,0],"originalSize":[334,188]}},{"__type__":"cc.SpriteFrame","content":{"name":"wodezhanji","texture":"25Si/Ki+hMlqF2yaosCl7I","rect":[1966,295,70,54],"offset":[0,0],"originalSize":[70,54]}},{"__type__":"cc.SpriteFrame","content":{"name":"ShareBtn","texture":"5f2BaCmQ1CnYPuCD1/rLg9","rect":[3,895,100,109],"offset":[0,0],"originalSize":[100,109]}},{"__type__":"cc.SpriteFrame","content":{"name":"_0003_dibantips","texture":"25Si/Ki+hMlqF2yaosCl7I","rect":[1153,526,174,58],"offset":[0,0],"originalSize":[174,58]}},{"__type__":"cc.SpriteFrame","content":{"name":"CG_tank_lvdai03","texture":"0c0Po/48ROEpzcz7uf6jDS","rect":[977,44,20,8],"offset":[0,0],"originalSize":[20,8]}},{"__type__":"cc.AnimationClip","_name":"Logo_yan_ani01","_duration":3.3333333333333335,"curveData":{"paths":{"yan_01":{"props":{"scaleX":[{"frame":1.9333333333333333,"value":0.62},{"frame":3.0833333333333335,"value":1.79}],"scaleY":[{"frame":1.9333333333333333,"value":0.62},{"frame":3.0833333333333335,"value":1.79}],"position":[{"frame":1.9333333333333333,"value":[120.8,-56.2],"motionPath":[]},{"frame":2.2333333333333334,"value":[157.9,-42.4],"motionPath":[[175.2,-27.5,169.3,-36.7,180.5,-19.3]]},{"frame":3.0833333333333335,"value":[180.4,-7.6],"motionPath":[]}],"rotation":[{"frame":1.9333333333333333,"value":0},{"frame":3.0833333333333335,"value":-60}],"opacity":[{"frame":1.9333333333333333,"value":0},{"frame":2.2333333333333334,"value":255},{"frame":3.0833333333333335,"value":0}]}},"yan_02":{"props":{"scaleX":[{"frame":1.9333333333333333,"value":1},{"frame":2.533333333333333,"value":0.62},{"frame":3.15,"value":0.83}],"scaleY":[{"frame":1.9333333333333333,"value":1},{"frame":2.533333333333333,"value":0.62},{"frame":3.15,"value":0.83}],"position":[{"frame":1.9333333333333333,"value":[102.2,-49.9],"motionPath":[]},{"frame":2.533333333333333,"value":[134.7,-44.5],"motionPath":[[147,-38.2,141.9,-42.3,151.5,-34.5]]},{"frame":3.15,"value":[153.9,-28.9],"motionPath":[]}],"opacity":[{"frame":1.9333333333333333,"value":0},{"frame":2.533333333333333,"value":255},{"frame":3.15,"value":0},{"frame":3.15,"value":5.204081632652958}],"rotation":[{"frame":1.9333333333333333,"value":-230},{"frame":3.15,"value":-29},{"frame":3.15,"value":-250}]}},"yan_03":{"props":{"scaleX":[{"frame":1.9333333333333333,"value":0.4},{"frame":3.3333333333333335,"value":1.8}],"scaleY":[{"frame":1.9333333333333333,"value":0.4},{"frame":3.3333333333333335,"value":1.8}],"rotation":[{"frame":1.9333333333333333,"value":0},{"frame":3.3333333333333335,"value":100}],"opacity":[{"frame":1.9333333333333333,"value":0},{"frame":2.433333333333333,"value":255},{"frame":3.3333333333333335,"value":0}],"position":[{"frame":1.9333333333333333,"value":[75.5,-20.1],"motionPath":[]},{"frame":2.433333333333333,"value":[121.9,-6.2],"motionPath":[[137.2,6.1,133.5,-0.1,142.3,14.8]]},{"frame":3.3333333333333335,"value":[140.1,24.3],"motionPath":[]}]}},"yan_04":{"props":{"position":[{"frame":1.9333333333333333,"value":[0,0],"motionPath":[]},{"frame":2.45,"value":[-76.7,25.2],"motionPath":[[-96.2,42.5,-88.9,33,-102.4,50.5]]},{"frame":3.0833333333333335,"value":[-103.7,60.6],"motionPath":[]}],"scaleX":[{"frame":1.9333333333333333,"value":1},{"frame":3.0833333333333335,"value":2.07}],"scaleY":[{"frame":1.9333333333333333,"value":1},{"frame":3.0833333333333335,"value":2.07}],"rotation":[{"frame":1.9333333333333333,"value":0},{"frame":3.0833333333333335,"value":62}],"opacity":[{"frame":1.9333333333333333,"value":0},{"frame":2.45,"value":255},{"frame":3.0833333333333335,"value":0}]}}}}},{"__type__":"cc.SpriteFrame","content":{"name":"CG_tank_shang","texture":"25Si/Ki+hMlqF2yaosCl7I","rect":[1153,585,157,63],"offset":[0,0],"originalSize":[157,63]}},{"__type__":"cc.SpriteFrame","content":{"name":"progress","texture":"20wkx7r05LO5L2PvQg5zW3","rect":[307,421,26,14],"offset":[0,0],"originalSize":[30,18],"capInsets":[9,0,9,0]}},{"__type__":"cc.SpriteFrame","content":{"name":"shouji12","texture":"20wkx7r05LO5L2PvQg5zW3","rect":[190,961,64,62],"offset":[0,0],"originalSize":[64,64]}},{"__type__":"cc.SpriteFrame","content":{"name":"_0006_button","texture":"661XjWfv1BOayrl/asTWcd","rect":[823,164,176,74],"offset":[0,0],"originalSize":[176,74]}},{"__type__":"cc.AnimationClip","_name":"Logo_qiu_ani01","_duration":2.5,"curveData":{"paths":{"touying":{"props":{"scaleX":[{"frame":0,"value":0.2},{"frame":0.4166666666666667,"value":1},{"frame":0.5,"value":0.74},{"frame":0.6166666666666667,"value":0.66},{"frame":0.7833333333333333,"value":0.76},{"frame":0.8666666666666667,"value":1},{"frame":1.2,"value":0.8},{"frame":1.6,"value":0.7},{"frame":1.7,"value":1.02},{"frame":1.9,"value":1}],"scaleY":[{"frame":0,"value":0.2},{"frame":0.4166666666666667,"value":1},{"frame":0.5,"value":0.74},{"frame":0.6166666666666667,"value":0.66},{"frame":0.7833333333333333,"value":0.76},{"frame":0.8666666666666667,"value":1},{"frame":1.2,"value":0.8},{"frame":1.6,"value":0.7},{"frame":1.7,"value":1.02},{"frame":1.9,"value":1}],"x":[{"frame":0,"value":0},{"frame":0.4166666666666667,"value":0},{"frame":0.8666666666666667,"value":0}],"y":[{"frame":0,"value":-229},{"frame":0.4166666666666667,"value":-237},{"frame":1.6,"value":-280}],"opacity":[{"frame":0,"value":0},{"frame":0.31666666666666665,"value":255},{"frame":0.4166666666666667,"value":255},{"frame":0.8666666666666667,"value":255}]}},"qiu_g":{"props":{"scaleX":[{"frame":0.23333333333333334,"value":1},{"frame":0.4,"value":0.56},{"frame":0.4166666666666667,"value":0.68},{"frame":0.43333333333333335,"value":0.63},{"frame":0.5,"value":0.68},{"frame":0.65,"value":0.74},{"frame":0.8666666666666667,"value":0.75},{"frame":0.8833333333333333,"value":0.84},{"frame":0.9,"value":0.79},{"frame":0.9833333333333333,"value":0.8},{"frame":1.2666666666666666,"value":0.8},{"frame":1.5,"value":0.8},{"frame":1.5833333333333333,"value":0.7},{"frame":1.7,"value":1.03},{"frame":1.85,"value":1}],"scaleY":[{"frame":0.23333333333333334,"value":1},{"frame":0.4,"value":0.76},{"frame":0.4166666666666667,"value":0.57},{"frame":0.43333333333333335,"value":0.7},{"frame":0.5,"value":0.72},{"frame":0.65,"value":0.74},{"frame":0.8666666666666667,"value":0.75},{"frame":0.8833333333333333,"value":0.71},{"frame":0.9,"value":0.85},{"frame":0.9833333333333333,"value":0.8},{"frame":1.2666666666666666,"value":0.8},{"frame":1.5,"value":0.8},{"frame":1.5833333333333333,"value":0.7},{"frame":1.7,"value":1.03},{"frame":1.85,"value":1}],"y":[{"frame":0.23333333333333334,"value":848},{"frame":0.4,"value":-78},{"frame":0.4166666666666667,"value":-117},{"frame":0.43333333333333335,"value":-46},{"frame":0.5,"value":35,"curve":[0.23,0.41,0.51,0.99]},{"frame":0.65,"value":75,"curve":[0.48,0,0.78,0.62]},{"frame":0.7833333333333333,"value":29},{"frame":0.8666666666666667,"value":-104},{"frame":0.8833333333333333,"value":-116},{"frame":0.9,"value":-77},{"frame":0.9833333333333333,"value":-7},{"frame":1.2666666666666666,"value":19,"curve":[0.51,0,0.78,0.62]},{"frame":1.5,"value":-5}]}},"qiu_g/qiu":{"props":{"rotation":[{"frame":0.23333333333333334,"value":120,"curve":[0.19,0.41,0.36,1]},{"frame":1.7166666666666666,"value":-4},{"frame":1.8333333333333333,"value":3},{"frame":2.0833333333333335,"value":0}]}},"qiu_g/neihuan":{"props":{"rotation":[{"frame":0.9833333333333333,"value":-180},{"frame":1.7333333333333334,"value":365},{"frame":1.9166666666666667,"value":350},{"frame":2.2,"value":360},{"frame":2.5,"value":359}],"opacity":[{"frame":0.9833333333333333,"value":0},{"frame":1.1833333333333333,"value":255}]}},"qiu_g/waihuan":{"props":{"rotation":[{"frame":0.9833333333333333,"value":270},{"frame":1.6,"value":0},{"frame":1.7333333333333334,"value":11},{"frame":2.0166666666666666,"value":0}],"opacity":[{"frame":0.9833333333333333,"value":0},{"frame":1.1833333333333333,"value":255}]}}}}},{"__type__":"cc.AnimationClip","_name":"Logo_tanke_ani01","_duration":1.17,"wrapMode":2,"curveData":{"paths":{"N_Logo_tanke_shang":{"props":{"position":[{"frame":0,"value":[6.7,31]},{"frame":0.1,"value":[6.7,30]},{"frame":0.2,"value":[6.7,32.6]},{"frame":0.38333333333333336,"value":[6.7,30.8]},{"frame":0.4666666666666667,"value":[6.7,31.8]},{"frame":0.6,"value":[6.7,29.4]},{"frame":0.7,"value":[6.7,30.6]},{"frame":0.9166666666666666,"value":[6.7,29.8]},{"frame":1.1666666666666667,"value":[6.7,31]}],"scaleX":[{"frame":0,"value":1},{"frame":0.2,"value":1.02},{"frame":0.45,"value":0.99},{"frame":0.7666666666666667,"value":1.01},{"frame":1.1666666666666667,"value":1}],"scaleY":[{"frame":0,"value":1},{"frame":0.2,"value":0.98},{"frame":0.45,"value":1.01},{"frame":0.7666666666666667,"value":0.98},{"frame":1.1666666666666667,"value":1}]}},"N_Logo_tanke_shengti":{"props":{"position":[{"frame":0,"value":[14,-26.9]},{"frame":0.18333333333333332,"value":[14,-26.4]},{"frame":0.3,"value":[14,-28]},{"frame":0.5166666666666667,"value":[14,-26.7]},{"frame":0.6333333333333333,"value":[14,-27.3]},{"frame":0.75,"value":[14,-26.2]},{"frame":0.8833333333333333,"value":[14,-27.5]},{"frame":1.0333333333333334,"value":[14,-25.6]},{"frame":1.1666666666666667,"value":[14,-26.9]}],"scaleX":[{"frame":0,"value":1},{"frame":1.1666666666666667,"value":1}],"scaleY":[{"frame":0,"value":1},{"frame":1.1666666666666667,"value":1}]}},"N_Logo_tanke_lvdaiR01":{"props":{"scaleX":[{"frame":0,"value":1},{"frame":1.1666666666666667,"value":1}],"scaleY":[{"frame":0,"value":1},{"frame":1.1666666666666667,"value":1}],"position":[{"frame":0,"value":[93,-37]},{"frame":0.16666666666666666,"value":[95,-37.1]},{"frame":0.3,"value":[94.6,-38.1]},{"frame":0.45,"value":[95.1,-38.4]},{"frame":0.6,"value":[92.5,-38.6]},{"frame":0.7666666666666667,"value":[93,-37.9]},{"frame":0.8833333333333333,"value":[93.1,-37.8]},{"frame":1.1666666666666667,"value":[93,-37]}]}},"N_Logo_tanke_lvdaiL01":{"props":{"scaleX":[{"frame":0,"value":1},{"frame":1.1666666666666667,"value":1}],"scaleY":[{"frame":0,"value":1},{"frame":1.1666666666666667,"value":1}],"position":[{"frame":0,"value":[-43,-26.1]},{"frame":0.1,"value":[-43,-27.6]},{"frame":0.21666666666666667,"value":[-44.5,-26.7]},{"frame":0.35,"value":[-43.6,-25.9]},{"frame":0.5,"value":[-42,-27.4]},{"frame":0.6,"value":[-42.1,-26.5]},{"frame":0.75,"value":[-41.6,-27.1]},{"frame":0.8833333333333333,"value":[-43.5,-26.8]},{"frame":1.1666666666666667,"value":[-43,-26.1]}]}},"N_Logo_tanke_lvdaiL01/N_Logo_tanke_lvdaiL05":{"props":{"position":[{"frame":0,"value":[34.4,-25.7]},{"frame":0.13333333333333333,"value":[33,-30.6]},{"frame":0.15,"value":[49.5,16.6]},{"frame":0.35,"value":[48.6,5.9]},{"frame":1.1666666666666667,"value":[34.4,-25.7]}],"scaleX":[{"frame":0,"value":1},{"frame":0.13333333333333333,"value":1},{"frame":0.15,"value":1},{"frame":1.1666666666666667,"value":1}],"scaleY":[{"frame":0,"value":1},{"frame":0.13333333333333333,"value":0},{"frame":0.15,"value":0},{"frame":0.35,"value":1},{"frame":1.1666666666666667,"value":1}],"rotation":[{"frame":0,"value":0},{"frame":0.13333333333333333,"value":5},{"frame":0.15,"value":8},{"frame":0.35,"value":0}]}},"N_Logo_tanke_lvdaiL01/N_Logo_tanke_lvdaiL06":{"props":{"position":[{"frame":0,"value":[40.2,-17.5]},{"frame":0.15,"value":[37.8,-23.5]},{"frame":0.3333333333333333,"value":[32.4,-32.5]},{"frame":0.35,"value":[50.6,17.5]},{"frame":0.55,"value":[49.8,6.6]},{"frame":1.1666666666666667,"value":[40.2,-17.5]}],"scaleX":[{"frame":0,"value":1}],"scaleY":[{"frame":0,"value":1},{"frame":0.15,"value":1},{"frame":0.3333333333333333,"value":0},{"frame":0.35,"value":0},{"frame":0.55,"value":1}],"rotation":[{"frame":0,"value":0},{"frame":0.35,"value":8}]}},"N_Logo_tanke_lvdaiL01/N_Logo_tanke_lvdaiL04":{"props":{"position":[{"frame":0,"value":[44.4,-10.9]},{"frame":0.35,"value":[36,-23.7]},{"frame":0.5333333333333333,"value":[31.6,-31.4]},{"frame":0.55,"value":[50,17.2]},{"frame":0.7833333333333333,"value":[48.1,3.7]},{"frame":1.1666666666666667,"value":[44.4,-10.9]}],"scaleX":[{"frame":0,"value":1},{"frame":1.1666666666666667,"value":1}],"scaleY":[{"frame":0,"value":1},{"frame":0.35,"value":1},{"frame":0.5333333333333333,"value":0},{"frame":0.55,"value":0},{"frame":0.7833333333333333,"value":1},{"frame":1.1666666666666667,"value":1}],"rotation":[{"frame":0,"value":0},{"frame":0.55,"value":10},{"frame":1.1666666666666667,"value":0}]}},"N_Logo_tanke_lvdaiL01/N_Logo_tanke_lvdaiL03":{"props":{"position":[{"frame":0,"value":[49.4,-3.7]},{"frame":0.5333333333333333,"value":[38,-24.1]},{"frame":0.6833333333333333,"value":[33.6,-30.9]},{"frame":0.7,"value":[50.2,16.4]},{"frame":1.1666666666666667,"value":[49.4,-3.7]}],"scaleX":[{"frame":0,"value":0.81},{"frame":1.1666666666666667,"value":0.81}],"scaleY":[{"frame":0,"value":0.81},{"frame":0.6833333333333333,"value":0},{"frame":0.7,"value":0},{"frame":0.95,"value":1},{"frame":1.1666666666666667,"value":0.81}],"rotation":[{"frame":0,"value":0},{"frame":0.7,"value":6},{"frame":1.1666666666666667,"value":0}]}},"N_Logo_tanke_lvdaiL01/N_Logo_tanke_lvdaiL02":{"props":{"position":[{"frame":0,"value":[47.9,5.4]},{"frame":0.7,"value":[37.6,-22]},{"frame":0.8666666666666667,"value":[31.5,-31.2]},{"frame":0.8833333333333333,"value":[50,17.1]},{"frame":1.1666666666666667,"value":[47.9,5.4]}],"scaleX":[{"frame":0,"value":1},{"frame":1.1666666666666667,"value":1}],"scaleY":[{"frame":0,"value":1},{"frame":0.8666666666666667,"value":0},{"frame":0.8833333333333333,"value":0},{"frame":1.1666666666666667,"value":1}],"rotation":[{"frame":0,"value":0},{"frame":0.8833333333333333,"value":10},{"frame":1.1666666666666667,"value":0}]}},"N_Logo_tanke_lvdaiR01/N_Logo_tanke_lvdaiR02":{"props":{"position":[{"frame":0,"value":[26.8,6.4]},{"frame":0.8166666666666667,"value":[6.6,-14.8]},{"frame":0.9166666666666666,"value":[-0.5,-18.6]},{"frame":0.9333333333333333,"value":[26.8,16]},{"frame":1.1666666666666667,"value":[26.8,6.4]}],"scaleX":[{"frame":0,"value":1},{"frame":1.1666666666666667,"value":1}],"scaleY":[{"frame":0,"value":1},{"frame":0.8166666666666667,"value":1},{"frame":0.9166666666666666,"value":0},{"frame":0.9333333333333333,"value":0},{"frame":1.1666666666666667,"value":1}],"rotation":[{"frame":0,"value":0},{"frame":0.9333333333333333,"value":7},{"frame":1.1666666666666667,"value":0}]}},"N_Logo_tanke_lvdaiR01/N_Logo_tanke_lvdaiR03":{"props":{"position":[{"frame":0,"value":[22.5,-0.1]},{"frame":0.5166666666666667,"value":[5.9,-13.9]},{"frame":0.6333333333333333,"value":[-0.5,-19]},{"frame":0.65,"value":[25.5,15.4]},{"frame":1.1666666666666667,"value":[22.5,-0.1]}],"scaleX":[{"frame":0,"value":1},{"frame":1.1666666666666667,"value":1}],"scaleY":[{"frame":0,"value":1},{"frame":0.5166666666666667,"value":1},{"frame":0.6333333333333333,"value":0},{"frame":0.65,"value":0},{"frame":0.85,"value":1},{"frame":1.1666666666666667,"value":1}],"rotation":[{"frame":0,"value":0},{"frame":0.65,"value":6},{"frame":1.1666666666666667,"value":0}]}},"N_Logo_tanke_lvdaiR01/N_Logo_tanke_lvdaiR04":{"props":{"position":[{"frame":0,"value":[16.3,-7.1]},{"frame":0.3333333333333333,"value":[6,-14.2]},{"frame":0.4666666666666667,"value":[-0.6,-20.8]},{"frame":0.48333333333333334,"value":[26.7,16.4]},{"frame":0.7833333333333333,"value":[24.3,2.1]},{"frame":1.1666666666666667,"value":[16.3,-7.1]}],"scaleX":[{"frame":0,"value":1},{"frame":1.1666666666666667,"value":1}],"scaleY":[{"frame":0,"value":1},{"frame":0.3333333333333333,"value":1},{"frame":0.4666666666666667,"value":0},{"frame":0.48333333333333334,"value":0},{"frame":0.7833333333333333,"value":1},{"frame":1.1666666666666667,"value":1}],"rotation":[{"frame":0,"value":0},{"frame":0.48333333333333334,"value":10},{"frame":1.1666666666666667,"value":0}]}},"N_Logo_tanke_lvdaiR01/N_Logo_tanke_lvdaiR05":{"props":{"position":[{"frame":0,"value":[6.2,-14.3]},{"frame":0.13333333333333333,"value":[1.1,-18.1]},{"frame":0.15,"value":[24.6,16.6]},{"frame":0.31666666666666665,"value":[26.4,6.1]},{"frame":1.1666666666666667,"value":[6.2,-14.3]}],"scaleX":[{"frame":0,"value":1},{"frame":1.1666666666666667,"value":1}],"scaleY":[{"frame":0,"value":1},{"frame":0.13333333333333333,"value":0},{"frame":0.15,"value":0},{"frame":0.31666666666666665,"value":1},{"frame":1.1666666666666667,"value":1}],"rotation":[{"frame":0,"value":0},{"frame":0.15,"value":5},{"frame":0.31666666666666665,"value":21},{"frame":1.1666666666666667,"value":0}]}}}}},{"__type__":"cc.AnimationClip","_name":"Logo_ani01","_duration":2.8333333333333335,"curveData":{"paths":{"Logo_zhu":{"props":{"scaleX":[{"frame":1.35,"value":3.12},{"frame":1.6666666666666667,"value":0.88},{"frame":1.7333333333333334,"value":1.02},{"frame":1.9166666666666667,"value":1}],"scaleY":[{"frame":1.35,"value":3.12},{"frame":1.6666666666666667,"value":0.88},{"frame":1.7333333333333334,"value":1.02},{"frame":1.9166666666666667,"value":1}],"x":[{"frame":1.35,"value":45},{"frame":1.6666666666666667,"value":0}],"y":[{"frame":1.35,"value":9},{"frame":1.6666666666666667,"value":0}],"opacity":[{"frame":1.35,"value":0},{"frame":1.6666666666666667,"value":255}],"rotation":[{"frame":1.35,"value":180,"curve":[0.25,0.39,0.56,1]},{"frame":1.6666666666666667,"value":0},{"frame":1.7333333333333334,"value":0},{"frame":1.9166666666666667,"value":0}]}},"Logo_zhu/weixin":{"props":{"skewX":[{"frame":1.6666666666666667,"value":0},{"frame":1.7333333333333334,"value":0,"curve":[0.22,0.41,0.42,1]},{"frame":1.9166666666666667,"value":-10,"curve":[0.49,0.01,0.52,1]},{"frame":2.1333333333333333,"value":5,"curve":[0.5,0.01,0.47,1]},{"frame":2.3666666666666667,"value":-3,"curve":[0.49,0.01,0.5,1]},{"frame":2.6,"value":1,"curve":[0.46,0.01,0.51,1]},{"frame":2.8333333333333335,"value":0}],"scaleX":[{"frame":1.6666666666666667,"value":1},{"frame":1.7333333333333334,"value":1},{"frame":1.9166666666666667,"value":1.03},{"frame":2.033333333333333,"value":1.01},{"frame":2.1333333333333333,"value":1},{"frame":2.3666666666666667,"value":1.01,"curve":"linear"},{"frame":2.6,"value":1},{"frame":2.8333333333333335,"value":1}],"scaleY":[{"frame":1.6666666666666667,"value":1},{"frame":1.7333333333333334,"value":1},{"frame":1.9166666666666667,"value":0.9},{"frame":2.033333333333333,"value":1},{"frame":2.1333333333333333,"value":0.9},{"frame":2.25,"value":1},{"frame":2.3666666666666667,"value":1},{"frame":2.6,"value":1},{"frame":2.8333333333333335,"value":1}],"skewY":[]}},"Logo_zhu_xuying":{"props":{"scaleX":[{"frame":1.6666666666666667,"value":1},{"frame":1.7166666666666666,"value":1.36},{"frame":1.9833333333333334,"value":1.4}],"scaleY":[{"frame":1.6666666666666667,"value":1},{"frame":1.7166666666666666,"value":1.36},{"frame":1.9833333333333334,"value":1.4}],"opacity":[{"frame":1.6666666666666667,"value":0},{"frame":1.7166666666666666,"value":50},{"frame":1.9833333333333334,"value":0}]}},"Logo_zhu/gaoguang":{"props":{"scaleX":[{"frame":2.0833333333333335,"value":1},{"frame":2.1666666666666665,"value":4.12},{"frame":2.183333333333333,"value":4.4},{"frame":2.4166666666666665,"value":1}],"scaleY":[{"frame":2.0833333333333335,"value":1},{"frame":2.1666666666666665,"value":1.93},{"frame":2.183333333333333,"value":4.4},{"frame":2.4166666666666665,"value":1}],"opacity":[{"frame":2.0833333333333335,"value":0},{"frame":2.183333333333333,"value":255},{"frame":2.4166666666666665,"value":255}],"position":[{"frame":2.1666666666666665,"value":[22,16]},{"frame":2.183333333333333,"value":[22,5]},{"frame":2.4166666666666665,"value":[22,18]}]}},"guangxiao_02":{"props":{"scaleX":[{"frame":1.65,"value":10.42},{"frame":1.6833333333333333,"value":11.38},{"frame":1.95,"value":12}],"scaleY":[{"frame":1.65,"value":10.42},{"frame":1.6833333333333333,"value":11.38},{"frame":1.95,"value":12}],"opacity":[{"frame":1.65,"value":0},{"frame":1.6833333333333333,"value":255},{"frame":1.95,"value":0}]}}}}},{"__type__":"cc.SpriteFrame","content":{"name":"CG_qiu","texture":"25Si/Ki+hMlqF2yaosCl7I","rect":[1397,808,416,416],"offset":[0,0],"originalSize":[416,416]}},{"__type__":"cc.SpriteFrame","content":{"name":"_0005_shezhi","texture":"fcJS4K3v9B9LpajzpsNm+D","rect":[1922,760,54,52],"offset":[0,0],"originalSize":[54,52]}},{"__type__":"cc.SpriteFrame","content":{"name":"default_sprite_splash","texture":"fcJS4K3v9B9LpajzpsNm+D","rect":[972,760,32,32],"offset":[0,0],"originalSize":[32,32],"capInsets":[3,3,4,4]}},{"__type__":"cc.SpriteFrame","content":{"name":"erweima2","texture":"5f2BaCmQ1CnYPuCD1/rLg9","rect":[420,667,150,208],"offset":[0,0],"originalSize":[150,208]}},{"__type__":"cc.SpriteFrame","content":{"name":"CG_touying","texture":"25Si/Ki+hMlqF2yaosCl7I","rect":[774,336,618,86],"offset":[0,0],"originalSize":[618,86]}},{"__type__":"cc.SpriteFrame","content":{"name":"CG_tank_pao","texture":"25Si/Ki+hMlqF2yaosCl7I","rect":[1311,629,126,95],"offset":[0,0],"originalSize":[126,95]}},{"__type__":"cc.SpriteFrame","content":{"name":"CountDowm_48","texture":"fcJS4K3v9B9LpajzpsNm+D","rect":[1382,760,20,25],"offset":[0,0],"originalSize":[22,25]}},{"__type__":"cc.SpriteFrame","content":{"name":"default_btn_pressed","texture":"b4P/PCArtIdIH38t6mlw8Y","rect":[0,0,40,40],"offset":[0,0],"originalSize":[40,40],"capInsets":[11,11,11,7]}},{"__type__":"cc.SpriteFrame","content":{"name":"default_btn_normal","texture":"e8Ueib+qJEhL6mXAHdnwbi","rect":[0,0,40,40],"offset":[0,0],"originalSize":[40,40],"capInsets":[8,11,7,9]}},{"__type__":"cc.SpriteFrame","content":{"name":"CG_light01","texture":"5f2BaCmQ1CnYPuCD1/rLg9","rect":[465,876,285,82],"offset":[0,0],"originalSize":[285,82]}},{"__type__":"cc.SpriteFrame","content":{"name":"progressbg","texture":"20wkx7r05LO5L2PvQg5zW3","rect":[231,1141,30,18],"offset":[0,0],"originalSize":[30,18],"capInsets":[9,0,9,0]}},{"__type__":"cc.SpriteFrame","content":{"name":"CG_weixin","texture":"25Si/Ki+hMlqF2yaosCl7I","rect":[462,376,249,64],"offset":[0,0],"originalSize":[249,64]}},{"__type__":"cc.SpriteFrame","content":{"name":"diamond","texture":"25Si/Ki+hMlqF2yaosCl7I","rect":[1966,419,68,50],"offset":[0,0],"originalSize":[68,50]}}]