{"__type__":"cc.AnimationClip","_name":"Logo_light_loop01","_duration":8.983333333333333,"wrapMode":2,"curveData":{"paths":{"N_Logo_light01":{"props":{"scaleX":[],"scaleY":[],"rotation":[],"opacity":[]}},"N_Logo_light02":{"props":{"scaleY":[{"frame":0,"value":2},{"frame":8.983333333333333,"value":2}],"scaleX":[{"frame":0,"value":2},{"frame":8.983333333333333,"value":2}],"rotation":[{"frame":0,"value":0},{"frame":8.983333333333333,"value":360}],"opacity":[{"frame":0,"value":0},{"frame":0.7833333333333333,"value":0},{"frame":2.0833333333333335,"value":255},{"frame":4.733333333333333,"value":100},{"frame":5.266666666666667,"value":255},{"frame":6.5,"value":150},{"frame":8.983333333333333,"value":0}]}}}}}