{"__type__":"cc.AnimationClip","_name":"Player_yinshen","_duration":5.03,"sample":30,"wrapMode":0,"curveData":{"paths":{"1":{"props":{"opacity":[{"frame":3,"value":82},{"frame":3.433333333333333,"value":0},{"frame":3.8666666666666667,"value":82},{"frame":4.533333333333333,"value":0},{"frame":4.966666666666667,"value":82},{"frame":5.033333333333333,"value":0}]}},"New Sprite":{"props":{"opacity":[{"frame":3,"value":255},{"frame":3.433333333333333,"value":40},{"frame":3.8666666666666667,"value":255},{"frame":4.533333333333333,"value":40},{"frame":4.933333333333334,"value":255},{"frame":5.033333333333333,"value":0}]}}}},"events":[{"frame":0.5333333333333333,"func":"","params":[]}]}