{"__type__":"cc.AnimationClip","_name":"bifengban_enter","_duration":1.4,"sample":30,"curveData":{"props":{"opacity":[{"frame":0,"value":0},{"frame":0.5,"value":255}]},"paths":{"DuiZhan":{"props":{"opacity":[{"frame":0.7333333333333333,"value":0},{"frame":0.9,"value":255}],"scaleX":[{"frame":0.7333333333333333,"value":0.09},{"frame":0.8333333333333334,"value":0.78},{"frame":0.9,"value":1.02},{"frame":1.0333333333333334,"value":1}],"scaleY":[{"frame":0.7333333333333333,"value":0.05},{"frame":0.8333333333333334,"value":0.41},{"frame":0.9,"value":1.08},{"frame":1.0333333333333334,"value":1}]}},"BackBtn":{"props":{"opacity":[{"frame":1.0666666666666667,"value":0},{"frame":1.2333333333333334,"value":200},{"frame":1.4,"value":255}]}},"ShareBtn":{"props":{"opacity":[{"frame":1.0666666666666667,"value":0},{"frame":1.2333333333333334,"value":200},{"frame":1.4,"value":255}]}},"WinLabel":{"props":{"x":[{"frame":0.5,"value":-450},{"frame":0.6666666666666666,"value":-450}],"scaleX":[{"frame":0.5,"value":0.93},{"frame":0.6666666666666666,"value":0.6}],"scaleY":[{"frame":0.5,"value":0.93},{"frame":0.6666666666666666,"value":0.6}],"opacity":[{"frame":0.5,"value":0},{"frame":0.6666666666666666,"value":255}]}},"SelfSettlement/Detail/view/content/item":{"props":{"x":[]}},"SelfSettlement/Detail/view/content":{"props":{}},"item":{"props":{"x":[{"frame":0.5,"value":1131},{"frame":0.6666666666666666,"value":519},{"frame":0.7666666666666667,"value":577},{"frame":0.9,"value":560}]}},"item1":{"props":{"x":[{"frame":0.6,"value":1131},{"frame":0.7666666666666667,"value":519},{"frame":0.8666666666666667,"value":577},{"frame":1,"value":560}]}},"item2":{"props":{"x":[{"frame":0.5333333333333333,"value":1131},{"frame":0.7,"value":519},{"frame":0.8,"value":577},{"frame":0.9333333333333333,"value":560}]}},"item6":{"props":{"x":[{"frame":0.6666666666666666,"value":1131},{"frame":0.8333333333333334,"value":519},{"frame":0.9333333333333333,"value":577},{"frame":1.0666666666666667,"value":560}]}},"item5":{"props":{"x":[{"frame":0.6666666666666666,"value":-1131},{"frame":0.8333333333333334,"value":-519},{"frame":0.9333333333333333,"value":-577},{"frame":1.0666666666666667,"value":-560}]}},"item3":{"props":{"x":[{"frame":0.5333333333333333,"value":-1131},{"frame":0.7,"value":-519},{"frame":0.8,"value":-577},{"frame":0.9333333333333333,"value":-560}]}},"item4":{"props":{"x":[{"frame":0.6,"value":-1131},{"frame":0.7666666666666667,"value":-519},{"frame":0.8666666666666667,"value":-577},{"frame":1,"value":-560}]}},"DuiZhan/_0009_duizhan":{"props":{"scaleY":[]}}}}}