[{"__type__":"cc.SpriteFrame","content":{"name":"jiasu02","texture":"20wkx7r05LO5L2PvQg5zW3","rect":[309,325,23,43],"offset":[0,0],"originalSize":[23,43]}},{"__type__":"cc.SpriteFrame","content":{"name":"jiasu03","texture":"20wkx7r05LO5L2PvQg5zW3","rect":[740,817,30,30],"offset":[0,0],"originalSize":[30,30]}},{"__type__":"cc.SpriteFrame","content":{"name":"jiasu04","texture":"20wkx7r05LO5L2PvQg5zW3","rect":[3,957,102,102],"offset":[0,0],"originalSize":[102,102]}},{"__type__":"cc.SpriteFrame","content":{"name":"jiasu01","texture":"20wkx7r05LO5L2PvQg5zW3","rect":[309,221,24,43],"offset":[0,0],"originalSize":[24,43]}},[{"__type__":"cc.Prefab","_name":"jiasu","data":{"__id__":1},"asyncLoadAssets":false},{"__type__":"cc.Node","_name":"jiasu","_children":[{"__id__":2}],"_components":[{"__type__":"cc.BoxCollider","node":{"__id__":1}},{"__type__":"283deLRoEdBrrZr8xNXRa94","node":{"__id__":1},"Resid":1305,"DeadPrefab":{"__uuid__":"b93CiNZcJMRJDBtFIL71Nc"},"DeadPrefabName":"daojuxiaoshi_H","Body":{"__id__":1}}],"_prefab":{"__type__":"cc.PrefabInfo","root":{"__id__":1},"asset":{"__uuid__":"f2OQF92C9N4bWOsDOK2rpU"},"fileId":"dcPJqs9GlM/7kC4IjpuqY8"},"_anchorPoint":{"__type__":"cc.Vec2"},"groupIndex":4},{"__type__":"cc.Node","_name":"jiasu","_parent":{"__id__":1},"_children":[{"__id__":3},{"__id__":4},{"__id__":5},{"__id__":6},{"__id__":7},{"__id__":8},{"__id__":12},{"__id__":16}],"_components":[{"__type__":"cc.Animation","node":{"__id__":2},"_defaultClip":{"__uuid__":"f57J7Iy09AxLRwz+bvnVV4"},"_clips":[{"__uuid__":"f57J7Iy09AxLRwz+bvnVV4"}],"playOnLoad":true}],"_prefab":{"__type__":"cc.PrefabInfo","root":{"__id__":1},"asset":{"__uuid__":"f2OQF92C9N4bWOsDOK2rpU"},"fileId":"b4fF8gUKVGpbQEDPGphUaZ"}},{"__type__":"cc.Node","_name":"star","_parent":{"__id__":2},"_components":[{"__type__":"cc.Sprite","node":{"__id__":3},"_spriteFrame":{"__uuid__":"83PnfDeb9CNIGMu292PRc9"},"_isTrimmedMode":false,"_dstBlendFactor":0}],"_prefab":{"__type__":"cc.PrefabInfo","root":{"__id__":1},"asset":{"__uuid__":"f2OQF92C9N4bWOsDOK2rpU"},"fileId":"ecB+QHO8JN5ofAadeusRYN"},"_contentSize":{"__type__":"cc.Size","width":102,"height":102},"_position":{"__type__":"cc.Vec2","y":3}},{"__type__":"cc.Node","_name":"quan","_parent":{"__id__":2},"_components":[{"__type__":"cc.Sprite","node":{"__id__":4},"_spriteFrame":{"__uuid__":"703EkkbFRKPYkK5N4Z5yYo"},"_sizeMode":0,"_dstBlendFactor":0}],"_prefab":{"__type__":"cc.PrefabInfo","root":{"__id__":1},"asset":{"__uuid__":"f2OQF92C9N4bWOsDOK2rpU"},"fileId":"43HCcWB1FDJoEEg6xu9PFM"},"_contentSize":{"__type__":"cc.Size","width":90,"height":90}},{"__type__":"cc.Node","_name":"star1","_parent":{"__id__":2},"_components":[{"__type__":"cc.Sprite","node":{"__id__":5},"_spriteFrame":{"__uuid__":"beUX9rST5CO7KsFgloRPkJ"},"_dstBlendFactor":0}],"_prefab":{"__type__":"cc.PrefabInfo","root":{"__id__":1},"asset":{"__uuid__":"f2OQF92C9N4bWOsDOK2rpU"},"fileId":"5c5sfOTjhBHZbzCZ8n4MeS"},"_contentSize":{"__type__":"cc.Size","width":24,"height":43}},{"__type__":"cc.Node","_name":"star2","_parent":{"__id__":2},"_components":[{"__type__":"cc.Sprite","node":{"__id__":6},"_spriteFrame":{"__uuid__":"644QNeUoFGpZYeFPi6s6pn"},"_dstBlendFactor":0}],"_prefab":{"__type__":"cc.PrefabInfo","root":{"__id__":1},"asset":{"__uuid__":"f2OQF92C9N4bWOsDOK2rpU"},"fileId":"f3ZYGl/oxKy5AP4/59piv2"},"_contentSize":{"__type__":"cc.Size","width":23,"height":43}},{"__type__":"cc.Node","_name":"star3","_parent":{"__id__":2},"_components":[{"__type__":"cc.Sprite","node":{"__id__":7},"_spriteFrame":{"__uuid__":"644QNeUoFGpZYeFPi6s6pn"},"_dstBlendFactor":0}],"_prefab":{"__type__":"cc.PrefabInfo","root":{"__id__":1},"asset":{"__uuid__":"f2OQF92C9N4bWOsDOK2rpU"},"fileId":"55YIUkIclBm7pPSqK3uKdR"},"_contentSize":{"__type__":"cc.Size","width":23,"height":43}},{"__type__":"cc.Node","_name":"11","_parent":{"__id__":2},"_children":[{"__id__":9},{"__id__":10},{"__id__":11}],"_prefab":{"__type__":"cc.PrefabInfo","root":{"__id__":1},"asset":{"__uuid__":"f2OQF92C9N4bWOsDOK2rpU"},"fileId":"ea1dMJqctLtZ1fDpR5h1D6"},"_rotationX":91,"_rotationY":91,"_scaleX":-1},{"__type__":"cc.Node","_name":"2","_parent":{"__id__":8},"_components":[{"__type__":"cc.Sprite","node":{"__id__":9},"_spriteFrame":{"__uuid__":"644QNeUoFGpZYeFPi6s6pn"},"_dstBlendFactor":0}],"_prefab":{"__type__":"cc.PrefabInfo","root":{"__id__":1},"asset":{"__uuid__":"f2OQF92C9N4bWOsDOK2rpU"},"fileId":"edwyMN5ZpOJJWA21d3HB1W"},"_contentSize":{"__type__":"cc.Size","width":23,"height":43},"_position":{"__type__":"cc.Vec2","x":24.9}},{"__type__":"cc.Node","_name":"3","_parent":{"__id__":8},"_components":[{"__type__":"cc.Sprite","node":{"__id__":10},"_spriteFrame":{"__uuid__":"beUX9rST5CO7KsFgloRPkJ"},"_dstBlendFactor":0}],"_prefab":{"__type__":"cc.PrefabInfo","root":{"__id__":1},"asset":{"__uuid__":"f2OQF92C9N4bWOsDOK2rpU"},"fileId":"295e9YkRhMCJB9uFIGk/de"},"_contentSize":{"__type__":"cc.Size","width":24,"height":43},"_position":{"__type__":"cc.Vec2","x":33}},{"__type__":"cc.Node","_name":"4","_parent":{"__id__":8},"_components":[{"__type__":"cc.Sprite","node":{"__id__":11},"_spriteFrame":{"__uuid__":"beUX9rST5CO7KsFgloRPkJ"},"_dstBlendFactor":0}],"_prefab":{"__type__":"cc.PrefabInfo","root":{"__id__":1},"asset":{"__uuid__":"f2OQF92C9N4bWOsDOK2rpU"},"fileId":"c5LkWnz8NOEpkpcTxKIzKO"},"_contentSize":{"__type__":"cc.Size","width":24,"height":43},"_position":{"__type__":"cc.Vec2","x":40.7}},{"__type__":"cc.Node","_name":"22","_parent":{"__id__":2},"_children":[{"__id__":13},{"__id__":14},{"__id__":15}],"_prefab":{"__type__":"cc.PrefabInfo","root":{"__id__":1},"asset":{"__uuid__":"f2OQF92C9N4bWOsDOK2rpU"},"fileId":"ec35zSB6NFF7Cq3tuA+I8o"},"_scaleX":-1},{"__type__":"cc.Node","_name":"5","_parent":{"__id__":12},"_components":[{"__type__":"cc.Sprite","node":{"__id__":13},"_spriteFrame":{"__uuid__":"644QNeUoFGpZYeFPi6s6pn"},"_dstBlendFactor":0}],"_prefab":{"__type__":"cc.PrefabInfo","root":{"__id__":1},"asset":{"__uuid__":"f2OQF92C9N4bWOsDOK2rpU"},"fileId":"f1a0POs+BLyokGqGd8BxrE"},"_contentSize":{"__type__":"cc.Size","width":23,"height":43},"_position":{"__type__":"cc.Vec2","x":24.9}},{"__type__":"cc.Node","_name":"6","_parent":{"__id__":12},"_components":[{"__type__":"cc.Sprite","node":{"__id__":14},"_spriteFrame":{"__uuid__":"beUX9rST5CO7KsFgloRPkJ"},"_dstBlendFactor":0}],"_prefab":{"__type__":"cc.PrefabInfo","root":{"__id__":1},"asset":{"__uuid__":"f2OQF92C9N4bWOsDOK2rpU"},"fileId":"00oALO59RLD7w3bWcxiSY/"},"_contentSize":{"__type__":"cc.Size","width":24,"height":43},"_position":{"__type__":"cc.Vec2","x":33}},{"__type__":"cc.Node","_name":"7","_parent":{"__id__":12},"_components":[{"__type__":"cc.Sprite","node":{"__id__":15},"_spriteFrame":{"__uuid__":"beUX9rST5CO7KsFgloRPkJ"},"_dstBlendFactor":0}],"_prefab":{"__type__":"cc.PrefabInfo","root":{"__id__":1},"asset":{"__uuid__":"f2OQF92C9N4bWOsDOK2rpU"},"fileId":"d12pBf6+dJiro+yK77hJ2Y"},"_contentSize":{"__type__":"cc.Size","width":24,"height":43},"_position":{"__type__":"cc.Vec2","x":40.7}},{"__type__":"cc.Node","_name":"33","_parent":{"__id__":2},"_children":[{"__id__":17},{"__id__":18},{"__id__":19}],"_prefab":{"__type__":"cc.PrefabInfo","root":{"__id__":1},"asset":{"__uuid__":"f2OQF92C9N4bWOsDOK2rpU"},"fileId":"82QR4FYphPz6FGSGB1wn5q"},"_rotationX":-90,"_rotationY":-90,"_scaleX":-1},{"__type__":"cc.Node","_name":"8","_parent":{"__id__":16},"_components":[{"__type__":"cc.Sprite","node":{"__id__":17},"_spriteFrame":{"__uuid__":"644QNeUoFGpZYeFPi6s6pn"},"_dstBlendFactor":0}],"_prefab":{"__type__":"cc.PrefabInfo","root":{"__id__":1},"asset":{"__uuid__":"f2OQF92C9N4bWOsDOK2rpU"},"fileId":"ddPqGjomlHvakRNZ50Gjjj"},"_contentSize":{"__type__":"cc.Size","width":23,"height":43},"_position":{"__type__":"cc.Vec2","x":24.9}},{"__type__":"cc.Node","_name":"9","_parent":{"__id__":16},"_components":[{"__type__":"cc.Sprite","node":{"__id__":18},"_spriteFrame":{"__uuid__":"beUX9rST5CO7KsFgloRPkJ"},"_dstBlendFactor":0}],"_prefab":{"__type__":"cc.PrefabInfo","root":{"__id__":1},"asset":{"__uuid__":"f2OQF92C9N4bWOsDOK2rpU"},"fileId":"fa/3exBA5JyppPiAj9I7C3"},"_contentSize":{"__type__":"cc.Size","width":24,"height":43},"_position":{"__type__":"cc.Vec2","x":33}},{"__type__":"cc.Node","_name":"0","_parent":{"__id__":16},"_components":[{"__type__":"cc.Sprite","node":{"__id__":19},"_spriteFrame":{"__uuid__":"beUX9rST5CO7KsFgloRPkJ"},"_dstBlendFactor":0}],"_prefab":{"__type__":"cc.PrefabInfo","root":{"__id__":1},"asset":{"__uuid__":"f2OQF92C9N4bWOsDOK2rpU"},"fileId":"7dt2RnzepIt6aUYZWEQHZM"},"_contentSize":{"__type__":"cc.Size","width":24,"height":43},"_position":{"__type__":"cc.Vec2","x":40.7}}]]