[{"__type__":"cc.SpriteFrame","content":{"name":"zhuanhuan_04_2","texture":"20wkx7r05LO5L2PvQg5zW3","rect":[815,1069,87,97],"offset":[0,0],"originalSize":[87,97]}},{"__type__":"cc.SpriteFrame","content":{"name":"chaiqiang_01","texture":"20wkx7r05LO5L2PvQg5zW3","rect":[44,1308,39,67],"offset":[0,0],"originalSize":[39,67]}},[{"__type__":"cc.Prefab","_name":"chanzi","data":{"__id__":1},"asyncLoadAssets":false},{"__type__":"cc.Node","_name":"chanzi","_children":[{"__id__":2},{"__id__":5}],"_components":[{"__type__":"9bdf76vszFBEKWDAGyNctFy","node":{"__id__":1},"SpAtlas":{"__uuid__":"49hgYBWs5C0osUMDkiP1E1"},"Resid":1302,"EntityType":13,"DeadPrefab":{"__uuid__":"b93CiNZcJMRJDBtFIL71Nc"},"DeadPrefabName":"daojuxiaoshi_H","Body":{"__id__":2},"dieAnimationClip":"daojuxiaoshi","AvailableTime":15,"WarnAnimation":{"__id__":8},"WarnAnimationClip":"xingxing_xiaoshi"},{"__type__":"cc.BoxCollider","node":{"__id__":1}}],"_prefab":{"__type__":"cc.PrefabInfo","root":{"__id__":1},"asset":{"__uuid__":"f3+Jwx/WxPTrDDDtSFf4Xu"},"fileId":"cb8l4u5clNFL68HJqcN7YC"},"_contentSize":{"__type__":"cc.Size","width":100,"height":100},"groupIndex":4},{"__type__":"cc.Node","_name":"chanzi","_parent":{"__id__":1},"_children":[{"__id__":3},{"__id__":4}],"_components":[{"__type__":"cc.Animation","node":{"__id__":2},"_defaultClip":{"__uuid__":"cfnFtj1nRGUqGQCifzViVb"},"_clips":[{"__uuid__":"cfnFtj1nRGUqGQCifzViVb"}],"playOnLoad":true}],"_prefab":{"__type__":"cc.PrefabInfo","root":{"__id__":1},"asset":{"__uuid__":"f3+Jwx/WxPTrDDDtSFf4Xu"},"fileId":"6ablpt/N1Hn5H1aWtxR/f/"}},{"__type__":"cc.Node","_name":"star","_parent":{"__id__":2},"_components":[{"__type__":"cc.Sprite","node":{"__id__":3},"_spriteFrame":{"__uuid__":"8bn4azKAhCEKX0N4wGq3LD"},"_isTrimmedMode":false,"_dstBlendFactor":0}],"_prefab":{"__type__":"cc.PrefabInfo","root":{"__id__":1},"asset":{"__uuid__":"f3+Jwx/WxPTrDDDtSFf4Xu"},"fileId":"0dno1/X7RPtZOP+8G96Wuc"},"_contentSize":{"__type__":"cc.Size","width":39,"height":67},"_position":{"__type__":"cc.Vec2","y":3}},{"__type__":"cc.Node","_name":"quan","_parent":{"__id__":2},"_components":[{"__type__":"cc.Sprite","node":{"__id__":4},"_spriteFrame":{"__uuid__":"3463TWDzdLn5Oe6V3xOLLf"},"_sizeMode":0,"_dstBlendFactor":0}],"_prefab":{"__type__":"cc.PrefabInfo","root":{"__id__":1},"asset":{"__uuid__":"f3+Jwx/WxPTrDDDtSFf4Xu"},"fileId":"b0WBPO6B9Dq4Nrv2FRY4u9"},"_contentSize":{"__type__":"cc.Size","width":90,"height":90}},{"__type__":"cc.Node","_name":"xingxing_xiaoshi","_parent":{"__id__":1},"_children":[{"__id__":6},{"__id__":7}],"_active":false,"_components":[{"__id__":8}],"_prefab":{"__type__":"cc.PrefabInfo","root":{"__id__":1},"asset":{"__uuid__":"f3+Jwx/WxPTrDDDtSFf4Xu"},"fileId":"6b5NCoHRNNBopGEzYaXELP"}},{"__type__":"cc.Node","_name":"star","_parent":{"__id__":5},"_components":[{"__type__":"cc.Sprite","node":{"__id__":6},"_spriteFrame":{"__uuid__":"8bn4azKAhCEKX0N4wGq3LD"},"_isTrimmedMode":false,"_dstBlendFactor":0}],"_prefab":{"__type__":"cc.PrefabInfo","root":{"__id__":1},"asset":{"__uuid__":"f3+Jwx/WxPTrDDDtSFf4Xu"},"fileId":"38Q47qnmJOsLxvaTFDawXv"},"_opacity":50,"_contentSize":{"__type__":"cc.Size","width":39,"height":67}},{"__type__":"cc.Node","_name":"quan","_parent":{"__id__":5},"_components":[{"__type__":"cc.Sprite","node":{"__id__":7},"_spriteFrame":{"__uuid__":"3463TWDzdLn5Oe6V3xOLLf"},"_sizeMode":0,"_dstBlendFactor":0}],"_prefab":{"__type__":"cc.PrefabInfo","root":{"__id__":1},"asset":{"__uuid__":"f3+Jwx/WxPTrDDDtSFf4Xu"},"fileId":"ebivByH8RJ8b2RnIdxAm+Q"},"_opacity":50,"_contentSize":{"__type__":"cc.Size","width":90,"height":90}},{"__type__":"cc.Animation","node":{"__id__":5},"_defaultClip":{"__uuid__":"6201XxmQ1GM4ecCdeVrJwc"},"_clips":[{"__uuid__":"6201XxmQ1GM4ecCdeVrJwc"}]}]]