[{"__type__":"cc.SpriteFrame","content":{"name":"tuowei_01","texture":"20wkx7r05LO5L2PvQg5zW3","rect":[307,402,26,18],"offset":[1,7],"originalSize":[32,32]}},{"__type__":"cc.AnimationClip","_name":"JD_boom","_duration":3.7,"sample":30,"wrapMode":0,"curveData":{"paths":{"sprite2":{"props":{"scaleX":[{"frame":0.06666666666666667,"value":0.69},{"frame":0.7,"value":4.18}],"scaleY":[{"frame":0.06666666666666667,"value":0.69},{"frame":0.7,"value":4.18}],"opacity":[{"frame":0.06666666666666667,"value":0},{"frame":0.1,"value":255},{"frame":0.4,"value":255},{"frame":0.7,"value":0}],"rotation":[{"frame":0.1,"value":67}]}},"glow":{"props":{"scaleX":[{"frame":0.43333333333333335,"value":3.56},{"frame":2.533333333333333,"value":2.23},{"frame":3.3333333333333335,"value":0.99}],"scaleY":[{"frame":0.43333333333333335,"value":3.56},{"frame":2.533333333333333,"value":2.23},{"frame":3.3333333333333335,"value":0.99}],"opacity":[{"frame":0.16666666666666666,"value":0},{"frame":0.4,"value":255},{"frame":2.533333333333333,"value":255},{"frame":3.6,"value":0}],"color":[{"frame":0.4666666666666667,"value":{"__type__":"cc.Color","r":255,"g":255,"b":255}}]}},"quan":{"props":{"scaleX":[{"frame":0.3333333333333333,"value":1},{"frame":0.9,"value":1.8},{"frame":1.9,"value":2.78}],"scaleY":[{"frame":0.3333333333333333,"value":1},{"frame":0.9,"value":1.8},{"frame":1.9,"value":2.78}],"opacity":[{"frame":0.3,"value":0},{"frame":0.9,"value":255},{"frame":1.9,"value":0}]}},"lizi":{"comps":{"cc.Sprite":{"spriteFrame":[{"frame":0.5,"value":{"__uuid__":"2b7YJVl15BQ7hRXFkdTzan"}}]}},"props":{"scaleX":[{"frame":0.5666666666666667,"value":3.18},{"frame":1.1333333333333333,"value":2.2},{"frame":2.433333333333333,"value":1}],"scaleY":[{"frame":0.5666666666666667,"value":3.18},{"frame":1.1333333333333333,"value":2.2},{"frame":2.433333333333333,"value":1}],"opacity":[{"frame":0.5,"value":0},{"frame":0.5666666666666667,"value":170.0000000000001},{"frame":0.6,"value":255},{"frame":2.433333333333333,"value":255},{"frame":3.3,"value":0}],"x":[{"frame":0.5666666666666667,"value":-22.9},{"frame":1.1333333333333333,"value":-19.1}],"y":[{"frame":0.5666666666666667,"value":2.2},{"frame":1.1333333333333333,"value":12.8}],"rotation":[{"frame":0.5666666666666667,"value":0},{"frame":2.433333333333333,"value":30}]}},"quan3":{"props":{"opacity":[{"frame":0.43333333333333335,"value":0},{"frame":0.5333333333333333,"value":255},{"frame":1.9,"value":255},{"frame":2.6333333333333333,"value":0}],"scaleX":[{"frame":0.43333333333333335,"value":1.91},{"frame":0.5333333333333333,"value":2.98},{"frame":2.6333333333333333,"value":3.47}],"scaleY":[{"frame":0.43333333333333335,"value":1.91},{"frame":0.5333333333333333,"value":2.98},{"frame":2.6333333333333333,"value":3.47}],"y":[{"frame":0.5333333333333333,"value":-4},{"frame":0.5666666666666667,"value":-4},{"frame":1.1666666666666667,"value":-4}],"x":[{"frame":0.5333333333333333,"value":-7},{"frame":0.5666666666666667,"value":-7},{"frame":1.1666666666666667,"value":-7}]}},"quan2":{"props":{"scaleX":[{"frame":0.2,"value":0.39},{"frame":0.3,"value":1.81},{"frame":0.4,"value":2.38}],"scaleY":[{"frame":0.2,"value":0.39},{"frame":0.3,"value":1.81},{"frame":0.4,"value":2.38}],"opacity":[{"frame":0.16666666666666666,"value":0},{"frame":0.3,"value":255},{"frame":0.4,"value":0}]}},"lizi2":{"props":{"x":[{"frame":0.43333333333333335,"value":23.3},{"frame":3.2666666666666666,"value":13.1}],"y":[{"frame":0.43333333333333335,"value":27.2},{"frame":3.2666666666666666,"value":25.6}],"scaleX":[{"frame":0.43333333333333335,"value":3.34},{"frame":1.1666666666666667,"value":1.92},{"frame":3.2666666666666666,"value":0.65}],"scaleY":[{"frame":0.43333333333333335,"value":3.34},{"frame":1.1666666666666667,"value":1.92},{"frame":3.2666666666666666,"value":0.65}],"opacity":[{"frame":0.4,"value":0},{"frame":0.5,"value":255},{"frame":2.433333333333333,"value":255},{"frame":3.3,"value":0}],"rotation":[{"frame":0.4,"value":0},{"frame":3.2666666666666666,"value":25}]}},"lizi3":{"props":{"y":[{"frame":0.4666666666666667,"value":-29},{"frame":3.3,"value":-12}],"x":[{"frame":0.4666666666666667,"value":23.7},{"frame":3.3,"value":8.5}],"scaleY":[{"frame":0.4666666666666667,"value":4.4},{"frame":1.2,"value":2.41},{"frame":3.3,"value":0.88}],"scaleX":[{"frame":0.4666666666666667,"value":4.4},{"frame":1.2,"value":2.41},{"frame":3.3,"value":0.88}],"opacity":[{"frame":0.43333333333333335,"value":0},{"frame":0.5333333333333333,"value":255},{"frame":2.433333333333333,"value":255},{"frame":3.3333333333333335,"value":0}],"rotation":[{"frame":0.4666666666666667,"value":0},{"frame":3.3,"value":30}]}},"ci":{"props":{"scaleX":[{"frame":0.5666666666666667,"value":1.36},{"frame":0.8,"value":2.45},{"frame":3.566666666666667,"value":0.64}],"scaleY":[{"frame":0.5666666666666667,"value":1.36},{"frame":0.8,"value":2.45},{"frame":3.566666666666667,"value":0.64}],"x":[{"frame":0.5666666666666667,"value":-19.6},{"frame":0.8,"value":-35},{"frame":3.566666666666667,"value":-23.1}],"y":[{"frame":0.5666666666666667,"value":22},{"frame":0.8,"value":42},{"frame":3.566666666666667,"value":22.9}],"rotation":[{"frame":0.5666666666666667,"value":-41},{"frame":3.566666666666667,"value":-41}],"opacity":[{"frame":0.5666666666666667,"value":0},{"frame":0.8,"value":255},{"frame":2.1,"value":200},{"frame":3.566666666666667,"value":0}]}},"ci2":{"props":{"opacity":[{"frame":0.5666666666666667,"value":0},{"frame":0.7666666666666667,"value":255},{"frame":2.1333333333333333,"value":200},{"frame":3.6,"value":0}],"y":[{"frame":0.5666666666666667,"value":11.3},{"frame":0.8,"value":24},{"frame":3.6,"value":11.5}],"x":[{"frame":0.5666666666666667,"value":26},{"frame":0.8,"value":54},{"frame":3.6,"value":26.4}],"scaleX":[{"frame":0.5666666666666667,"value":1.72},{"frame":0.8,"value":2.29},{"frame":3.6,"value":0.66}],"scaleY":[{"frame":0.5666666666666667,"value":1.72},{"frame":0.8,"value":2.29},{"frame":3.6,"value":0.66}],"rotation":[{"frame":0.5666666666666667,"value":63}]}},"ci3":{"props":{"rotation":[{"frame":0.7666666666666667,"value":-138}],"x":[{"frame":0.7666666666666667,"value":-34},{"frame":3.6,"value":-27.8}],"y":[{"frame":0.7666666666666667,"value":-43},{"frame":3.6,"value":-26.6}],"scaleX":[{"frame":0.5666666666666667,"value":2.33},{"frame":0.7666666666666667,"value":3.99},{"frame":3.6,"value":1.16}],"scaleY":[{"frame":0.5666666666666667,"value":2.33},{"frame":0.7666666666666667,"value":3.99},{"frame":3.6,"value":1.16}],"opacity":[{"frame":0.5666666666666667,"value":0},{"frame":0.7666666666666667,"value":255},{"frame":0.9,"value":200},{"frame":3.6,"value":0}]}},"sprite5":{"props":{"opacity":[{"frame":0.13333333333333333,"value":255},{"frame":0.2,"value":0}],"scaleX":[{"frame":0,"value":3.93},{"frame":0.1,"value":1.85},{"frame":0.2,"value":0.67}],"scaleY":[{"frame":0,"value":3.93},{"frame":0.1,"value":1.85},{"frame":0.2,"value":0.67}],"rotation":[{"frame":0,"value":0},{"frame":0.26666666666666666,"value":0}]}},"sprite4":{"props":{"opacity":[{"frame":0.1,"value":0},{"frame":0.5,"value":255},{"frame":0.7666666666666667,"value":80},{"frame":1.3666666666666667,"value":0}],"scaleY":[{"frame":0.3,"value":0.82},{"frame":0.5,"value":3.36},{"frame":1.3666666666666667,"value":4.03}],"scaleX":[{"frame":0.3,"value":0.82},{"frame":0.5,"value":3.36},{"frame":1.3666666666666667,"value":4.03}]}},"wu":{"props":{"opacity":[{"frame":0.3,"value":0},{"frame":0.9333333333333333,"value":180},{"frame":3.2,"value":0}],"x":[{"frame":0.3,"value":3},{"frame":0.9333333333333333,"value":3},{"frame":3.2,"value":3}],"y":[{"frame":0.3,"value":0},{"frame":0.9333333333333333,"value":13},{"frame":3.2,"value":20}],"scaleX":[{"frame":0.3,"value":1.77},{"frame":0.9333333333333333,"value":2.07},{"frame":3.2,"value":2.36}],"scaleY":[{"frame":0.3,"value":1.77},{"frame":0.9333333333333333,"value":2.07},{"frame":3.2,"value":2.36}]}},"wu2":{"props":{"opacity":[{"frame":0.4,"value":0},{"frame":0.8,"value":255},{"frame":0.8333333333333334,"value":200},{"frame":3.7,"value":0}],"scaleY":[{"frame":0.4666666666666667,"value":1.13},{"frame":0.8,"value":1.5},{"frame":3.7,"value":1.9}],"scaleX":[{"frame":0.4666666666666667,"value":1.13},{"frame":0.8,"value":1.5},{"frame":3.7,"value":1.9}],"x":[{"frame":0.4666666666666667,"value":-15},{"frame":3.7,"value":-15}],"y":[{"frame":0.4666666666666667,"value":-3},{"frame":3.7,"value":10}]}},"quan4":{"props":{"scaleX":[{"frame":0.26666666666666666,"value":0.73},{"frame":0.5333333333333333,"value":3.1},{"frame":0.7,"value":4.2}],"scaleY":[{"frame":0.26666666666666666,"value":0.73},{"frame":0.5333333333333333,"value":3.1},{"frame":0.7,"value":4.2}],"opacity":[{"frame":0.16666666666666666,"value":0},{"frame":0.3,"value":255},{"frame":0.5333333333333333,"value":255},{"frame":0.7,"value":0}]}}}},"events":[{"frame":0.5333333333333333,"func":"","params":[]}]}]