[{"__type__":"cc.AnimationClip","_name":"T_fire02_H","_duration":0.13333333333333333,"sample":30,"wrapMode":0,"curveData":{"paths":{"sprite":{"comps":{"cc.Sprite":{}},"props":{"opacity":[{"frame":0,"value":0},{"frame":0.03333333333333333,"value":255},{"frame":0.13333333333333333,"value":0}],"scaleX":[{"frame":0,"value":2},{"frame":0.13333333333333333,"value":2.33}],"scaleY":[{"frame":0,"value":2},{"frame":0.13333333333333333,"value":2.33}],"x":[{"frame":0.03333333333333333,"value":3},{"frame":0.13333333333333333,"value":3}],"y":[{"frame":0.03333333333333333,"value":56},{"frame":0.13333333333333333,"value":63}]}},"sprite1":{"props":{"y":[{"frame":0.03333333333333333,"value":51},{"frame":0.1,"value":39}],"x":[{"frame":0.03333333333333333,"value":2},{"frame":0.1,"value":2}],"scaleX":[{"frame":0,"value":1},{"frame":0.03333333333333333,"value":1.29}],"scaleY":[{"frame":0,"value":1},{"frame":0.03333333333333333,"value":1.29}],"opacity":[{"frame":0,"value":0},{"frame":0.03333333333333333,"value":255},{"frame":0.1,"value":0}]}}}}},{"__type__":"cc.SpriteFrame","content":{"name":"shouji05","texture":"20wkx7r05LO5L2PvQg5zW3","rect":[111,1273,40,41],"offset":[0,0],"originalSize":[40,41]}},[{"__type__":"cc.Prefab","_name":"T_fire02_H","data":{"__id__":1},"asyncLoadAssets":false},{"__type__":"cc.Node","_name":"T_fire02_H","_children":[{"__id__":2},{"__id__":3}],"_components":[{"__type__":"cc.Animation","node":{"__id__":1},"_defaultClip":{"__uuid__":"6cu+KtN0ZB56yvVIFDoqS0"},"_clips":[{"__uuid__":"6cu+KtN0ZB56yvVIFDoqS0"}]}],"_prefab":{"__type__":"cc.PrefabInfo","root":{"__id__":1},"asset":{"__uuid__":"a4tUEHCapIwJze287MEwU5"},"fileId":"27WV1k9jlFy5C+GJdJJ96k"}},{"__type__":"cc.Node","_name":"sprite","_parent":{"__id__":1},"_components":[{"__type__":"cc.Sprite","node":{"__id__":2},"_spriteFrame":{"__uuid__":"7diTKu489FPqMdxQRfi4+1"}}],"_prefab":{"__type__":"cc.PrefabInfo","root":{"__id__":1},"asset":{"__uuid__":"a4tUEHCapIwJze287MEwU5"},"fileId":"d4/iZkzr5E/bfepqjeCpf2"},"_contentSize":{"__type__":"cc.Size","width":40,"height":41}},{"__type__":"cc.Node","_name":"sprite1","_parent":{"__id__":1},"_components":[{"__type__":"cc.Sprite","node":{"__id__":3},"_spriteFrame":{"__uuid__":"7diTKu489FPqMdxQRfi4+1"}}],"_prefab":{"__type__":"cc.PrefabInfo","root":{"__id__":1},"asset":{"__uuid__":"a4tUEHCapIwJze287MEwU5"},"fileId":"60yo6iLN5Oe7uyXBtu8Kri"},"_contentSize":{"__type__":"cc.Size","width":40,"height":41}}]]