[[{"__type__":"cc.Prefab","_name":"SmallBlockPrefab","data":{"__id__":1},"asyncLoadAssets":false},{"__type__":"cc.Node","_name":"SmallBlockPrefab","_components":[{"__type__":"f241cGs8RVKfakp57rZydSZ","node":{"__id__":1},"SpAtlas":{"__uuid__":"0dybIr3kNFYrJo5LVNQ/d2"},"EntityType":3,"DeadPrefab":{"__uuid__":"d74IAg0TJPWqZ59PWtABfz"},"DeadPrefabName":"Zhangai_hit_H","Body":{"__id__":1},"dieAnimationClip":"Zhangai_hit"},{"__type__":"cc.BoxCollider","node":{"__id__":1},"_enabled":false,"_size":{"__type__":"cc.Size","width":50,"height":50}},{"__type__":"cc.Sprite","node":{"__id__":1},"_spriteFrame":{"__uuid__":"e1OADhH6hAcb92r9UOesk9"},"_sizeMode":0}],"_prefab":{"__type__":"cc.PrefabInfo","root":{"__id__":1},"asset":{"__uuid__":"46vnul0cdBJaG0dgoMLBJv"},"fileId":"cb8l4u5clNFL68HJqcN7YC"},"_contentSize":{"__type__":"cc.Size","width":50,"height":50},"groupIndex":2}],{"__type__":"cc.SpriteFrame","content":{"name":"tk_1","texture":"96v2cfPGRMrK08a9XaXlj/","rect":[436,3,52,52],"offset":[0,0],"originalSize":[52,52]}}]