[{"__type__":"cc.SpriteFrame","content":{"name":"quan01","texture":"20wkx7r05LO5L2PvQg5zW3","rect":[890,1213,84,84],"offset":[0,0],"originalSize":[100,100]}},[{"__type__":"cc.Prefab","_name":"baohuzhao_L","data":{"__id__":1},"asyncLoadAssets":false},{"__type__":"cc.Node","_name":"baohuzhao_L","_components":[{"__type__":"5f78867I45Ho4XUIjr0GHcB","node":{"__id__":1},"positionNode":{"__id__":1}},{"__type__":"cc.Sprite","node":{"__id__":1},"_spriteFrame":{"__uuid__":"06cKXD7CFPCIKDSV3WmAkD"}}],"_prefab":{"__type__":"cc.PrefabInfo","root":{"__id__":1},"asset":{"__uuid__":"53HqGPaxpFHrGy3n+xymX9"},"fileId":"4aOIcbmvJAgL/0KQNVtJTj"},"_contentSize":{"__type__":"cc.Size","width":84,"height":84},"_scaleX":1.44,"_scaleY":1.44}]]