[{"__type__":"cc.SpriteFrame","content":{"name":"MapDecorate_1","texture":"96v2cfPGRMrK08a9XaXlj/","rect":[3,409,78,86],"offset":[-12,-2],"originalSize":[102,102]}},[{"__type__":"cc.Prefab","_name":"MapDecoratePrefab","data":{"__id__":1},"asyncLoadAssets":false},{"__type__":"cc.Node","_name":"MapDecoratePrefab","_components":[{"__type__":"cc.Sprite","node":{"__id__":1},"_spriteFrame":{"__uuid__":"5doQuh7P1Cb6HSoSIOoiiH"},"_sizeMode":0,"_isTrimmedMode":false},{"__type__":"05badTxkdZH1aY7IhHO7Bus","node":{"__id__":1},"SpAtlas":{"__uuid__":"0dybIr3kNFYrJo5LVNQ/d2"},"EntityType":14}],"_prefab":{"__type__":"cc.PrefabInfo","root":{"__id__":1},"asset":{"__uuid__":"d2UxknygRGLJXfact9109X"},"fileId":"7b6dcQ6xNCXb9xxF92wPvB"},"_contentSize":{"__type__":"cc.Size","width":100,"height":100}}]]