[{"__type__":"cc.SpriteFrame","content":{"name":"jiasu02","texture":"20wkx7r05LO5L2PvQg5zW3","rect":[309,325,23,43],"offset":[0,0],"originalSize":[23,43]}},{"__type__":"cc.SpriteFrame","content":{"name":"jiasu01","texture":"20wkx7r05LO5L2PvQg5zW3","rect":[309,221,24,43],"offset":[0,0],"originalSize":[24,43]}},{"__type__":"cc.AnimationClip","_name":"jiasu","_duration":0.5166666666666667,"wrapMode":2,"curveData":{"paths":{"star":{"comps":{"cc.Sprite":{}},"props":{"scaleX":[{"frame":0,"value":1}],"scaleY":[{"frame":0,"value":1}]}},"quan":{"props":{"scaleX":[{"frame":0,"value":0.28}],"scaleY":[{"frame":0,"value":0.28}]}},"star1":{"props":{"scaleX":[{"frame":0,"value":1}],"scaleY":[{"frame":0,"value":1}],"position":[{"frame":0,"value":[40.7,0]}],"opacity":[{"frame":0,"value":255}],"color":[{"frame":0,"value":{"__type__":"cc.Color","r":177,"g":174,"b":174}},{"frame":0.13333333333333333,"value":{"__type__":"cc.Color","r":255,"g":255,"b":255}}]},"comps":{"cc.Sprite":{"spriteFrame":[{"frame":0,"value":{"__uuid__":"beUX9rST5CO7KsFgloRPkJ"}},{"frame":0.13333333333333333,"value":{"__uuid__":"beUX9rST5CO7KsFgloRPkJ"}},{"frame":0.3333333333333333,"value":{"__uuid__":"644QNeUoFGpZYeFPi6s6pn"}},{"frame":0.5,"value":{"__uuid__":"644QNeUoFGpZYeFPi6s6pn"}}]}}},"star2":{"props":{"scaleX":[{"frame":0,"value":1}],"scaleY":[{"frame":0,"value":1}],"position":[{"frame":0,"value":[33.1,0]}],"opacity":[{"frame":0,"value":255}],"color":[{"frame":0,"value":{"__type__":"cc.Color","r":255,"g":255,"b":255}}]},"comps":{"cc.Sprite":{"spriteFrame":[{"frame":0,"value":{"__uuid__":"beUX9rST5CO7KsFgloRPkJ"}},{"frame":0.13333333333333333,"value":{"__uuid__":"644QNeUoFGpZYeFPi6s6pn"}},{"frame":0.3333333333333333,"value":{"__uuid__":"beUX9rST5CO7KsFgloRPkJ"}},{"frame":0.5,"value":{"__uuid__":"beUX9rST5CO7KsFgloRPkJ"}}]}}},"star3":{"props":{"y":[{"frame":0,"value":0}],"x":[{"frame":0,"value":24.9}],"color":[{"frame":0.31666666666666665,"value":{"__type__":"cc.Color","r":255,"g":255,"b":255}},{"frame":0.3333333333333333,"value":{"__type__":"cc.Color","r":207,"g":205,"b":205}},{"frame":0.5,"value":{"__type__":"cc.Color","r":255,"g":255,"b":255}}]},"comps":{"cc.Sprite":{"spriteFrame":[{"frame":0,"value":{"__uuid__":"644QNeUoFGpZYeFPi6s6pn"}},{"frame":0.13333333333333333,"value":{"__uuid__":"beUX9rST5CO7KsFgloRPkJ"}},{"frame":0.3333333333333333,"value":{"__uuid__":"beUX9rST5CO7KsFgloRPkJ"}},{"frame":0.5,"value":{"__uuid__":"beUX9rST5CO7KsFgloRPkJ"}}]}}},"11/2":{"comps":{"cc.Sprite":{"spriteFrame":[{"frame":0,"value":{"__uuid__":"644QNeUoFGpZYeFPi6s6pn"}},{"frame":0.13333333333333333,"value":{"__uuid__":"beUX9rST5CO7KsFgloRPkJ"}}]}},"props":{"color":[{"frame":0.31666666666666665,"value":{"__type__":"cc.Color","r":255,"g":255,"b":255}},{"frame":0.3333333333333333,"value":{"__type__":"cc.Color","r":177,"g":174,"b":174}},{"frame":0.5,"value":{"__type__":"cc.Color","r":255,"g":255,"b":255}}]}},"11/3":{"comps":{"cc.Sprite":{"spriteFrame":[{"frame":0,"value":{"__uuid__":"beUX9rST5CO7KsFgloRPkJ"}},{"frame":0.13333333333333333,"value":{"__uuid__":"644QNeUoFGpZYeFPi6s6pn"}},{"frame":0.3333333333333333,"value":{"__uuid__":"beUX9rST5CO7KsFgloRPkJ"}}]}}},"11/4":{"comps":{"cc.Sprite":{"spriteFrame":[{"frame":0.25,"value":{"__uuid__":"beUX9rST5CO7KsFgloRPkJ"}},{"frame":0.3333333333333333,"value":{"__uuid__":"644QNeUoFGpZYeFPi6s6pn"}},{"frame":0.5,"value":{"__uuid__":"beUX9rST5CO7KsFgloRPkJ"}}]}},"props":{"color":[{"frame":0,"value":{"__type__":"cc.Color","r":177,"g":174,"b":174}},{"frame":0.13333333333333333,"value":{"__type__":"cc.Color","r":255,"g":255,"b":255}}]}},"22/5":{"comps":{"cc.Sprite":{"spriteFrame":[{"frame":0,"value":{"__uuid__":"644QNeUoFGpZYeFPi6s6pn"}},{"frame":0.13333333333333333,"value":{"__uuid__":"beUX9rST5CO7KsFgloRPkJ"}}]}},"props":{"color":[{"frame":0.31666666666666665,"value":{"__type__":"cc.Color","r":255,"g":255,"b":255}},{"frame":0.35,"value":{"__type__":"cc.Color","r":177,"g":174,"b":174}},{"frame":0.5,"value":{"__type__":"cc.Color","r":255,"g":255,"b":255}}]}},"22/6":{"comps":{"cc.Sprite":{"spriteFrame":[{"frame":0,"value":{"__uuid__":"beUX9rST5CO7KsFgloRPkJ"}},{"frame":0.15,"value":{"__uuid__":"644QNeUoFGpZYeFPi6s6pn"}},{"frame":0.3333333333333333,"value":{"__uuid__":"beUX9rST5CO7KsFgloRPkJ"}}]}}},"22/7":{"comps":{"cc.Sprite":{"spriteFrame":[{"frame":0.15,"value":{"__uuid__":"beUX9rST5CO7KsFgloRPkJ"}},{"frame":0.3333333333333333,"value":{"__uuid__":"644QNeUoFGpZYeFPi6s6pn"}},{"frame":0.5,"value":{"__uuid__":"beUX9rST5CO7KsFgloRPkJ"}}]}},"props":{"color":[{"frame":0,"value":{"__type__":"cc.Color","r":177,"g":174,"b":174}},{"frame":0.016666666666666666,"value":{"__type__":"cc.Color","r":255,"g":255,"b":255}},{"frame":0.13333333333333333,"value":{"__type__":"cc.Color","r":255,"g":255,"b":255}}]}},"33/8":{"comps":{"cc.Sprite":{"spriteFrame":[{"frame":0,"value":{"__uuid__":"644QNeUoFGpZYeFPi6s6pn"}},{"frame":0.13333333333333333,"value":{"__uuid__":"beUX9rST5CO7KsFgloRPkJ"}}]}},"props":{"color":[{"frame":0.31666666666666665,"value":{"__type__":"cc.Color","r":255,"g":255,"b":255}},{"frame":0.3333333333333333,"value":{"__type__":"cc.Color","r":177,"g":174,"b":174}},{"frame":0.5,"value":{"__type__":"cc.Color","r":255,"g":255,"b":255}}]}},"33/9":{"comps":{"cc.Sprite":{"spriteFrame":[{"frame":0,"value":{"__uuid__":"beUX9rST5CO7KsFgloRPkJ"}},{"frame":0.13333333333333333,"value":{"__uuid__":"644QNeUoFGpZYeFPi6s6pn"}},{"frame":0.3333333333333333,"value":{"__uuid__":"beUX9rST5CO7KsFgloRPkJ"}}]}}},"33/0":{"comps":{"cc.Sprite":{"spriteFrame":[{"frame":0.13333333333333333,"value":{"__uuid__":"beUX9rST5CO7KsFgloRPkJ"}},{"frame":0.3333333333333333,"value":{"__uuid__":"644QNeUoFGpZYeFPi6s6pn"}},{"frame":0.5,"value":{"__uuid__":"beUX9rST5CO7KsFgloRPkJ"}}]}},"props":{"color":[{"frame":0,"value":{"__type__":"cc.Color","r":177,"g":174,"b":174}},{"frame":0.13333333333333333,"value":{"__type__":"cc.Color","r":255,"g":255,"b":255}}]}}}}}]