[[{"__type__":"cc.Prefab","_name":"T_fire01_M","data":{"__id__":1},"asyncLoadAssets":false},{"__type__":"cc.Node","_name":"T_fire01_M","_children":[{"__id__":2}],"_components":[{"__type__":"cc.Animation","node":{"__id__":1},"_defaultClip":{"__uuid__":"743JHnEeVEJ7purpyXWP/0"},"_clips":[{"__uuid__":"743JHnEeVEJ7purpyXWP/0"}]}],"_prefab":{"__type__":"cc.PrefabInfo","root":{"__id__":1},"asset":{"__uuid__":"60MdnVOMBPzb4UwwvlZ0x7"},"fileId":"5e8rdJ8jZPibsZNGY+g8+U"}},{"__type__":"cc.Node","_name":"sprite","_parent":{"__id__":1},"_components":[{"__type__":"cc.Sprite","node":{"__id__":2},"_spriteFrame":{"__uuid__":"7diTKu489FPqMdxQRfi4+1"}}],"_prefab":{"__type__":"cc.PrefabInfo","root":{"__id__":1},"asset":{"__uuid__":"60MdnVOMBPzb4UwwvlZ0x7"},"fileId":"bbmOmh8Q1MH78yd1ltE3FY"},"_contentSize":{"__type__":"cc.Size","width":40,"height":41},"_scaleX":1.53,"_scaleY":1.53,"_position":{"__type__":"cc.Vec2","x":-2,"y":54}}],{"__type__":"cc.AnimationClip","_name":"T_fire01_M","_duration":0.1,"sample":30,"wrapMode":0,"curveData":{"paths":{"sprite":{"comps":{"cc.Sprite":{}},"props":{"opacity":[{"frame":0,"value":100},{"frame":0.03333333333333333,"value":255},{"frame":0.1,"value":0}]}}}}},{"__type__":"cc.SpriteFrame","content":{"name":"shouji05","texture":"20wkx7r05LO5L2PvQg5zW3","rect":[111,1273,40,41],"offset":[0,0],"originalSize":[40,41]}}]