[{"__type__":"cc.SpriteFrame","content":{"name":"jiaxue02","texture":"20wkx7r05LO5L2PvQg5zW3","rect":[609,447,44,44],"offset":[0,0],"originalSize":[44,44]}},{"__type__":"cc.SpriteFrame","content":{"name":"zidan04","texture":"20wkx7r05LO5L2PvQg5zW3","rect":[989,1155,31,43],"offset":[0,0],"originalSize":[31,43]}},{"__type__":"cc.SpriteFrame","content":{"name":"zidan02","texture":"20wkx7r05LO5L2PvQg5zW3","rect":[143,498,19,56],"offset":[0,0],"originalSize":[19,56]}},[{"__type__":"cc.Prefab","_name":"Bulletjiaxue_H","data":{"__id__":1},"asyncLoadAssets":false},{"__type__":"cc.Node","_name":"Bulletjiaxue_H","_children":[{"__id__":2}],"_components":[{"__id__":9},{"__type__":"f4db7hX/9JG34obQhIL9xYo","node":{"__id__":1},"EntityType":12,"DeadPrefab":{"__uuid__":"12xqP0TcpPerL4i6c54rnF"},"DeadPrefabName":"T_shouji_zhiliao_H","Body":{"__id__":3},"dieAnimationClip":"T_shouji_zhiliao_H","MyCollider":{"__id__":9},"tuoWeiSprite":{"__id__":4},"colorSpriteChange":[{"__id__":4},{"__id__":5},{"__id__":6},{"__id__":8},{"__id__":7}],"blueTeamColor":{"__type__":"cc.Color","r":252,"g":247,"b":247,"a":5},"redTeamColor":{"__type__":"cc.Color","r":255,"g":61,"b":61}}],"_prefab":{"__type__":"cc.PrefabInfo","root":{"__id__":1},"asset":{"__uuid__":"63U+LzeX5KuaRx7dXk7UVX"},"fileId":"1fxfDYzAdDobgLdlQhDIpx"},"_contentSize":{"__type__":"cc.Size","width":25,"height":40},"groupIndex":6},{"__type__":"cc.Node","_name":"Body","_parent":{"__id__":1},"_children":[{"__id__":3}],"_prefab":{"__type__":"cc.PrefabInfo","root":{"__id__":1},"asset":{"__uuid__":"63U+LzeX5KuaRx7dXk7UVX"},"fileId":"86XyVC/DhA5pv/QU3OTYkJ"},"_contentSize":{"__type__":"cc.Size","width":23,"height":34}},{"__type__":"cc.Node","_name":"T_zidan_jiaxue","_parent":{"__id__":2},"_children":[{"__id__":4},{"__id__":5},{"__id__":6},{"__id__":7},{"__id__":8}],"_components":[{"__type__":"cc.Animation","node":{"__id__":3},"_defaultClip":{"__uuid__":"ccLrbjUohPbIj9ttgCgI2g"},"_clips":[{"__uuid__":"ccLrbjUohPbIj9ttgCgI2g"}],"playOnLoad":true}],"_prefab":{"__type__":"cc.PrefabInfo","root":{"__id__":1},"asset":{"__uuid__":"63U+LzeX5KuaRx7dXk7UVX"},"fileId":"dfGwuw0KtKUriM++nDWKWI"},"_scaleX":0.95,"_scaleY":0.95},{"__type__":"cc.Node","_name":"tuowei","_parent":{"__id__":3},"_components":[{"__type__":"cc.Sprite","node":{"__id__":4},"_spriteFrame":{"__uuid__":"50H3/BaIdOGqoXs92bPMNi"},"_dstBlendFactor":0}],"_prefab":{"__type__":"cc.PrefabInfo","root":{"__id__":1},"asset":{"__uuid__":"63U+LzeX5KuaRx7dXk7UVX"},"fileId":"e7IQRb+PtB6L1YpD9cONvo"},"_opacity":201,"_color":{"__type__":"cc.Color","r":122,"g":255},"_anchorPoint":{"__type__":"cc.Vec2","x":0.5,"y":1},"_contentSize":{"__type__":"cc.Size","width":19,"height":56},"_scaleX":1.04,"_scaleY":1.91,"_position":{"__type__":"cc.Vec2","y":-14.1}},{"__type__":"cc.Node","_name":"tuowei2","_parent":{"__id__":3},"_components":[{"__type__":"cc.Sprite","node":{"__id__":5},"_spriteFrame":{"__uuid__":"67qRjCYs9MEou/Fr+qv31t"},"_dstBlendFactor":0}],"_prefab":{"__type__":"cc.PrefabInfo","root":{"__id__":1},"asset":{"__uuid__":"63U+LzeX5KuaRx7dXk7UVX"},"fileId":"6dOpjAIP9JCIreW4UBTZRZ"},"_contentSize":{"__type__":"cc.Size","width":28,"height":53},"_scaleX":1.28,"_scaleY":1.37,"_position":{"__type__":"cc.Vec2","y":-50.2}},{"__type__":"cc.Node","_name":"zidan","_parent":{"__id__":3},"_components":[{"__type__":"cc.Sprite","node":{"__id__":6},"_spriteFrame":{"__uuid__":"46GZwveUFOAIT2bUCxO28I"},"_dstBlendFactor":0}],"_prefab":{"__type__":"cc.PrefabInfo","root":{"__id__":1},"asset":{"__uuid__":"63U+LzeX5KuaRx7dXk7UVX"},"fileId":"d72AmLKMZIw7rtr2Ho9WoU"},"_color":{"__type__":"cc.Color","r":251,"g":255,"b":243},"_contentSize":{"__type__":"cc.Size","width":31,"height":43},"_scaleX":0.7,"_scaleY":0.7},{"__type__":"cc.Node","_name":"xing","_parent":{"__id__":3},"_components":[{"__type__":"cc.Sprite","node":{"__id__":7},"_spriteFrame":{"__uuid__":"3eUcydxTJMCrwfBgQyg7gN"},"_dstBlendFactor":0}],"_prefab":{"__type__":"cc.PrefabInfo","root":{"__id__":1},"asset":{"__uuid__":"63U+LzeX5KuaRx7dXk7UVX"},"fileId":"bfFa9DHPZAeamrAY5H6Tuu"},"_contentSize":{"__type__":"cc.Size","width":44,"height":44},"_scaleX":0.85,"_scaleY":0.9,"_position":{"__type__":"cc.Vec2","y":-51}},{"__type__":"cc.Node","_name":"xing1","_parent":{"__id__":3},"_components":[{"__type__":"cc.Sprite","node":{"__id__":8},"_spriteFrame":{"__uuid__":"3eUcydxTJMCrwfBgQyg7gN"},"_dstBlendFactor":0}],"_prefab":{"__type__":"cc.PrefabInfo","root":{"__id__":1},"asset":{"__uuid__":"63U+LzeX5KuaRx7dXk7UVX"},"fileId":"20FQbsDeVGCatAVUDgvt1j"},"_contentSize":{"__type__":"cc.Size","width":44,"height":44},"_scaleX":0.85,"_scaleY":0.9,"_position":{"__type__":"cc.Vec2","y":-51}},{"__type__":"cc.BoxCollider","node":{"__id__":1},"_size":{"__type__":"cc.Size","width":25,"height":25}}],{"__type__":"cc.SpriteFrame","content":{"name":"zidan05_2","texture":"20wkx7r05LO5L2PvQg5zW3","rect":[231,1160,28,53],"offset":[0,0],"originalSize":[30,53]}}]