[{"__type__":"cc.SpriteFrame","content":{"name":"Tank_lvdai02","texture":"20wkx7r05LO5L2PvQg5zW3","rect":[165,1101,65,66],"offset":[0,0],"originalSize":[65,66]}},[{"__type__":"cc.Prefab","_name":"Tank_LvDai_Y","data":{"__id__":1},"asyncLoadAssets":false},{"__type__":"cc.Node","_name":"Tank_LvDai_Y","_children":[{"__id__":2}],"_prefab":{"__type__":"cc.PrefabInfo","root":{"__id__":1},"asset":{"__uuid__":"b5vJC0aANLjZvKbSc8C+PL"},"fileId":"42Btqoce9LSZVCMupAQzA4"}},{"__type__":"cc.Node","_name":"Tank_LvDai_Ani","_parent":{"__id__":1},"_children":[{"__id__":3},{"__id__":4},{"__id__":5},{"__id__":6},{"__id__":7},{"__id__":8},{"__id__":9},{"__id__":10}],"_components":[{"__type__":"cc.Animation","node":{"__id__":2},"_defaultClip":{"__uuid__":"6axa+WsclIc4D/Zz/j3Nf8"},"_clips":[{"__uuid__":"6axa+WsclIc4D/Zz/j3Nf8"}],"playOnLoad":true}],"_prefab":{"__type__":"cc.PrefabInfo","root":{"__id__":1},"asset":{"__uuid__":"b5vJC0aANLjZvKbSc8C+PL"},"fileId":"6c0IEhouNDzbH+7KFvAitr"}},{"__type__":"cc.Node","_name":"Tank_di_G","_parent":{"__id__":2},"_components":[{"__type__":"cc.Sprite","node":{"__id__":3}}],"_prefab":{"__type__":"cc.PrefabInfo","root":{"__id__":1},"asset":{"__uuid__":"b5vJC0aANLjZvKbSc8C+PL"},"fileId":"67x7WCkTxLQYsPVF+WEzwU"},"_contentSize":{"__type__":"cc.Size","width":69,"height":55},"_position":{"__type__":"cc.Vec2","y":-2.5}},{"__type__":"cc.Node","_name":"Tank_heidi","_parent":{"__id__":2},"_components":[{"__type__":"cc.Sprite","node":{"__id__":4},"_spriteFrame":{"__uuid__":"88MmydYDZHsL/IRggwIY4A"}}],"_prefab":{"__type__":"cc.PrefabInfo","root":{"__id__":1},"asset":{"__uuid__":"b5vJC0aANLjZvKbSc8C+PL"},"fileId":"43jU+R58BL/ov0Z+ip79Jq"},"_contentSize":{"__type__":"cc.Size","width":65,"height":66}},{"__type__":"cc.Node","_name":"Tank_henxian01","_parent":{"__id__":2},"_components":[{"__type__":"cc.Sprite","node":{"__id__":5},"_spriteFrame":{"__uuid__":"bdbj/6jbBEA7m8y0Fd8K6F"}}],"_prefab":{"__type__":"cc.PrefabInfo","root":{"__id__":1},"asset":{"__uuid__":"b5vJC0aANLjZvKbSc8C+PL"},"fileId":"42eZlZhGRGYYcwe83rMcDv"},"_contentSize":{"__type__":"cc.Size","width":63,"height":3},"_position":{"__type__":"cc.Vec2","y":23.6}},{"__type__":"cc.Node","_name":"Tank_henxian02","_parent":{"__id__":2},"_components":[{"__type__":"cc.Sprite","node":{"__id__":6},"_spriteFrame":{"__uuid__":"bdbj/6jbBEA7m8y0Fd8K6F"}}],"_prefab":{"__type__":"cc.PrefabInfo","root":{"__id__":1},"asset":{"__uuid__":"b5vJC0aANLjZvKbSc8C+PL"},"fileId":"df+7HtrkZCo4Pm2/dB9mLD"},"_contentSize":{"__type__":"cc.Size","width":63,"height":3},"_position":{"__type__":"cc.Vec2","y":12.5}},{"__type__":"cc.Node","_name":"Tank_henxian03","_parent":{"__id__":2},"_components":[{"__type__":"cc.Sprite","node":{"__id__":7},"_spriteFrame":{"__uuid__":"bdbj/6jbBEA7m8y0Fd8K6F"}}],"_prefab":{"__type__":"cc.PrefabInfo","root":{"__id__":1},"asset":{"__uuid__":"b5vJC0aANLjZvKbSc8C+PL"},"fileId":"9fevvCFy9NZpsR/JrKdVop"},"_contentSize":{"__type__":"cc.Size","width":63,"height":3},"_position":{"__type__":"cc.Vec2","y":1.3}},{"__type__":"cc.Node","_name":"Tank_henxian04","_parent":{"__id__":2},"_components":[{"__type__":"cc.Sprite","node":{"__id__":8},"_spriteFrame":{"__uuid__":"bdbj/6jbBEA7m8y0Fd8K6F"}}],"_prefab":{"__type__":"cc.PrefabInfo","root":{"__id__":1},"asset":{"__uuid__":"b5vJC0aANLjZvKbSc8C+PL"},"fileId":"ddKVuw6hlBuLxarne9wuFW"},"_contentSize":{"__type__":"cc.Size","width":63,"height":3},"_position":{"__type__":"cc.Vec2","y":-8.9}},{"__type__":"cc.Node","_name":"Tank_henxian05","_parent":{"__id__":2},"_components":[{"__type__":"cc.Sprite","node":{"__id__":9},"_spriteFrame":{"__uuid__":"bdbj/6jbBEA7m8y0Fd8K6F"}}],"_prefab":{"__type__":"cc.PrefabInfo","root":{"__id__":1},"asset":{"__uuid__":"b5vJC0aANLjZvKbSc8C+PL"},"fileId":"93sk1iJx5O2Y3VEErBcu76"},"_contentSize":{"__type__":"cc.Size","width":63,"height":3},"_position":{"__type__":"cc.Vec2","y":-19}},{"__type__":"cc.Node","_name":"Tank_henxian06","_parent":{"__id__":2},"_components":[{"__type__":"cc.Sprite","node":{"__id__":10},"_spriteFrame":{"__uuid__":"bdbj/6jbBEA7m8y0Fd8K6F"}}],"_prefab":{"__type__":"cc.PrefabInfo","root":{"__id__":1},"asset":{"__uuid__":"b5vJC0aANLjZvKbSc8C+PL"},"fileId":"a6OvpKtdlHgaplGG0dsktS"},"_contentSize":{"__type__":"cc.Size","width":63,"height":3},"_position":{"__type__":"cc.Vec2","y":-29.6}}],{"__type__":"cc.SpriteFrame","content":{"name":"Tank_lvdai01","texture":"20wkx7r05LO5L2PvQg5zW3","rect":[958,69,63,3],"offset":[0,0],"originalSize":[63,3]}}]