[{"__type__":"cc.SpriteFrame","content":{"name":"shouji12","texture":"20wkx7r05LO5L2PvQg5zW3","rect":[190,961,64,62],"offset":[0,0],"originalSize":[64,64]}},[{"__type__":"cc.Prefab","_name":"yinshen_M","data":{"__id__":1},"asyncLoadAssets":false},{"__type__":"cc.Node","_name":"yinshen_M","_children":[{"__id__":2},{"__id__":3}],"_components":[{"__id__":4},{"__type__":"5f78867I45Ho4XUIjr0GHcB","node":{"__id__":1},"animationCtrl":{"__id__":4}}],"_prefab":{"__type__":"cc.PrefabInfo","root":{"__id__":1},"asset":{"__uuid__":"8dSqSKlyBPRrZ6eH45FibP"},"fileId":"346fOZNSpOhJlaxnYgh+cQ"}},{"__type__":"cc.Node","_name":"jiaxue","_parent":{"__id__":1},"_components":[{"__type__":"cc.Sprite","node":{"__id__":2},"_spriteFrame":{"__uuid__":"79w8FR3rZBcJ9MIicho6dx"},"_dstBlendFactor":0}],"_prefab":{"__type__":"cc.PrefabInfo","root":{"__id__":1},"asset":{"__uuid__":"8dSqSKlyBPRrZ6eH45FibP"},"fileId":"02+rBDzWpNt7g5Ys3xglxg"},"_contentSize":{"__type__":"cc.Size","width":64,"height":62}},{"__type__":"cc.Node","_name":"jiaxue3","_parent":{"__id__":1},"_components":[{"__type__":"cc.Sprite","node":{"__id__":3},"_spriteFrame":{"__uuid__":"79w8FR3rZBcJ9MIicho6dx"},"_dstBlendFactor":1}],"_prefab":{"__type__":"cc.PrefabInfo","root":{"__id__":1},"asset":{"__uuid__":"8dSqSKlyBPRrZ6eH45FibP"},"fileId":"c2RNBBYvBIY5/mp64gvAGz"},"_color":{"__type__":"cc.Color","r":226,"g":167,"b":41},"_contentSize":{"__type__":"cc.Size","width":64,"height":62},"_scaleX":2.33,"_scaleY":2.33},{"__type__":"cc.Animation","node":{"__id__":1},"_defaultClip":{"__uuid__":"99cHOmMylHA6/lFSXV2g63"},"_clips":[{"__uuid__":"99cHOmMylHA6/lFSXV2g63"}]}],{"__type__":"cc.AnimationClip","_name":"yinshen_M","_duration":0.8,"curveData":{"paths":{"jiaxue":{"props":{"scaleX":[{"frame":0,"value":2.51},{"frame":0.18333333333333332,"value":1.88},{"frame":0.36666666666666664,"value":2.0048648648648646},{"frame":0.8,"value":2.3}],"scaleY":[{"frame":0,"value":2.51},{"frame":0.18333333333333332,"value":1.88},{"frame":0.36666666666666664,"value":2.0048648648648646},{"frame":0.8,"value":2.3}],"opacity":[{"frame":0,"value":0},{"frame":0.05,"value":254.72727272727272},{"frame":0.36666666666666664,"value":253},{"frame":0.8,"value":0}]}},"jiaxue3":{"props":{"scaleX":[{"frame":0.03333333333333333,"value":2.4},{"frame":0.5,"value":2.5},{"frame":0.6666666666666666,"value":3.04},{"frame":0.6666666666666666,"value":1.91}],"scaleY":[{"frame":0.03333333333333333,"value":2.4},{"frame":0.21666666666666667,"value":2.64},{"frame":0.5,"value":2.26},{"frame":0.6666666666666666,"value":1.91},{"frame":0.6666666666666666,"value":3.04}],"opacity":[{"frame":0,"value":0},{"frame":0.03333333333333333,"value":56},{"frame":0.21666666666666667,"value":110},{"frame":0.5,"value":138},{"frame":0.6666666666666666,"value":0}],"color":[{"frame":0.5,"value":{"__type__":"cc.Color","r":13,"g":145,"b":248}}]}}}}}]