[{"__type__":"cc.SpriteFrame","content":{"name":"YD1","texture":"fcJS4K3v9B9LpajzpsNm+D","rect":[1682,820,302,106],"offset":[0,0],"originalSize":[302,106]}},{"__type__":"cc.AnimationClip","_name":"wofang","_duration":1.5,"curveData":{"paths":{"GuidArrow":{"props":{"scaleX":[{"frame":0,"value":0},{"frame":0.25,"value":0},{"frame":0.4,"value":1},{"frame":1,"value":1},{"frame":1.1333333333333333,"value":1.31},{"frame":1.25,"value":0}],"opacity":[{"frame":0,"value":0},{"frame":0.016666666666666666,"value":255},{"frame":1.4666666666666666,"value":255},{"frame":1.5,"value":0}]}},"AttackEnemy":{"props":{"scaleX":[{"frame":0,"value":1},{"frame":0.13333333333333333,"value":1},{"frame":0.18333333333333332,"value":1},{"frame":0.25,"value":1},{"frame":1.25,"value":1},{"frame":1.3333333333333333,"value":1},{"frame":1.5,"value":1}],"scaleY":[{"frame":0,"value":0},{"frame":0.13333333333333333,"value":1.08},{"frame":0.18333333333333332,"value":0.91},{"frame":0.25,"value":1},{"frame":1.25,"value":1},{"frame":1.3333333333333333,"value":1.16},{"frame":1.5,"value":0}],"opacity":[{"frame":0.016666666666666666,"value":0},{"frame":0.03333333333333333,"value":255},{"frame":1.4666666666666666,"value":255},{"frame":1.5,"value":0}]}}},"props":{}}},[{"__type__":"cc.Prefab","_name":"TargetDescriptionUI","data":{"__id__":1},"asyncLoadAssets":false},{"__type__":"cc.Node","_name":"TargetDescriptionUI","_children":[{"__id__":2},{"__id__":4}],"_components":[{"__type__":"cc.Widget","node":{"__id__":1},"_alignFlags":45},{"__type__":"27b54EqjWZP8Y0pVwG6PfI4","node":{"__id__":1},"AttackEnemyNode":{"__id__":2},"ProtectSelfNode":{"__id__":4}}],"_prefab":{"__type__":"cc.PrefabInfo","root":{"__id__":1},"asset":{"__uuid__":"c18RofPzNLj7wKoeTRqf85"},"fileId":"c3IDSYZkxCvreipP0APaZX"},"_contentSize":{"__type__":"cc.Size","width":1334,"height":750},"_position":{"__type__":"cc.Vec2","x":667,"y":375}},{"__type__":"cc.Node","_name":"Enemy","_parent":{"__id__":1},"_children":[{"__id__":3}],"_components":[{"__type__":"cc.Animation","node":{"__id__":2},"_defaultClip":{"__uuid__":"d4vkrlGvJPRqWMDHWs4VoF"},"_clips":[{"__uuid__":"d4vkrlGvJPRqWMDHWs4VoF"}]}],"_prefab":{"__type__":"cc.PrefabInfo","root":{"__id__":1},"asset":{"__uuid__":"c18RofPzNLj7wKoeTRqf85"},"fileId":"16+6aG1TJDsrVm0Es1PVYB"}},{"__type__":"cc.Node","_name":"AttackEnemy","_parent":{"__id__":2},"_components":[{"__type__":"cc.Sprite","node":{"__id__":3},"_spriteFrame":{"__uuid__":"5dQ/evPSZCD7r1ZmVpOZs6"},"_type":1,"_sizeMode":0},{"__type__":"cc.Layout","node":{"__id__":3},"_layoutSize":{"__type__":"cc.Size","width":240,"height":94},"_resize":1,"_N$layoutType":1,"_N$paddingLeft":30,"_N$paddingRight":30}],"_prefab":{"__type__":"cc.PrefabInfo","root":{"__id__":1},"asset":{"__uuid__":"c18RofPzNLj7wKoeTRqf85"},"fileId":"25IAFa+MtAEZKz2XZry4cS"},"_anchorPoint":{"__type__":"cc.Vec2","x":0.5,"y":1},"_contentSize":{"__type__":"cc.Size","width":240,"height":94},"_position":{"__type__":"cc.Vec2","y":-35}},{"__type__":"cc.Node","_name":"Self","_parent":{"__id__":1},"_children":[{"__id__":5}],"_active":false,"_components":[{"__type__":"cc.Animation","node":{"__id__":4},"_defaultClip":{"__uuid__":"b4oUepE6JHvKHsQzHs4UKT"},"_clips":[{"__uuid__":"b4oUepE6JHvKHsQzHs4UKT"}]}],"_prefab":{"__type__":"cc.PrefabInfo","root":{"__id__":1},"asset":{"__uuid__":"c18RofPzNLj7wKoeTRqf85"},"fileId":"74ZZNRX6dFx5YY/5xrUAqP"},"_opacity":0},{"__type__":"cc.Node","_name":"AttackEnemy","_parent":{"__id__":4},"_components":[{"__type__":"cc.Sprite","node":{"__id__":5},"_spriteFrame":{"__uuid__":"c5kvG3krBLQLsZgymv5Z5L"},"_type":1,"_sizeMode":0},{"__type__":"cc.Layout","node":{"__id__":5},"_layoutSize":{"__type__":"cc.Size","width":240,"height":94},"_resize":1,"_N$layoutType":1,"_N$paddingLeft":30,"_N$paddingRight":30}],"_prefab":{"__type__":"cc.PrefabInfo","root":{"__id__":1},"asset":{"__uuid__":"c18RofPzNLj7wKoeTRqf85"},"fileId":"0cls027sBIV5Bdv2tZnqcK"},"_opacity":0,"_contentSize":{"__type__":"cc.Size","width":240,"height":94},"_position":{"__type__":"cc.Vec2","y":-50}}],{"__type__":"cc.SpriteFrame","content":{"name":"YD2","texture":"fcJS4K3v9B9LpajzpsNm+D","rect":[1724,525,302,106],"offset":[0,0],"originalSize":[302,106]}},{"__type__":"cc.AnimationClip","_name":"difang","_duration":1.5,"curveData":{"paths":{"AttackEnemy":{"props":{"scaleY":[{"frame":0,"value":0},{"frame":0.13333333333333333,"value":1.04},{"frame":0.18333333333333332,"value":0.96},{"frame":0.25,"value":1},{"frame":1.25,"value":1},{"frame":1.3333333333333333,"value":1.08},{"frame":1.5,"value":0}]}},"GuidArrow":{"props":{"scaleX":[{"frame":0.25,"value":0},{"frame":0.4,"value":1},{"frame":1,"value":1},{"frame":1.1333333333333333,"value":1.11},{"frame":1.25,"value":0}]}}}}}]