[{"__type__":"cc.SpriteFrame","content":{"name":"zidan07","texture":"20wkx7r05LO5L2PvQg5zW3","rect":[604,644,42,99],"offset":[0,1],"originalSize":[42,107]}},[{"__type__":"cc.Prefab","_name":"Bulletqianghua_L","data":{"__id__":1},"asyncLoadAssets":false},{"__type__":"cc.Node","_name":"Bulletqianghua_L","_components":[{"__id__":2},{"__type__":"cc.Sprite","node":{"__id__":1},"_spriteFrame":{"__uuid__":"b8TkkcDMNJNJvzIMvd9KWh"}},{"__type__":"71a93I3hEVFh4S+mJpr7C/k","node":{"__id__":1},"EntityType":12,"DeadPrefab":{"__uuid__":"37MPWdLBBNmIxtEnxauS09"},"DeadPrefabName":"T_shouji_qianghua_H","Body":{"__id__":1},"dieAnimationClip":"T_zidan_qianghua_L","MyCollider":{"__id__":2},"tuoWeiSprite":{"__id__":1},"colorSpriteChange":[{"__id__":1}],"blueTeamColor":{"__type__":"cc.Color","r":248,"g":246,"b":246},"redTeamColor":{"__type__":"cc.Color","r":243,"g":70,"b":70}}],"_prefab":{"__type__":"cc.PrefabInfo","root":{"__id__":1},"asset":{"__uuid__":"fbvUxi13ZB54xHXvlQy0zg"},"fileId":"19woIama9A05cWrjoyuWz2"},"_contentSize":{"__type__":"cc.Size","width":42,"height":99},"groupIndex":6},{"__type__":"cc.BoxCollider","node":{"__id__":1},"_offset":{"__type__":"cc.Vec2","y":34},"_size":{"__type__":"cc.Size","width":27,"height":30}}]]