[{"__type__":"cc.SpriteFrame","content":{"name":"default_sprite_splash","texture":"fcJS4K3v9B9LpajzpsNm+D","rect":[972,760,32,32],"offset":[0,0],"originalSize":[32,32],"capInsets":[3,3,4,4]}},{"__type__":"cc.SpriteFrame","content":{"name":"default_btn_normal","texture":"e8Ueib+qJEhL6mXAHdnwbi","rect":[0,0,40,40],"offset":[0,0],"originalSize":[40,40],"capInsets":[8,11,7,9]}},[{"__type__":"cc.Prefab","_name":"GMClassItem","data":{"__id__":1},"asyncLoadAssets":false},{"__type__":"cc.Node","_name":"GMClassItem","_children":[{"__id__":2},{"__id__":4}],"_components":[{"__type__":"cc.Sprite","node":{"__id__":1},"_spriteFrame":{"__uuid__":"f0BIwQ8D5Ml7nTNQbh1YlS"},"_type":1,"_sizeMode":0},{"__type__":"cc.Toggle","node":{"__id__":1},"transition":3,"_N$target":{"__id__":1},"checkMark":{"__id__":3},"_N$isChecked":false},{"__type__":"6e6e79ltEVCI6aY8lmzsf4w","node":{"__id__":1},"label":{"__id__":5}}],"_prefab":{"__type__":"cc.PrefabInfo","root":{"__id__":1},"asset":{"__uuid__":"f0+R8irPxJHrH7CEy/La6g"},"fileId":"24v1iEIDVM07wQ6r8ADZPr"},"_contentSize":{"__type__":"cc.Size","width":200,"height":80},"_position":{"__type__":"cc.Vec2","y":-710}},{"__type__":"cc.Node","_name":"checkBG","_parent":{"__id__":1},"_active":false,"_components":[{"__id__":3}],"_prefab":{"__type__":"cc.PrefabInfo","root":{"__id__":1},"asset":{"__uuid__":"f0+R8irPxJHrH7CEy/La6g"},"fileId":"690NbzPTdP4aNv1baDHS2n"},"_color":{"__type__":"cc.Color","r":245,"g":245,"b":2},"_contentSize":{"__type__":"cc.Size","width":200,"height":80}},{"__type__":"cc.Sprite","node":{"__id__":2},"_spriteFrame":{"__uuid__":"a5+wExUapOgblwqcd8fyc9"},"_sizeMode":0},{"__type__":"cc.Node","_name":"Label","_parent":{"__id__":1},"_components":[{"__id__":5}],"_prefab":{"__type__":"cc.PrefabInfo","root":{"__id__":1},"asset":{"__uuid__":"f0+R8irPxJHrH7CEy/La6g"},"fileId":"bb3uR7BpdMYLp4o9r6stKG"},"_color":{"__type__":"cc.Color"},"_contentSize":{"__type__":"cc.Size","width":100,"height":40}},{"__type__":"cc.Label","node":{"__id__":4},"_useOriginalSize":false,"_actualFontSize":25,"_fontSize":25,"_enableWrapText":false,"_N$string":"class1","_N$horizontalAlign":1,"_N$verticalAlign":1,"_N$overflow":1}]]