{"__type__":"cc.AnimationClip","_name":"T_zidan_jiaxue_H","_duration":0.36666666666666664,"sample":30,"wrapMode":2,"curveData":{"paths":{"tuowei":{"props":{"scaleY":[{"frame":0,"value":1.98},{"frame":0.1,"value":2.7},{"frame":0.16666666666666666,"value":1.91},{"frame":0.26666666666666666,"value":2.68},{"frame":0.36666666666666664,"value":1.98}],"scaleX":[{"frame":0,"value":1.02},{"frame":0.1,"value":1.14},{"frame":0.16666666666666666,"value":1.02},{"frame":0.26666666666666666,"value":1.14},{"frame":0.36666666666666664,"value":1.02}],"x":[{"frame":0.3333333333333333,"value":0}],"y":[{"frame":0.3333333333333333,"value":-13.5}]}},"zidan":{"props":{}},"tuowei2":{"props":{"scaleX":[{"frame":0,"value":1.55},{"frame":0.06666666666666667,"value":1.29},{"frame":0.16666666666666666,"value":1.55},{"frame":0.26666666666666666,"value":1.29},{"frame":0.36666666666666664,"value":1.55}],"scaleY":[{"frame":0,"value":1.55},{"frame":0.06666666666666667,"value":1.23},{"frame":0.16666666666666666,"value":1.55},{"frame":0.26666666666666666,"value":1.23},{"frame":0.36666666666666664,"value":1.55}],"y":[{"frame":0,"value":-55},{"frame":0.06666666666666667,"value":-44.2},{"frame":0.16666666666666666,"value":-55},{"frame":0.26666666666666666,"value":-44.2},{"frame":0.3333333333333333,"value":-47.8},{"frame":0.36666666666666664,"value":-55}],"x":[{"frame":0,"value":-0.9},{"frame":0.16666666666666666,"value":-0.9},{"frame":0.3333333333333333,"value":-0.9},{"frame":0.36666666666666664,"value":-0.9}]}},"xing":{"props":{"x":[{"frame":0,"value":-3},{"frame":0.13333333333333333,"value":-7.8}],"y":[{"frame":0,"value":-40.3},{"frame":0.13333333333333333,"value":-114.2}],"scaleX":[{"frame":0,"value":0.44},{"frame":0.13333333333333333,"value":0.32}],"scaleY":[{"frame":0,"value":0.66},{"frame":0.13333333333333333,"value":0.56}],"opacity":[{"frame":0,"value":0},{"frame":0.03333333333333333,"value":255},{"frame":0.1,"value":255},{"frame":0.13333333333333333,"value":0}],"rotation":[{"frame":0,"value":0}]}},"xing1":{"props":{"rotation":[{"frame":0.13333333333333333,"value":0}],"scaleX":[{"frame":0.13333333333333333,"value":0.38},{"frame":0.3,"value":0.3}],"scaleY":[{"frame":0.13333333333333333,"value":0.66},{"frame":0.3,"value":0.48}],"x":[{"frame":0.13333333333333333,"value":5.1},{"frame":0.3,"value":1.8}],"y":[{"frame":0.13333333333333333,"value":-43.8},{"frame":0.3,"value":-132.4}],"opacity":[{"frame":0.13333333333333333,"value":0},{"frame":0.16666666666666666,"value":255},{"frame":0.26666666666666666,"value":255},{"frame":0.3,"value":0}]}}},"props":{}}}