{"__type__":"cc.AnimationClip","_name":"PingJuUI_ani01","_duration":0.7333333333333333,"sample":30,"curveData":{"paths":{"_0007_yuan_G/_0006_victory":{"props":{"opacity":[{"frame":0,"value":0},{"frame":0.7333333333333333,"value":255}],"scaleX":[{"frame":0,"value":0.1},{"frame":0.13333333333333333,"value":0.24},{"frame":0.26666666666666666,"value":1.1},{"frame":0.4,"value":0.98},{"frame":0.7333333333333333,"value":1}],"scaleY":[{"frame":0,"value":0.1},{"frame":0.13333333333333333,"value":0.24},{"frame":0.26666666666666666,"value":1.1},{"frame":0.4,"value":0.98},{"frame":0.7333333333333333,"value":1}]}},"_0007_yuan_G/_0007_yuansu":{"props":{"opacity":[{"frame":0.13333333333333333,"value":0},{"frame":0.4,"value":255}]}},"_0007_yuan_G/_0004_cuihuidifangjididitu":{"props":{"opacity":[{"frame":0.16666666666666666,"value":0},{"frame":0.5,"value":255}]}},"WinLogo":{"props":{"scaleX":[{"frame":0.06666666666666667,"value":0},{"frame":0.13333333333333333,"value":0.3},{"frame":0.23333333333333334,"value":1.02},{"frame":0.7333333333333333,"value":1}],"scaleY":[{"frame":0.06666666666666667,"value":0},{"frame":0.13333333333333333,"value":0.3},{"frame":0.23333333333333334,"value":1.02},{"frame":0.7333333333333333,"value":1}],"opacity":[{"frame":0.13333333333333333,"value":255},{"frame":0.7333333333333333,"value":255}]}}}}}