[{"__type__":"cc.Prefab","_name":"MapDebugUI","data":{"__id__":1},"asyncLoadAssets":false},{"__type__":"cc.Node","_name":"MapDebugUI","_children":[{"__id__":2}],"_components":[{"__type__":"cc.Widget","node":{"__id__":1},"_alignFlags":45},{"__type__":"8351f1k6nlM/IWR3366YzyT","node":{"__id__":1},"MapData":{"__id__":3}}],"_prefab":{"__type__":"cc.PrefabInfo","root":{"__id__":1},"asset":{"__uuid__":"ebwTcHS2NJuZlh4TxmJRsY"},"fileId":"ccYTxUr5hALbaamA8d6ybj"},"_contentSize":{"__type__":"cc.Size","width":1334,"height":750},"_position":{"__type__":"cc.Vec2","x":667,"y":375}},{"__type__":"cc.Node","_name":"MapData","_parent":{"__id__":1},"_components":[{"__id__":3}],"_prefab":{"__type__":"cc.PrefabInfo","root":{"__id__":1},"asset":{"__uuid__":"ebwTcHS2NJuZlh4TxmJRsY"},"fileId":"72slAlGnhA6qo/ee7vHjog"},"_opacity":128,"_contentSize":{"__type__":"cc.Size","height":16}},{"__type__":"cc.Label","node":{"__id__":2},"_useOriginalSize":false,"_actualFontSize":16,"_fontSize":16,"_lineHeight":16,"_N$string":""}]