{"__type__":"cc.AnimationClip","_name":"JiSha_ani01","_duration":1.33,"sample":30,"curveData":{"props":{"position":[{"frame":0,"value":[-1041,260]},{"frame":0.1,"value":[-421,251]},{"frame":0.16666666666666666,"value":[-8,260]},{"frame":1.1666666666666667,"value":[11,260]},{"frame":1.2333333333333334,"value":[403,252]},{"frame":1.3333333333333333,"value":[991,260]}],"scaleX":[{"frame":0,"value":1},{"frame":0.1,"value":2.41},{"frame":0.16666666666666666,"value":1},{"frame":1.1666666666666667,"value":1},{"frame":1.2333333333333334,"value":1.81},{"frame":1.3333333333333333,"value":1}],"scaleY":[{"frame":0,"value":1},{"frame":0.1,"value":0.24},{"frame":0.16666666666666666,"value":1},{"frame":1.1666666666666667,"value":1},{"frame":1.2333333333333334,"value":0.28},{"frame":1.3333333333333333,"value":1}]}}}