{"__type__":"cc.AnimationClip","_name":"DaoJiShiUI","_duration":1,"sample":30,"curveData":{"paths":{"BG":{"props":{"scaleX":[{"frame":0,"value":0.3},{"frame":0.16666666666666666,"value":0.9},{"frame":0.3,"value":1},{"frame":0.7333333333333333,"value":1},{"frame":0.8666666666666667,"value":0.6},{"frame":1,"value":0.5}],"scaleY":[{"frame":0,"value":0.3},{"frame":0.16666666666666666,"value":0.9},{"frame":0.3,"value":1},{"frame":0.7333333333333333,"value":1},{"frame":0.8666666666666667,"value":0.6},{"frame":1,"value":0.5}],"opacity":[{"frame":0.7333333333333333,"value":255},{"frame":0.8666666666666667,"value":150},{"frame":1,"value":0}]}},"SZ":{"props":{"scaleX":[{"frame":0,"value":4},{"frame":0.16666666666666666,"value":0.8},{"frame":0.3,"value":1},{"frame":0.7333333333333333,"value":1},{"frame":0.8666666666666667,"value":0.6},{"frame":1,"value":0.5}],"scaleY":[{"frame":0,"value":4},{"frame":0.16666666666666666,"value":0.8},{"frame":0.3,"value":1},{"frame":0.7333333333333333,"value":1},{"frame":0.8666666666666667,"value":0.6},{"frame":1,"value":0.5}],"opacity":[{"frame":0,"value":0},{"frame":0.16666666666666666,"value":255},{"frame":0.7333333333333333,"value":255},{"frame":0.8666666666666667,"value":150},{"frame":1,"value":0}]}},"BGADD":{"props":{"scaleX":[{"frame":0.16666666666666666,"value":1},{"frame":0.3333333333333333,"value":1.4},{"frame":0.5,"value":1.5}],"scaleY":[{"frame":0.16666666666666666,"value":1},{"frame":0.3333333333333333,"value":1.4},{"frame":0.5,"value":1.5}],"opacity":[{"frame":0.13333333333333333,"value":0},{"frame":0.16666666666666666,"value":255},{"frame":0.3333333333333333,"value":255},{"frame":0.5,"value":0}]}},"SZADD":{"props":{"scaleX":[{"frame":0.16666666666666666,"value":1},{"frame":0.4,"value":2}],"scaleY":[{"frame":0.16666666666666666,"value":1},{"frame":0.4,"value":2}],"opacity":[{"frame":0.13333333333333333,"value":0},{"frame":0.16666666666666666,"value":255},{"frame":0.4,"value":0}]}}}}}