[{"__type__":"cc.SpriteFrame","content":{"name":"UI_fire02_7","texture":"20wkx7r05LO5L2PvQg5zW3","rect":[525,1092,93,29],"offset":[-3,-4],"originalSize":[113,45]}},{"__type__":"cc.SpriteFrame","content":{"name":"UI_fire02_8","texture":"20wkx7r05LO5L2PvQg5zW3","rect":[739,992,89,35],"offset":[-2,-2],"originalSize":[113,45]}},{"__type__":"cc.SpriteFrame","content":{"name":"UI_fire02_2","texture":"20wkx7r05LO5L2PvQg5zW3","rect":[829,1000,97,41],"offset":[-1,0],"originalSize":[113,45]}},{"__type__":"cc.SpriteFrame","content":{"name":"UI_fire02_5","texture":"20wkx7r05LO5L2PvQg5zW3","rect":[429,938,97,37],"offset":[-2,-3],"originalSize":[113,45]}},{"__type__":"cc.SpriteFrame","content":{"name":"UI_fire02_3","texture":"20wkx7r05LO5L2PvQg5zW3","rect":[328,886,101,39],"offset":[-1,-1],"originalSize":[113,45]}},{"__type__":"cc.SpriteFrame","content":{"name":"UI_fire02_1","texture":"20wkx7r05LO5L2PvQg5zW3","rect":[624,1053,93,37],"offset":[0,-4],"originalSize":[113,45]}},[{"__type__":"cc.Prefab","_name":"Fire02_H","data":{"__id__":1},"asyncLoadAssets":false},{"__type__":"cc.Node","_name":"Fire02_H","_children":[{"__id__":2}],"_components":[{"__type__":"5f78867I45Ho4XUIjr0GHcB","node":{"__id__":1},"animationCtrl":{"__id__":11},"positionNode":{"__id__":1}}],"_prefab":{"__type__":"cc.PrefabInfo","root":{"__id__":1},"asset":{"__uuid__":"64+dXUkupAFKbnBSB1OnCl"},"fileId":"2diAy+q4xB9LLMdyMwY59z"}},{"__type__":"cc.Node","_name":"Fire02UI","_parent":{"__id__":1},"_children":[{"__id__":3},{"__id__":4},{"__id__":5},{"__id__":6},{"__id__":7},{"__id__":8},{"__id__":9},{"__id__":10}],"_components":[{"__id__":11}],"_prefab":{"__type__":"cc.PrefabInfo","root":{"__id__":1},"asset":{"__uuid__":"64+dXUkupAFKbnBSB1OnCl"},"fileId":"e6e3riJL5Esbknd30En5bt"},"_scaleX":1.3,"_scaleY":1.3,"_position":{"__type__":"cc.Vec2","y":106}},{"__type__":"cc.Node","_name":"1","_parent":{"__id__":2},"_components":[{"__type__":"cc.Sprite","node":{"__id__":3},"_spriteFrame":{"__uuid__":"64KUtfE0lB6p36qL+WJA9b"}}],"_prefab":{"__type__":"cc.PrefabInfo","root":{"__id__":1},"asset":{"__uuid__":"64+dXUkupAFKbnBSB1OnCl"},"fileId":"dacR78kOpKhLZ41iFsHBrE"},"_contentSize":{"__type__":"cc.Size","width":93,"height":37}},{"__type__":"cc.Node","_name":"2","_parent":{"__id__":2},"_components":[{"__type__":"cc.Sprite","node":{"__id__":4},"_spriteFrame":{"__uuid__":"3aL0yFLj9Gh7xsDB8oCgux"}}],"_prefab":{"__type__":"cc.PrefabInfo","root":{"__id__":1},"asset":{"__uuid__":"64+dXUkupAFKbnBSB1OnCl"},"fileId":"9benXh7iVJtYWD/QmHK/D8"},"_contentSize":{"__type__":"cc.Size","width":97,"height":41},"_position":{"__type__":"cc.Vec2","x":3.3,"y":3.2}},{"__type__":"cc.Node","_name":"3","_parent":{"__id__":2},"_components":[{"__type__":"cc.Sprite","node":{"__id__":5},"_spriteFrame":{"__uuid__":"57/KsPms1Jnr3PuO4tlWhf"}}],"_prefab":{"__type__":"cc.PrefabInfo","root":{"__id__":1},"asset":{"__uuid__":"64+dXUkupAFKbnBSB1OnCl"},"fileId":"1b6QbJ9dREGqRZZ1KadWS8"},"_contentSize":{"__type__":"cc.Size","width":101,"height":39},"_position":{"__type__":"cc.Vec2","y":2.3}},{"__type__":"cc.Node","_name":"4","_parent":{"__id__":2},"_components":[{"__type__":"cc.Sprite","node":{"__id__":6},"_spriteFrame":{"__uuid__":"94IqYwFjFF5pZusqAgtrii"}}],"_prefab":{"__type__":"cc.PrefabInfo","root":{"__id__":1},"asset":{"__uuid__":"64+dXUkupAFKbnBSB1OnCl"},"fileId":"804aJLrtdJJ5Oia6lNqdkv"},"_contentSize":{"__type__":"cc.Size","width":101,"height":41},"_position":{"__type__":"cc.Vec2","y":2.3}},{"__type__":"cc.Node","_name":"5","_parent":{"__id__":2},"_components":[{"__type__":"cc.Sprite","node":{"__id__":7},"_spriteFrame":{"__uuid__":"3awHhRDwdGhIezxEfIFRb5"}}],"_prefab":{"__type__":"cc.PrefabInfo","root":{"__id__":1},"asset":{"__uuid__":"64+dXUkupAFKbnBSB1OnCl"},"fileId":"ceUZMcWORCvq5eE8KQRwsq"},"_contentSize":{"__type__":"cc.Size","width":97,"height":37},"_position":{"__type__":"cc.Vec2","x":-0.5}},{"__type__":"cc.Node","_name":"6","_parent":{"__id__":2},"_components":[{"__type__":"cc.Sprite","node":{"__id__":8},"_spriteFrame":{"__uuid__":"ebQUQi3gZA3Kgh3tp0awWq"}}],"_prefab":{"__type__":"cc.PrefabInfo","root":{"__id__":1},"asset":{"__uuid__":"64+dXUkupAFKbnBSB1OnCl"},"fileId":"98jX/ZtPVI/YT0tpquJQeZ"},"_contentSize":{"__type__":"cc.Size","width":97,"height":33},"_position":{"__type__":"cc.Vec2","x":-3.7,"y":-0.5}},{"__type__":"cc.Node","_name":"7","_parent":{"__id__":2},"_components":[{"__type__":"cc.Sprite","node":{"__id__":9},"_spriteFrame":{"__uuid__":"0eLyYNTjdCqJNd9kPK0qqe"}}],"_prefab":{"__type__":"cc.PrefabInfo","root":{"__id__":1},"asset":{"__uuid__":"64+dXUkupAFKbnBSB1OnCl"},"fileId":"73Nr495uNOKpPu/S0ceoUX"},"_contentSize":{"__type__":"cc.Size","width":93,"height":29},"_position":{"__type__":"cc.Vec2","x":-1,"y":-1.2}},{"__type__":"cc.Node","_name":"8","_parent":{"__id__":2},"_components":[{"__type__":"cc.Sprite","node":{"__id__":10},"_spriteFrame":{"__uuid__":"129kcUoUhImpx60Z8UYXhl"}}],"_prefab":{"__type__":"cc.PrefabInfo","root":{"__id__":1},"asset":{"__uuid__":"64+dXUkupAFKbnBSB1OnCl"},"fileId":"c3H8Rfk0ZJLatOoXV1C+u+"},"_contentSize":{"__type__":"cc.Size","width":89,"height":35},"_position":{"__type__":"cc.Vec2","x":-0.1,"y":0.7}},{"__type__":"cc.Animation","node":{"__id__":2},"_defaultClip":{"__uuid__":"38gCgajeRKO5nN1GAxRZ0j"},"_clips":[{"__uuid__":"38gCgajeRKO5nN1GAxRZ0j"}]}],{"__type__":"cc.SpriteFrame","content":{"name":"UI_fire02_4","texture":"20wkx7r05LO5L2PvQg5zW3","rect":[328,844,101,41],"offset":[-1,0],"originalSize":[113,45]}},{"__type__":"cc.SpriteFrame","content":{"name":"UI_fire02_6","texture":"20wkx7r05LO5L2PvQg5zW3","rect":[429,976,97,33],"offset":[-3,-4],"originalSize":[113,45]}}]