[{"__type__":"cc.SpriteFrame","content":{"name":"CG_tank_lvdai02","texture":"25Si/Ki+hMlqF2yaosCl7I","rect":[1153,752,98,79],"offset":[0,0],"originalSize":[98,79]}},{"__type__":"cc.SpriteFrame","content":{"name":"CG_tank_lvdai01","texture":"25Si/Ki+hMlqF2yaosCl7I","rect":[1153,649,142,102],"offset":[0,0],"originalSize":[142,102]}},{"__type__":"cc.SpriteFrame","content":{"name":"CG_huan_01","texture":"25Si/Ki+hMlqF2yaosCl7I","rect":[712,423,440,440],"offset":[0,0],"originalSize":[440,440]}},{"__type__":"cc.SpriteFrame","content":{"name":"Record_55","texture":"25Si/Ki+hMlqF2yaosCl7I","rect":[2001,623,34,48],"offset":[1,-1],"originalSize":[36,50]}},{"__type__":"cc.SpriteFrame","content":{"name":"CG_Logo","texture":"25Si/Ki+hMlqF2yaosCl7I","rect":[1453,3,568,291],"offset":[0,0],"originalSize":[568,291]}},{"__type__":"cc.SpriteFrame","content":{"name":"Warning","texture":"25Si/Ki+hMlqF2yaosCl7I","rect":[3,3,770,372],"offset":[0,0],"originalSize":[770,372]}},{"__type__":"cc.SpriteFrame","content":{"name":"Record_49","texture":"25Si/Ki+hMlqF2yaosCl7I","rect":[2022,3,22,50],"offset":[-3,0],"originalSize":[36,50]}},{"__type__":"cc.SpriteFrame","content":{"name":"title","texture":"25Si/Ki+hMlqF2yaosCl7I","rect":[3,376,458,68],"offset":[0,0],"originalSize":[458,68]}},{"__type__":"cc.SpriteFrame","content":{"name":"white","texture":"25Si/Ki+hMlqF2yaosCl7I","rect":[1328,526,102,102],"offset":[0,0],"originalSize":[102,102],"capInsets":[40,40,40,40]}},{"__type__":"cc.SpriteFrame","content":{"name":"ShareBtn","texture":"25Si/Ki+hMlqF2yaosCl7I","rect":[1296,725,100,100],"offset":[0,0],"originalSize":[100,100]}},{"__type__":"cc.SpriteFrame","content":{"name":"_0000_x","texture":"25Si/Ki+hMlqF2yaosCl7I","rect":[1966,521,44,42],"offset":[0,0],"originalSize":[44,42]}},{"__type__":"cc.SpriteFrame","content":{"name":"CG_tank_shenti","texture":"25Si/Ki+hMlqF2yaosCl7I","rect":[1153,423,174,102],"offset":[0,0],"originalSize":[174,102]}},{"__type__":"cc.SpriteAtlas","_name":"LOGOUI.plist","_spriteFrames":{"1":{"__uuid__":"b0DDOYsppDnqWU4OxU6oG8"},"2":{"__uuid__":"a3JFLgSQhM/pFXlnArReU0"},"3":{"__uuid__":"ceCLDJLzdLCqPrwi6NOhPY"},"%":{"__uuid__":"f0hLVFW2JCY586rcxylZem"},"BG":{"__uuid__":"c5OvpjAOBBIJ9ZHjOjU4MQ"},"CG_Logo":{"__uuid__":"11JJ50aX5KW4y+nHqHo0VM"},"CG_huan_01":{"__uuid__":"09GUfeVYNMJIrVBDb4hl5G"},"CG_huan_02":{"__uuid__":"51qbbfTchNcKvh7Z/daNm9"},"CG_qiu":{"__uuid__":"96wtBNuAZPvLxppqo6JjuN"},"CG_tank_lvdai01":{"__uuid__":"06PljV0jxEa6+Orl9g8MAp"},"CG_tank_lvdai02":{"__uuid__":"00hLKVYNhBkK9m5TYUvR+u"},"CG_tank_pao":{"__uuid__":"d4o4j7yRFC/bDifhJn3Vw5"},"CG_tank_shang":{"__uuid__":"76ZjsPB21C94rrF4e6VF0t"},"CG_tank_shenti":{"__uuid__":"43Yc80R3xNN4RgdBLMbuZh"},"CG_touying":{"__uuid__":"b67iCQV+lLdZnJNC6vXdq6"},"CG_weixin":{"__uuid__":"f8At+RB41JBIdZPMFK3uDH"},"Record_48":{"__uuid__":"e6+ouBaHJN2rlXAtjKd0Gm"},"Record_49":{"__uuid__":"1cnFbMx3NE35ZTmxlCe2Yg"},"Record_50":{"__uuid__":"67CXMseZRNn4EFuis5si/5"},"Record_51":{"__uuid__":"cadzB3IzpFmqblqvKmhZDB"},"Record_52":{"__uuid__":"ba8nOAhopF/JzcJF0wxZVD"},"Record_53":{"__uuid__":"b6ZgCcRxtG76BjWUbMjhle"},"Record_54":{"__uuid__":"c85ZraNTNPcIo6KtF7QDWk"},"Record_55":{"__uuid__":"0e6MJgyL9BgILSmJGMbkRn"},"Record_56":{"__uuid__":"79GdUfFdlDhYxlDCAwI9Vr"},"Record_57":{"__uuid__":"c7j9YYu9JJtIkOSgiEu2nB"},"ShareBtn":{"__uuid__":"39C7T89E5L/ogrj5MneMaT"},"Warning":{"__uuid__":"1cEPE9QalHXIp1lVAI9+pi"},"_0000_x":{"__uuid__":"3ewVNiLHFBcYVfavrQxOQy"},"_0002_diban":{"__uuid__":"cd8X0nIGNFyoupWoVLpWMi"},"_0003_dibantips":{"__uuid__":"68Ijpfea1Cs52J1IelgrsS"},"button":{"__uuid__":"c4oaVwVpFCaaXlGynj9ml7"},"diamond":{"__uuid__":"f9f7DGBN1G56xaXgQZrkCS"},"guang":{"__uuid__":"eevHsQzixJB6DtA5Ome26X"},"logoButton":{"__uuid__":"4cp9/TdcFO4KDyKXMGLTwP"},"paybutton":{"__uuid__":"beD6EMemVLGZQ3+Zng9gjY"},"tank":{"__uuid__":"e6w6U0knhMqIDRJpyNjWo2"},"title":{"__uuid__":"2925ktg9hEuZtWbbxlrpwu"},"touxiangkuang":{"__uuid__":"d1LrQ3jcpDpYG+zimwSqRL"},"white":{"__uuid__":"36KN9VVjhJhpKqhlv9sMHL"},"wodezhanji":{"__uuid__":"5ay9iNxwlLfLKobTRPtIxX"},"x":{"__uuid__":"9742Uuo5BAeonUjKhFuwWD"},"yellow":{"__uuid__":"582KPdgVtLxprGlQu51YRu"},"zhongseditu":{"__uuid__":"50PQAjYHpBvKMwXiS6ZDsI"}}},{"__type__":"cc.SpriteFrame","content":{"name":"logoButton","texture":"25Si/Ki+hMlqF2yaosCl7I","rect":[436,691,186,48],"offset":[0,0],"originalSize":[186,48]}},{"__type__":"cc.SpriteFrame","content":{"name":"zhongseditu","texture":"25Si/Ki+hMlqF2yaosCl7I","rect":[619,740,92,36],"offset":[0,0],"originalSize":[92,36],"capInsets":[35,0,35,0]}},{"__type__":"cc.SpriteFrame","content":{"name":"CG_huan_02","texture":"25Si/Ki+hMlqF2yaosCl7I","rect":[3,445,432,510],"offset":[0,0],"originalSize":[432,510]}},{"__type__":"cc.SpriteFrame","content":{"name":"yellow","texture":"25Si/Ki+hMlqF2yaosCl7I","rect":[1328,423,102,102],"offset":[0,0],"originalSize":[102,102],"capInsets":[40,40,40,40]}},{"__type__":"cc.SpriteFrame","content":{"name":"wodezhanji","texture":"25Si/Ki+hMlqF2yaosCl7I","rect":[1966,295,70,54],"offset":[0,0],"originalSize":[70,54]}},{"__type__":"cc.SpriteFrame","content":{"name":"Record_50","texture":"25Si/Ki+hMlqF2yaosCl7I","rect":[2003,572,34,50],"offset":[-1,0],"originalSize":[36,50]}},{"__type__":"cc.SpriteFrame","content":{"name":"_0003_dibantips","texture":"25Si/Ki+hMlqF2yaosCl7I","rect":[1153,526,174,58],"offset":[0,0],"originalSize":[174,58]}},{"__type__":"cc.SpriteFrame","content":{"name":"CG_tank_shang","texture":"25Si/Ki+hMlqF2yaosCl7I","rect":[1153,585,157,63],"offset":[0,0],"originalSize":[157,63]}},{"__type__":"cc.SpriteFrame","content":{"name":"Record_56","texture":"25Si/Ki+hMlqF2yaosCl7I","rect":[1966,564,36,50],"offset":[0,0],"originalSize":[36,50]}},{"__type__":"cc.SpriteFrame","content":{"name":"CG_qiu","texture":"25Si/Ki+hMlqF2yaosCl7I","rect":[1397,808,416,416],"offset":[0,0],"originalSize":[416,416]}},{"__type__":"cc.SpriteFrame","content":{"name":"x","texture":"25Si/Ki+hMlqF2yaosCl7I","rect":[1966,350,68,68],"offset":[0,0],"originalSize":[68,68]}},{"__type__":"cc.SpriteFrame","content":{"name":"2","texture":"25Si/Ki+hMlqF2yaosCl7I","rect":[954,864,334,350],"offset":[0,0],"originalSize":[334,350]}},{"__type__":"cc.SpriteFrame","content":{"name":"1","texture":"25Si/Ki+hMlqF2yaosCl7I","rect":[3,956,334,350],"offset":[0,0],"originalSize":[334,350]}},{"__type__":"cc.SpriteFrame","content":{"name":"Record_53","texture":"25Si/Ki+hMlqF2yaosCl7I","rect":[2001,672,34,48],"offset":[-1,-1],"originalSize":[36,50]}},{"__type__":"cc.SpriteFrame","content":{"name":"CG_touying","texture":"25Si/Ki+hMlqF2yaosCl7I","rect":[774,336,618,86],"offset":[0,0],"originalSize":[618,86]}},{"__type__":"cc.SpriteFrame","content":{"name":"Record_52","texture":"25Si/Ki+hMlqF2yaosCl7I","rect":[1966,715,34,48],"offset":[-1,-1],"originalSize":[36,50]}},{"__type__":"cc.SpriteFrame","content":{"name":"paybutton","texture":"25Si/Ki+hMlqF2yaosCl7I","rect":[3,1307,334,106],"offset":[0,0],"originalSize":[334,106]}},{"__type__":"cc.SpriteFrame","content":{"name":"button","texture":"25Si/Ki+hMlqF2yaosCl7I","rect":[436,604,206,86],"offset":[0,0],"originalSize":[206,86]}},{"__type__":"cc.SpriteFrame","content":{"name":"BG","texture":"25Si/Ki+hMlqF2yaosCl7I","rect":[1453,295,512,512],"offset":[0,0],"originalSize":[512,512]}},{"__type__":"cc.SpriteFrame","content":{"name":"Record_57","texture":"25Si/Ki+hMlqF2yaosCl7I","rect":[2011,521,34,50],"offset":[0,0],"originalSize":[36,50]}},{"__type__":"cc.SpriteFrame","content":{"name":"Record_54","texture":"25Si/Ki+hMlqF2yaosCl7I","rect":[1966,666,34,48],"offset":[-1,-1],"originalSize":[36,50]}},{"__type__":"cc.SpriteFrame","content":{"name":"Record_51","texture":"25Si/Ki+hMlqF2yaosCl7I","rect":[2001,721,34,48],"offset":[-1,-1],"originalSize":[36,50]}},{"__type__":"cc.SpriteFrame","content":{"name":"_0002_diban","texture":"25Si/Ki+hMlqF2yaosCl7I","rect":[3,1414,316,74],"offset":[0,0],"originalSize":[316,74]}},{"__type__":"cc.SpriteFrame","content":{"name":"3","texture":"25Si/Ki+hMlqF2yaosCl7I","rect":[619,864,334,350],"offset":[0,0],"originalSize":[334,350]}},{"__type__":"cc.SpriteFrame","content":{"name":"touxiangkuang","texture":"25Si/Ki+hMlqF2yaosCl7I","rect":[436,740,182,182],"offset":[0,0],"originalSize":[182,182]}},{"__type__":"cc.SpriteFrame","content":{"name":"CG_tank_pao","texture":"25Si/Ki+hMlqF2yaosCl7I","rect":[1311,629,126,95],"offset":[0,0],"originalSize":[126,95]}},{"__type__":"cc.SpriteFrame","content":{"name":"tank","texture":"25Si/Ki+hMlqF2yaosCl7I","rect":[462,441,212,162],"offset":[0,0],"originalSize":[212,162]}},{"__type__":"cc.SpriteFrame","content":{"name":"Record_48","texture":"25Si/Ki+hMlqF2yaosCl7I","rect":[1966,615,34,50],"offset":[-1,0],"originalSize":[36,50]}},{"__type__":"cc.SpriteFrame","content":{"name":"guang","texture":"25Si/Ki+hMlqF2yaosCl7I","rect":[774,3,678,332],"offset":[0,0],"originalSize":[678,332]}},{"__type__":"cc.SpriteFrame","content":{"name":"%","texture":"25Si/Ki+hMlqF2yaosCl7I","rect":[1966,470,58,50],"offset":[0,0],"originalSize":[58,50]}},{"__type__":"cc.SpriteFrame","content":{"name":"CG_weixin","texture":"25Si/Ki+hMlqF2yaosCl7I","rect":[462,376,249,64],"offset":[0,0],"originalSize":[249,64]}},{"__type__":"cc.SpriteFrame","content":{"name":"diamond","texture":"25Si/Ki+hMlqF2yaosCl7I","rect":[1966,419,68,50],"offset":[0,0],"originalSize":[68,50]}}]