[{"__type__":"cc.SpriteFrame","content":{"name":"icontwo","texture":"661XjWfv1BOayrl/asTWcd","rect":[717,199,72,56],"offset":[0,0],"originalSize":[72,56]}},{"__type__":"cc.SpriteFrame","content":{"name":"Enemy_48","texture":"661XjWfv1BOayrl/asTWcd","rect":[348,256,22,36],"offset":[0,-2],"originalSize":[22,40]}},{"__type__":"cc.SpriteFrame","content":{"name":"HeadIcon","texture":"3d90aQxTdNdJ0FKeaqGNuT","rect":[0,0,64,64],"offset":[0,0],"originalSize":[64,64]}},{"__type__":"cc.SpriteFrame","content":{"name":"victory_07s","texture":"5f2BaCmQ1CnYPuCD1/rLg9","rect":[338,895,126,98],"offset":[-1,0],"originalSize":[178,100]}},{"__type__":"cc.SpriteFrame","content":{"name":"zhiliaozhuanjia","texture":"661XjWfv1BOayrl/asTWcd","rect":[616,176,100,22],"offset":[0,0],"originalSize":[100,22]}},{"__type__":"cc.SpriteFrame","content":{"name":"iconone","texture":"661XjWfv1BOayrl/asTWcd","rect":[3,357,70,56],"offset":[0,0],"originalSize":[72,56]}},{"__type__":"cc.SpriteFrame","content":{"name":"bluemvp","texture":"661XjWfv1BOayrl/asTWcd","rect":[886,272,72,32],"offset":[0,0],"originalSize":[72,32]}},{"__type__":"cc.SpriteFrame","content":{"name":"_0007_greybutton","texture":"661XjWfv1BOayrl/asTWcd","rect":[616,89,206,86],"offset":[0,0],"originalSize":[206,86]}},{"__type__":"cc.SpriteFrame","content":{"name":"victory_09","texture":"5f2BaCmQ1CnYPuCD1/rLg9","rect":[465,959,110,40],"offset":[0,0],"originalSize":[110,40]}},{"__type__":"cc.SpriteFrame","content":{"name":"victory_04","texture":"fcJS4K3v9B9LpajzpsNm+D","rect":[400,652,136,98],"offset":[0,-5],"originalSize":[136,108]}},{"__type__":"cc.SpriteFrame","content":{"name":"_0007_orangebutton","texture":"661XjWfv1BOayrl/asTWcd","rect":[823,89,176,74],"offset":[0,0],"originalSize":[176,74]}},{"__type__":"cc.SpriteFrame","content":{"name":"bifenbanditu","texture":"661XjWfv1BOayrl/asTWcd","rect":[3,296,420,54],"offset":[0,0],"originalSize":[420,54]}},{"__type__":"cc.SpriteFrame","content":{"name":"victory_01s","texture":"fcJS4K3v9B9LpajzpsNm+D","rect":[3,377,396,373],"offset":[0,0],"originalSize":[396,373]}},{"__type__":"cc.SpriteFrame","content":{"name":"blueditu","texture":"661XjWfv1BOayrl/asTWcd","rect":[3,102,612,98],"offset":[0,0],"originalSize":[612,98]}},{"__type__":"cc.SpriteFrame","content":{"name":"victory_10","texture":"5f2BaCmQ1CnYPuCD1/rLg9","rect":[571,493,68,60],"offset":[-2,-5],"originalSize":[80,80]}},{"__type__":"cc.SpriteFrame","content":{"name":"hengsaoqianjun","texture":"661XjWfv1BOayrl/asTWcd","rect":[616,199,100,22],"offset":[0,0],"originalSize":[100,22]}},{"__type__":"cc.SpriteFrame","content":{"name":"victory_05","texture":"fcJS4K3v9B9LpajzpsNm+D","rect":[1761,940,108,79],"offset":[0,0],"originalSize":[108,79]}},{"__type__":"cc.SpriteFrame","content":{"name":"victory_01","texture":"fcJS4K3v9B9LpajzpsNm+D","rect":[3,3,411,373],"offset":[0,0],"originalSize":[411,373]}},{"__type__":"cc.SpriteFrame","content":{"name":"victory_05s","texture":"fcJS4K3v9B9LpajzpsNm+D","rect":[1149,456,227,181],"offset":[0,0],"originalSize":[227,181]}},{"__type__":"cc.SpriteFrame","content":{"name":"ModeNameBG2","texture":"d8kE3HskNOraYRnaYxnmiG","rect":[793,230,182,45],"offset":[0,0],"originalSize":[182,45],"capInsets":[40,0,40,0]}},{"__type__":"cc.SpriteFrame","content":{"name":"victory_04s","texture":"fcJS4K3v9B9LpajzpsNm+D","rect":[1133,3,130,84],"offset":[-2,4],"originalSize":[136,108]}},{"__type__":"cc.SpriteFrame","content":{"name":"_0006_button","texture":"661XjWfv1BOayrl/asTWcd","rect":[823,164,176,74],"offset":[0,0],"originalSize":[176,74]}},{"__type__":"cc.SpriteFrame","content":{"name":"musicCP","texture":"5f2BaCmQ1CnYPuCD1/rLg9","rect":[146,454,332,12],"offset":[0,0],"originalSize":[332,12]}},{"__type__":"cc.SpriteFrame","content":{"name":"victory_06","texture":"fcJS4K3v9B9LpajzpsNm+D","rect":[910,456,238,181],"offset":[0,0],"originalSize":[238,181]}},[{"__type__":"cc.Prefab","_name":"SettlementUI","data":{"__id__":1},"asyncLoadAssets":false},{"__type__":"cc.Node","_name":"SettlementUI","_children":[{"__id__":2},{"__id__":3},{"__id__":4},{"__id__":6},{"__id__":10},{"__id__":11},{"__id__":12},{"__id__":14},{"__id__":18},{"__id__":19},{"__id__":48},{"__id__":163},{"__id__":174},{"__id__":178}],"_components":[{"__type__":"cc.Widget","node":{"__id__":1},"_alignFlags":45},{"__type__":"87854JhqPtCeLna8DVlLqae","node":{"__id__":1},"WinNode":{"__id__":20},"LoseNode":{"__id__":36},"InfoItemNodeList":[{"__id__":49},{"__id__":68},{"__id__":87},{"__id__":106},{"__id__":125},{"__id__":144}],"SelfKill":{"__id__":9},"EnemyKill":{"__id__":17},"SelfHomeNode":{"__id__":5},"EnemyHomeNode":{"__id__":13},"CancelBtn":{"__id__":166},"ReplayBtn":{"__id__":172},"HomeSpriteList":[{"__uuid__":"0cVLOvOZBEerIuC9Ikr/EH"},{"__uuid__":"fdJ1VJeAFHYLmQDynq80FG"},{"__uuid__":"00wE2svS1Mt6MIEh6ylsQR"}],"BlueBtnSpr":{"__uuid__":"7bVXuX55VM36mljrwl8dF/"},"OrangeBtnSpr":{"__uuid__":"39KPZzUXNForAFpo8GD/Wn"},"GreyBtnSpr":{"__uuid__":"10aY44y9xPD4hcwKOwE7k0"},"ShareBtn":{"__id__":169},"BtnListWidget":{"__id__":173},"modelNode":{"__id__":174},"modelText":{"__id__":177}}],"_prefab":{"__type__":"cc.PrefabInfo","root":{"__id__":1},"asset":{"__uuid__":"a4o+So8R1EoKIZx/b0YDOp"},"fileId":"dfMLPrTZZMUpF+0tZ8C18q"},"_contentSize":{"__type__":"cc.Size","width":1344,"height":750},"_position":{"__type__":"cc.Vec2","x":672,"y":375}},{"__type__":"cc.Node","_name":"Bk","_parent":{"__id__":1},"_components":[{"__type__":"cc.Sprite","node":{"__id__":2},"_spriteFrame":{"__uuid__":"a8YMZ/DIZLaLOo6yQIJaWu"},"_type":1,"_sizeMode":0},{"__type__":"cc.Widget","node":{"__id__":2},"_alignFlags":45,"_left":-10,"_right":-10,"_top":-10,"_bottom":-10,"_originalWidth":1334,"_originalHeight":750}],"_prefab":{"__type__":"cc.PrefabInfo","root":{"__id__":1},"asset":{"__uuid__":"a4o+So8R1EoKIZx/b0YDOp"},"fileId":"3cvvoXOUlOzYbwvaEqefZQ"},"_contentSize":{"__type__":"cc.Size","width":1364,"height":770}},{"__type__":"cc.Node","_name":"Blue","_parent":{"__id__":1},"_components":[{"__type__":"cc.Sprite","node":{"__id__":3},"_spriteFrame":{"__uuid__":"466zSVfFJFeK20FltzQ9Is"},"_type":1,"_sizeMode":0}],"_prefab":{"__type__":"cc.PrefabInfo","root":{"__id__":1},"asset":{"__uuid__":"a4o+So8R1EoKIZx/b0YDOp"},"fileId":"95PMZVbnZHU5is21VadFky"},"_contentSize":{"__type__":"cc.Size","width":343,"height":46},"_position":{"__type__":"cc.Vec2","x":-425,"y":120}},{"__type__":"cc.Node","_name":"SelfHomeNode","_parent":{"__id__":1},"_components":[{"__id__":5}],"_prefab":{"__type__":"cc.PrefabInfo","root":{"__id__":1},"asset":{"__uuid__":"a4o+So8R1EoKIZx/b0YDOp"},"fileId":"4aI2txDyVAXaYUemmdVASZ"},"_contentSize":{"__type__":"cc.Size","width":72,"height":56},"_position":{"__type__":"cc.Vec2","x":-385,"y":120}},{"__type__":"cc.Sprite","node":{"__id__":4},"_spriteFrame":{"__uuid__":"fdJ1VJeAFHYLmQDynq80FG"},"_sizeMode":0,"_isTrimmedMode":false},{"__type__":"cc.Node","_name":"Self_Word","_parent":{"__id__":1},"_children":[{"__id__":7}],"_components":[{"__id__":9}],"_prefab":{"__type__":"cc.PrefabInfo","root":{"__id__":1},"asset":{"__uuid__":"a4o+So8R1EoKIZx/b0YDOp"},"fileId":"f6U1+UCiZODKDEEoyyCYQV"},"_position":{"__type__":"cc.Vec2","x":-321,"y":121}},{"__type__":"cc.Node","_name":"Template","_parent":{"__id__":6},"_active":false,"_components":[{"__id__":8}],"_prefab":{"__type__":"cc.PrefabInfo","root":{"__id__":1},"asset":{"__uuid__":"a4o+So8R1EoKIZx/b0YDOp"},"fileId":"04e0jKYPRGA5U03AAcxMMK"},"_contentSize":{"__type__":"cc.Size","width":22,"height":40}},{"__type__":"cc.Sprite","node":{"__id__":7},"_spriteFrame":{"__uuid__":"e5r2p3AoJJar3d9UOOsMCI"},"_sizeMode":0,"_isTrimmedMode":false},{"__type__":"16798xaPnVLdZwNbixFe2cV","node":{"__id__":6},"LabelAtlas":{"__uuid__":"64k/npa81EH6oKnC7vnPVr"},"LabelStr":"0123456789","ResFormat":"Self_","Template":{"__id__":8}},{"__type__":"cc.Node","_name":"Left","_parent":{"__id__":1},"_active":false,"_components":[{"__type__":"cc.Label","node":{"__id__":10},"_useOriginalSize":false,"_actualFontSize":33,"_fontSize":33,"_N$string":"16","_N$horizontalAlign":1,"_N$verticalAlign":1}],"_prefab":{"__type__":"cc.PrefabInfo","root":{"__id__":1},"asset":{"__uuid__":"a4o+So8R1EoKIZx/b0YDOp"},"fileId":"9aCVfK9ixKwbSSITqDhipc"},"_color":{"__type__":"cc.Color","r":41,"g":103,"b":188},"_anchorPoint":{"__type__":"cc.Vec2","y":0.5},"_contentSize":{"__type__":"cc.Size","width":36.71,"height":40},"_position":{"__type__":"cc.Vec2","x":-322,"y":118}},{"__type__":"cc.Node","_name":"Red","_parent":{"__id__":1},"_components":[{"__type__":"cc.Sprite","node":{"__id__":11},"_spriteFrame":{"__uuid__":"466zSVfFJFeK20FltzQ9Is"},"_type":1,"_sizeMode":0}],"_prefab":{"__type__":"cc.PrefabInfo","root":{"__id__":1},"asset":{"__uuid__":"a4o+So8R1EoKIZx/b0YDOp"},"fileId":"6fVHWyt0ZCyLMzdgewSC/w"},"_contentSize":{"__type__":"cc.Size","width":343,"height":46},"_scaleX":-1,"_position":{"__type__":"cc.Vec2","x":425,"y":120}},{"__type__":"cc.Node","_name":"EnemyHomeNode","_parent":{"__id__":1},"_components":[{"__id__":13}],"_prefab":{"__type__":"cc.PrefabInfo","root":{"__id__":1},"asset":{"__uuid__":"a4o+So8R1EoKIZx/b0YDOp"},"fileId":"34UqiB5jlGj6VpCX+U8HMA"},"_contentSize":{"__type__":"cc.Size","width":72,"height":56},"_scaleX":-1,"_position":{"__type__":"cc.Vec2","x":385,"y":120}},{"__type__":"cc.Sprite","node":{"__id__":12},"_spriteFrame":{"__uuid__":"00wE2svS1Mt6MIEh6ylsQR"},"_sizeMode":0,"_isTrimmedMode":false},{"__type__":"cc.Node","_name":"Enemy_Word","_parent":{"__id__":1},"_children":[{"__id__":15}],"_components":[{"__id__":17}],"_prefab":{"__type__":"cc.PrefabInfo","root":{"__id__":1},"asset":{"__uuid__":"a4o+So8R1EoKIZx/b0YDOp"},"fileId":"f6U1+UCiZODKDEEoyyCYQV"},"_position":{"__type__":"cc.Vec2","x":321,"y":121}},{"__type__":"cc.Node","_name":"Template","_parent":{"__id__":14},"_active":false,"_components":[{"__id__":16}],"_prefab":{"__type__":"cc.PrefabInfo","root":{"__id__":1},"asset":{"__uuid__":"a4o+So8R1EoKIZx/b0YDOp"},"fileId":"04e0jKYPRGA5U03AAcxMMK"},"_contentSize":{"__type__":"cc.Size","width":22,"height":40}},{"__type__":"cc.Sprite","node":{"__id__":15},"_spriteFrame":{"__uuid__":"02f+NHH21JvYhDH+j0F0yV"},"_sizeMode":0,"_isTrimmedMode":false},{"__type__":"16798xaPnVLdZwNbixFe2cV","node":{"__id__":14},"LabelAtlas":{"__uuid__":"64k/npa81EH6oKnC7vnPVr"},"LabelStr":"0123456789","ResFormat":"Enemy_","Template":{"__id__":16},"isToRightGrow":false,"LayoutType":1},{"__type__":"cc.Node","_name":"Right","_parent":{"__id__":1},"_active":false,"_components":[{"__type__":"cc.Label","node":{"__id__":18},"_useOriginalSize":false,"_actualFontSize":33,"_fontSize":33,"_N$string":"13","_N$horizontalAlign":1,"_N$verticalAlign":1}],"_prefab":{"__type__":"cc.PrefabInfo","root":{"__id__":1},"asset":{"__uuid__":"a4o+So8R1EoKIZx/b0YDOp"},"fileId":"fbiC/8mkFBj50kbVeQRB8a"},"_color":{"__type__":"cc.Color","r":172,"g":87,"b":88},"_anchorPoint":{"__type__":"cc.Vec2","x":1,"y":0.5},"_contentSize":{"__type__":"cc.Size","width":36.71,"height":40},"_position":{"__type__":"cc.Vec2","x":327,"y":120}},{"__type__":"cc.Node","_name":"Ret","_parent":{"__id__":1},"_children":[{"__id__":20},{"__id__":36}],"_components":[{"__type__":"cc.Widget","node":{"__id__":19},"_alignFlags":1,"_top":10}],"_prefab":{"__type__":"cc.PrefabInfo","root":{"__id__":1},"asset":{"__uuid__":"a4o+So8R1EoKIZx/b0YDOp"},"fileId":"b4bPyV8l9EVKijfg16bnP7"},"_contentSize":{"__type__":"cc.Size","width":400,"height":300},"_position":{"__type__":"cc.Vec2","y":215}},{"__type__":"cc.Node","_name":"WinLabel","_parent":{"__id__":19},"_children":[{"__id__":21},{"__id__":22},{"__id__":23},{"__id__":27},{"__id__":31},{"__id__":32},{"__id__":33},{"__id__":34},{"__id__":35}],"_prefab":{"__type__":"cc.PrefabInfo","root":{"__id__":1},"asset":{"__uuid__":"a4o+So8R1EoKIZx/b0YDOp"},"fileId":"8cqeoT2PdD1ZEeDumPXfDt"},"_contentSize":{"__type__":"cc.Size","width":300,"height":350},"_scaleX":0.7,"_scaleY":0.7},{"__type__":"cc.Node","_name":"7","_parent":{"__id__":20},"_components":[{"__type__":"cc.Sprite","node":{"__id__":21},"_spriteFrame":{"__uuid__":"d6RZbdqehIJaf52sv3gX3Z"},"_sizeMode":0},{"__type__":"cc.Widget","node":{"__id__":21},"_alignFlags":1,"_top":-193,"_bottom":79.94050000000001,"_originalHeight":100}],"_prefab":{"__type__":"cc.PrefabInfo","root":{"__id__":1},"asset":{"__uuid__":"a4o+So8R1EoKIZx/b0YDOp"},"fileId":"7aT7LgKSVMl4H8Gu9JuOQt"},"_anchorPoint":{"__type__":"cc.Vec2","x":0.5,"y":1},"_contentSize":{"__type__":"cc.Size","width":100,"height":70},"_scaleX":10,"_scaleY":10,"_position":{"__type__":"cc.Vec2","x":-7,"y":368}},{"__type__":"cc.Node","_name":"8","_parent":{"__id__":20},"_components":[{"__type__":"cc.Sprite","node":{"__id__":22},"_spriteFrame":{"__uuid__":"dbKbl/OJdJK6HAzOJRH1Vg"},"_sizeMode":0}],"_prefab":{"__type__":"cc.PrefabInfo","root":{"__id__":1},"asset":{"__uuid__":"a4o+So8R1EoKIZx/b0YDOp"},"fileId":"74s1hgxTRKtL/omrx3RxPA"},"_contentSize":{"__type__":"cc.Size","width":400,"height":400},"_rotationX":90,"_rotationY":90,"_scaleX":1.8,"_scaleY":1.8},{"__type__":"cc.Node","_name":"New Node","_parent":{"__id__":20},"_children":[{"__id__":24},{"__id__":25},{"__id__":26}],"_prefab":{"__type__":"cc.PrefabInfo","root":{"__id__":1},"asset":{"__uuid__":"a4o+So8R1EoKIZx/b0YDOp"},"fileId":"9fYtRpkgBA9rPDsAE+NFSq"},"_scaleX":-1,"_position":{"__type__":"cc.Vec2","y":152}},{"__type__":"cc.Node","_name":"6","_parent":{"__id__":23},"_components":[{"__type__":"cc.Sprite","node":{"__id__":24},"_spriteFrame":{"__uuid__":"873b4pOiBPN72/Nho2s8Gk"}}],"_prefab":{"__type__":"cc.PrefabInfo","root":{"__id__":1},"asset":{"__uuid__":"a4o+So8R1EoKIZx/b0YDOp"},"fileId":"6dasq6OYlOMYE0RHk+sNit"},"_contentSize":{"__type__":"cc.Size","width":238,"height":181},"_position":{"__type__":"cc.Vec2","x":-158,"y":-127}},{"__type__":"cc.Node","_name":"4","_parent":{"__id__":23},"_components":[{"__type__":"cc.Sprite","node":{"__id__":25},"_spriteFrame":{"__uuid__":"37hMDw7zFEELcCdJBJpixH"}}],"_prefab":{"__type__":"cc.PrefabInfo","root":{"__id__":1},"asset":{"__uuid__":"a4o+So8R1EoKIZx/b0YDOp"},"fileId":"184vvO1ZBEZ4EJ4fIfbCiB"},"_contentSize":{"__type__":"cc.Size","width":136,"height":98},"_position":{"__type__":"cc.Vec2","x":-217,"y":-73}},{"__type__":"cc.Node","_name":"5","_parent":{"__id__":23},"_components":[{"__type__":"cc.Sprite","node":{"__id__":26},"_spriteFrame":{"__uuid__":"625MLrH1xJmIsAH9WHaYqx"}}],"_prefab":{"__type__":"cc.PrefabInfo","root":{"__id__":1},"asset":{"__uuid__":"a4o+So8R1EoKIZx/b0YDOp"},"fileId":"a0W4Xhz0NEE7rBaJqcqmlf"},"_contentSize":{"__type__":"cc.Size","width":108,"height":79},"_position":{"__type__":"cc.Vec2","x":-158,"y":-36}},{"__type__":"cc.Node","_name":"1111","_parent":{"__id__":20},"_children":[{"__id__":28},{"__id__":29},{"__id__":30}],"_prefab":{"__type__":"cc.PrefabInfo","root":{"__id__":1},"asset":{"__uuid__":"a4o+So8R1EoKIZx/b0YDOp"},"fileId":"cdNYMfM0NIh4W7ud+5VzZ5"},"_position":{"__type__":"cc.Vec2","y":152}},{"__type__":"cc.Node","_name":"61","_parent":{"__id__":27},"_components":[{"__type__":"cc.Sprite","node":{"__id__":28},"_spriteFrame":{"__uuid__":"873b4pOiBPN72/Nho2s8Gk"}}],"_prefab":{"__type__":"cc.PrefabInfo","root":{"__id__":1},"asset":{"__uuid__":"a4o+So8R1EoKIZx/b0YDOp"},"fileId":"d30fFLeh9ETZNxgye0Nk95"},"_contentSize":{"__type__":"cc.Size","width":238,"height":181},"_position":{"__type__":"cc.Vec2","x":-158,"y":-127}},{"__type__":"cc.Node","_name":"41","_parent":{"__id__":27},"_components":[{"__type__":"cc.Sprite","node":{"__id__":29},"_spriteFrame":{"__uuid__":"37hMDw7zFEELcCdJBJpixH"}}],"_prefab":{"__type__":"cc.PrefabInfo","root":{"__id__":1},"asset":{"__uuid__":"a4o+So8R1EoKIZx/b0YDOp"},"fileId":"62BxlCeAZPq7+/5DxNO1/R"},"_contentSize":{"__type__":"cc.Size","width":136,"height":98},"_position":{"__type__":"cc.Vec2","x":-217,"y":-73}},{"__type__":"cc.Node","_name":"51","_parent":{"__id__":27},"_components":[{"__type__":"cc.Sprite","node":{"__id__":30},"_spriteFrame":{"__uuid__":"625MLrH1xJmIsAH9WHaYqx"}}],"_prefab":{"__type__":"cc.PrefabInfo","root":{"__id__":1},"asset":{"__uuid__":"a4o+So8R1EoKIZx/b0YDOp"},"fileId":"feK9sYxShC4KsawWLi9CXL"},"_contentSize":{"__type__":"cc.Size","width":108,"height":79},"_position":{"__type__":"cc.Vec2","x":-158,"y":-36}},{"__type__":"cc.Node","_name":"shengli","_parent":{"__id__":20},"_components":[{"__type__":"cc.Sprite","node":{"__id__":31},"_spriteFrame":{"__uuid__":"65lh8HMclDBKJXu5eVcg3d"}}],"_prefab":{"__type__":"cc.PrefabInfo","root":{"__id__":1},"asset":{"__uuid__":"a4o+So8R1EoKIZx/b0YDOp"},"fileId":"49MRlgJZBB4JZcb1hGLcVj"},"_contentSize":{"__type__":"cc.Size","width":411,"height":373}},{"__type__":"cc.Node","_name":"guang9","_parent":{"__id__":20},"_components":[{"__type__":"cc.Sprite","node":{"__id__":32},"_spriteFrame":{"__uuid__":"2332HTeF9M5ovSk6NCKtDb"},"_srcBlendFactor":0,"_dstBlendFactor":1}],"_prefab":{"__type__":"cc.PrefabInfo","root":{"__id__":1},"asset":{"__uuid__":"a4o+So8R1EoKIZx/b0YDOp"},"fileId":"a2rnqLXddJtqMP/xzTvpCD"},"_opacity":0,"_contentSize":{"__type__":"cc.Size","width":110,"height":40},"_rotationX":6.800000000000011,"_rotationY":6.800000000000011,"_scaleX":2,"_scaleY":2,"_position":{"__type__":"cc.Vec2","x":42,"y":-69}},{"__type__":"cc.Node","_name":"guang10","_parent":{"__id__":20},"_components":[{"__type__":"cc.Sprite","node":{"__id__":33},"_spriteFrame":{"__uuid__":"60bHrs/gpAUJxeY6PvSufe"},"_srcBlendFactor":0,"_dstBlendFactor":1}],"_prefab":{"__type__":"cc.PrefabInfo","root":{"__id__":1},"asset":{"__uuid__":"a4o+So8R1EoKIZx/b0YDOp"},"fileId":"84TnKQe2dI5bw/Ce+e7G5L"},"_opacity":0,"_contentSize":{"__type__":"cc.Size","width":68,"height":60},"_scaleX":3,"_scaleY":3,"_position":{"__type__":"cc.Vec2","x":-5,"y":104}},{"__type__":"cc.Node","_name":"victory_10","_parent":{"__id__":20},"_components":[{"__type__":"cc.Sprite","node":{"__id__":34},"_spriteFrame":{"__uuid__":"60bHrs/gpAUJxeY6PvSufe"},"_dstBlendFactor":1}],"_prefab":{"__type__":"cc.PrefabInfo","root":{"__id__":1},"asset":{"__uuid__":"a4o+So8R1EoKIZx/b0YDOp"},"fileId":"44lYdubkxECLvFlaS+Yrbr"},"_opacity":200,"_contentSize":{"__type__":"cc.Size","width":68,"height":60},"_scaleX":4,"_position":{"__type__":"cc.Vec2","x":-5,"y":-95.6}},{"__type__":"cc.Node","_name":"victory_10","_parent":{"__id__":20},"_components":[{"__type__":"cc.Sprite","node":{"__id__":35},"_spriteFrame":{"__uuid__":"60bHrs/gpAUJxeY6PvSufe"},"_sizeMode":0,"_dstBlendFactor":1}],"_prefab":{"__type__":"cc.PrefabInfo","root":{"__id__":1},"asset":{"__uuid__":"a4o+So8R1EoKIZx/b0YDOp"},"fileId":"687sqVvvxPE67qWQmWfsD/"},"_opacity":160,"_contentSize":{"__type__":"cc.Size","width":100,"height":70},"_scaleX":3,"_scaleY":3,"_position":{"__type__":"cc.Vec2","x":-5,"y":80}},{"__type__":"cc.Node","_name":"LoseLabel","_parent":{"__id__":19},"_children":[{"__id__":37}],"_prefab":{"__type__":"cc.PrefabInfo","root":{"__id__":1},"asset":{"__uuid__":"a4o+So8R1EoKIZx/b0YDOp"},"fileId":"abMUOieO9Ffb+mlSxMM4+N"},"_contentSize":{"__type__":"cc.Size","width":1905.7142857142858,"height":1071.4285714285716},"_scaleX":0.7,"_scaleY":0.7},{"__type__":"cc.Node","_name":"New Node","_parent":{"__id__":36},"_children":[{"__id__":38},{"__id__":39},{"__id__":43},{"__id__":47}],"_prefab":{"__type__":"cc.PrefabInfo","root":{"__id__":1},"asset":{"__uuid__":"a4o+So8R1EoKIZx/b0YDOp"},"fileId":"9eiyOTBRpJ4rREjpUVZSd6"}},{"__type__":"cc.Node","_name":"7","_parent":{"__id__":37},"_components":[{"__type__":"cc.Sprite","node":{"__id__":38},"_spriteFrame":{"__uuid__":"03OHoIvGZHa5pWKY0EB5NQ"}}],"_prefab":{"__type__":"cc.PrefabInfo","root":{"__id__":1},"asset":{"__uuid__":"a4o+So8R1EoKIZx/b0YDOp"},"fileId":"4d6ga8PZhCGLiV7fUGPL+y"},"_contentSize":{"__type__":"cc.Size","width":126,"height":98},"_scaleX":7.6,"_scaleY":7.6,"_position":{"__type__":"cc.Vec2","y":-20}},{"__type__":"cc.Node","_name":"New Node","_parent":{"__id__":37},"_children":[{"__id__":40},{"__id__":41},{"__id__":42}],"_prefab":{"__type__":"cc.PrefabInfo","root":{"__id__":1},"asset":{"__uuid__":"a4o+So8R1EoKIZx/b0YDOp"},"fileId":"f6co6Jky9N9baZIJXN46An"},"_scaleX":-1,"_position":{"__type__":"cc.Vec2","y":152}},{"__type__":"cc.Node","_name":"5","_parent":{"__id__":39},"_components":[{"__type__":"cc.Sprite","node":{"__id__":40},"_spriteFrame":{"__uuid__":"68JPiZW7pO87ngAIpPjmzw"}}],"_prefab":{"__type__":"cc.PrefabInfo","root":{"__id__":1},"asset":{"__uuid__":"a4o+So8R1EoKIZx/b0YDOp"},"fileId":"0eiGBPZttDzLp4CjoTccH5"},"_contentSize":{"__type__":"cc.Size","width":227,"height":181},"_position":{"__type__":"cc.Vec2","x":-158,"y":-36}},{"__type__":"cc.Node","_name":"6","_parent":{"__id__":39},"_components":[{"__type__":"cc.Sprite","node":{"__id__":41},"_spriteFrame":{"__uuid__":"defsaHha1HhpCUTnFprWTQ"}}],"_prefab":{"__type__":"cc.PrefabInfo","root":{"__id__":1},"asset":{"__uuid__":"a4o+So8R1EoKIZx/b0YDOp"},"fileId":"a0fzN1+MZOza/1M2AArfrC"},"_contentSize":{"__type__":"cc.Size","width":238,"height":181},"_position":{"__type__":"cc.Vec2","x":-158,"y":-127}},{"__type__":"cc.Node","_name":"4","_parent":{"__id__":39},"_components":[{"__type__":"cc.Sprite","node":{"__id__":42},"_spriteFrame":{"__uuid__":"75SmRlhmxEl7FZiMs4M8G6"}}],"_prefab":{"__type__":"cc.PrefabInfo","root":{"__id__":1},"asset":{"__uuid__":"a4o+So8R1EoKIZx/b0YDOp"},"fileId":"63MkAnwglBAr3xVrN0fzE+"},"_contentSize":{"__type__":"cc.Size","width":130,"height":84},"_position":{"__type__":"cc.Vec2","x":-217,"y":-73}},{"__type__":"cc.Node","_name":"1111","_parent":{"__id__":37},"_children":[{"__id__":44},{"__id__":45},{"__id__":46}],"_prefab":{"__type__":"cc.PrefabInfo","root":{"__id__":1},"asset":{"__uuid__":"a4o+So8R1EoKIZx/b0YDOp"},"fileId":"ddTef/yaxKvoPLsYf0B0h/"},"_position":{"__type__":"cc.Vec2","y":152}},{"__type__":"cc.Node","_name":"51","_parent":{"__id__":43},"_components":[{"__type__":"cc.Sprite","node":{"__id__":44},"_spriteFrame":{"__uuid__":"68JPiZW7pO87ngAIpPjmzw"}}],"_prefab":{"__type__":"cc.PrefabInfo","root":{"__id__":1},"asset":{"__uuid__":"a4o+So8R1EoKIZx/b0YDOp"},"fileId":"b2aGCVd25KBZyjNgkU25QW"},"_contentSize":{"__type__":"cc.Size","width":227,"height":181},"_position":{"__type__":"cc.Vec2","x":-158,"y":-36}},{"__type__":"cc.Node","_name":"61","_parent":{"__id__":43},"_components":[{"__type__":"cc.Sprite","node":{"__id__":45},"_spriteFrame":{"__uuid__":"defsaHha1HhpCUTnFprWTQ"}}],"_prefab":{"__type__":"cc.PrefabInfo","root":{"__id__":1},"asset":{"__uuid__":"a4o+So8R1EoKIZx/b0YDOp"},"fileId":"37VddML/hFGouqB8sKksXr"},"_contentSize":{"__type__":"cc.Size","width":238,"height":181},"_position":{"__type__":"cc.Vec2","x":-158,"y":-127}},{"__type__":"cc.Node","_name":"41","_parent":{"__id__":43},"_components":[{"__type__":"cc.Sprite","node":{"__id__":46},"_spriteFrame":{"__uuid__":"75SmRlhmxEl7FZiMs4M8G6"}}],"_prefab":{"__type__":"cc.PrefabInfo","root":{"__id__":1},"asset":{"__uuid__":"a4o+So8R1EoKIZx/b0YDOp"},"fileId":"73sxI2zltCCrKigE3bGukd"},"_contentSize":{"__type__":"cc.Size","width":130,"height":84},"_position":{"__type__":"cc.Vec2","x":-217,"y":-73}},{"__type__":"cc.Node","_name":"shengli","_parent":{"__id__":37},"_components":[{"__type__":"cc.Sprite","node":{"__id__":47},"_spriteFrame":{"__uuid__":"4aCpWmtTJNCIWez5av9Jb9"}}],"_prefab":{"__type__":"cc.PrefabInfo","root":{"__id__":1},"asset":{"__uuid__":"a4o+So8R1EoKIZx/b0YDOp"},"fileId":"37JFhNYOlIEYMSTaRB7wE4"},"_contentSize":{"__type__":"cc.Size","width":396,"height":373},"_position":{"__type__":"cc.Vec2","y":32}},{"__type__":"cc.Node","_name":"InfoList","_parent":{"__id__":1},"_children":[{"__id__":49},{"__id__":68},{"__id__":87},{"__id__":106},{"__id__":125},{"__id__":144}],"_prefab":{"__type__":"cc.PrefabInfo","root":{"__id__":1},"asset":{"__uuid__":"a4o+So8R1EoKIZx/b0YDOp"},"fileId":"4bDI8rLDdHUILsogr3UlBP"}},{"__type__":"cc.Node","_name":"item0","_parent":{"__id__":48},"_children":[{"__id__":50},{"__id__":55},{"__id__":58},{"__id__":60},{"__id__":61}],"_components":[{"__type__":"d8fe5X+Jg1JTYqxA7rQWDqx","node":{"__id__":49},"PlayerNameLabel":{"__id__":59},"PlayerKillValue":{"__id__":54},"PlayerDeadValue":{"__id__":52},"headIcon":{"__id__":57},"KillMostLabel":{"__id__":65},"BlockMostLabel":{"__id__":67},"HealthMostLabel":{"__id__":63},"MvpLabel":{"__id__":60},"DefaultHeadImage":{"__uuid__":"02/XNqkLpPj5QmykphvWr/"}}],"_prefab":{"__type__":"cc.PrefabInfo","root":{"__id__":1},"asset":{"__uuid__":"a4o+So8R1EoKIZx/b0YDOp"},"fileId":"7eOlKlm79A0rp/Y2xD7atx"},"_contentSize":{"__type__":"cc.Size","width":120,"height":180},"_position":{"__type__":"cc.Vec2","x":-466,"y":14}},{"__type__":"cc.Node","_name":"Bk","_parent":{"__id__":49},"_children":[{"__id__":51},{"__id__":53}],"_components":[{"__type__":"cc.Sprite","node":{"__id__":50},"_spriteFrame":{"__uuid__":"4cqKuQCqRC74uKEGhR0hVh"}}],"_prefab":{"__type__":"cc.PrefabInfo","root":{"__id__":1},"asset":{"__uuid__":"a4o+So8R1EoKIZx/b0YDOp"},"fileId":"f01lKV4YpMz5K8y37N7jTn"},"_contentSize":{"__type__":"cc.Size","width":612,"height":98},"_position":{"__type__":"cc.Vec2","x":150,"y":21}},{"__type__":"cc.Node","_name":"killLabel","_parent":{"__id__":50},"_components":[{"__id__":52}],"_prefab":{"__type__":"cc.PrefabInfo","root":{"__id__":1},"asset":{"__uuid__":"a4o+So8R1EoKIZx/b0YDOp"},"fileId":"22CJzBduVLy4rx2Q/8ANYh"},"_anchorPoint":{"__type__":"cc.Vec2","y":0.5},"_contentSize":{"__type__":"cc.Size","height":80},"_position":{"__type__":"cc.Vec2","x":-100,"y":-16}},{"__type__":"cc.Label","node":{"__id__":51},"_useOriginalSize":false,"_actualFontSize":18,"_fontSize":18,"_N$string":"\n","_N$verticalAlign":1},{"__type__":"cc.Node","_name":"killLabel","_parent":{"__id__":50},"_components":[{"__id__":54}],"_prefab":{"__type__":"cc.PrefabInfo","root":{"__id__":1},"asset":{"__uuid__":"a4o+So8R1EoKIZx/b0YDOp"},"fileId":"b2Gjsj2QNHwbs5lcj/o9f/"},"_anchorPoint":{"__type__":"cc.Vec2","y":0.5},"_contentSize":{"__type__":"cc.Size","height":80},"_position":{"__type__":"cc.Vec2","x":-225,"y":-16}},{"__type__":"cc.Label","node":{"__id__":53},"_useOriginalSize":false,"_actualFontSize":18,"_fontSize":18,"_N$string":"\n","_N$verticalAlign":1},{"__type__":"cc.Node","_name":"Mask","_parent":{"__id__":49},"_children":[{"__id__":56}],"_components":[{"__type__":"cc.Mask","node":{"__id__":55},"_type":1,"_segements":20}],"_prefab":{"__type__":"cc.PrefabInfo","root":{"__id__":1},"asset":{"__uuid__":"a4o+So8R1EoKIZx/b0YDOp"},"fileId":"10jKGHH4ZEyKuj6mZfspX/"},"_contentSize":{"__type__":"cc.Size","width":78,"height":78},"_position":{"__type__":"cc.Vec2","x":358.6,"y":27}},{"__type__":"cc.Node","_name":"HeadIcon","_parent":{"__id__":55},"_components":[{"__id__":57}],"_prefab":{"__type__":"cc.PrefabInfo","root":{"__id__":1},"asset":{"__uuid__":"a4o+So8R1EoKIZx/b0YDOp"},"fileId":"0fXCf3OlRMnbk5yg/G/Lec"},"_contentSize":{"__type__":"cc.Size","width":80,"height":80}},{"__type__":"cc.Sprite","node":{"__id__":56},"_spriteFrame":{"__uuid__":"02/XNqkLpPj5QmykphvWr/"},"_sizeMode":0},{"__type__":"cc.Node","_name":"playerName","_parent":{"__id__":49},"_components":[{"__id__":59}],"_prefab":{"__type__":"cc.PrefabInfo","root":{"__id__":1},"asset":{"__uuid__":"a4o+So8R1EoKIZx/b0YDOp"},"fileId":"95s7JlDLJFApCCsp38EbGl"},"_contentSize":{"__type__":"cc.Size","width":200,"height":30},"_position":{"__type__":"cc.Vec2","x":215,"y":4}},{"__type__":"cc.Label","node":{"__id__":58},"_useOriginalSize":false,"_actualFontSize":18,"_fontSize":18,"_lineHeight":30,"_N$string":"","_N$horizontalAlign":1,"_N$verticalAlign":1,"_N$overflow":2},{"__type__":"cc.Node","_name":"bluemvp","_parent":{"__id__":49},"_components":[{"__type__":"cc.Sprite","node":{"__id__":60},"_spriteFrame":{"__uuid__":"10SybgbSBI4JHpx6Dywhh8"}}],"_prefab":{"__type__":"cc.PrefabInfo","root":{"__id__":1},"asset":{"__uuid__":"a4o+So8R1EoKIZx/b0YDOp"},"fileId":"ebVpcIvSNC2b451e26FII+"},"_contentSize":{"__type__":"cc.Size","width":72,"height":32},"_position":{"__type__":"cc.Vec2","x":356,"y":-1}},{"__type__":"cc.Node","_name":"Label","_parent":{"__id__":49},"_children":[{"__id__":62},{"__id__":64},{"__id__":66}],"_components":[{"__type__":"cc.Layout","node":{"__id__":61},"_layoutSize":{"__type__":"cc.Size","width":310,"height":10},"_resize":1,"_N$layoutType":1,"_N$spacingX":5}],"_prefab":{"__type__":"cc.PrefabInfo","root":{"__id__":1},"asset":{"__uuid__":"a4o+So8R1EoKIZx/b0YDOp"},"fileId":"77GU9XNo9JsoEYHdzRdtMW"},"_color":{"__type__":"cc.Color","r":167,"g":167,"b":167},"_anchorPoint":{"__type__":"cc.Vec2","x":1,"y":0.5},"_contentSize":{"__type__":"cc.Size","width":310,"height":10},"_position":{"__type__":"cc.Vec2","x":280}},{"__type__":"cc.Node","_name":"HealthMostLabel","_parent":{"__id__":61},"_components":[{"__id__":63}],"_prefab":{"__type__":"cc.PrefabInfo","root":{"__id__":1},"asset":{"__uuid__":"a4o+So8R1EoKIZx/b0YDOp"},"fileId":"b9V3A9LQtNha7pHB+DHJoS"},"_contentSize":{"__type__":"cc.Size","width":100,"height":22},"_position":{"__type__":"cc.Vec2","x":-260,"y":40}},{"__type__":"cc.Sprite","node":{"__id__":62},"_spriteFrame":{"__uuid__":"04acFMh/xBKazPA+TUCf/9"}},{"__type__":"cc.Node","_name":"KillMostLabel","_parent":{"__id__":61},"_components":[{"__id__":65}],"_prefab":{"__type__":"cc.PrefabInfo","root":{"__id__":1},"asset":{"__uuid__":"a4o+So8R1EoKIZx/b0YDOp"},"fileId":"a2XSID2lVFkaReUiCtxEu5"},"_contentSize":{"__type__":"cc.Size","width":100,"height":22},"_position":{"__type__":"cc.Vec2","x":-155,"y":40}},{"__type__":"cc.Sprite","node":{"__id__":64},"_spriteFrame":{"__uuid__":"608+BS4ydB0omjRGIbnJtj"}},{"__type__":"cc.Node","_name":"BlockMostLabel","_parent":{"__id__":61},"_components":[{"__id__":67}],"_prefab":{"__type__":"cc.PrefabInfo","root":{"__id__":1},"asset":{"__uuid__":"a4o+So8R1EoKIZx/b0YDOp"},"fileId":"9bAYKdGBNGQrMaDcpVWPLt"},"_contentSize":{"__type__":"cc.Size","width":100,"height":22},"_position":{"__type__":"cc.Vec2","x":-50,"y":40}},{"__type__":"cc.Sprite","node":{"__id__":66},"_spriteFrame":{"__uuid__":"eemW2Hw0FL9br2eI76g9JC"}},{"__type__":"cc.Node","_name":"item1","_parent":{"__id__":48},"_children":[{"__id__":69},{"__id__":74},{"__id__":77},{"__id__":84},{"__id__":86}],"_components":[{"__type__":"d8fe5X+Jg1JTYqxA7rQWDqx","node":{"__id__":68},"PlayerNameLabel":{"__id__":85},"PlayerKillValue":{"__id__":73},"PlayerDeadValue":{"__id__":71},"headIcon":{"__id__":76},"KillMostLabel":{"__id__":81},"BlockMostLabel":{"__id__":83},"HealthMostLabel":{"__id__":79},"MvpLabel":{"__id__":86},"DefaultHeadImage":{"__uuid__":"02/XNqkLpPj5QmykphvWr/"}}],"_prefab":{"__type__":"cc.PrefabInfo","root":{"__id__":1},"asset":{"__uuid__":"a4o+So8R1EoKIZx/b0YDOp"},"fileId":"54UcV6bX5GBY/nr8ys9I5h"},"_contentSize":{"__type__":"cc.Size","width":120,"height":180},"_position":{"__type__":"cc.Vec2","x":-466,"y":-88}},{"__type__":"cc.Node","_name":"Bk","_parent":{"__id__":68},"_children":[{"__id__":70},{"__id__":72}],"_components":[{"__type__":"cc.Sprite","node":{"__id__":69},"_spriteFrame":{"__uuid__":"4cqKuQCqRC74uKEGhR0hVh"}}],"_prefab":{"__type__":"cc.PrefabInfo","root":{"__id__":1},"asset":{"__uuid__":"a4o+So8R1EoKIZx/b0YDOp"},"fileId":"a1JDi7oMdEF7IrmgNoUisM"},"_contentSize":{"__type__":"cc.Size","width":612,"height":98},"_position":{"__type__":"cc.Vec2","x":150,"y":22}},{"__type__":"cc.Node","_name":"killLabel","_parent":{"__id__":69},"_components":[{"__id__":71}],"_prefab":{"__type__":"cc.PrefabInfo","root":{"__id__":1},"asset":{"__uuid__":"a4o+So8R1EoKIZx/b0YDOp"},"fileId":"160org2ghBQJNcDssR1KdA"},"_anchorPoint":{"__type__":"cc.Vec2","y":0.5},"_contentSize":{"__type__":"cc.Size","height":80},"_position":{"__type__":"cc.Vec2","x":-100,"y":-16}},{"__type__":"cc.Label","node":{"__id__":70},"_useOriginalSize":false,"_actualFontSize":18,"_fontSize":18,"_N$string":"\n","_N$verticalAlign":1},{"__type__":"cc.Node","_name":"killLabel","_parent":{"__id__":69},"_components":[{"__id__":73}],"_prefab":{"__type__":"cc.PrefabInfo","root":{"__id__":1},"asset":{"__uuid__":"a4o+So8R1EoKIZx/b0YDOp"},"fileId":"97S9yprOVIyJcgxU+c+5Jy"},"_anchorPoint":{"__type__":"cc.Vec2","y":0.5},"_contentSize":{"__type__":"cc.Size","height":80},"_position":{"__type__":"cc.Vec2","x":-225,"y":-16}},{"__type__":"cc.Label","node":{"__id__":72},"_useOriginalSize":false,"_actualFontSize":18,"_fontSize":18,"_N$string":"\n","_N$verticalAlign":1},{"__type__":"cc.Node","_name":"Mask","_parent":{"__id__":68},"_children":[{"__id__":75}],"_components":[{"__type__":"cc.Mask","node":{"__id__":74},"_type":1,"_segements":20}],"_prefab":{"__type__":"cc.PrefabInfo","root":{"__id__":1},"asset":{"__uuid__":"a4o+So8R1EoKIZx/b0YDOp"},"fileId":"bfGesZVLJIR5u76hTTccEP"},"_contentSize":{"__type__":"cc.Size","width":78,"height":78},"_position":{"__type__":"cc.Vec2","x":358.6,"y":28.2}},{"__type__":"cc.Node","_name":"HeadIcon","_parent":{"__id__":74},"_components":[{"__id__":76}],"_prefab":{"__type__":"cc.PrefabInfo","root":{"__id__":1},"asset":{"__uuid__":"a4o+So8R1EoKIZx/b0YDOp"},"fileId":"e7zULZO2FKeKv8qV8DKwGk"},"_contentSize":{"__type__":"cc.Size","width":80,"height":80}},{"__type__":"cc.Sprite","node":{"__id__":75},"_spriteFrame":{"__uuid__":"02/XNqkLpPj5QmykphvWr/"},"_sizeMode":0},{"__type__":"cc.Node","_name":"Label","_parent":{"__id__":68},"_children":[{"__id__":78},{"__id__":80},{"__id__":82}],"_components":[{"__type__":"cc.Layout","node":{"__id__":77},"_layoutSize":{"__type__":"cc.Size","width":310,"height":10},"_resize":1,"_N$layoutType":1,"_N$spacingX":5}],"_prefab":{"__type__":"cc.PrefabInfo","root":{"__id__":1},"asset":{"__uuid__":"a4o+So8R1EoKIZx/b0YDOp"},"fileId":"e3wtP/88tGRbN9komlXLna"},"_color":{"__type__":"cc.Color","r":167,"g":167,"b":167},"_anchorPoint":{"__type__":"cc.Vec2","x":1,"y":0.5},"_contentSize":{"__type__":"cc.Size","width":310,"height":10},"_position":{"__type__":"cc.Vec2","x":280}},{"__type__":"cc.Node","_name":"HealthMostLabel","_parent":{"__id__":77},"_components":[{"__id__":79}],"_prefab":{"__type__":"cc.PrefabInfo","root":{"__id__":1},"asset":{"__uuid__":"a4o+So8R1EoKIZx/b0YDOp"},"fileId":"45yVjYM2pH24WrzWYtMrQz"},"_contentSize":{"__type__":"cc.Size","width":100,"height":22},"_position":{"__type__":"cc.Vec2","x":-260,"y":40}},{"__type__":"cc.Sprite","node":{"__id__":78},"_spriteFrame":{"__uuid__":"04acFMh/xBKazPA+TUCf/9"}},{"__type__":"cc.Node","_name":"KillMostLabel","_parent":{"__id__":77},"_components":[{"__id__":81}],"_prefab":{"__type__":"cc.PrefabInfo","root":{"__id__":1},"asset":{"__uuid__":"a4o+So8R1EoKIZx/b0YDOp"},"fileId":"25tBsQVR1DT4lJkuMIL8m1"},"_contentSize":{"__type__":"cc.Size","width":100,"height":22},"_position":{"__type__":"cc.Vec2","x":-155,"y":40}},{"__type__":"cc.Sprite","node":{"__id__":80},"_spriteFrame":{"__uuid__":"608+BS4ydB0omjRGIbnJtj"}},{"__type__":"cc.Node","_name":"BlockMostLabel","_parent":{"__id__":77},"_components":[{"__id__":83}],"_prefab":{"__type__":"cc.PrefabInfo","root":{"__id__":1},"asset":{"__uuid__":"a4o+So8R1EoKIZx/b0YDOp"},"fileId":"632nUgfotM743JXPf3Tiym"},"_contentSize":{"__type__":"cc.Size","width":100,"height":22},"_position":{"__type__":"cc.Vec2","x":-50,"y":40}},{"__type__":"cc.Sprite","node":{"__id__":82},"_spriteFrame":{"__uuid__":"eemW2Hw0FL9br2eI76g9JC"}},{"__type__":"cc.Node","_name":"playerName","_parent":{"__id__":68},"_components":[{"__id__":85}],"_prefab":{"__type__":"cc.PrefabInfo","root":{"__id__":1},"asset":{"__uuid__":"a4o+So8R1EoKIZx/b0YDOp"},"fileId":"90sJ8HqlBOCZudeTJX6iqC"},"_contentSize":{"__type__":"cc.Size","width":200,"height":30},"_position":{"__type__":"cc.Vec2","x":215,"y":4}},{"__type__":"cc.Label","node":{"__id__":84},"_useOriginalSize":false,"_actualFontSize":18,"_fontSize":18,"_lineHeight":30,"_N$string":"","_N$horizontalAlign":1,"_N$verticalAlign":1,"_N$overflow":2},{"__type__":"cc.Node","_name":"bluemvp","_parent":{"__id__":68},"_components":[{"__type__":"cc.Sprite","node":{"__id__":86},"_spriteFrame":{"__uuid__":"10SybgbSBI4JHpx6Dywhh8"}}],"_prefab":{"__type__":"cc.PrefabInfo","root":{"__id__":1},"asset":{"__uuid__":"a4o+So8R1EoKIZx/b0YDOp"},"fileId":"b4CNXfpXZIQ5AQTv+K7ob/"},"_contentSize":{"__type__":"cc.Size","width":72,"height":32},"_position":{"__type__":"cc.Vec2","x":356,"y":-1}},{"__type__":"cc.Node","_name":"item2","_parent":{"__id__":48},"_children":[{"__id__":88},{"__id__":93},{"__id__":96},{"__id__":103},{"__id__":105}],"_components":[{"__type__":"d8fe5X+Jg1JTYqxA7rQWDqx","node":{"__id__":87},"PlayerNameLabel":{"__id__":104},"PlayerKillValue":{"__id__":92},"PlayerDeadValue":{"__id__":90},"headIcon":{"__id__":95},"KillMostLabel":{"__id__":100},"BlockMostLabel":{"__id__":102},"HealthMostLabel":{"__id__":98},"MvpLabel":{"__id__":105},"DefaultHeadImage":{"__uuid__":"02/XNqkLpPj5QmykphvWr/"}}],"_prefab":{"__type__":"cc.PrefabInfo","root":{"__id__":1},"asset":{"__uuid__":"a4o+So8R1EoKIZx/b0YDOp"},"fileId":"5eFW0crxlAcb1XhLVtRySf"},"_contentSize":{"__type__":"cc.Size","width":120,"height":180},"_position":{"__type__":"cc.Vec2","x":-466,"y":-187}},{"__type__":"cc.Node","_name":"Bk","_parent":{"__id__":87},"_children":[{"__id__":89},{"__id__":91}],"_components":[{"__type__":"cc.Sprite","node":{"__id__":88},"_spriteFrame":{"__uuid__":"4cqKuQCqRC74uKEGhR0hVh"}}],"_prefab":{"__type__":"cc.PrefabInfo","root":{"__id__":1},"asset":{"__uuid__":"a4o+So8R1EoKIZx/b0YDOp"},"fileId":"c4PhUt9DVOZaIOR5ZEVDkv"},"_contentSize":{"__type__":"cc.Size","width":612,"height":98},"_position":{"__type__":"cc.Vec2","x":150,"y":19.2}},{"__type__":"cc.Node","_name":"killLabel","_parent":{"__id__":88},"_components":[{"__id__":90}],"_prefab":{"__type__":"cc.PrefabInfo","root":{"__id__":1},"asset":{"__uuid__":"a4o+So8R1EoKIZx/b0YDOp"},"fileId":"47o7nsIIJBapvVXGO1UoWG"},"_anchorPoint":{"__type__":"cc.Vec2","y":0.5},"_contentSize":{"__type__":"cc.Size","height":40},"_position":{"__type__":"cc.Vec2","x":-100,"y":-16}},{"__type__":"cc.Label","node":{"__id__":89},"_useOriginalSize":false,"_actualFontSize":18,"_fontSize":18,"_N$string":"","_N$verticalAlign":1},{"__type__":"cc.Node","_name":"killLabel","_parent":{"__id__":88},"_components":[{"__id__":92}],"_prefab":{"__type__":"cc.PrefabInfo","root":{"__id__":1},"asset":{"__uuid__":"a4o+So8R1EoKIZx/b0YDOp"},"fileId":"d3usFIMvNDdrEdJcnnc/v9"},"_anchorPoint":{"__type__":"cc.Vec2","y":0.5},"_contentSize":{"__type__":"cc.Size","height":80},"_position":{"__type__":"cc.Vec2","x":-225,"y":-16}},{"__type__":"cc.Label","node":{"__id__":91},"_useOriginalSize":false,"_actualFontSize":18,"_fontSize":18,"_N$string":"\n","_N$verticalAlign":1},{"__type__":"cc.Node","_name":"Mask","_parent":{"__id__":87},"_children":[{"__id__":94}],"_components":[{"__type__":"cc.Mask","node":{"__id__":93},"_type":1,"_segements":20}],"_prefab":{"__type__":"cc.PrefabInfo","root":{"__id__":1},"asset":{"__uuid__":"a4o+So8R1EoKIZx/b0YDOp"},"fileId":"d00XtQhP1Hqq757AFyRrw2"},"_contentSize":{"__type__":"cc.Size","width":78,"height":78},"_position":{"__type__":"cc.Vec2","x":358.6,"y":25.2}},{"__type__":"cc.Node","_name":"HeadIcon","_parent":{"__id__":93},"_components":[{"__id__":95}],"_prefab":{"__type__":"cc.PrefabInfo","root":{"__id__":1},"asset":{"__uuid__":"a4o+So8R1EoKIZx/b0YDOp"},"fileId":"87n4JIcnRJV46GS9SeIiZe"},"_contentSize":{"__type__":"cc.Size","width":80,"height":80}},{"__type__":"cc.Sprite","node":{"__id__":94},"_spriteFrame":{"__uuid__":"02/XNqkLpPj5QmykphvWr/"},"_sizeMode":0},{"__type__":"cc.Node","_name":"Label","_parent":{"__id__":87},"_children":[{"__id__":97},{"__id__":99},{"__id__":101}],"_components":[{"__type__":"cc.Layout","node":{"__id__":96},"_layoutSize":{"__type__":"cc.Size","width":310,"height":10},"_resize":1,"_N$layoutType":1,"_N$spacingX":5}],"_prefab":{"__type__":"cc.PrefabInfo","root":{"__id__":1},"asset":{"__uuid__":"a4o+So8R1EoKIZx/b0YDOp"},"fileId":"48SlDAF2ROkrszowXJOXWB"},"_color":{"__type__":"cc.Color","r":167,"g":167,"b":167},"_anchorPoint":{"__type__":"cc.Vec2","x":1,"y":0.5},"_contentSize":{"__type__":"cc.Size","width":310,"height":10},"_position":{"__type__":"cc.Vec2","x":280}},{"__type__":"cc.Node","_name":"HealthMostLabel","_parent":{"__id__":96},"_components":[{"__id__":98}],"_prefab":{"__type__":"cc.PrefabInfo","root":{"__id__":1},"asset":{"__uuid__":"a4o+So8R1EoKIZx/b0YDOp"},"fileId":"d1QjJuo6RMzJknqtULQ6cG"},"_contentSize":{"__type__":"cc.Size","width":100,"height":22},"_position":{"__type__":"cc.Vec2","x":-260,"y":38}},{"__type__":"cc.Sprite","node":{"__id__":97},"_spriteFrame":{"__uuid__":"04acFMh/xBKazPA+TUCf/9"}},{"__type__":"cc.Node","_name":"KillMostLabel","_parent":{"__id__":96},"_components":[{"__id__":100}],"_prefab":{"__type__":"cc.PrefabInfo","root":{"__id__":1},"asset":{"__uuid__":"a4o+So8R1EoKIZx/b0YDOp"},"fileId":"24y/R0H1xLo4Rifepv9Rpp"},"_contentSize":{"__type__":"cc.Size","width":100,"height":22},"_position":{"__type__":"cc.Vec2","x":-155,"y":38}},{"__type__":"cc.Sprite","node":{"__id__":99},"_spriteFrame":{"__uuid__":"608+BS4ydB0omjRGIbnJtj"}},{"__type__":"cc.Node","_name":"BlockMostLabel","_parent":{"__id__":96},"_components":[{"__id__":102}],"_prefab":{"__type__":"cc.PrefabInfo","root":{"__id__":1},"asset":{"__uuid__":"a4o+So8R1EoKIZx/b0YDOp"},"fileId":"c8RVhXKq5FP6W9LrMBId7A"},"_contentSize":{"__type__":"cc.Size","width":100,"height":22},"_position":{"__type__":"cc.Vec2","x":-50,"y":38}},{"__type__":"cc.Sprite","node":{"__id__":101},"_spriteFrame":{"__uuid__":"eemW2Hw0FL9br2eI76g9JC"}},{"__type__":"cc.Node","_name":"playerName","_parent":{"__id__":87},"_components":[{"__id__":104}],"_prefab":{"__type__":"cc.PrefabInfo","root":{"__id__":1},"asset":{"__uuid__":"a4o+So8R1EoKIZx/b0YDOp"},"fileId":"52NFBrHyhPoIg6P/A7b4Qs"},"_contentSize":{"__type__":"cc.Size","width":200,"height":30},"_position":{"__type__":"cc.Vec2","x":215,"y":4}},{"__type__":"cc.Label","node":{"__id__":103},"_useOriginalSize":false,"_actualFontSize":18,"_fontSize":18,"_lineHeight":30,"_N$string":"","_N$horizontalAlign":1,"_N$verticalAlign":1,"_N$overflow":2},{"__type__":"cc.Node","_name":"bluemvp","_parent":{"__id__":87},"_components":[{"__type__":"cc.Sprite","node":{"__id__":105},"_spriteFrame":{"__uuid__":"10SybgbSBI4JHpx6Dywhh8"}}],"_prefab":{"__type__":"cc.PrefabInfo","root":{"__id__":1},"asset":{"__uuid__":"a4o+So8R1EoKIZx/b0YDOp"},"fileId":"faJGb9esJK8YrIFX0EyD8D"},"_contentSize":{"__type__":"cc.Size","width":72,"height":32},"_position":{"__type__":"cc.Vec2","x":356,"y":-1}},{"__type__":"cc.Node","_name":"item3","_parent":{"__id__":48},"_children":[{"__id__":107},{"__id__":112},{"__id__":115},{"__id__":122},{"__id__":124}],"_components":[{"__type__":"d8fe5X+Jg1JTYqxA7rQWDqx","node":{"__id__":106},"PlayerNameLabel":{"__id__":123},"PlayerKillValue":{"__id__":109},"PlayerDeadValue":{"__id__":111},"headIcon":{"__id__":114},"KillMostLabel":{"__id__":119},"BlockMostLabel":{"__id__":117},"HealthMostLabel":{"__id__":121},"MvpLabel":{"__id__":124},"DefaultHeadImage":{"__uuid__":"02/XNqkLpPj5QmykphvWr/"}}],"_prefab":{"__type__":"cc.PrefabInfo","root":{"__id__":1},"asset":{"__uuid__":"a4o+So8R1EoKIZx/b0YDOp"},"fileId":"45thRswZZIUoInyVFHSlgV"},"_contentSize":{"__type__":"cc.Size","width":120,"height":180},"_position":{"__type__":"cc.Vec2","x":200,"y":14.9}},{"__type__":"cc.Node","_name":"Bk","_parent":{"__id__":106},"_children":[{"__id__":108},{"__id__":110}],"_components":[{"__type__":"cc.Sprite","node":{"__id__":107},"_spriteFrame":{"__uuid__":"aaGCFqapFP4JQ9sBuM13dK"}}],"_prefab":{"__type__":"cc.PrefabInfo","root":{"__id__":1},"asset":{"__uuid__":"a4o+So8R1EoKIZx/b0YDOp"},"fileId":"efByXcHUJBs6PfCU4U7VWe"},"_contentSize":{"__type__":"cc.Size","width":612,"height":98},"_position":{"__type__":"cc.Vec2","x":120,"y":22}},{"__type__":"cc.Node","_name":"killLabel","_parent":{"__id__":107},"_components":[{"__id__":109}],"_prefab":{"__type__":"cc.PrefabInfo","root":{"__id__":1},"asset":{"__uuid__":"a4o+So8R1EoKIZx/b0YDOp"},"fileId":"83o/vA4MlA6oWnhNjtlVbL"},"_anchorPoint":{"__type__":"cc.Vec2","y":0.5},"_contentSize":{"__type__":"cc.Size","height":40},"_position":{"__type__":"cc.Vec2","x":115,"y":-16}},{"__type__":"cc.Label","node":{"__id__":108},"_useOriginalSize":false,"_actualFontSize":18,"_fontSize":18,"_N$string":"","_N$verticalAlign":1},{"__type__":"cc.Node","_name":"DeadlLabel","_parent":{"__id__":107},"_components":[{"__id__":111}],"_prefab":{"__type__":"cc.PrefabInfo","root":{"__id__":1},"asset":{"__uuid__":"a4o+So8R1EoKIZx/b0YDOp"},"fileId":"3asIROq3JDK73jGZf+tMhF"},"_anchorPoint":{"__type__":"cc.Vec2","y":0.5},"_contentSize":{"__type__":"cc.Size","height":40},"_position":{"__type__":"cc.Vec2","x":230,"y":-16}},{"__type__":"cc.Label","node":{"__id__":110},"_useOriginalSize":false,"_actualFontSize":18,"_fontSize":18,"_N$string":"","_N$verticalAlign":1},{"__type__":"cc.Node","_name":"Mask","_parent":{"__id__":106},"_children":[{"__id__":113}],"_components":[{"__type__":"cc.Mask","node":{"__id__":112},"_type":1,"_segements":20}],"_prefab":{"__type__":"cc.PrefabInfo","root":{"__id__":1},"asset":{"__uuid__":"a4o+So8R1EoKIZx/b0YDOp"},"fileId":"1cwiIXTNtN6oifohmdNLQ+"},"_contentSize":{"__type__":"cc.Size","width":78,"height":78},"_position":{"__type__":"cc.Vec2","x":-101.9,"y":28.1}},{"__type__":"cc.Node","_name":"HeadIcon","_parent":{"__id__":112},"_components":[{"__id__":114}],"_prefab":{"__type__":"cc.PrefabInfo","root":{"__id__":1},"asset":{"__uuid__":"a4o+So8R1EoKIZx/b0YDOp"},"fileId":"935J4sOOxF7a3HptpnUaQn"},"_contentSize":{"__type__":"cc.Size","width":80,"height":80}},{"__type__":"cc.Sprite","node":{"__id__":113},"_spriteFrame":{"__uuid__":"02/XNqkLpPj5QmykphvWr/"},"_sizeMode":0},{"__type__":"cc.Node","_name":"Label","_parent":{"__id__":106},"_children":[{"__id__":116},{"__id__":118},{"__id__":120}],"_components":[{"__type__":"cc.Layout","node":{"__id__":115},"_layoutSize":{"__type__":"cc.Size","width":310,"height":10},"_resize":1,"_N$layoutType":1,"_N$spacingX":5}],"_prefab":{"__type__":"cc.PrefabInfo","root":{"__id__":1},"asset":{"__uuid__":"a4o+So8R1EoKIZx/b0YDOp"},"fileId":"74YOtOQW5Dh7Hzh4RU2srb"},"_color":{"__type__":"cc.Color","r":167,"g":167,"b":167},"_anchorPoint":{"__type__":"cc.Vec2","y":0.5},"_contentSize":{"__type__":"cc.Size","width":310,"height":10},"_position":{"__type__":"cc.Vec2","x":-20}},{"__type__":"cc.Node","_name":"BlockMostLabel","_parent":{"__id__":115},"_components":[{"__id__":117}],"_prefab":{"__type__":"cc.PrefabInfo","root":{"__id__":1},"asset":{"__uuid__":"a4o+So8R1EoKIZx/b0YDOp"},"fileId":"dcDHdh4J5NyYTVj0ELcF7C"},"_contentSize":{"__type__":"cc.Size","width":100,"height":22},"_position":{"__type__":"cc.Vec2","x":50,"y":40}},{"__type__":"cc.Sprite","node":{"__id__":116},"_spriteFrame":{"__uuid__":"eemW2Hw0FL9br2eI76g9JC"}},{"__type__":"cc.Node","_name":"KillMostLabel","_parent":{"__id__":115},"_components":[{"__id__":119}],"_prefab":{"__type__":"cc.PrefabInfo","root":{"__id__":1},"asset":{"__uuid__":"a4o+So8R1EoKIZx/b0YDOp"},"fileId":"75m4BAA2BCobNdAxHknwBN"},"_contentSize":{"__type__":"cc.Size","width":100,"height":22},"_position":{"__type__":"cc.Vec2","x":155,"y":40}},{"__type__":"cc.Sprite","node":{"__id__":118},"_spriteFrame":{"__uuid__":"608+BS4ydB0omjRGIbnJtj"}},{"__type__":"cc.Node","_name":"HealthMostLabel","_parent":{"__id__":115},"_components":[{"__id__":121}],"_prefab":{"__type__":"cc.PrefabInfo","root":{"__id__":1},"asset":{"__uuid__":"a4o+So8R1EoKIZx/b0YDOp"},"fileId":"53PLoNeMZFnLGz5bzEai/0"},"_contentSize":{"__type__":"cc.Size","width":100,"height":22},"_position":{"__type__":"cc.Vec2","x":260,"y":40}},{"__type__":"cc.Sprite","node":{"__id__":120},"_spriteFrame":{"__uuid__":"04acFMh/xBKazPA+TUCf/9"}},{"__type__":"cc.Node","_name":"playerName","_parent":{"__id__":106},"_components":[{"__id__":123}],"_prefab":{"__type__":"cc.PrefabInfo","root":{"__id__":1},"asset":{"__uuid__":"a4o+So8R1EoKIZx/b0YDOp"},"fileId":"deIUECn3FJZqt2WlBNa2gM"},"_contentSize":{"__type__":"cc.Size","width":200,"height":30},"_position":{"__type__":"cc.Vec2","x":43,"y":4}},{"__type__":"cc.Label","node":{"__id__":122},"_useOriginalSize":false,"_actualFontSize":18,"_fontSize":18,"_lineHeight":30,"_N$string":"","_N$horizontalAlign":1,"_N$verticalAlign":1,"_N$overflow":2},{"__type__":"cc.Node","_name":"redmvp","_parent":{"__id__":106},"_components":[{"__type__":"cc.Sprite","node":{"__id__":124},"_spriteFrame":{"__uuid__":"e5zM9DeoRP/YvFhzu5e/Iv"}}],"_prefab":{"__type__":"cc.PrefabInfo","root":{"__id__":1},"asset":{"__uuid__":"a4o+So8R1EoKIZx/b0YDOp"},"fileId":"6frqF+kG5N15WcJnpR582I"},"_contentSize":{"__type__":"cc.Size","width":72,"height":32},"_position":{"__type__":"cc.Vec2","x":-104}},{"__type__":"cc.Node","_name":"item4","_parent":{"__id__":48},"_children":[{"__id__":126},{"__id__":131},{"__id__":134},{"__id__":141},{"__id__":143}],"_components":[{"__type__":"d8fe5X+Jg1JTYqxA7rQWDqx","node":{"__id__":125},"PlayerNameLabel":{"__id__":142},"PlayerKillValue":{"__id__":130},"PlayerDeadValue":{"__id__":128},"headIcon":{"__id__":133},"KillMostLabel":{"__id__":138},"BlockMostLabel":{"__id__":136},"HealthMostLabel":{"__id__":140},"MvpLabel":{"__id__":143},"DefaultHeadImage":{"__uuid__":"02/XNqkLpPj5QmykphvWr/"}}],"_prefab":{"__type__":"cc.PrefabInfo","root":{"__id__":1},"asset":{"__uuid__":"a4o+So8R1EoKIZx/b0YDOp"},"fileId":"65mS2Qz7FDgrfUKsl5K/qT"},"_contentSize":{"__type__":"cc.Size","width":120,"height":180},"_position":{"__type__":"cc.Vec2","x":200,"y":-85.9}},{"__type__":"cc.Node","_name":"Bk","_parent":{"__id__":125},"_children":[{"__id__":127},{"__id__":129}],"_components":[{"__type__":"cc.Sprite","node":{"__id__":126},"_spriteFrame":{"__uuid__":"aaGCFqapFP4JQ9sBuM13dK"}}],"_prefab":{"__type__":"cc.PrefabInfo","root":{"__id__":1},"asset":{"__uuid__":"a4o+So8R1EoKIZx/b0YDOp"},"fileId":"61roUQ1GhEB67lPFG9nEU7"},"_contentSize":{"__type__":"cc.Size","width":612,"height":98},"_position":{"__type__":"cc.Vec2","x":120,"y":22}},{"__type__":"cc.Node","_name":"DeadLabel","_parent":{"__id__":126},"_components":[{"__id__":128}],"_prefab":{"__type__":"cc.PrefabInfo","root":{"__id__":1},"asset":{"__uuid__":"a4o+So8R1EoKIZx/b0YDOp"},"fileId":"36nMBXI49M4LRuydDq42Ch"},"_anchorPoint":{"__type__":"cc.Vec2","y":0.5},"_contentSize":{"__type__":"cc.Size","height":40},"_position":{"__type__":"cc.Vec2","x":230,"y":-16}},{"__type__":"cc.Label","node":{"__id__":127},"_useOriginalSize":false,"_actualFontSize":18,"_fontSize":18,"_N$string":"","_N$verticalAlign":1},{"__type__":"cc.Node","_name":"killLabel","_parent":{"__id__":126},"_components":[{"__id__":130}],"_prefab":{"__type__":"cc.PrefabInfo","root":{"__id__":1},"asset":{"__uuid__":"a4o+So8R1EoKIZx/b0YDOp"},"fileId":"51Zk1M545AGorFSmn2oL20"},"_anchorPoint":{"__type__":"cc.Vec2","y":0.5},"_contentSize":{"__type__":"cc.Size","height":30},"_position":{"__type__":"cc.Vec2","x":115,"y":-16}},{"__type__":"cc.Label","node":{"__id__":129},"_useOriginalSize":false,"_actualFontSize":18,"_fontSize":18,"_lineHeight":30,"_N$string":"","_N$verticalAlign":1},{"__type__":"cc.Node","_name":"Mask","_parent":{"__id__":125},"_children":[{"__id__":132}],"_components":[{"__type__":"cc.Mask","node":{"__id__":131},"_type":1,"_segements":20}],"_prefab":{"__type__":"cc.PrefabInfo","root":{"__id__":1},"asset":{"__uuid__":"a4o+So8R1EoKIZx/b0YDOp"},"fileId":"e9c/tjEKJOq4qkbzn20P77"},"_contentSize":{"__type__":"cc.Size","width":78,"height":78},"_position":{"__type__":"cc.Vec2","x":-102.1,"y":28.4}},{"__type__":"cc.Node","_name":"HeadIcon","_parent":{"__id__":131},"_components":[{"__id__":133}],"_prefab":{"__type__":"cc.PrefabInfo","root":{"__id__":1},"asset":{"__uuid__":"a4o+So8R1EoKIZx/b0YDOp"},"fileId":"b1majEHLtJM4nGD/3jejja"},"_contentSize":{"__type__":"cc.Size","width":80,"height":80}},{"__type__":"cc.Sprite","node":{"__id__":132},"_spriteFrame":{"__uuid__":"02/XNqkLpPj5QmykphvWr/"},"_sizeMode":0},{"__type__":"cc.Node","_name":"Label","_parent":{"__id__":125},"_children":[{"__id__":135},{"__id__":137},{"__id__":139}],"_components":[{"__type__":"cc.Layout","node":{"__id__":134},"_layoutSize":{"__type__":"cc.Size","width":310,"height":10},"_resize":1,"_N$layoutType":1,"_N$spacingX":5}],"_prefab":{"__type__":"cc.PrefabInfo","root":{"__id__":1},"asset":{"__uuid__":"a4o+So8R1EoKIZx/b0YDOp"},"fileId":"63oVZgdNdFMZVqWhFLsqZx"},"_color":{"__type__":"cc.Color","r":167,"g":167,"b":167},"_anchorPoint":{"__type__":"cc.Vec2","y":0.5},"_contentSize":{"__type__":"cc.Size","width":310,"height":10},"_position":{"__type__":"cc.Vec2","x":-20}},{"__type__":"cc.Node","_name":"BlockMostLabel","_parent":{"__id__":134},"_components":[{"__id__":136}],"_prefab":{"__type__":"cc.PrefabInfo","root":{"__id__":1},"asset":{"__uuid__":"a4o+So8R1EoKIZx/b0YDOp"},"fileId":"f76Ds+y7hEtI+OZJttaAZD"},"_contentSize":{"__type__":"cc.Size","width":100,"height":22},"_position":{"__type__":"cc.Vec2","x":50,"y":40}},{"__type__":"cc.Sprite","node":{"__id__":135},"_spriteFrame":{"__uuid__":"eemW2Hw0FL9br2eI76g9JC"}},{"__type__":"cc.Node","_name":"KillMostLabel","_parent":{"__id__":134},"_components":[{"__id__":138}],"_prefab":{"__type__":"cc.PrefabInfo","root":{"__id__":1},"asset":{"__uuid__":"a4o+So8R1EoKIZx/b0YDOp"},"fileId":"0ec4Rz+39Juour2lYL+DJs"},"_contentSize":{"__type__":"cc.Size","width":100,"height":22},"_position":{"__type__":"cc.Vec2","x":155,"y":40}},{"__type__":"cc.Sprite","node":{"__id__":137},"_spriteFrame":{"__uuid__":"608+BS4ydB0omjRGIbnJtj"}},{"__type__":"cc.Node","_name":"HealthMostLabel","_parent":{"__id__":134},"_components":[{"__id__":140}],"_prefab":{"__type__":"cc.PrefabInfo","root":{"__id__":1},"asset":{"__uuid__":"a4o+So8R1EoKIZx/b0YDOp"},"fileId":"3fdK7E9SpJer32xTl/qyD6"},"_contentSize":{"__type__":"cc.Size","width":100,"height":22},"_position":{"__type__":"cc.Vec2","x":260,"y":40}},{"__type__":"cc.Sprite","node":{"__id__":139},"_spriteFrame":{"__uuid__":"04acFMh/xBKazPA+TUCf/9"}},{"__type__":"cc.Node","_name":"playerName","_parent":{"__id__":125},"_components":[{"__id__":142}],"_prefab":{"__type__":"cc.PrefabInfo","root":{"__id__":1},"asset":{"__uuid__":"a4o+So8R1EoKIZx/b0YDOp"},"fileId":"87VLXHilxPjbr2dH1xVLt1"},"_contentSize":{"__type__":"cc.Size","width":200,"height":30},"_position":{"__type__":"cc.Vec2","x":43,"y":4}},{"__type__":"cc.Label","node":{"__id__":141},"_useOriginalSize":false,"_actualFontSize":18,"_fontSize":18,"_lineHeight":30,"_N$string":"","_N$horizontalAlign":1,"_N$verticalAlign":1,"_N$overflow":2},{"__type__":"cc.Node","_name":"redmvp","_parent":{"__id__":125},"_components":[{"__type__":"cc.Sprite","node":{"__id__":143},"_spriteFrame":{"__uuid__":"e5zM9DeoRP/YvFhzu5e/Iv"}}],"_prefab":{"__type__":"cc.PrefabInfo","root":{"__id__":1},"asset":{"__uuid__":"a4o+So8R1EoKIZx/b0YDOp"},"fileId":"c0++a5NQBOf6sUo99PscH3"},"_contentSize":{"__type__":"cc.Size","width":72,"height":32},"_position":{"__type__":"cc.Vec2","x":-104}},{"__type__":"cc.Node","_name":"item5","_parent":{"__id__":48},"_children":[{"__id__":145},{"__id__":150},{"__id__":153},{"__id__":160},{"__id__":162}],"_components":[{"__type__":"d8fe5X+Jg1JTYqxA7rQWDqx","node":{"__id__":144},"PlayerNameLabel":{"__id__":161},"PlayerKillValue":{"__id__":147},"PlayerDeadValue":{"__id__":149},"headIcon":{"__id__":152},"KillMostLabel":{"__id__":157},"BlockMostLabel":{"__id__":155},"HealthMostLabel":{"__id__":159},"MvpLabel":{"__id__":162},"DefaultHeadImage":{"__uuid__":"02/XNqkLpPj5QmykphvWr/"}}],"_prefab":{"__type__":"cc.PrefabInfo","root":{"__id__":1},"asset":{"__uuid__":"a4o+So8R1EoKIZx/b0YDOp"},"fileId":"70nE/nmGdCAIdo04enlOU4"},"_contentSize":{"__type__":"cc.Size","width":120,"height":180},"_position":{"__type__":"cc.Vec2","x":200,"y":-186.7}},{"__type__":"cc.Node","_name":"Bk","_parent":{"__id__":144},"_children":[{"__id__":146},{"__id__":148}],"_components":[{"__type__":"cc.Sprite","node":{"__id__":145},"_spriteFrame":{"__uuid__":"aaGCFqapFP4JQ9sBuM13dK"}}],"_prefab":{"__type__":"cc.PrefabInfo","root":{"__id__":1},"asset":{"__uuid__":"a4o+So8R1EoKIZx/b0YDOp"},"fileId":"21vr8GzypN4ZuNj0PNmpmj"},"_contentSize":{"__type__":"cc.Size","width":612,"height":98},"_position":{"__type__":"cc.Vec2","x":120,"y":22}},{"__type__":"cc.Node","_name":"killLabel","_parent":{"__id__":145},"_components":[{"__id__":147}],"_prefab":{"__type__":"cc.PrefabInfo","root":{"__id__":1},"asset":{"__uuid__":"a4o+So8R1EoKIZx/b0YDOp"},"fileId":"56wYhP/AVHpor/ERGkD/fz"},"_anchorPoint":{"__type__":"cc.Vec2","y":0.5},"_contentSize":{"__type__":"cc.Size","height":30},"_position":{"__type__":"cc.Vec2","x":115,"y":-16}},{"__type__":"cc.Label","node":{"__id__":146},"_useOriginalSize":false,"_actualFontSize":18,"_fontSize":18,"_lineHeight":30,"_N$string":"","_N$verticalAlign":1},{"__type__":"cc.Node","_name":"DeadLabel","_parent":{"__id__":145},"_components":[{"__id__":149}],"_prefab":{"__type__":"cc.PrefabInfo","root":{"__id__":1},"asset":{"__uuid__":"a4o+So8R1EoKIZx/b0YDOp"},"fileId":"53J6NA1NdKf6ff7mFakj0u"},"_anchorPoint":{"__type__":"cc.Vec2","y":0.5},"_contentSize":{"__type__":"cc.Size","height":40},"_position":{"__type__":"cc.Vec2","x":230,"y":-16}},{"__type__":"cc.Label","node":{"__id__":148},"_useOriginalSize":false,"_actualFontSize":18,"_fontSize":18,"_N$string":"","_N$verticalAlign":1},{"__type__":"cc.Node","_name":"Mask","_parent":{"__id__":144},"_children":[{"__id__":151}],"_components":[{"__type__":"cc.Mask","node":{"__id__":150},"_type":1,"_segements":20}],"_prefab":{"__type__":"cc.PrefabInfo","root":{"__id__":1},"asset":{"__uuid__":"a4o+So8R1EoKIZx/b0YDOp"},"fileId":"c2Ila6+A9K0L5MK+XUDpsB"},"_contentSize":{"__type__":"cc.Size","width":78,"height":78},"_position":{"__type__":"cc.Vec2","x":-102.1,"y":27.7}},{"__type__":"cc.Node","_name":"HeadIcon","_parent":{"__id__":150},"_components":[{"__id__":152}],"_prefab":{"__type__":"cc.PrefabInfo","root":{"__id__":1},"asset":{"__uuid__":"a4o+So8R1EoKIZx/b0YDOp"},"fileId":"81A+Yx2fBAX51o04jnT9E+"},"_contentSize":{"__type__":"cc.Size","width":80,"height":80}},{"__type__":"cc.Sprite","node":{"__id__":151},"_spriteFrame":{"__uuid__":"02/XNqkLpPj5QmykphvWr/"},"_sizeMode":0},{"__type__":"cc.Node","_name":"Label","_parent":{"__id__":144},"_children":[{"__id__":154},{"__id__":156},{"__id__":158}],"_components":[{"__type__":"cc.Layout","node":{"__id__":153},"_layoutSize":{"__type__":"cc.Size","width":310,"height":10},"_resize":1,"_N$layoutType":1,"_N$spacingX":5}],"_prefab":{"__type__":"cc.PrefabInfo","root":{"__id__":1},"asset":{"__uuid__":"a4o+So8R1EoKIZx/b0YDOp"},"fileId":"0cBETdzYxJebla36lPjx65"},"_color":{"__type__":"cc.Color","r":167,"g":167,"b":167},"_anchorPoint":{"__type__":"cc.Vec2","y":0.5},"_contentSize":{"__type__":"cc.Size","width":310,"height":10},"_position":{"__type__":"cc.Vec2","x":-20}},{"__type__":"cc.Node","_name":"BlockMostLabel","_parent":{"__id__":153},"_components":[{"__id__":155}],"_prefab":{"__type__":"cc.PrefabInfo","root":{"__id__":1},"asset":{"__uuid__":"a4o+So8R1EoKIZx/b0YDOp"},"fileId":"c8Ll+gTlxDZKSZ1KnVT8tG"},"_contentSize":{"__type__":"cc.Size","width":100,"height":22},"_position":{"__type__":"cc.Vec2","x":50,"y":40}},{"__type__":"cc.Sprite","node":{"__id__":154},"_spriteFrame":{"__uuid__":"eemW2Hw0FL9br2eI76g9JC"}},{"__type__":"cc.Node","_name":"KillMostLabel","_parent":{"__id__":153},"_components":[{"__id__":157}],"_prefab":{"__type__":"cc.PrefabInfo","root":{"__id__":1},"asset":{"__uuid__":"a4o+So8R1EoKIZx/b0YDOp"},"fileId":"eduwA+QfVIx7cWnE45nULR"},"_contentSize":{"__type__":"cc.Size","width":100,"height":22},"_position":{"__type__":"cc.Vec2","x":155,"y":40}},{"__type__":"cc.Sprite","node":{"__id__":156},"_spriteFrame":{"__uuid__":"608+BS4ydB0omjRGIbnJtj"}},{"__type__":"cc.Node","_name":"HealthMostLabel","_parent":{"__id__":153},"_components":[{"__id__":159}],"_prefab":{"__type__":"cc.PrefabInfo","root":{"__id__":1},"asset":{"__uuid__":"a4o+So8R1EoKIZx/b0YDOp"},"fileId":"ae5FtOIyxK1IPVMdENV1/n"},"_contentSize":{"__type__":"cc.Size","width":100,"height":22},"_position":{"__type__":"cc.Vec2","x":260,"y":40}},{"__type__":"cc.Sprite","node":{"__id__":158},"_spriteFrame":{"__uuid__":"04acFMh/xBKazPA+TUCf/9"}},{"__type__":"cc.Node","_name":"playerName","_parent":{"__id__":144},"_components":[{"__id__":161}],"_prefab":{"__type__":"cc.PrefabInfo","root":{"__id__":1},"asset":{"__uuid__":"a4o+So8R1EoKIZx/b0YDOp"},"fileId":"b3pQUbx7xK7YVzafAN1YHY"},"_contentSize":{"__type__":"cc.Size","width":200,"height":30},"_position":{"__type__":"cc.Vec2","x":43,"y":4}},{"__type__":"cc.Label","node":{"__id__":160},"_useOriginalSize":false,"_actualFontSize":18,"_fontSize":18,"_lineHeight":30,"_N$string":"","_N$horizontalAlign":1,"_N$verticalAlign":1,"_N$overflow":2},{"__type__":"cc.Node","_name":"redmvp","_parent":{"__id__":144},"_components":[{"__type__":"cc.Sprite","node":{"__id__":162},"_spriteFrame":{"__uuid__":"e5zM9DeoRP/YvFhzu5e/Iv"}}],"_prefab":{"__type__":"cc.PrefabInfo","root":{"__id__":1},"asset":{"__uuid__":"a4o+So8R1EoKIZx/b0YDOp"},"fileId":"71si65E+JHSJ0n+0Ra1uE8"},"_contentSize":{"__type__":"cc.Size","width":72,"height":32},"_position":{"__type__":"cc.Vec2","x":-104}},{"__type__":"cc.Node","_name":"BtnList","_parent":{"__id__":1},"_children":[{"__id__":164},{"__id__":167},{"__id__":170}],"_components":[{"__type__":"cc.Layout","node":{"__id__":163},"_layoutSize":{"__type__":"cc.Size","width":575,"height":80},"_resize":1,"_N$layoutType":1,"_N$spacingX":25},{"__id__":173}],"_prefab":{"__type__":"cc.PrefabInfo","root":{"__id__":1},"asset":{"__uuid__":"a4o+So8R1EoKIZx/b0YDOp"},"fileId":"ac3Q9y26dIBqTXqSYcN+0G"},"_color":{"__type__":"cc.Color","r":167,"g":167,"b":167},"_contentSize":{"__type__":"cc.Size","width":575,"height":80},"_position":{"__type__":"cc.Vec2","y":-285}},{"__type__":"cc.Node","_name":"BackBtn","_parent":{"__id__":163},"_children":[{"__id__":165}],"_components":[{"__type__":"cc.Sprite","node":{"__id__":164},"_spriteFrame":{"__uuid__":"7bVXuX55VM36mljrwl8dF/"},"_type":1,"_sizeMode":0},{"__id__":166},{"__type__":"583e37tDMZOyrHYOPD8BB3O","node":{"__id__":164},"pressedScale":1.2,"transDuration":0.2},{"__type__":"cc.Layout","node":{"__id__":164},"_layoutSize":{"__type__":"cc.Size","width":176,"height":80},"_resize":1,"_N$layoutType":1,"_N$paddingLeft":60,"_N$paddingRight":60,"_N$spacingX":30}],"_prefab":{"__type__":"cc.PrefabInfo","root":{"__id__":1},"asset":{"__uuid__":"a4o+So8R1EoKIZx/b0YDOp"},"fileId":"6doQS+IrNFhIUn1/dxvHVg"},"_contentSize":{"__type__":"cc.Size","width":176,"height":80},"_position":{"__type__":"cc.Vec2","x":-199.5}},{"__type__":"cc.Node","_name":"New Label","_parent":{"__id__":164},"_components":[{"__type__":"cc.Label","node":{"__id__":165},"_useOriginalSize":false,"_actualFontSize":28,"_fontSize":28,"_N$string":"返回","_N$horizontalAlign":1,"_N$verticalAlign":1}],"_prefab":{"__type__":"cc.PrefabInfo","root":{"__id__":1},"asset":{"__uuid__":"a4o+So8R1EoKIZx/b0YDOp"},"fileId":"78re9Glp1DeoR+dnJppRBh"},"_color":{"__type__":"cc.Color"},"_contentSize":{"__type__":"cc.Size","width":56,"height":40},"_position":{"__type__":"cc.Vec2","y":5}},{"__type__":"cc.Button","node":{"__id__":164},"clickEvents":[{"__type__":"cc.ClickEvent","target":{"__id__":1},"component":"SettlementUI","handler":"OnBack"}],"_N$target":{"__id__":164}},{"__type__":"cc.Node","_name":"ShareBtn","_parent":{"__id__":163},"_children":[{"__id__":168}],"_components":[{"__type__":"cc.Sprite","node":{"__id__":167},"_spriteFrame":{"__uuid__":"7bVXuX55VM36mljrwl8dF/"},"_type":1,"_sizeMode":0},{"__id__":169},{"__type__":"583e37tDMZOyrHYOPD8BB3O","node":{"__id__":167},"pressedScale":1.2,"transDuration":0.2},{"__type__":"cc.Layout","node":{"__id__":167},"_layoutSize":{"__type__":"cc.Size","width":177,"height":80},"_resize":1,"_N$layoutType":1,"_N$paddingLeft":35,"_N$paddingRight":30}],"_prefab":{"__type__":"cc.PrefabInfo","root":{"__id__":1},"asset":{"__uuid__":"a4o+So8R1EoKIZx/b0YDOp"},"fileId":"21d+jrEz9P/62k16eOkBUs"},"_contentSize":{"__type__":"cc.Size","width":177,"height":80},"_position":{"__type__":"cc.Vec2","x":2}},{"__type__":"cc.Node","_name":"New Label","_parent":{"__id__":167},"_components":[{"__type__":"cc.Label","node":{"__id__":168},"_useOriginalSize":false,"_actualFontSize":28,"_fontSize":28,"_N$string":"分享战绩","_N$horizontalAlign":1,"_N$verticalAlign":1}],"_prefab":{"__type__":"cc.PrefabInfo","root":{"__id__":1},"asset":{"__uuid__":"a4o+So8R1EoKIZx/b0YDOp"},"fileId":"b4R5s0sP5E3rZhmws7x4oa"},"_color":{"__type__":"cc.Color"},"_contentSize":{"__type__":"cc.Size","width":112,"height":40},"_position":{"__type__":"cc.Vec2","x":2.5,"y":5}},{"__type__":"cc.Button","node":{"__id__":167},"clickEvents":[{"__type__":"cc.ClickEvent","target":{"__id__":1},"component":"SettlementUI","handler":"OnShareBattleInfo"}],"_N$target":{"__id__":167}},{"__type__":"cc.Node","_name":"BattleAgainBtn","_parent":{"__id__":163},"_children":[{"__id__":171}],"_components":[{"__type__":"cc.Sprite","node":{"__id__":170},"_spriteFrame":{"__uuid__":"39KPZzUXNForAFpo8GD/Wn"},"_type":1,"_sizeMode":0},{"__id__":172},{"__type__":"583e37tDMZOyrHYOPD8BB3O","node":{"__id__":170},"pressedScale":1.2,"transDuration":0.2},{"__type__":"cc.Layout","node":{"__id__":170},"_layoutSize":{"__type__":"cc.Size","width":172,"height":80},"_resize":1,"_N$layoutType":1,"_N$paddingLeft":30,"_N$paddingRight":30,"_N$spacingX":30}],"_prefab":{"__type__":"cc.PrefabInfo","root":{"__id__":1},"asset":{"__uuid__":"a4o+So8R1EoKIZx/b0YDOp"},"fileId":"8e6CUuq59JS5wiuRkVAnVb"},"_contentSize":{"__type__":"cc.Size","width":172,"height":80},"_position":{"__type__":"cc.Vec2","x":201.5}},{"__type__":"cc.Node","_name":"New Label","_parent":{"__id__":170},"_components":[{"__type__":"cc.Label","node":{"__id__":171},"_useOriginalSize":false,"_actualFontSize":28,"_fontSize":28,"_N$string":"再来一局","_N$horizontalAlign":1,"_N$verticalAlign":1}],"_prefab":{"__type__":"cc.PrefabInfo","root":{"__id__":1},"asset":{"__uuid__":"a4o+So8R1EoKIZx/b0YDOp"},"fileId":"13cMRJDXhDbo/La4kBoR4M"},"_color":{"__type__":"cc.Color"},"_contentSize":{"__type__":"cc.Size","width":112,"height":40},"_position":{"__type__":"cc.Vec2","y":5}},{"__type__":"cc.Button","node":{"__id__":170},"clickEvents":[{"__type__":"cc.ClickEvent","target":{"__id__":1},"component":"SettlementUI","handler":"OnBattleAgain"}],"_N$target":{"__id__":170}},{"__type__":"cc.Widget","node":{"__id__":163},"_alignFlags":4,"_bottom":50},{"__type__":"cc.Node","_name":"Model","_parent":{"__id__":1},"_children":[{"__id__":175},{"__id__":176}],"_active":false,"_components":[{"__type__":"cc.Widget","node":{"__id__":174},"_alignFlags":1}],"_prefab":{"__type__":"cc.PrefabInfo","root":{"__id__":1},"asset":{"__uuid__":"a4o+So8R1EoKIZx/b0YDOp"},"fileId":"46rPrL3tFDGJQhXrA84vfi"},"_position":{"__type__":"cc.Vec2","y":375}},{"__type__":"cc.Node","_name":"New Sprite","_parent":{"__id__":174},"_components":[{"__type__":"cc.Sprite","node":{"__id__":175},"_spriteFrame":{"__uuid__":"6dhi1holVN0pSTQbtuBQXQ"},"_type":1,"_sizeMode":0}],"_prefab":{"__type__":"cc.PrefabInfo","root":{"__id__":1},"asset":{"__uuid__":"a4o+So8R1EoKIZx/b0YDOp"},"fileId":"b05xhZWkxABqbbaL7+qZ5V"},"_contentSize":{"__type__":"cc.Size","width":363.4,"height":45},"_position":{"__type__":"cc.Vec2","y":-21.9}},{"__type__":"cc.Node","_name":"modelText","_parent":{"__id__":174},"_components":[{"__id__":177}],"_prefab":{"__type__":"cc.PrefabInfo","root":{"__id__":1},"asset":{"__uuid__":"a4o+So8R1EoKIZx/b0YDOp"},"fileId":"fc06s/775GoL6OSzeqsBgI"},"_color":{"__type__":"cc.Color","r":113,"g":57,"b":24},"_contentSize":{"__type__":"cc.Size","width":236.92,"height":40},"_position":{"__type__":"cc.Vec2","y":-22.9}},{"__type__":"cc.Label","node":{"__id__":176},"_useOriginalSize":false,"_actualFontSize":26,"_fontSize":26,"_N$string":"3V3组队-中路大乱斗","_N$verticalAlign":1},{"__type__":"cc.Node","_name":"musicCP","_parent":{"__id__":1},"_components":[{"__type__":"cc.Sprite","node":{"__id__":178},"_spriteFrame":{"__uuid__":"80IZT7AMxA9oZwY1jrckVf"}},{"__type__":"cc.Widget","node":{"__id__":178},"_alignFlags":36,"_right":16,"_bottom":16}],"_prefab":{"__type__":"cc.PrefabInfo","root":{"__id__":1},"asset":{"__uuid__":"a4o+So8R1EoKIZx/b0YDOp"},"fileId":"afIWlu1gRAHqC3PlQhUfPk"},"_contentSize":{"__type__":"cc.Size","width":332,"height":12},"_position":{"__type__":"cc.Vec2","x":490,"y":-353}}],{"__type__":"cc.SpriteFrame","content":{"name":"_0008_bgmohu","texture":"5f2BaCmQ1CnYPuCD1/rLg9","rect":[3,77,668,376],"offset":[0,0],"originalSize":[668,376]}},{"__type__":"cc.SpriteFrame","content":{"name":"redditu","texture":"661XjWfv1BOayrl/asTWcd","rect":[3,3,612,98],"offset":[0,0],"originalSize":[612,98]}},{"__type__":"cc.SpriteFrame","content":{"name":"victory_07","texture":"5f2BaCmQ1CnYPuCD1/rLg9","rect":[205,895,132,100],"offset":[1,0],"originalSize":[178,100]}},{"__type__":"cc.SpriteFrame","content":{"name":"CG_light01","texture":"0c0Po/48ROEpzcz7uf6jDS","rect":[654,3,322,265],"offset":[0,0],"originalSize":[322,265]}},{"__type__":"cc.SpriteFrame","content":{"name":"victory_06s","texture":"fcJS4K3v9B9LpajzpsNm+D","rect":[671,456,238,181],"offset":[0,0],"originalSize":[238,181]}},{"__type__":"cc.SpriteFrame","content":{"name":"Self_48","texture":"661XjWfv1BOayrl/asTWcd","rect":[233,256,22,36],"offset":[0,-2],"originalSize":[22,40]}},{"__type__":"cc.SpriteFrame","content":{"name":"redmvp","texture":"661XjWfv1BOayrl/asTWcd","rect":[886,239,72,32],"offset":[0,0],"originalSize":[72,32]}},{"__type__":"cc.SpriteFrame","content":{"name":"pohuaizhiwang","texture":"661XjWfv1BOayrl/asTWcd","rect":[717,176,100,22],"offset":[0,0],"originalSize":[100,22]}},{"__type__":"cc.SpriteFrame","content":{"name":"iconthree","texture":"661XjWfv1BOayrl/asTWcd","rect":[813,239,72,56],"offset":[0,0],"originalSize":[72,56]}}]