[{"__type__":"cc.SpriteFrame","content":{"name":"kuangbao","texture":"20wkx7r05LO5L2PvQg5zW3","rect":[958,3,63,65],"offset":[0,0],"originalSize":[63,65]}},{"__type__":"cc.AnimationClip","_name":"kuangbao_xiaoshi","_duration":1,"wrapMode":2,"curveData":{"paths":{"star":{"comps":{"cc.Sprite":{}},"props":{"scaleX":[{"frame":0,"value":1},{"frame":0.5,"value":0.925},{"frame":1,"value":1}],"scaleY":[{"frame":0,"value":1},{"frame":0.5,"value":0.925},{"frame":1,"value":1}],"opacity":[{"frame":0,"value":50},{"frame":0.5,"value":150},{"frame":1,"value":50}]}},"quan":{"props":{"scaleX":[{"frame":0,"value":1},{"frame":0.5,"value":0.95},{"frame":1,"value":1}],"scaleY":[{"frame":0,"value":1},{"frame":0.5,"value":0.95},{"frame":1,"value":1}],"opacity":[{"frame":0,"value":50},{"frame":0.5,"value":150},{"frame":1,"value":50}]}}}}},[{"__type__":"cc.Prefab","_name":"kuangbao","data":{"__id__":1},"asyncLoadAssets":false},{"__type__":"cc.Node","_name":"kuangbao","_children":[{"__id__":2},{"__id__":5}],"_components":[{"__type__":"9bdf76vszFBEKWDAGyNctFy","node":{"__id__":1},"SpAtlas":{"__uuid__":"49hgYBWs5C0osUMDkiP1E1"},"Resid":1309,"EntityType":13,"DeadPrefab":{"__uuid__":"b93CiNZcJMRJDBtFIL71Nc"},"DeadPrefabName":"daojuxiaoshi_H","Body":{"__id__":2},"dieAnimationClip":"daojuxiaoshi","AvailableTime":15,"WarnAnimation":{"__id__":8},"WarnAnimationClip":"jiasu2_xiaoshi"},{"__type__":"cc.BoxCollider","node":{"__id__":1}}],"_prefab":{"__type__":"cc.PrefabInfo","root":{"__id__":1},"asset":{"__uuid__":"68Gfz2I/hFCpic42L//dip"},"fileId":"bbHTcLQEdEC4OPHp+OZKOd"},"_contentSize":{"__type__":"cc.Size","width":100,"height":100},"groupIndex":4},{"__type__":"cc.Node","_name":"kuangbao","_parent":{"__id__":1},"_children":[{"__id__":3},{"__id__":4}],"_components":[{"__type__":"cc.Animation","node":{"__id__":2},"_defaultClip":{"__uuid__":"79tHoJ2fZE/aEnydh9wpu5"},"_clips":[{"__uuid__":"79tHoJ2fZE/aEnydh9wpu5"}],"playOnLoad":true}],"_prefab":{"__type__":"cc.PrefabInfo","root":{"__id__":1},"asset":{"__uuid__":"68Gfz2I/hFCpic42L//dip"},"fileId":"8d38WSmC1Leo5vKpA4yyUg"}},{"__type__":"cc.Node","_name":"star","_parent":{"__id__":2},"_components":[{"__type__":"cc.Sprite","node":{"__id__":3},"_spriteFrame":{"__uuid__":"2cBS3zqPNBb6iSMoq1oQav"},"_isTrimmedMode":false,"_dstBlendFactor":0}],"_prefab":{"__type__":"cc.PrefabInfo","root":{"__id__":1},"asset":{"__uuid__":"68Gfz2I/hFCpic42L//dip"},"fileId":"8eYK56afFJbavLNut4YgZs"},"_contentSize":{"__type__":"cc.Size","width":63,"height":65}},{"__type__":"cc.Node","_name":"quan","_parent":{"__id__":2},"_components":[{"__type__":"cc.Sprite","node":{"__id__":4},"_spriteFrame":{"__uuid__":"df6IRlT/JKmb/epNTXOK4i"},"_sizeMode":0,"_dstBlendFactor":0}],"_prefab":{"__type__":"cc.PrefabInfo","root":{"__id__":1},"asset":{"__uuid__":"68Gfz2I/hFCpic42L//dip"},"fileId":"220iWhgmRCdKnn/5qXCrbX"},"_contentSize":{"__type__":"cc.Size","width":90,"height":90}},{"__type__":"cc.Node","_name":"kuangbao_xiaoshi","_parent":{"__id__":1},"_children":[{"__id__":6},{"__id__":7}],"_active":false,"_components":[{"__id__":8}],"_prefab":{"__type__":"cc.PrefabInfo","root":{"__id__":1},"asset":{"__uuid__":"68Gfz2I/hFCpic42L//dip"},"fileId":"afxhafyQ9AoJE9Bb7JP8ik"}},{"__type__":"cc.Node","_name":"star","_parent":{"__id__":5},"_components":[{"__type__":"cc.Sprite","node":{"__id__":6},"_spriteFrame":{"__uuid__":"2cBS3zqPNBb6iSMoq1oQav"},"_isTrimmedMode":false,"_dstBlendFactor":0}],"_prefab":{"__type__":"cc.PrefabInfo","root":{"__id__":1},"asset":{"__uuid__":"68Gfz2I/hFCpic42L//dip"},"fileId":"3aoaXi8w5CZKMk0lJHxwV7"},"_opacity":120.49599999991187,"_contentSize":{"__type__":"cc.Size","width":63,"height":65},"_scaleX":0.9471280000000661,"_scaleY":0.9471280000000661},{"__type__":"cc.Node","_name":"quan","_parent":{"__id__":5},"_components":[{"__type__":"cc.Sprite","node":{"__id__":7},"_spriteFrame":{"__uuid__":"df6IRlT/JKmb/epNTXOK4i"},"_sizeMode":0,"_dstBlendFactor":0}],"_prefab":{"__type__":"cc.PrefabInfo","root":{"__id__":1},"asset":{"__uuid__":"68Gfz2I/hFCpic42L//dip"},"fileId":"cfh/VZRqBG8pqSbBp9rEn3"},"_opacity":120.49599999991187,"_contentSize":{"__type__":"cc.Size","width":90,"height":90},"_scaleX":0.964752000000044,"_scaleY":0.964752000000044},{"__type__":"cc.Animation","node":{"__id__":5},"_defaultClip":{"__uuid__":"2dhuf21i1HHKicWp67Zuru"},"_clips":[{"__uuid__":"2dhuf21i1HHKicWp67Zuru"}]}],{"__type__":"cc.AnimationClip","_name":"kuangbao","_duration":0.8333333333333334,"wrapMode":2,"curveData":{"paths":{"star":{"comps":{"cc.Sprite":{}},"props":{"scaleX":[{"frame":0,"value":1},{"frame":0.4166666666666667,"value":0.925},{"frame":0.8333333333333334,"value":1}],"scaleY":[{"frame":0,"value":1},{"frame":0.4166666666666667,"value":0.925},{"frame":0.8333333333333334,"value":1}]}},"quan":{"props":{"scaleX":[{"frame":0,"value":1},{"frame":0.4166666666666667,"value":0.95},{"frame":0.8333333333333334,"value":1}],"scaleY":[{"frame":0,"value":1},{"frame":0.4166666666666667,"value":0.95},{"frame":0.8333333333333334,"value":1}]}}}}},{"__type__":"cc.SpriteFrame","content":{"name":"zhuanhuan_04","texture":"20wkx7r05LO5L2PvQg5zW3","rect":[429,1010,95,100],"offset":[0,0],"originalSize":[95,100]}}]