[{"__type__":"cc.SpriteFrame","content":{"name":"duizhanlogo","texture":"aeQf/v2d5GzL/fTdnhZUd6","rect":[554,941,242,210],"offset":[0,0],"originalSize":[242,210]}},{"__type__":"cc.SpriteFrame","content":{"name":"dibanbig","texture":"aeQf/v2d5GzL/fTdnhZUd6","rect":[598,3,422,314],"offset":[0,0],"originalSize":[422,314],"capInsets":[145,0,145,0]}},{"__type__":"cc.SpriteFrame","content":{"name":"_0003_diban","texture":"aeQf/v2d5GzL/fTdnhZUd6","rect":[780,1159,188,188],"offset":[0,0],"originalSize":[188,188],"capInsets":[50,40,50,40]}},{"__type__":"cc.SpriteFrame","content":{"name":"_0004_bgg","texture":"aeQf/v2d5GzL/fTdnhZUd6","rect":[3,3,594,750],"offset":[0,0],"originalSize":[594,750]}},{"__type__":"cc.SpriteFrame","content":{"name":"guang","texture":"aeQf/v2d5GzL/fTdnhZUd6","rect":[598,318,352,476],"offset":[0,0],"originalSize":[352,476]}},{"__type__":"cc.SpriteFrame","content":{"name":"_0001_jindutiao","texture":"aeQf/v2d5GzL/fTdnhZUd6","rect":[729,1314,32,22],"offset":[0,0],"originalSize":[32,22]}},{"__type__":"cc.SpriteFrame","content":{"name":"SettingTipBG","texture":"aeQf/v2d5GzL/fTdnhZUd6","rect":[405,1065,136,296],"offset":[0,0],"originalSize":[136,296],"capInsets":[57,109,58,161]}},{"__type__":"cc.SpriteFrame","content":{"name":"loading_redtouxiang","texture":"aeQf/v2d5GzL/fTdnhZUd6","rect":[951,485,59,118],"offset":[0,0],"originalSize":[59,118]}},{"__type__":"cc.SpriteFrame","content":{"name":"redditu","texture":"aeQf/v2d5GzL/fTdnhZUd6","rect":[582,795,338,42],"offset":[0,0],"originalSize":[338,42]}},{"__type__":"cc.SpriteFrame","content":{"name":"_0006_bluemingziditu","texture":"aeQf/v2d5GzL/fTdnhZUd6","rect":[3,901,451,57],"offset":[0,0],"originalSize":[451,57]}},{"__type__":"cc.SpriteFrame","content":{"name":"bluetouxiang","texture":"aeQf/v2d5GzL/fTdnhZUd6","rect":[164,1126,84,84],"offset":[0,0],"originalSize":[84,84]}},{"__type__":"cc.SpriteFrame","content":{"name":"_0011_back","texture":"aeQf/v2d5GzL/fTdnhZUd6","rect":[921,824,100,58],"offset":[0,0],"originalSize":[100,58]}},{"__type__":"cc.SpriteFrame","content":{"name":"_0008_bluediban","texture":"aeQf/v2d5GzL/fTdnhZUd6","rect":[797,1050,196,108],"offset":[0,0],"originalSize":[196,108],"capInsets":[85,0,85,0]}},{"__type__":"cc.SpriteFrame","content":{"name":"_0005_difangmeiren","texture":"aeQf/v2d5GzL/fTdnhZUd6","rect":[542,1282,186,48],"offset":[0,0],"originalSize":[186,48],"capInsets":[45,0,45,0]}},{"__type__":"cc.SpriteFrame","content":{"name":"dengluwodezhanjitubiao","texture":"aeQf/v2d5GzL/fTdnhZUd6","rect":[739,1193,40,40],"offset":[0,0],"originalSize":[40,40]}},{"__type__":"cc.SpriteFrame","content":{"name":"_0002_titletwo","texture":"aeQf/v2d5GzL/fTdnhZUd6","rect":[3,754,578,58],"offset":[0,0],"originalSize":[578,58]}},{"__type__":"cc.SpriteFrame","content":{"name":"difangmeiren","texture":"aeQf/v2d5GzL/fTdnhZUd6","rect":[435,979,96,42],"offset":[0,0],"originalSize":[96,42]}},{"__type__":"cc.SpriteFrame","content":{"name":"CheckBoxBtn","texture":"aeQf/v2d5GzL/fTdnhZUd6","rect":[969,1159,31,31],"offset":[0,0],"originalSize":[31,31]}},{"__type__":"cc.SpriteFrame","content":{"name":"loading_bluetouxiang","texture":"aeQf/v2d5GzL/fTdnhZUd6","rect":[951,604,59,118],"offset":[0,0],"originalSize":[59,118]}},{"__type__":"cc.SpriteFrame","content":{"name":"CheckBoxBG","texture":"aeQf/v2d5GzL/fTdnhZUd6","rect":[729,1234,39,39],"offset":[0,0],"originalSize":[39,39]}},{"__type__":"cc.SpriteFrame","content":{"name":"wofangmeiren","texture":"aeQf/v2d5GzL/fTdnhZUd6","rect":[273,1084,42,42],"offset":[0,0],"originalSize":[42,42]}},{"__type__":"cc.SpriteFrame","content":{"name":"yizhunbei","texture":"aeQf/v2d5GzL/fTdnhZUd6","rect":[739,1152,40,40],"offset":[0,0],"originalSize":[40,40]}},{"__type__":"cc.SpriteFrame","content":{"name":"fangzhutubiao","texture":"aeQf/v2d5GzL/fTdnhZUd6","rect":[951,379,68,56],"offset":[0,0],"originalSize":[68,56]}},{"__type__":"cc.SpriteFrame","content":{"name":"_0003_battle","texture":"aeQf/v2d5GzL/fTdnhZUd6","rect":[3,989,269,136],"offset":[0,0],"originalSize":[269,136]}},{"__type__":"cc.SpriteFrame","content":{"name":"LTipBG","texture":"aeQf/v2d5GzL/fTdnhZUd6","rect":[3,1169,84,48],"offset":[0,0],"originalSize":[84,48],"capInsets":[30,0,30,0]}},{"__type__":"cc.SpriteFrame","content":{"name":"TishiBG","texture":"aeQf/v2d5GzL/fTdnhZUd6","rect":[951,779,54,44],"offset":[0,0],"originalSize":[54,44],"capInsets":[25,0,25,0]}},{"__type__":"cc.SpriteFrame","content":{"name":"_0007_bluemingziditu","texture":"aeQf/v2d5GzL/fTdnhZUd6","rect":[559,883,451,57],"offset":[0,0],"originalSize":[451,57]}},{"__type__":"cc.SpriteFrame","content":{"name":"_0001_wofangwenhao","texture":"aeQf/v2d5GzL/fTdnhZUd6","rect":[1007,748,12,24],"offset":[0,0],"originalSize":[12,24]}},{"__type__":"cc.SpriteFrame","content":{"name":"_0000_jindutiaojianbian","texture":"aeQf/v2d5GzL/fTdnhZUd6","rect":[921,795,28,18],"offset":[0,0],"originalSize":[28,18],"capInsets":[10,0,10,0]}},{"__type__":"cc.SpriteFrame","content":{"name":"nomalOwner","texture":"aeQf/v2d5GzL/fTdnhZUd6","rect":[316,1027,88,60],"offset":[0,0],"originalSize":[88,60]}},{"__type__":"cc.SpriteFrame","content":{"name":"Gou","texture":"aeQf/v2d5GzL/fTdnhZUd6","rect":[273,989,47,35],"offset":[0,0],"originalSize":[47,35]}},{"__type__":"cc.SpriteFrame","content":{"name":"_0012_backdiban","texture":"aeQf/v2d5GzL/fTdnhZUd6","rect":[951,318,68,60],"offset":[0,0],"originalSize":[68,60],"capInsets":[18,0,18,0]}},{"__type__":"cc.SpriteFrame","content":{"name":"CheckBG","texture":"aeQf/v2d5GzL/fTdnhZUd6","rect":[729,1274,39,39],"offset":[0,0],"originalSize":[39,39]}},{"__type__":"cc.SpriteFrame","content":{"name":"redtouxiang","texture":"aeQf/v2d5GzL/fTdnhZUd6","rect":[316,1088,84,84],"offset":[0,0],"originalSize":[84,84]}},{"__type__":"cc.SpriteFrame","content":{"name":"_0009_reddiban","texture":"aeQf/v2d5GzL/fTdnhZUd6","rect":[797,941,196,108],"offset":[0,0],"originalSize":[196,108],"capInsets":[85,0,85,0]}},{"__type__":"cc.SpriteFrame","content":{"name":"_0002_clock","texture":"aeQf/v2d5GzL/fTdnhZUd6","rect":[559,813,16,20],"offset":[0,0],"originalSize":[16,20]}},{"__type__":"cc.SpriteAtlas","_name":"PVPMakeTeam.plist","_spriteFrames":{"CheckBG":{"__uuid__":"96G0A5t5VMZoSBLNKFzwOn"},"CheckBoxBBG":{"__uuid__":"b1T49qeRxFLY+g6uGTezof"},"CheckBoxBBG2":{"__uuid__":"aa5MLvibJLP4+bZYAbpBkN"},"CheckBoxBG":{"__uuid__":"54qVaAkgFG4b3yI95vDtOR"},"CheckBoxBtn":{"__uuid__":"3bbng9b4NBnp5q3nc9Dgb0"},"Gou":{"__uuid__":"91NlOYYFdPi5FISzOzB+eF"},"LTipBG":{"__uuid__":"81KyoRI8BHgpxHHhDDChIq"},"LTipIconBG":{"__uuid__":"b9ci8sG/hPKpmqgJ01R/s0"},"SettingBtn":{"__uuid__":"c6oX1uDSdDOq5mC86WiggH"},"SettingTipBG":{"__uuid__":"18VGUH1BBHcJ4sHTS1VPmH"},"TishiBG":{"__uuid__":"84e1MGFD5PP59+lzWEp3DC"},"_0000_huanweishengqingdikuang":{"__uuid__":"d2seDNVAdJa6Qv+3kBhcK4"},"_0000_jindutiaojianbian":{"__uuid__":"88t32WnrZHSJpIw+vuaHnm"},"_0001_jindutiao":{"__uuid__":"136jSdCVNJa5fmCVo3gyBT"},"_0001_title":{"__uuid__":"c6N8GMjTJHU5feYrw+82Gx"},"_0001_wofangwenhao":{"__uuid__":"88rkxN/l5ORIaEaav/1KMq"},"_0002_clock":{"__uuid__":"a0MHuxYa9DD7lSogACl4bA"},"_0002_titletwo":{"__uuid__":"30/J0ASWZE07VgyW9GICpv"},"_0002_wofangmeiren":{"__uuid__":"ccF1j8EgJFmY2miUP5HWZa"},"_0003_battle":{"__uuid__":"7aExUQ4qpFzLrL5/Ys3sNx"},"_0003_diban":{"__uuid__":"05f4uDmUFIEYBRjc0VzC2a"},"_0003_wofangx":{"__uuid__":"d79+9bqLxIh5wAHwql04KX"},"_0004_bgg":{"__uuid__":"0bPfxSCL1BQqQkAFDHhO63"},"_0004_ditubujunfeng":{"__uuid__":"d1y9Q9icZKX4f/aN5xJYoh"},"_0004_wenhaored":{"__uuid__":"f55lkaAcpA7pmZwCfmPB/O"},"_0005_difangmeiren":{"__uuid__":"28wR/V+5hMBbfkXkNf4KLs"},"_0006_bluemingziditu":{"__uuid__":"1dX+3Y1gdPvZvalHdRXcQ6"},"_0006_difangchange":{"__uuid__":"b8NwobLy5C3odWoH64USxI"},"_0007_bluemingziditu":{"__uuid__":"85nN1eyWhEcpPu9Ce4peWo"},"_0008_bluediban":{"__uuid__":"26VkCYpQNGAIlEwatVKzDi"},"_0008_difangdiban":{"__uuid__":"c2U4AJ3EJPqp5udl9onErd"},"_0009_reddiban":{"__uuid__":"9f7sMSj9pHnqOEaKcIQMQl"},"_0010_buttonwhite":{"__uuid__":"bcRpaiONtDyal+caNHXt3v"},"_0011_back":{"__uuid__":"220iHabAVM0o5fC/dX8u1H"},"_0012_backdiban":{"__uuid__":"92f+koO9NHM4arMFraZhao"},"blueditu":{"__uuid__":"ebf9kDuUpB4KaebbiaJB2w"},"bluehuawen":{"__uuid__":"c3Tx4/+mtF845ENzaqVWxf"},"bluetouxiang":{"__uuid__":"21Z/RC8E5OKZuXXtameJGI"},"dengluwodezhanjitubiao":{"__uuid__":"2aVtaHIo1FnanjhH1lQvB/"},"diban":{"__uuid__":"cenYHN+VVPwZMCg+Srf1Rt"},"dibanbai":{"__uuid__":"fcc5ypezxMArP8ufdN6DIG"},"dibanbig":{"__uuid__":"02hdja29lGq59gQMO1NzxG"},"difangmeiren":{"__uuid__":"38Zo9zGcVPz486LkLziI6U"},"duizhanlogo":{"__uuid__":"01W7dkDlhHBYSGiLxXX39W"},"fangzhutubiao":{"__uuid__":"68pK7v7xVHuLdPlTx/xjNL"},"guang":{"__uuid__":"13n26fAJ9JWYw6RV4d1awL"},"huanweidiban":{"__uuid__":"e4jzasMFFNxLFc6Z6hvIxu"},"loading_bluetouxiang":{"__uuid__":"42Wdlzk9hITKXS1b/YgAPt"},"loading_redtouxiang":{"__uuid__":"1a9elWgNZKQYJYWF+EXohX"},"logoButton":{"__uuid__":"d7M1qBnvNLmZpN8/pnx9LI"},"nomalOwner":{"__uuid__":"90bepfip1FCocKOxx4ED1H"},"redditu":{"__uuid__":"1cFK5jgLJHx5qzP30sBE1k"},"redhuawen":{"__uuid__":"f99VsYb55KbbsHDM2B6YEf"},"redtouxiang":{"__uuid__":"9fkqT5+NNIHIGTqVsmZ5wQ"},"wofangmeiren":{"__uuid__":"59WxcCsO9C1a1MzAwZshna"},"yizhunbei":{"__uuid__":"602ymcJXdDsp72fxfWXAKH"}}},{"__type__":"cc.SpriteFrame","content":{"name":"CheckBoxBBG2","texture":"aeQf/v2d5GzL/fTdnhZUd6","rect":[455,911,98,67],"offset":[0,0],"originalSize":[98,67],"capInsets":[37,0,38,0]}},{"__type__":"cc.SpriteFrame","content":{"name":"CheckBoxBBG","texture":"aeQf/v2d5GzL/fTdnhZUd6","rect":[336,959,98,67],"offset":[0,0],"originalSize":[98,67],"capInsets":[35,0,37,0]}},{"__type__":"cc.SpriteFrame","content":{"name":"_0006_difangchange","texture":"aeQf/v2d5GzL/fTdnhZUd6","rect":[510,813,48,48],"offset":[0,0],"originalSize":[48,48]}},{"__type__":"cc.SpriteFrame","content":{"name":"LTipIconBG","texture":"aeQf/v2d5GzL/fTdnhZUd6","rect":[951,723,55,55],"offset":[0,0],"originalSize":[55,55]}},{"__type__":"cc.SpriteFrame","content":{"name":"_0010_buttonwhite","texture":"aeQf/v2d5GzL/fTdnhZUd6","rect":[273,1025,42,58],"offset":[0,0],"originalSize":[42,58],"capInsets":[18,0,18,0]}},{"__type__":"cc.SpriteFrame","content":{"name":"_0008_difangdiban","texture":"aeQf/v2d5GzL/fTdnhZUd6","rect":[435,1022,96,42],"offset":[0,0],"originalSize":[96,42],"capInsets":[39,0,38,0]}},{"__type__":"cc.SpriteFrame","content":{"name":"bluehuawen","texture":"aeQf/v2d5GzL/fTdnhZUd6","rect":[3,974,332,14],"offset":[0,0],"originalSize":[332,14]}},{"__type__":"cc.SpriteFrame","content":{"name":"_0001_title","texture":"aeQf/v2d5GzL/fTdnhZUd6","rect":[3,813,506,58],"offset":[0,0],"originalSize":[506,58]}},{"__type__":"cc.SpriteFrame","content":{"name":"SettingBtn","texture":"aeQf/v2d5GzL/fTdnhZUd6","rect":[249,1173,124,54],"offset":[0,0],"originalSize":[124,54]}},{"__type__":"cc.SpriteFrame","content":{"name":"_0002_wofangmeiren","texture":"aeQf/v2d5GzL/fTdnhZUd6","rect":[273,1084,42,42],"offset":[0,0],"originalSize":[42,42]}},{"__type__":"cc.SpriteFrame","content":{"name":"diban","texture":"aeQf/v2d5GzL/fTdnhZUd6","rect":[542,1331,176,190],"offset":[0,0],"originalSize":[176,190],"capInsets":[54,0,100,0]}},{"__type__":"cc.SpriteFrame","content":{"name":"_0004_ditubujunfeng","texture":"aeQf/v2d5GzL/fTdnhZUd6","rect":[3,872,476,28],"offset":[0,0],"originalSize":[476,28]}},{"__type__":"cc.SpriteFrame","content":{"name":"_0000_huanweishengqingdikuang","texture":"aeQf/v2d5GzL/fTdnhZUd6","rect":[3,1126,160,42],"offset":[0,0],"originalSize":[160,42],"capInsets":[100,0,30,0]}},{"__type__":"cc.SpriteFrame","content":{"name":"logoButton","texture":"aeQf/v2d5GzL/fTdnhZUd6","rect":[542,1233,186,48],"offset":[0,0],"originalSize":[186,48]}},{"__type__":"cc.SpriteFrame","content":{"name":"_0003_wofangx","texture":"aeQf/v2d5GzL/fTdnhZUd6","rect":[510,862,48,48],"offset":[0,0],"originalSize":[48,48]}},{"__type__":"cc.SpriteFrame","content":{"name":"huanweidiban","texture":"aeQf/v2d5GzL/fTdnhZUd6","rect":[951,436,66,48],"offset":[0,0],"originalSize":[66,48],"capInsets":[30,0,30,0]}},{"__type__":"cc.SpriteFrame","content":{"name":"blueditu","texture":"aeQf/v2d5GzL/fTdnhZUd6","rect":[559,838,338,42],"offset":[0,0],"originalSize":[338,42]}},{"__type__":"cc.SpriteFrame","content":{"name":"_0004_wenhaored","texture":"aeQf/v2d5GzL/fTdnhZUd6","rect":[1007,723,12,24],"offset":[0,0],"originalSize":[12,24]}},{"__type__":"cc.SpriteFrame","content":{"name":"redhuawen","texture":"aeQf/v2d5GzL/fTdnhZUd6","rect":[3,959,332,14],"offset":[0,0],"originalSize":[332,14]}},{"__type__":"cc.SpriteFrame","content":{"name":"dibanbai","texture":"aeQf/v2d5GzL/fTdnhZUd6","rect":[542,1152,196,80],"offset":[0,0],"originalSize":[196,80],"capInsets":[55,0,55,0]}}]