[{"__type__":"cc.SpriteFrame","content":{"name":"yinshen","texture":"20wkx7r05LO5L2PvQg5zW3","rect":[428,1111,73,82],"offset":[0,0],"originalSize":[81,88]}},{"__type__":"cc.SpriteFrame","content":{"name":"yinshen_02","texture":"20wkx7r05LO5L2PvQg5zW3","rect":[951,562,69,77],"offset":[0,0],"originalSize":[69,77]}},[{"__type__":"cc.Prefab","_name":"Player_yinshen_M","data":{"__id__":1},"asyncLoadAssets":false},{"__type__":"cc.Node","_name":"Player_yinshen_M","_children":[{"__id__":2},{"__id__":3}],"_components":[{"__id__":4},{"__type__":"5f78867I45Ho4XUIjr0GHcB","node":{"__id__":1},"animationCtrl":{"__id__":4},"rotationFlow":true}],"_prefab":{"__type__":"cc.PrefabInfo","root":{"__id__":1},"asset":{"__uuid__":"feJ0ahFo5Be5dsP1ehzJ2w"},"fileId":"d9JdCtpDFCg7g+fMBXXxJe"}},{"__type__":"cc.Node","_name":"New Sprite","_parent":{"__id__":1},"_components":[{"__type__":"cc.Sprite","node":{"__id__":2},"_spriteFrame":{"__uuid__":"691Erz3zdG+44bQMT/uDxW"}}],"_prefab":{"__type__":"cc.PrefabInfo","root":{"__id__":1},"asset":{"__uuid__":"feJ0ahFo5Be5dsP1ehzJ2w"},"fileId":"16tH/PutBCipXSoO3XkRO7"},"_opacity":50.986700000022154,"_contentSize":{"__type__":"cc.Size","width":73,"height":82},"_position":{"__type__":"cc.Vec2","x":6,"y":4}},{"__type__":"cc.Node","_name":"1","_parent":{"__id__":1},"_components":[{"__type__":"cc.Sprite","node":{"__id__":3},"_spriteFrame":{"__uuid__":"f3DerGvIpLMbKx2fOG38Pf"}}],"_prefab":{"__type__":"cc.PrefabInfo","root":{"__id__":1},"asset":{"__uuid__":"feJ0ahFo5Be5dsP1ehzJ2w"},"fileId":"662/XVqO1ARratOz9bUGCk"},"_opacity":82,"_contentSize":{"__type__":"cc.Size","width":69,"height":77},"_position":{"__type__":"cc.Vec2","x":6,"y":4}},{"__type__":"cc.Animation","node":{"__id__":1},"_defaultClip":{"__uuid__":"bc118a+h5P6o16uA6rwctz"},"_clips":[{"__uuid__":"bc118a+h5P6o16uA6rwctz"}]}]]