[{"__type__":"cc.SpriteFrame","content":{"name":"HeadIcon","texture":"3d90aQxTdNdJ0FKeaqGNuT","rect":[0,0,64,64],"offset":[0,0],"originalSize":[64,64]}},{"__type__":"cc.SpriteFrame","content":{"name":"_0004_bgg","texture":"aeQf/v2d5GzL/fTdnhZUd6","rect":[3,3,594,750],"offset":[0,0],"originalSize":[594,750]}},{"__type__":"cc.SpriteFrame","content":{"name":"loading_redtouxiang","texture":"aeQf/v2d5GzL/fTdnhZUd6","rect":[951,485,59,118],"offset":[0,0],"originalSize":[59,118]}},{"__type__":"cc.SpriteFrame","content":{"name":"_0006_bluemingziditu","texture":"aeQf/v2d5GzL/fTdnhZUd6","rect":[3,901,451,57],"offset":[0,0],"originalSize":[451,57]}},{"__type__":"cc.SpriteFrame","content":{"name":"_0008_bluediban","texture":"aeQf/v2d5GzL/fTdnhZUd6","rect":[797,1050,196,108],"offset":[0,0],"originalSize":[196,108],"capInsets":[85,0,85,0]}},[{"__type__":"cc.Prefab","_name":"BattleLoadingUI","data":{"__id__":1},"asyncLoadAssets":false},{"__type__":"cc.Node","_name":"BattleLoadingUI","_children":[{"__id__":2},{"__id__":3},{"__id__":4},{"__id__":5},{"__id__":9},{"__id__":41},{"__id__":73}],"_components":[{"__type__":"40827/H6ElKApgNi2KPIGar","node":{"__id__":1},"LoadProgress":{"__id__":8},"PlayerNode":[{"__id__":11},{"__id__":21},{"__id__":31},{"__id__":43},{"__id__":53},{"__id__":63}],"PlayerIcon":[{"__id__":18},{"__id__":28},{"__id__":38},{"__id__":50},{"__id__":60},{"__id__":70}],"PlayerName":[{"__id__":20},{"__id__":30},{"__id__":40},{"__id__":52},{"__id__":62},{"__id__":72}],"TipsIcon":{"__id__":75},"TipsContent":{"__id__":77},"SpAtlas":{"__uuid__":"49hgYBWs5C0osUMDkiP1E1"}},{"__type__":"cc.Widget","node":{"__id__":1},"_alignFlags":45}],"_prefab":{"__type__":"cc.PrefabInfo","root":{"__id__":1},"asset":{"__uuid__":"28DGa5HkJBWorZw7lRvDGv"},"fileId":"25h3PqBZ1Fw4IUm1GtAyJm"},"_contentSize":{"__type__":"cc.Size","width":1344,"height":750},"_position":{"__type__":"cc.Vec2","x":672,"y":375}},{"__type__":"cc.Node","_name":"Bg","_parent":{"__id__":1},"_components":[{"__type__":"cc.Sprite","node":{"__id__":2},"_spriteFrame":{"__uuid__":"c2fl4ORMBFf4pRwvTlN24/"},"_sizeMode":0},{"__type__":"cc.Widget","node":{"__id__":2},"_alignFlags":45,"_left":-5,"_right":-5,"_top":-5,"_bottom":-5,"_originalWidth":16,"_originalHeight":16}],"_prefab":{"__type__":"cc.PrefabInfo","root":{"__id__":1},"asset":{"__uuid__":"28DGa5HkJBWorZw7lRvDGv"},"fileId":"e71mSayB5CL5Rp+WIOioF5"},"_contentSize":{"__type__":"cc.Size","width":1354,"height":760}},{"__type__":"cc.Node","_name":"VS","_parent":{"__id__":1},"_components":[{"__type__":"cc.Sprite","node":{"__id__":3},"_spriteFrame":{"__uuid__":"0bPfxSCL1BQqQkAFDHhO63"},"_sizeMode":2}],"_prefab":{"__type__":"cc.PrefabInfo","root":{"__id__":1},"asset":{"__uuid__":"28DGa5HkJBWorZw7lRvDGv"},"fileId":"bbLfKYT5dKyYOoWxmwzot3"},"_contentSize":{"__type__":"cc.Size","width":594,"height":750},"_position":{"__type__":"cc.Vec2","x":-5,"y":1}},{"__type__":"cc.Node","_name":"_0003_battle","_parent":{"__id__":1},"_components":[{"__type__":"cc.Sprite","node":{"__id__":4},"_spriteFrame":{"__uuid__":"7aExUQ4qpFzLrL5/Ys3sNx"}}],"_prefab":{"__type__":"cc.PrefabInfo","root":{"__id__":1},"asset":{"__uuid__":"28DGa5HkJBWorZw7lRvDGv"},"fileId":"16YnNF005Ph5DCylmlybYt"},"_contentSize":{"__type__":"cc.Size","width":269,"height":136},"_position":{"__type__":"cc.Vec2","x":-0.9,"y":21.4}},{"__type__":"cc.Node","_name":"LoadingProgress","_parent":{"__id__":1},"_children":[{"__id__":6}],"_components":[{"__type__":"cc.Sprite","node":{"__id__":5},"_spriteFrame":{"__uuid__":"f65lsfwaZGLJPbJIBKtVqx"},"_type":1,"_sizeMode":0},{"__id__":8},{"__type__":"cc.Widget","node":{"__id__":5},"_alignFlags":4,"_bottom":40}],"_prefab":{"__type__":"cc.PrefabInfo","root":{"__id__":1},"asset":{"__uuid__":"28DGa5HkJBWorZw7lRvDGv"},"fileId":"d0PaZ4amJGBIjyeOWN+IeP"},"_contentSize":{"__type__":"cc.Size","width":760,"height":20},"_position":{"__type__":"cc.Vec2","x":-20,"y":-325}},{"__type__":"cc.Node","_name":"bar","_parent":{"__id__":5},"_components":[{"__id__":7}],"_prefab":{"__type__":"cc.PrefabInfo","root":{"__id__":1},"asset":{"__uuid__":"28DGa5HkJBWorZw7lRvDGv"},"fileId":"19pIfwXXBIyJacGSBd7XXZ"},"_anchorPoint":{"__type__":"cc.Vec2","y":0.5},"_contentSize":{"__type__":"cc.Size","width":760,"height":20},"_position":{"__type__":"cc.Vec2","x":-380}},{"__type__":"cc.Sprite","node":{"__id__":6},"_spriteFrame":{"__uuid__":"88t32WnrZHSJpIw+vuaHnm"},"_type":1,"_sizeMode":0},{"__type__":"cc.ProgressBar","node":{"__id__":5},"_N$totalLength":760,"_N$barSprite":{"__id__":7}},{"__type__":"cc.Node","_name":"Left","_parent":{"__id__":1},"_children":[{"__id__":10}],"_prefab":{"__type__":"cc.PrefabInfo","root":{"__id__":1},"asset":{"__uuid__":"28DGa5HkJBWorZw7lRvDGv"},"fileId":"9dOX4V9oBBn4ImreEsEKgP"}},{"__type__":"cc.Node","_name":"Players","_parent":{"__id__":9},"_children":[{"__id__":11},{"__id__":21},{"__id__":31}],"_components":[{"__type__":"cc.Layout","node":{"__id__":10},"_enabled":false,"_layoutSize":{"__type__":"cc.Size","width":300,"height":376},"_resize":1,"_N$layoutType":2,"_N$spacingX":95,"_N$spacingY":26,"_N$horizontalDirection":1}],"_prefab":{"__type__":"cc.PrefabInfo","root":{"__id__":1},"asset":{"__uuid__":"28DGa5HkJBWorZw7lRvDGv"},"fileId":"7cETiymz9C1Kc97pEmisKp"},"_anchorPoint":{"__type__":"cc.Vec2","x":1,"y":0.5},"_contentSize":{"__type__":"cc.Size","width":300,"height":376},"_position":{"__type__":"cc.Vec2","x":-283}},{"__type__":"cc.Node","_name":"Player1","_parent":{"__id__":10},"_children":[{"__id__":12},{"__id__":13},{"__id__":14},{"__id__":15},{"__id__":16},{"__id__":19}],"_prefab":{"__type__":"cc.PrefabInfo","root":{"__id__":1},"asset":{"__uuid__":"28DGa5HkJBWorZw7lRvDGv"},"fileId":"d9FUo+oMVC0400RA88HVU8"},"_contentSize":{"__type__":"cc.Size","width":196,"height":108},"_position":{"__type__":"cc.Vec2","x":-4,"y":227}},{"__type__":"cc.Node","_name":"Bgk","_parent":{"__id__":11},"_components":[{"__type__":"cc.Sprite","node":{"__id__":12},"_spriteFrame":{"__uuid__":"26VkCYpQNGAIlEwatVKzDi"},"_type":1,"_sizeMode":0}],"_prefab":{"__type__":"cc.PrefabInfo","root":{"__id__":1},"asset":{"__uuid__":"28DGa5HkJBWorZw7lRvDGv"},"fileId":"e3kfayHLRANYUj/uXv2oZj"},"_contentSize":{"__type__":"cc.Size","width":500,"height":108},"_position":{"__type__":"cc.Vec2","x":-31.2,"y":-32.7}},{"__type__":"cc.Node","_name":"Bk","_parent":{"__id__":11},"_components":[{"__type__":"cc.Sprite","node":{"__id__":13},"_spriteFrame":{"__uuid__":"1dX+3Y1gdPvZvalHdRXcQ6"},"_sizeMode":2}],"_prefab":{"__type__":"cc.PrefabInfo","root":{"__id__":1},"asset":{"__uuid__":"28DGa5HkJBWorZw7lRvDGv"},"fileId":"71YEmMNtBJfarRRo5Ujbdz"},"_contentSize":{"__type__":"cc.Size","width":451,"height":57},"_position":{"__type__":"cc.Vec2","x":-42.8,"y":-43.1}},{"__type__":"cc.Node","_name":"Bg","_parent":{"__id__":11},"_components":[{"__type__":"cc.Sprite","node":{"__id__":14},"_spriteFrame":{"__uuid__":"42Wdlzk9hITKXS1b/YgAPt"}}],"_prefab":{"__type__":"cc.PrefabInfo","root":{"__id__":1},"asset":{"__uuid__":"28DGa5HkJBWorZw7lRvDGv"},"fileId":"32EGwgvFRLA7NAPgkQy0jp"},"_anchorPoint":{"__type__":"cc.Vec2","x":1,"y":0.5},"_contentSize":{"__type__":"cc.Size","width":59,"height":118},"_scaleX":-1,"_position":{"__type__":"cc.Vec2","x":86,"y":-15}},{"__type__":"cc.Node","_name":"Bg","_parent":{"__id__":11},"_components":[{"__type__":"cc.Sprite","node":{"__id__":15},"_spriteFrame":{"__uuid__":"42Wdlzk9hITKXS1b/YgAPt"}}],"_prefab":{"__type__":"cc.PrefabInfo","root":{"__id__":1},"asset":{"__uuid__":"28DGa5HkJBWorZw7lRvDGv"},"fileId":"baRVBqLWBI45kxPxpLF3NF"},"_anchorPoint":{"__type__":"cc.Vec2","x":1,"y":0.5},"_contentSize":{"__type__":"cc.Size","width":59,"height":118},"_position":{"__type__":"cc.Vec2","x":86,"y":-15}},{"__type__":"cc.Node","_name":"Mask","_parent":{"__id__":11},"_children":[{"__id__":17}],"_components":[{"__type__":"cc.Mask","node":{"__id__":16},"_type":1,"_segements":330}],"_prefab":{"__type__":"cc.PrefabInfo","root":{"__id__":1},"asset":{"__uuid__":"28DGa5HkJBWorZw7lRvDGv"},"fileId":"10jKGHH4ZEyKuj6mZfspX/"},"_contentSize":{"__type__":"cc.Size","width":100,"height":100},"_position":{"__type__":"cc.Vec2","x":86,"y":-15}},{"__type__":"cc.Node","_name":"Player1Icon","_parent":{"__id__":16},"_components":[{"__id__":18}],"_prefab":{"__type__":"cc.PrefabInfo","root":{"__id__":1},"asset":{"__uuid__":"28DGa5HkJBWorZw7lRvDGv"},"fileId":"81HItN5kZOLZInLlX18ZYS"},"_contentSize":{"__type__":"cc.Size","width":100,"height":100}},{"__type__":"cc.Sprite","node":{"__id__":17},"_spriteFrame":{"__uuid__":"02/XNqkLpPj5QmykphvWr/"},"_sizeMode":0,"_isTrimmedMode":false},{"__type__":"cc.Node","_name":"Player1Name","_parent":{"__id__":11},"_components":[{"__id__":20}],"_prefab":{"__type__":"cc.PrefabInfo","root":{"__id__":1},"asset":{"__uuid__":"28DGa5HkJBWorZw7lRvDGv"},"fileId":"aaLoNrxXZAIqlnhlTdced8"},"_contentSize":{"__type__":"cc.Size","width":260,"height":40},"_position":{"__type__":"cc.Vec2","x":-107.9,"y":-43}},{"__type__":"cc.Label","node":{"__id__":19},"_useOriginalSize":false,"_actualFontSize":13,"_fontSize":26,"_N$string":"\n","_N$horizontalAlign":1,"_N$verticalAlign":1,"_N$overflow":2},{"__type__":"cc.Node","_name":"Player2","_parent":{"__id__":10},"_children":[{"__id__":22},{"__id__":23},{"__id__":24},{"__id__":25},{"__id__":26},{"__id__":29}],"_prefab":{"__type__":"cc.PrefabInfo","root":{"__id__":1},"asset":{"__uuid__":"28DGa5HkJBWorZw7lRvDGv"},"fileId":"31O7T1irBPFL9FzyYyIMnW"},"_contentSize":{"__type__":"cc.Size","width":196,"height":108},"_position":{"__type__":"cc.Vec2","x":-57,"y":89}},{"__type__":"cc.Node","_name":"Bgk","_parent":{"__id__":21},"_components":[{"__type__":"cc.Sprite","node":{"__id__":22},"_spriteFrame":{"__uuid__":"26VkCYpQNGAIlEwatVKzDi"},"_type":1,"_sizeMode":0}],"_prefab":{"__type__":"cc.PrefabInfo","root":{"__id__":1},"asset":{"__uuid__":"28DGa5HkJBWorZw7lRvDGv"},"fileId":"e9uWVFoIBNcYjxXHzYU0FA"},"_contentSize":{"__type__":"cc.Size","width":500,"height":108},"_position":{"__type__":"cc.Vec2","x":-31.2,"y":-32.7}},{"__type__":"cc.Node","_name":"Bk","_parent":{"__id__":21},"_components":[{"__type__":"cc.Sprite","node":{"__id__":23},"_spriteFrame":{"__uuid__":"1dX+3Y1gdPvZvalHdRXcQ6"},"_sizeMode":2}],"_prefab":{"__type__":"cc.PrefabInfo","root":{"__id__":1},"asset":{"__uuid__":"28DGa5HkJBWorZw7lRvDGv"},"fileId":"c7AC9g+ZVMo48cH3P8rnDo"},"_contentSize":{"__type__":"cc.Size","width":451,"height":57},"_position":{"__type__":"cc.Vec2","x":-42.8,"y":-43.1}},{"__type__":"cc.Node","_name":"Bg","_parent":{"__id__":21},"_components":[{"__type__":"cc.Sprite","node":{"__id__":24},"_spriteFrame":{"__uuid__":"42Wdlzk9hITKXS1b/YgAPt"}}],"_prefab":{"__type__":"cc.PrefabInfo","root":{"__id__":1},"asset":{"__uuid__":"28DGa5HkJBWorZw7lRvDGv"},"fileId":"196bhWi9NAAa0xqYSYS8/1"},"_anchorPoint":{"__type__":"cc.Vec2","x":1,"y":0.5},"_contentSize":{"__type__":"cc.Size","width":59,"height":118},"_scaleX":-1,"_position":{"__type__":"cc.Vec2","x":86,"y":-15}},{"__type__":"cc.Node","_name":"Bg","_parent":{"__id__":21},"_components":[{"__type__":"cc.Sprite","node":{"__id__":25},"_spriteFrame":{"__uuid__":"42Wdlzk9hITKXS1b/YgAPt"}}],"_prefab":{"__type__":"cc.PrefabInfo","root":{"__id__":1},"asset":{"__uuid__":"28DGa5HkJBWorZw7lRvDGv"},"fileId":"6fnIPPJdtCXIefMeHFwy4T"},"_anchorPoint":{"__type__":"cc.Vec2","x":1,"y":0.5},"_contentSize":{"__type__":"cc.Size","width":59,"height":118},"_position":{"__type__":"cc.Vec2","x":86,"y":-15}},{"__type__":"cc.Node","_name":"Mask","_parent":{"__id__":21},"_children":[{"__id__":27}],"_components":[{"__type__":"cc.Mask","node":{"__id__":26},"_type":1,"_segements":330}],"_prefab":{"__type__":"cc.PrefabInfo","root":{"__id__":1},"asset":{"__uuid__":"28DGa5HkJBWorZw7lRvDGv"},"fileId":"e77ZQfUbNKYrVz1jiBKlC/"},"_contentSize":{"__type__":"cc.Size","width":100,"height":100},"_position":{"__type__":"cc.Vec2","x":86,"y":-15}},{"__type__":"cc.Node","_name":"Player1Icon","_parent":{"__id__":26},"_components":[{"__id__":28}],"_prefab":{"__type__":"cc.PrefabInfo","root":{"__id__":1},"asset":{"__uuid__":"28DGa5HkJBWorZw7lRvDGv"},"fileId":"e71lmzgORAg4kwjy2Y+Mb1"},"_contentSize":{"__type__":"cc.Size","width":100,"height":100}},{"__type__":"cc.Sprite","node":{"__id__":27},"_spriteFrame":{"__uuid__":"02/XNqkLpPj5QmykphvWr/"},"_sizeMode":0,"_isTrimmedMode":false},{"__type__":"cc.Node","_name":"Player1Name","_parent":{"__id__":21},"_components":[{"__id__":30}],"_prefab":{"__type__":"cc.PrefabInfo","root":{"__id__":1},"asset":{"__uuid__":"28DGa5HkJBWorZw7lRvDGv"},"fileId":"914JeDoB9GvqIyQb/9gYJf"},"_contentSize":{"__type__":"cc.Size","width":260,"height":40},"_position":{"__type__":"cc.Vec2","x":-107.9,"y":-43}},{"__type__":"cc.Label","node":{"__id__":29},"_useOriginalSize":false,"_actualFontSize":13,"_fontSize":26,"_N$string":"\n","_N$horizontalAlign":1,"_N$verticalAlign":1,"_N$overflow":2},{"__type__":"cc.Node","_name":"Player3","_parent":{"__id__":10},"_children":[{"__id__":32},{"__id__":33},{"__id__":34},{"__id__":35},{"__id__":36},{"__id__":39}],"_prefab":{"__type__":"cc.PrefabInfo","root":{"__id__":1},"asset":{"__uuid__":"28DGa5HkJBWorZw7lRvDGv"},"fileId":"d1qhL5KQFN8rjYx2MaV0jj"},"_contentSize":{"__type__":"cc.Size","width":196,"height":108},"_position":{"__type__":"cc.Vec2","x":-110,"y":-47}},{"__type__":"cc.Node","_name":"Bgk","_parent":{"__id__":31},"_components":[{"__type__":"cc.Sprite","node":{"__id__":32},"_spriteFrame":{"__uuid__":"26VkCYpQNGAIlEwatVKzDi"},"_type":1,"_sizeMode":0}],"_prefab":{"__type__":"cc.PrefabInfo","root":{"__id__":1},"asset":{"__uuid__":"28DGa5HkJBWorZw7lRvDGv"},"fileId":"21Ohg5e7VAfoDvSQIFuQDX"},"_contentSize":{"__type__":"cc.Size","width":500,"height":108},"_position":{"__type__":"cc.Vec2","x":-31.2,"y":-32.7}},{"__type__":"cc.Node","_name":"Bk","_parent":{"__id__":31},"_components":[{"__type__":"cc.Sprite","node":{"__id__":33},"_spriteFrame":{"__uuid__":"1dX+3Y1gdPvZvalHdRXcQ6"},"_sizeMode":2}],"_prefab":{"__type__":"cc.PrefabInfo","root":{"__id__":1},"asset":{"__uuid__":"28DGa5HkJBWorZw7lRvDGv"},"fileId":"e8LCrnjzNLZJ2IyehTNqZC"},"_contentSize":{"__type__":"cc.Size","width":451,"height":57},"_position":{"__type__":"cc.Vec2","x":-42.8,"y":-43.1}},{"__type__":"cc.Node","_name":"Bg","_parent":{"__id__":31},"_components":[{"__type__":"cc.Sprite","node":{"__id__":34},"_spriteFrame":{"__uuid__":"42Wdlzk9hITKXS1b/YgAPt"}}],"_prefab":{"__type__":"cc.PrefabInfo","root":{"__id__":1},"asset":{"__uuid__":"28DGa5HkJBWorZw7lRvDGv"},"fileId":"ecEXPltQFI+IV6forvBVjm"},"_anchorPoint":{"__type__":"cc.Vec2","x":1,"y":0.5},"_contentSize":{"__type__":"cc.Size","width":59,"height":118},"_scaleX":-1,"_position":{"__type__":"cc.Vec2","x":86,"y":-15}},{"__type__":"cc.Node","_name":"Bg","_parent":{"__id__":31},"_components":[{"__type__":"cc.Sprite","node":{"__id__":35},"_spriteFrame":{"__uuid__":"42Wdlzk9hITKXS1b/YgAPt"}}],"_prefab":{"__type__":"cc.PrefabInfo","root":{"__id__":1},"asset":{"__uuid__":"28DGa5HkJBWorZw7lRvDGv"},"fileId":"edMFSZUk9HbqTQcIa7Gm8f"},"_anchorPoint":{"__type__":"cc.Vec2","x":1,"y":0.5},"_contentSize":{"__type__":"cc.Size","width":59,"height":118},"_position":{"__type__":"cc.Vec2","x":86,"y":-15}},{"__type__":"cc.Node","_name":"Mask","_parent":{"__id__":31},"_children":[{"__id__":37}],"_components":[{"__type__":"cc.Mask","node":{"__id__":36},"_type":1,"_segements":330}],"_prefab":{"__type__":"cc.PrefabInfo","root":{"__id__":1},"asset":{"__uuid__":"28DGa5HkJBWorZw7lRvDGv"},"fileId":"37iXQDKVNCQqi2eJgMpdL7"},"_contentSize":{"__type__":"cc.Size","width":100,"height":100},"_position":{"__type__":"cc.Vec2","x":86,"y":-15}},{"__type__":"cc.Node","_name":"Player1Icon","_parent":{"__id__":36},"_components":[{"__id__":38}],"_prefab":{"__type__":"cc.PrefabInfo","root":{"__id__":1},"asset":{"__uuid__":"28DGa5HkJBWorZw7lRvDGv"},"fileId":"d9CpaoledCv6jvO/09EnwD"},"_contentSize":{"__type__":"cc.Size","width":100,"height":100}},{"__type__":"cc.Sprite","node":{"__id__":37},"_spriteFrame":{"__uuid__":"02/XNqkLpPj5QmykphvWr/"},"_sizeMode":0,"_isTrimmedMode":false},{"__type__":"cc.Node","_name":"Player1Name","_parent":{"__id__":31},"_components":[{"__id__":40}],"_prefab":{"__type__":"cc.PrefabInfo","root":{"__id__":1},"asset":{"__uuid__":"28DGa5HkJBWorZw7lRvDGv"},"fileId":"e4LqoEsapNxZ4KjxU08uJn"},"_contentSize":{"__type__":"cc.Size","width":260,"height":40},"_position":{"__type__":"cc.Vec2","x":-107.9,"y":-43}},{"__type__":"cc.Label","node":{"__id__":39},"_useOriginalSize":false,"_actualFontSize":13,"_fontSize":26,"_N$string":"\n","_N$horizontalAlign":1,"_N$verticalAlign":1,"_N$overflow":2},{"__type__":"cc.Node","_name":"Right","_parent":{"__id__":1},"_children":[{"__id__":42}],"_prefab":{"__type__":"cc.PrefabInfo","root":{"__id__":1},"asset":{"__uuid__":"28DGa5HkJBWorZw7lRvDGv"},"fileId":"719UptbkBEuLi3L08oeSbJ"}},{"__type__":"cc.Node","_name":"Players","_parent":{"__id__":41},"_children":[{"__id__":43},{"__id__":53},{"__id__":63}],"_components":[{"__type__":"cc.Layout","node":{"__id__":42},"_enabled":false,"_layoutSize":{"__type__":"cc.Size","width":300,"height":380},"_resize":1,"_N$layoutType":2,"_N$spacingX":95,"_N$spacingY":28}],"_prefab":{"__type__":"cc.PrefabInfo","root":{"__id__":1},"asset":{"__uuid__":"28DGa5HkJBWorZw7lRvDGv"},"fileId":"70kE/1ss5P95bkMXDy6WE8"},"_anchorPoint":{"__type__":"cc.Vec2","y":0.5},"_contentSize":{"__type__":"cc.Size","width":300,"height":380},"_position":{"__type__":"cc.Vec2","x":204}},{"__type__":"cc.Node","_name":"Player4","_parent":{"__id__":42},"_children":[{"__id__":44},{"__id__":45},{"__id__":46},{"__id__":47},{"__id__":48},{"__id__":51}],"_prefab":{"__type__":"cc.PrefabInfo","root":{"__id__":1},"asset":{"__uuid__":"28DGa5HkJBWorZw7lRvDGv"},"fileId":"29J19OAbZHJZkzcvQ19wY0"},"_contentSize":{"__type__":"cc.Size","width":196,"height":108},"_position":{"__type__":"cc.Vec2","x":250,"y":136}},{"__type__":"cc.Node","_name":"Bgk","_parent":{"__id__":43},"_components":[{"__type__":"cc.Sprite","node":{"__id__":44},"_spriteFrame":{"__uuid__":"9f7sMSj9pHnqOEaKcIQMQl"},"_type":1,"_sizeMode":0}],"_prefab":{"__type__":"cc.PrefabInfo","root":{"__id__":1},"asset":{"__uuid__":"28DGa5HkJBWorZw7lRvDGv"},"fileId":"7feIugxqpNIbsbhI1/iYOs"},"_contentSize":{"__type__":"cc.Size","width":500,"height":108},"_position":{"__type__":"cc.Vec2","x":-31.2,"y":-32.7}},{"__type__":"cc.Node","_name":"Bk","_parent":{"__id__":43},"_components":[{"__type__":"cc.Sprite","node":{"__id__":45},"_spriteFrame":{"__uuid__":"85nN1eyWhEcpPu9Ce4peWo"},"_sizeMode":2}],"_prefab":{"__type__":"cc.PrefabInfo","root":{"__id__":1},"asset":{"__uuid__":"28DGa5HkJBWorZw7lRvDGv"},"fileId":"09ptmClKhH44K/4oivzhgB"},"_contentSize":{"__type__":"cc.Size","width":451,"height":57},"_position":{"__type__":"cc.Vec2","x":-34.5,"y":-43.9}},{"__type__":"cc.Node","_name":"Bg","_parent":{"__id__":43},"_components":[{"__type__":"cc.Sprite","node":{"__id__":46},"_spriteFrame":{"__uuid__":"1a9elWgNZKQYJYWF+EXohX"}}],"_prefab":{"__type__":"cc.PrefabInfo","root":{"__id__":1},"asset":{"__uuid__":"28DGa5HkJBWorZw7lRvDGv"},"fileId":"3dxbYSIsFNl4z2HgRWBIxU"},"_anchorPoint":{"__type__":"cc.Vec2","x":1,"y":0.5},"_contentSize":{"__type__":"cc.Size","width":59,"height":118},"_scaleX":-1,"_position":{"__type__":"cc.Vec2","x":-166,"y":-12}},{"__type__":"cc.Node","_name":"Bg","_parent":{"__id__":43},"_components":[{"__type__":"cc.Sprite","node":{"__id__":47},"_spriteFrame":{"__uuid__":"1a9elWgNZKQYJYWF+EXohX"}}],"_prefab":{"__type__":"cc.PrefabInfo","root":{"__id__":1},"asset":{"__uuid__":"28DGa5HkJBWorZw7lRvDGv"},"fileId":"99qg76Y95PxIGrd8Y7vRPQ"},"_anchorPoint":{"__type__":"cc.Vec2","x":1,"y":0.5},"_contentSize":{"__type__":"cc.Size","width":59,"height":118},"_position":{"__type__":"cc.Vec2","x":-166,"y":-12}},{"__type__":"cc.Node","_name":"Mask","_parent":{"__id__":43},"_children":[{"__id__":49}],"_components":[{"__type__":"cc.Mask","node":{"__id__":48},"_type":1,"_segements":330}],"_prefab":{"__type__":"cc.PrefabInfo","root":{"__id__":1},"asset":{"__uuid__":"28DGa5HkJBWorZw7lRvDGv"},"fileId":"1434sdDzVMHpxX1C++0UhL"},"_contentSize":{"__type__":"cc.Size","width":100,"height":100},"_position":{"__type__":"cc.Vec2","x":-166,"y":-12}},{"__type__":"cc.Node","_name":"Player1Icon","_parent":{"__id__":48},"_components":[{"__id__":50}],"_prefab":{"__type__":"cc.PrefabInfo","root":{"__id__":1},"asset":{"__uuid__":"28DGa5HkJBWorZw7lRvDGv"},"fileId":"0avVY36dNCbZoURWXM+UpS"},"_contentSize":{"__type__":"cc.Size","width":100,"height":100}},{"__type__":"cc.Sprite","node":{"__id__":49},"_spriteFrame":{"__uuid__":"02/XNqkLpPj5QmykphvWr/"},"_sizeMode":0,"_isTrimmedMode":false},{"__type__":"cc.Node","_name":"Player1Name","_parent":{"__id__":43},"_components":[{"__id__":52}],"_prefab":{"__type__":"cc.PrefabInfo","root":{"__id__":1},"asset":{"__uuid__":"28DGa5HkJBWorZw7lRvDGv"},"fileId":"4cEYUOb0NENbDOIAV2XnL/"},"_contentSize":{"__type__":"cc.Size","width":260,"height":40},"_position":{"__type__":"cc.Vec2","x":35,"y":-43}},{"__type__":"cc.Label","node":{"__id__":51},"_useOriginalSize":false,"_actualFontSize":13,"_fontSize":26,"_N$string":"\n","_N$horizontalAlign":1,"_N$verticalAlign":1,"_N$overflow":2},{"__type__":"cc.Node","_name":"Player5","_parent":{"__id__":42},"_children":[{"__id__":54},{"__id__":55},{"__id__":56},{"__id__":57},{"__id__":58},{"__id__":61}],"_prefab":{"__type__":"cc.PrefabInfo","root":{"__id__":1},"asset":{"__uuid__":"28DGa5HkJBWorZw7lRvDGv"},"fileId":"98Nk4YxlpDtZH8XDdqrIA3"},"_contentSize":{"__type__":"cc.Size","width":196,"height":108},"_position":{"__type__":"cc.Vec2","x":200}},{"__type__":"cc.Node","_name":"Bgk","_parent":{"__id__":53},"_components":[{"__type__":"cc.Sprite","node":{"__id__":54},"_spriteFrame":{"__uuid__":"9f7sMSj9pHnqOEaKcIQMQl"},"_type":1,"_sizeMode":0}],"_prefab":{"__type__":"cc.PrefabInfo","root":{"__id__":1},"asset":{"__uuid__":"28DGa5HkJBWorZw7lRvDGv"},"fileId":"a6VIvwzEFGXarpl13jEStb"},"_contentSize":{"__type__":"cc.Size","width":500,"height":108},"_position":{"__type__":"cc.Vec2","x":-31.2,"y":-32.7}},{"__type__":"cc.Node","_name":"Bk","_parent":{"__id__":53},"_components":[{"__type__":"cc.Sprite","node":{"__id__":55},"_spriteFrame":{"__uuid__":"85nN1eyWhEcpPu9Ce4peWo"},"_sizeMode":2}],"_prefab":{"__type__":"cc.PrefabInfo","root":{"__id__":1},"asset":{"__uuid__":"28DGa5HkJBWorZw7lRvDGv"},"fileId":"9dYShDcTBPzrdqYXW8ANLw"},"_contentSize":{"__type__":"cc.Size","width":451,"height":57},"_position":{"__type__":"cc.Vec2","x":-34.5,"y":-43.9}},{"__type__":"cc.Node","_name":"Bg","_parent":{"__id__":53},"_components":[{"__type__":"cc.Sprite","node":{"__id__":56},"_spriteFrame":{"__uuid__":"1a9elWgNZKQYJYWF+EXohX"}}],"_prefab":{"__type__":"cc.PrefabInfo","root":{"__id__":1},"asset":{"__uuid__":"28DGa5HkJBWorZw7lRvDGv"},"fileId":"9ez2y8Po1KNIT1VEduDGeh"},"_anchorPoint":{"__type__":"cc.Vec2","x":1,"y":0.5},"_contentSize":{"__type__":"cc.Size","width":59,"height":118},"_scaleX":-1,"_position":{"__type__":"cc.Vec2","x":-166,"y":-12}},{"__type__":"cc.Node","_name":"Bg","_parent":{"__id__":53},"_components":[{"__type__":"cc.Sprite","node":{"__id__":57},"_spriteFrame":{"__uuid__":"1a9elWgNZKQYJYWF+EXohX"}}],"_prefab":{"__type__":"cc.PrefabInfo","root":{"__id__":1},"asset":{"__uuid__":"28DGa5HkJBWorZw7lRvDGv"},"fileId":"dczAmPma5Aopn9gId3k5ex"},"_anchorPoint":{"__type__":"cc.Vec2","x":1,"y":0.5},"_contentSize":{"__type__":"cc.Size","width":59,"height":118},"_position":{"__type__":"cc.Vec2","x":-166,"y":-12}},{"__type__":"cc.Node","_name":"Mask","_parent":{"__id__":53},"_children":[{"__id__":59}],"_components":[{"__type__":"cc.Mask","node":{"__id__":58},"_type":1,"_segements":330}],"_prefab":{"__type__":"cc.PrefabInfo","root":{"__id__":1},"asset":{"__uuid__":"28DGa5HkJBWorZw7lRvDGv"},"fileId":"99SN1or05BuYE8lYtVecti"},"_contentSize":{"__type__":"cc.Size","width":100,"height":100},"_position":{"__type__":"cc.Vec2","x":-166,"y":-12}},{"__type__":"cc.Node","_name":"Player1Icon","_parent":{"__id__":58},"_components":[{"__id__":60}],"_prefab":{"__type__":"cc.PrefabInfo","root":{"__id__":1},"asset":{"__uuid__":"28DGa5HkJBWorZw7lRvDGv"},"fileId":"f839B+E+pI06R/F9/heECd"},"_contentSize":{"__type__":"cc.Size","width":100,"height":100}},{"__type__":"cc.Sprite","node":{"__id__":59},"_spriteFrame":{"__uuid__":"02/XNqkLpPj5QmykphvWr/"},"_sizeMode":0,"_isTrimmedMode":false},{"__type__":"cc.Node","_name":"Player1Name","_parent":{"__id__":53},"_components":[{"__id__":62}],"_prefab":{"__type__":"cc.PrefabInfo","root":{"__id__":1},"asset":{"__uuid__":"28DGa5HkJBWorZw7lRvDGv"},"fileId":"b7o+oae7lPdYGjDtW6AuAd"},"_contentSize":{"__type__":"cc.Size","width":260,"height":40},"_position":{"__type__":"cc.Vec2","x":35,"y":-43}},{"__type__":"cc.Label","node":{"__id__":61},"_useOriginalSize":false,"_actualFontSize":13,"_fontSize":26,"_N$string":"\n","_N$horizontalAlign":1,"_N$verticalAlign":1,"_N$overflow":2},{"__type__":"cc.Node","_name":"Player6","_parent":{"__id__":42},"_children":[{"__id__":64},{"__id__":65},{"__id__":66},{"__id__":67},{"__id__":68},{"__id__":71}],"_prefab":{"__type__":"cc.PrefabInfo","root":{"__id__":1},"asset":{"__uuid__":"28DGa5HkJBWorZw7lRvDGv"},"fileId":"32AUQ/JbJDEYM9BcoDR1wi"},"_contentSize":{"__type__":"cc.Size","width":196,"height":108},"_position":{"__type__":"cc.Vec2","x":150,"y":-136}},{"__type__":"cc.Node","_name":"Bgk","_parent":{"__id__":63},"_components":[{"__type__":"cc.Sprite","node":{"__id__":64},"_spriteFrame":{"__uuid__":"9f7sMSj9pHnqOEaKcIQMQl"},"_type":1,"_sizeMode":0}],"_prefab":{"__type__":"cc.PrefabInfo","root":{"__id__":1},"asset":{"__uuid__":"28DGa5HkJBWorZw7lRvDGv"},"fileId":"6bxRdch0hBYrv1/ejmy8Du"},"_contentSize":{"__type__":"cc.Size","width":500,"height":108},"_position":{"__type__":"cc.Vec2","x":-31.2,"y":-32.7}},{"__type__":"cc.Node","_name":"Bk","_parent":{"__id__":63},"_components":[{"__type__":"cc.Sprite","node":{"__id__":65},"_spriteFrame":{"__uuid__":"85nN1eyWhEcpPu9Ce4peWo"},"_sizeMode":2}],"_prefab":{"__type__":"cc.PrefabInfo","root":{"__id__":1},"asset":{"__uuid__":"28DGa5HkJBWorZw7lRvDGv"},"fileId":"87K+rc9lxGppNVaBDKZiHl"},"_contentSize":{"__type__":"cc.Size","width":451,"height":57},"_position":{"__type__":"cc.Vec2","x":-34.5,"y":-43.9}},{"__type__":"cc.Node","_name":"Bg","_parent":{"__id__":63},"_components":[{"__type__":"cc.Sprite","node":{"__id__":66},"_spriteFrame":{"__uuid__":"1a9elWgNZKQYJYWF+EXohX"}}],"_prefab":{"__type__":"cc.PrefabInfo","root":{"__id__":1},"asset":{"__uuid__":"28DGa5HkJBWorZw7lRvDGv"},"fileId":"33bvyyn0lJKphq0ttLG1HW"},"_anchorPoint":{"__type__":"cc.Vec2","x":1,"y":0.5},"_contentSize":{"__type__":"cc.Size","width":59,"height":118},"_scaleX":-1,"_position":{"__type__":"cc.Vec2","x":-166,"y":-12}},{"__type__":"cc.Node","_name":"Bg","_parent":{"__id__":63},"_components":[{"__type__":"cc.Sprite","node":{"__id__":67},"_spriteFrame":{"__uuid__":"1a9elWgNZKQYJYWF+EXohX"}}],"_prefab":{"__type__":"cc.PrefabInfo","root":{"__id__":1},"asset":{"__uuid__":"28DGa5HkJBWorZw7lRvDGv"},"fileId":"2d0rKg2kZOX5hERuw/1Q64"},"_anchorPoint":{"__type__":"cc.Vec2","x":1,"y":0.5},"_contentSize":{"__type__":"cc.Size","width":59,"height":118},"_position":{"__type__":"cc.Vec2","x":-166,"y":-12}},{"__type__":"cc.Node","_name":"Mask","_parent":{"__id__":63},"_children":[{"__id__":69}],"_components":[{"__type__":"cc.Mask","node":{"__id__":68},"_type":1,"_segements":330}],"_prefab":{"__type__":"cc.PrefabInfo","root":{"__id__":1},"asset":{"__uuid__":"28DGa5HkJBWorZw7lRvDGv"},"fileId":"24gGXJw0tBZrz53ER1L+ns"},"_contentSize":{"__type__":"cc.Size","width":100,"height":100},"_position":{"__type__":"cc.Vec2","x":-166,"y":-12}},{"__type__":"cc.Node","_name":"Player1Icon","_parent":{"__id__":68},"_components":[{"__id__":70}],"_prefab":{"__type__":"cc.PrefabInfo","root":{"__id__":1},"asset":{"__uuid__":"28DGa5HkJBWorZw7lRvDGv"},"fileId":"10kH5QJlRMmoAusQRVebrb"},"_contentSize":{"__type__":"cc.Size","width":100,"height":100}},{"__type__":"cc.Sprite","node":{"__id__":69},"_spriteFrame":{"__uuid__":"02/XNqkLpPj5QmykphvWr/"},"_sizeMode":0,"_isTrimmedMode":false},{"__type__":"cc.Node","_name":"Player1Name","_parent":{"__id__":63},"_components":[{"__id__":72}],"_prefab":{"__type__":"cc.PrefabInfo","root":{"__id__":1},"asset":{"__uuid__":"28DGa5HkJBWorZw7lRvDGv"},"fileId":"73Wbx8p7lCYrX44RKaV9+e"},"_contentSize":{"__type__":"cc.Size","width":260,"height":40},"_position":{"__type__":"cc.Vec2","x":35,"y":-43}},{"__type__":"cc.Label","node":{"__id__":71},"_useOriginalSize":false,"_actualFontSize":13,"_fontSize":26,"_N$string":"\n","_N$horizontalAlign":1,"_N$verticalAlign":1,"_N$overflow":2},{"__type__":"cc.Node","_name":"TipsBg","_parent":{"__id__":1},"_children":[{"__id__":74},{"__id__":76}],"_components":[{"__type__":"cc.Sprite","node":{"__id__":73},"_spriteFrame":{"__uuid__":"81KyoRI8BHgpxHHhDDChIq"},"_type":1,"_sizeMode":0},{"__type__":"cc.Layout","node":{"__id__":73},"_layoutSize":{"__type__":"cc.Size","width":52,"height":50},"_resize":1,"_N$layoutType":1,"_N$paddingLeft":-8,"_N$paddingRight":10,"_N$spacingX":10},{"__type__":"cc.Widget","node":{"__id__":73},"_alignFlags":4,"_bottom":75}],"_prefab":{"__type__":"cc.PrefabInfo","root":{"__id__":1},"asset":{"__uuid__":"28DGa5HkJBWorZw7lRvDGv"},"fileId":"b4xk86Y5RGrrpBgE0HnREf"},"_contentSize":{"__type__":"cc.Size","width":52,"height":50},"_position":{"__type__":"cc.Vec2","x":-20,"y":-275}},{"__type__":"cc.Node","_name":"Icon","_parent":{"__id__":73},"_components":[{"__id__":75}],"_prefab":{"__type__":"cc.PrefabInfo","root":{"__id__":1},"asset":{"__uuid__":"28DGa5HkJBWorZw7lRvDGv"},"fileId":"66TjnImcRAK7TFFtHEfD2L"},"_contentSize":{"__type__":"cc.Size","width":40,"height":36},"_position":{"__type__":"cc.Vec2","x":-14}},{"__type__":"cc.Sprite","node":{"__id__":74}},{"__type__":"cc.Node","_name":"Content","_parent":{"__id__":73},"_components":[{"__id__":77}],"_prefab":{"__type__":"cc.PrefabInfo","root":{"__id__":1},"asset":{"__uuid__":"28DGa5HkJBWorZw7lRvDGv"},"fileId":"17zZhpS/JEk5E90VfDr9hM"},"_contentSize":{"__type__":"cc.Size","height":40},"_position":{"__type__":"cc.Vec2","x":16}},{"__type__":"cc.Label","node":{"__id__":76},"_useOriginalSize":false,"_actualFontSize":18,"_fontSize":18,"_N$string":"","_N$horizontalAlign":1,"_N$verticalAlign":1}],{"__type__":"cc.SpriteFrame","content":{"name":"loading_bluetouxiang","texture":"aeQf/v2d5GzL/fTdnhZUd6","rect":[951,604,59,118],"offset":[0,0],"originalSize":[59,118]}},{"__type__":"cc.SpriteFrame","content":{"name":"_0003_battle","texture":"aeQf/v2d5GzL/fTdnhZUd6","rect":[3,989,269,136],"offset":[0,0],"originalSize":[269,136]}},{"__type__":"cc.SpriteFrame","content":{"name":"LTipBG","texture":"aeQf/v2d5GzL/fTdnhZUd6","rect":[3,1169,84,48],"offset":[0,0],"originalSize":[84,48],"capInsets":[30,0,30,0]}},{"__type__":"cc.SpriteFrame","content":{"name":"_0007_bluemingziditu","texture":"aeQf/v2d5GzL/fTdnhZUd6","rect":[559,883,451,57],"offset":[0,0],"originalSize":[451,57]}},{"__type__":"cc.SpriteFrame","content":{"name":"_0000_jindutiaojianbian","texture":"aeQf/v2d5GzL/fTdnhZUd6","rect":[921,795,28,18],"offset":[0,0],"originalSize":[28,18],"capInsets":[10,0,10,0]}},{"__type__":"cc.SpriteFrame","content":{"name":"_0009_reddiban","texture":"aeQf/v2d5GzL/fTdnhZUd6","rect":[797,941,196,108],"offset":[0,0],"originalSize":[196,108],"capInsets":[85,0,85,0]}},{"__type__":"cc.SpriteFrame","content":{"name":"CG_bg_01_new","texture":"5f2BaCmQ1CnYPuCD1/rLg9","rect":[666,478,334,188],"offset":[0,0],"originalSize":[334,188]}},{"__type__":"cc.SpriteFrame","content":{"name":"progressbg","texture":"20wkx7r05LO5L2PvQg5zW3","rect":[231,1141,30,18],"offset":[0,0],"originalSize":[30,18],"capInsets":[9,0,9,0]}}]