[{"__type__":"cc.SpriteFrame","content":{"name":"shouji22","texture":"20wkx7r05LO5L2PvQg5zW3","rect":[152,1273,40,40],"offset":[0,0],"originalSize":[40,40]}},{"__type__":"cc.SpriteFrame","content":{"name":"shouji12","texture":"20wkx7r05LO5L2PvQg5zW3","rect":[190,961,64,62],"offset":[0,0],"originalSize":[64,64]}},[{"__type__":"cc.Prefab","_name":"xiangzi_die_H","data":{"__id__":1},"asyncLoadAssets":false},{"__type__":"cc.Node","_name":"xiangzi_die_H","_children":[{"__id__":2},{"__id__":5}],"_components":[{"__id__":10},{"__type__":"3f6973JHftFpKTMspSNwhiz","node":{"__id__":1},"animationCtrl":{"__id__":10},"randomDelay":true,"randomDelayTime":0.27}],"_prefab":{"__type__":"cc.PrefabInfo","root":{"__id__":1},"asset":{"__uuid__":"b4gX5YKP5Fsq6GblfH8UAO"},"fileId":"4fX2SLQdRO5KQ0dSd45uGR"},"_opacity":0,"_position":{"__type__":"cc.Vec2","x":151}},{"__type__":"cc.Node","_name":"New Node","_parent":{"__id__":1},"_children":[{"__id__":3},{"__id__":4}],"_prefab":{"__type__":"cc.PrefabInfo","root":{"__id__":1},"asset":{"__uuid__":"b4gX5YKP5Fsq6GblfH8UAO"},"fileId":"fdwU+AXApLL4nZuCdR2tVy"}},{"__type__":"cc.Node","_name":"ring","_parent":{"__id__":2},"_components":[{"__type__":"cc.Sprite","node":{"__id__":3},"_spriteFrame":{"__uuid__":"ecpbvCTfZIs4YErQXDANEy"}}],"_prefab":{"__type__":"cc.PrefabInfo","root":{"__id__":1},"asset":{"__uuid__":"b4gX5YKP5Fsq6GblfH8UAO"},"fileId":"d8RkvVPRBBBqsHT3gNGr5h"},"_contentSize":{"__type__":"cc.Size","width":128,"height":128}},{"__type__":"cc.Node","_name":"sprite6","_parent":{"__id__":2},"_components":[{"__type__":"cc.Sprite","node":{"__id__":4},"_spriteFrame":{"__uuid__":"79w8FR3rZBcJ9MIicho6dx"}}],"_prefab":{"__type__":"cc.PrefabInfo","root":{"__id__":1},"asset":{"__uuid__":"b4gX5YKP5Fsq6GblfH8UAO"},"fileId":"72OqDFXsJNOo0nOcK088y9"},"_opacity":0,"_color":{"__type__":"cc.Color","r":245,"g":216,"b":157},"_contentSize":{"__type__":"cc.Size","width":64,"height":62},"_rotationX":180,"_rotationY":180,"_scaleX":2,"_scaleY":2},{"__type__":"cc.Node","_name":"New Node1","_parent":{"__id__":1},"_children":[{"__id__":6},{"__id__":7},{"__id__":8},{"__id__":9}],"_prefab":{"__type__":"cc.PrefabInfo","root":{"__id__":1},"asset":{"__uuid__":"b4gX5YKP5Fsq6GblfH8UAO"},"fileId":"19LYXXj5VM+7HWpx7MEcYw"}},{"__type__":"cc.Node","_name":"sprite3","_parent":{"__id__":5},"_components":[{"__type__":"cc.Sprite","node":{"__id__":6},"_spriteFrame":{"__uuid__":"bdrxQCLqRKxbxCSzTIbgbS"},"_sizeMode":0}],"_prefab":{"__type__":"cc.PrefabInfo","root":{"__id__":1},"asset":{"__uuid__":"b4gX5YKP5Fsq6GblfH8UAO"},"fileId":"e4f9o34phBaK/uqFxSZ3yK"},"_contentSize":{"__type__":"cc.Size","width":65,"height":45},"_rotationX":252.00000000000006,"_rotationY":252.00000000000006,"_scaleX":0.86,"_scaleY":0.86,"_position":{"__type__":"cc.Vec2","x":-47.809999999999995,"y":26.809999999999995}},{"__type__":"cc.Node","_name":"sprite4","_parent":{"__id__":5},"_components":[{"__type__":"cc.Sprite","node":{"__id__":7},"_spriteFrame":{"__uuid__":"bdrxQCLqRKxbxCSzTIbgbS"}}],"_prefab":{"__type__":"cc.PrefabInfo","root":{"__id__":1},"asset":{"__uuid__":"b4gX5YKP5Fsq6GblfH8UAO"},"fileId":"18g715zi9Phb5yKINxgZRC"},"_contentSize":{"__type__":"cc.Size","width":42,"height":45},"_rotationX":-280.00000000000006,"_rotationY":-280.00000000000006,"_scaleX":0.8444444444444444,"_scaleY":0.8444444444444444,"_position":{"__type__":"cc.Vec2","x":-31.266666666666673,"y":-46.12222222222223}},{"__type__":"cc.Node","_name":"sprite5","_parent":{"__id__":5},"_components":[{"__type__":"cc.Sprite","node":{"__id__":8},"_spriteFrame":{"__uuid__":"bdrxQCLqRKxbxCSzTIbgbS"}}],"_prefab":{"__type__":"cc.PrefabInfo","root":{"__id__":1},"asset":{"__uuid__":"b4gX5YKP5Fsq6GblfH8UAO"},"fileId":"67ihgY2/FMqopYXIbdyn/p"},"_contentSize":{"__type__":"cc.Size","width":42,"height":45},"_rotationX":-190.90909090909093,"_rotationY":-190.90909090909093,"_scaleX":0.8727272727272728,"_scaleY":0.8727272727272728,"_position":{"__type__":"cc.Vec2","x":27.490909090909096,"y":-11.072727272727274}},{"__type__":"cc.Node","_name":"New Sprite","_parent":{"__id__":5},"_components":[{"__type__":"cc.Sprite","node":{"__id__":9},"_spriteFrame":{"__uuid__":"26pZqkuotC368n4/ZSEb56"}}],"_prefab":{"__type__":"cc.PrefabInfo","root":{"__id__":1},"asset":{"__uuid__":"b4gX5YKP5Fsq6GblfH8UAO"},"fileId":"e31l0Ie4tH/KK6CNpIotrx"},"_contentSize":{"__type__":"cc.Size","width":40,"height":40}},{"__type__":"cc.Animation","node":{"__id__":1},"_defaultClip":{"__uuid__":"83HTsUOWVNJZEPxtRkXdcU"},"_clips":[{"__uuid__":"83HTsUOWVNJZEPxtRkXdcU"}]}],{"__type__":"cc.SpriteFrame","content":{"name":"xiangzi_2","texture":"20wkx7r05LO5L2PvQg5zW3","rect":[68,1262,42,45],"offset":[0,0],"originalSize":[42,45]}},{"__type__":"cc.SpriteFrame","content":{"name":"light_c01","texture":"20wkx7r05LO5L2PvQg5zW3","rect":[3,717,128,128],"offset":[0,0],"originalSize":[128,128]}}]