{"__type__":"cc.AnimationClip","_name":"feiji_weiyan","_duration":0.12,"wrapMode":2,"curveData":{"paths":{"weiyan":{"props":{"scaleX":[{"frame":0,"value":1.47},{"frame":0.05,"value":2.1},{"frame":0.11666666666666667,"value":1.47}],"scaleY":[{"frame":0,"value":1.47},{"frame":0.05,"value":1.51},{"frame":0.11666666666666667,"value":1.47}],"y":[{"frame":0,"value":-11.9},{"frame":0.05,"value":-11.8},{"frame":0.11666666666666667,"value":-11.9}],"x":[{"frame":0,"value":-19.2},{"frame":0.05,"value":-19.2},{"frame":0.11666666666666667,"value":-19.2}]}},"weiyan1":{"props":{"scaleX":[{"frame":0,"value":1.47},{"frame":0.05,"value":2.23},{"frame":0.11666666666666667,"value":1.47}],"scaleY":[{"frame":0,"value":1.47},{"frame":0.05,"value":1.51},{"frame":0.11666666666666667,"value":1.47}],"x":[{"frame":0,"value":19.2},{"frame":0.05,"value":19.2},{"frame":0.11666666666666667,"value":19.2}],"y":[{"frame":0,"value":-11.9},{"frame":0.05,"value":-14.6},{"frame":0.11666666666666667,"value":-11.9}],"opacity":[{"frame":0,"value":255},{"frame":0.05,"value":200},{"frame":0.11666666666666667,"value":255}]}}}}}