[{"__type__":"cc.SpriteFrame","content":{"name":"div1","texture":"edbTbev+hCL6zKsAFEoqlh","rect":[463,42,40,2],"offset":[0,0],"originalSize":[40,2],"capInsets":[5,0.5,5,0.5]}},{"__type__":"cc.SpriteFrame","content":{"name":"default_sprite","texture":"6eBWFz0oVHPLIGQKf/9Thu","rect":[0,2,40,36],"offset":[0,0],"originalSize":[40,40]}},[{"__type__":"cc.Prefab","_name":"QunRankItem","data":{"__id__":1},"asyncLoadAssets":false},{"__type__":"cc.Node","_name":"QunRankItem","_children":[{"__id__":2},{"__id__":4},{"__id__":5}],"_components":[{"__type__":"e3f99cBEbtDg6Nm/MHjbAO1","node":{"__id__":1},"RankOrderLabel":{"__id__":7},"HeadIconSprite":{"__id__":13},"NameLabel":{"__id__":9},"TitleLabel":{"__id__":11},"ScoreLabel":{"__id__":3}},{"__type__":"cc.Widget","node":{"__id__":1},"isAlignOnce":false,"_alignFlags":5,"_originalHeight":610}],"_prefab":{"__type__":"cc.PrefabInfo","root":{"__id__":1},"asset":{"__uuid__":"fdYxGPUTBGH7XTd6TyWo9t"},"fileId":"cewO+yMjJLQoKcnwjQqd3I"},"_anchorPoint":{"__type__":"cc.Vec2","y":0.5},"_contentSize":{"__type__":"cc.Size","width":110,"height":750},"_position":{"__type__":"cc.Vec2","y":375}},{"__type__":"cc.Node","_name":"ScoreLabel","_parent":{"__id__":1},"_components":[{"__id__":3},{"__type__":"cc.Widget","node":{"__id__":2},"_alignFlags":1}],"_prefab":{"__type__":"cc.PrefabInfo","root":{"__id__":1},"asset":{"__uuid__":"fdYxGPUTBGH7XTd6TyWo9t"},"fileId":"18G6x7SqhEVYDggmwpAh/g"},"_color":{"__type__":"cc.Color","r":233,"g":192},"_anchorPoint":{"__type__":"cc.Vec2","x":1,"y":0.5},"_contentSize":{"__type__":"cc.Size","width":222,"height":40},"_rotationX":-90,"_rotationY":-90,"_position":{"__type__":"cc.Vec2","x":55,"y":355}},{"__type__":"cc.Label","node":{"__id__":2},"_useOriginalSize":false,"_actualFontSize":39,"_N$string":"1234567890","_N$horizontalAlign":2,"_N$verticalAlign":1,"_N$overflow":2},{"__type__":"cc.Node","_name":"div1","_parent":{"__id__":1},"_components":[{"__type__":"cc.Sprite","node":{"__id__":4},"_spriteFrame":{"__uuid__":"44yxX6BxVF8brvVjCRQNzN"},"_type":1,"_sizeMode":0},{"__type__":"cc.Widget","node":{"__id__":4},"_alignFlags":5,"_originalHeight":710}],"_prefab":{"__type__":"cc.PrefabInfo","root":{"__id__":1},"asset":{"__uuid__":"fdYxGPUTBGH7XTd6TyWo9t"},"fileId":"e245ZONRpMfbUN5oZkjfrC"},"_contentSize":{"__type__":"cc.Size","width":2,"height":750},"_position":{"__type__":"cc.Vec2","x":110}},{"__type__":"cc.Node","_name":"Left","_parent":{"__id__":1},"_children":[{"__id__":6},{"__id__":8},{"__id__":10},{"__id__":12}],"_components":[{"__type__":"cc.Widget","node":{"__id__":5},"_alignFlags":4}],"_prefab":{"__type__":"cc.PrefabInfo","root":{"__id__":1},"asset":{"__uuid__":"fdYxGPUTBGH7XTd6TyWo9t"},"fileId":"12YvDX6LhJCYEUSvUoNQ2X"},"_anchorPoint":{"__type__":"cc.Vec2","x":0.5},"_contentSize":{"__type__":"cc.Size","width":110,"height":400},"_position":{"__type__":"cc.Vec2","x":50,"y":-375}},{"__type__":"cc.Node","_name":"RankOrderLabel","_parent":{"__id__":5},"_components":[{"__id__":7}],"_prefab":{"__type__":"cc.PrefabInfo","root":{"__id__":1},"asset":{"__uuid__":"fdYxGPUTBGH7XTd6TyWo9t"},"fileId":"a8aTwLz+ROf4U8nxc/zlis"},"_color":{"__type__":"cc.Color","r":233,"g":192},"_anchorPoint":{"__type__":"cc.Vec2","y":0.5},"_contentSize":{"__type__":"cc.Size","width":18.91,"height":40},"_rotationX":-90,"_rotationY":-90,"_position":{"__type__":"cc.Vec2","y":31}},{"__type__":"cc.Label","node":{"__id__":6},"_useOriginalSize":false,"_actualFontSize":34,"_fontSize":34,"_N$string":"1","_N$horizontalAlign":1,"_N$verticalAlign":1},{"__type__":"cc.Node","_name":"NameLabel","_parent":{"__id__":5},"_components":[{"__id__":9}],"_prefab":{"__type__":"cc.PrefabInfo","root":{"__id__":1},"asset":{"__uuid__":"fdYxGPUTBGH7XTd6TyWo9t"},"fileId":"6b9UlEHChIary6xr8akEjh"},"_color":{"__type__":"cc.Color","r":101,"g":101,"b":101},"_anchorPoint":{"__type__":"cc.Vec2","y":0.5},"_contentSize":{"__type__":"cc.Size","width":280,"height":40},"_rotationX":-90,"_rotationY":-90,"_position":{"__type__":"cc.Vec2","x":-16,"y":186}},{"__type__":"cc.Label","node":{"__id__":8},"_useOriginalSize":false,"_actualFontSize":30,"_fontSize":30,"_enableWrapText":false,"_N$string":"玩家的名字","_N$verticalAlign":1,"_N$overflow":2},{"__type__":"cc.Node","_name":"TitleLabel","_parent":{"__id__":5},"_components":[{"__id__":11}],"_prefab":{"__type__":"cc.PrefabInfo","root":{"__id__":1},"asset":{"__uuid__":"fdYxGPUTBGH7XTd6TyWo9t"},"fileId":"828ENWIgVMz5fipKBuuWgD"},"_color":{"__type__":"cc.Color","r":157,"g":157,"b":157},"_anchorPoint":{"__type__":"cc.Vec2","y":0.5},"_contentSize":{"__type__":"cc.Size","width":280,"height":40},"_rotationX":-90,"_rotationY":-90,"_position":{"__type__":"cc.Vec2","x":24,"y":186}},{"__type__":"cc.Label","node":{"__id__":10},"_useOriginalSize":false,"_actualFontSize":24,"_fontSize":24,"_N$string":"称号名称","_N$verticalAlign":1,"_N$overflow":2},{"__type__":"cc.Node","_name":"HeadIcon","_parent":{"__id__":5},"_components":[{"__id__":13}],"_prefab":{"__type__":"cc.PrefabInfo","root":{"__id__":1},"asset":{"__uuid__":"fdYxGPUTBGH7XTd6TyWo9t"},"fileId":"c23IPVSq9Kz4eXEUwF5VwZ"},"_contentSize":{"__type__":"cc.Size","width":90,"height":90},"_rotationX":-90,"_rotationY":-90,"_position":{"__type__":"cc.Vec2","y":126}},{"__type__":"cc.Sprite","node":{"__id__":12},"_spriteFrame":{"__uuid__":"8c20Sso/ZEn7NUfNSM+EBh"},"_sizeMode":0}]]