[{"__type__":"cc.SpriteFrame","content":{"name":"Logo_xl13","texture":"92Sm5Njr5DmbN6OVcGgpwj","rect":[739,864,183,330],"offset":[-1,0],"originalSize":[185,330]}},{"__type__":"cc.SpriteFrame","content":{"name":"Logo_xl16","texture":"92Sm5Njr5DmbN6OVcGgpwj","rect":[187,163,183,330],"offset":[-1,0],"originalSize":[185,330]}},{"__type__":"cc.SpriteFrame","content":{"name":"Logo_xl03","texture":"92Sm5Njr5DmbN6OVcGgpwj","rect":[923,904,83,110],"offset":[-26,-110],"originalSize":[185,330]}},{"__type__":"cc.SpriteFrame","content":{"name":"Logo_xl07","texture":"92Sm5Njr5DmbN6OVcGgpwj","rect":[3,825,183,270],"offset":[-1,-30],"originalSize":[185,330]}},{"__type__":"cc.SpriteFrame","content":{"name":"Logo_xl09","texture":"92Sm5Njr5DmbN6OVcGgpwj","rect":[555,867,183,330],"offset":[-1,0],"originalSize":[185,330]}},{"__type__":"cc.SpriteFrame","content":{"name":"Logo_xl19","texture":"92Sm5Njr5DmbN6OVcGgpwj","rect":[581,205,183,330],"offset":[-1,0],"originalSize":[185,330]}},{"__type__":"cc.SpriteFrame","content":{"name":"Logo_xl12","texture":"92Sm5Njr5DmbN6OVcGgpwj","rect":[3,494,183,330],"offset":[-1,0],"originalSize":[185,330]}},{"__type__":"cc.SpriteFrame","content":{"name":"Logo_xl15","texture":"92Sm5Njr5DmbN6OVcGgpwj","rect":[371,280,183,330],"offset":[-1,0],"originalSize":[185,330]}},{"__type__":"cc.SpriteFrame","content":{"name":"Logo_xl05","texture":"92Sm5Njr5DmbN6OVcGgpwj","rect":[846,3,163,198],"offset":[-11,-66],"originalSize":[185,330]}},{"__type__":"cc.AnimationClip","_name":"LQ_Logo_UI","_duration":2.64,"sample":25,"curveData":{"props":{},"paths":{"Logo_XL":{"comps":{"cc.Sprite":{"spriteFrame":[{"frame":1.8,"value":{"__uuid__":"a8zAxEgb9Gh6m7kXiIGkKu"}},{"frame":1.84,"value":{"__uuid__":"a8zAxEgb9Gh6m7kXiIGkKu"}},{"frame":1.88,"value":{"__uuid__":"e4j1t8bpFB24ntENtf7tLC"}},{"frame":1.92,"value":{"__uuid__":"06+y5vdLhFzYhxo3Gs1y7N"}},{"frame":1.96,"value":{"__uuid__":"f8JdKme9hNM4Y3n+sr9Xtw"}},{"frame":2,"value":{"__uuid__":"79an+7fK5LHIOdxyepyd2A"}},{"frame":2.04,"value":{"__uuid__":"fcC8zyA2lJDLxBMjdXmRFd"}},{"frame":2.08,"value":{"__uuid__":"12eOc3JMRKG4T1oPovugfo"}},{"frame":2.12,"value":{"__uuid__":"d8fjqzIABLe57zD5jf2jbU"}},{"frame":2.16,"value":{"__uuid__":"43nXnYXj5I1o02NGVXYLcb"}},{"frame":2.2,"value":{"__uuid__":"ed2lOOOUhLBYyFUSkVkQoT"}},{"frame":2.24,"value":{"__uuid__":"a0iD6rlxhLa6nwViQ9zW02"}},{"frame":2.28,"value":{"__uuid__":"68M1G+gnJJU7jjZgE9TaB/"}},{"frame":2.32,"value":{"__uuid__":"02fAe+C6BHj5WO4GATB8G0"}},{"frame":2.36,"value":{"__uuid__":"c0NsS5k0dBS62JFPvEz4po"}},{"frame":2.4,"value":{"__uuid__":"6aPEAJQLhAVLQR5lZIzrTG"}},{"frame":2.44,"value":{"__uuid__":"03IIcbOlBLhbSIkwwg/AVS"}},{"frame":2.48,"value":{"__uuid__":"acUxu7Oz9Icrxxv4KDXhBp"}},{"frame":2.52,"value":{"__uuid__":"e19Pv/qc5IDLDhnmY5zHSL"}},{"frame":2.56,"value":{"__uuid__":"58XAwJdwxBg52Swssw1CR+"}},{"frame":2.6,"value":{"__uuid__":"c6y9yn/qxO8o4ZefX9Pm6X"}}]}},"props":{"opacity":[{"frame":1.8,"value":0},{"frame":1.84,"value":255}]}},"Logo_guangzi":{"props":{"scaleX":[{"frame":0.56,"value":1.2},{"frame":0.68,"value":0.8},{"frame":0.84,"value":1.1},{"frame":0.96,"value":1}],"scaleY":[{"frame":0.56,"value":0.2},{"frame":0.68,"value":1.2},{"frame":0.84,"value":0.6},{"frame":0.96,"value":1}],"position":[{"frame":0.56,"value":[-80,-171]},{"frame":0.68,"value":[-80,-140]},{"frame":0.84,"value":[-80,-160]},{"frame":0.96,"value":[-80,-151]}],"opacity":[{"frame":0.52,"value":0},{"frame":0.56,"value":255}]}},"Logo_gong":{"props":{"scaleX":[{"frame":0.76,"value":1.2},{"frame":0.88,"value":0.8},{"frame":1.04,"value":1.1},{"frame":1.16,"value":1}],"scaleY":[{"frame":0.76,"value":0.2},{"frame":0.88,"value":1.2},{"frame":1.04,"value":0.6},{"frame":1.16,"value":1}],"position":[{"frame":0.76,"value":[-18,-171]},{"frame":0.88,"value":[-18,-140]},{"frame":1.04,"value":[-18,-160]},{"frame":1.16,"value":[-18,-152]}],"opacity":[{"frame":0.72,"value":0},{"frame":0.76,"value":255}]}},"Logo_zuo":{"props":{"scaleX":[{"frame":1,"value":1.2},{"frame":1.12,"value":0.8},{"frame":1.28,"value":1.1},{"frame":1.4,"value":1}],"scaleY":[{"frame":1,"value":0.2},{"frame":1.12,"value":1.2},{"frame":1.28,"value":0.6},{"frame":1.4,"value":1}],"position":[{"frame":1,"value":[24,-171]},{"frame":1.12,"value":[24,-140]},{"frame":1.28,"value":[24,-160]},{"frame":1.4,"value":[24,-151]}],"opacity":[{"frame":0.96,"value":0},{"frame":1,"value":255}]}},"Logo_shi":{"props":{"scaleX":[{"frame":1.24,"value":1.2},{"frame":1.36,"value":0.8},{"frame":1.52,"value":1.1},{"frame":1.64,"value":1}],"scaleY":[{"frame":1.24,"value":0.2},{"frame":1.36,"value":1.2},{"frame":1.52,"value":0.6},{"frame":1.64,"value":1}],"position":[{"frame":1.24,"value":[66,-171]},{"frame":1.36,"value":[66,-140]},{"frame":1.52,"value":[66,-160]},{"frame":1.64,"value":[66,-151]}],"opacity":[{"frame":1.2,"value":0},{"frame":1.24,"value":255}]}},"Logo_qun":{"props":{"scaleX":[{"frame":1.48,"value":1.2},{"frame":1.6,"value":0.8},{"frame":1.76,"value":1.1},{"frame":1.88,"value":1}],"scaleY":[{"frame":1.48,"value":0.2},{"frame":1.6,"value":1.2},{"frame":1.76,"value":0.6},{"frame":1.88,"value":1}],"position":[{"frame":1.48,"value":[108,-171]},{"frame":1.6,"value":[108,-140]},{"frame":1.76,"value":[108,-160]},{"frame":1.88,"value":[108,-151]}],"opacity":[{"frame":1.44,"value":0},{"frame":1.48,"value":255}]}},"Logo_banquan":{"props":{"opacity":[{"frame":2.4,"value":0},{"frame":2.6,"value":255}]}},"Logo_yingwen":{"props":{"position":[{"frame":2.44,"value":[3,-159]},{"frame":2.64,"value":[3,-190]}],"opacity":[{"frame":2.44,"value":0},{"frame":2.64,"value":255}]}},"Logo_qiu":{"props":{"position":[{"frame":0,"value":[-694,183],"motionPath":[[-356,120,-545,184,-173,62]]},{"frame":0.56,"value":[-70,-148],"motionPath":[]},{"frame":0.6,"value":[-65.1,-87.1],"motionPath":[]},{"frame":0.64,"value":[-49.6,-33],"motionPath":[[-28,-69.3,-35.5,-47.5,-20.2,-92]]},{"frame":0.68,"value":[-34.5,-52.8],"motionPath":[]},{"frame":0.72,"value":[-27.6,-72.1],"motionPath":[]},{"frame":0.76,"value":[-19,-148],"motionPath":[[-9.6,-62.5,-16.1,-86.8,-4.2,-42.2]]},{"frame":0.8,"value":[-8.5,-62],"motionPath":[]},{"frame":0.84,"value":[-2.6,-45.3],"motionPath":[]},{"frame":0.88,"value":[5,-32],"motionPath":[[17.2,-63.5,12.9,-44.9,22.8,-88.1]]},{"frame":0.92,"value":[14.6,-47.3],"motionPath":[]},{"frame":0.96,"value":[19.8,-64.2],"motionPath":[]},{"frame":1,"value":[25,-148],"motionPath":[[35.1,-53.1,29.4,-75.4,40.3,-33]]},{"frame":1.04,"value":[30.3,-79.8],"motionPath":[]},{"frame":1.08,"value":[39.5,-49.8],"motionPath":[]},{"frame":1.12,"value":[47,-35],"motionPath":[[61.4,-63.5,56.1,-44.3,67.5,-86]]},{"frame":1.16,"value":[57.3,-50.8],"motionPath":[]},{"frame":1.2,"value":[64.9,-83],"motionPath":[]},{"frame":1.24,"value":[70,-148],"motionPath":[[76.9,-68.3,72.1,-88.6,81.6,-47.6]]},{"frame":1.28,"value":[75.9,-68.5],"motionPath":[]},{"frame":1.32,"value":[83.3,-46.1],"motionPath":[]},{"frame":1.36,"value":[89,-37],"motionPath":[[105.1,-68.1,98.6,-47.9,112.1,-89.9]]},{"frame":1.4,"value":[100.5,-54.1],"motionPath":[]},{"frame":1.44,"value":[109.4,-74.7],"motionPath":[]},{"frame":1.48,"value":[116,-148],"motionPath":[[78,-36.7,101.8,-71.7,60.2,-10.5]]},{"frame":1.52,"value":[102.2,-80.2],"motionPath":[]},{"frame":1.56,"value":[85.9,-49.4],"motionPath":[]},{"frame":1.6,"value":[65.2,-26.1],"motionPath":[]},{"frame":1.64,"value":[31,4],"motionPath":[[-18.7,-20.5,-4.2,-7.3,-49.3,-48.2]]},{"frame":1.68,"value":[12.1,-2.5]},{"frame":1.72,"value":[-38.6,-39.4]},{"frame":1.8,"value":[-72.4,-89.6],"motionPath":[]},{"frame":1.84,"value":[-70.4,-86],"motionPath":[]}],"rotation":[{"frame":0.4,"value":0},{"frame":0.48,"value":-30},{"frame":0.56,"value":0},{"frame":0.6,"value":15},{"frame":0.64,"value":0},{"frame":0.68,"value":0},{"frame":0.72,"value":-15},{"frame":0.76,"value":0},{"frame":0.8,"value":10},{"frame":0.84,"value":0},{"frame":0.96,"value":0},{"frame":1,"value":0},{"frame":1.04,"value":10},{"frame":1.08,"value":0},{"frame":1.16,"value":0},{"frame":1.2,"value":-15},{"frame":1.24,"value":0},{"frame":1.28,"value":10},{"frame":1.32,"value":0},{"frame":1.4,"value":0},{"frame":1.44,"value":-20},{"frame":1.48,"value":0},{"frame":1.52,"value":-20},{"frame":1.56,"value":0},{"frame":1.76,"value":10},{"frame":1.8,"value":0}],"scaleX":[{"frame":0.4,"value":1},{"frame":0.48,"value":0.9},{"frame":0.56,"value":1.2},{"frame":0.6,"value":0.7},{"frame":0.64,"value":1},{"frame":0.72,"value":1},{"frame":0.76,"value":1.2},{"frame":0.8,"value":0.8},{"frame":0.84,"value":1},{"frame":0.96,"value":1},{"frame":1,"value":1.2},{"frame":1.04,"value":0.8},{"frame":1.08,"value":1},{"frame":1.16,"value":1},{"frame":1.2,"value":0.8},{"frame":1.24,"value":1.2},{"frame":1.28,"value":0.8},{"frame":1.32,"value":1},{"frame":1.4,"value":1},{"frame":1.44,"value":0.8},{"frame":1.48,"value":1.2},{"frame":1.52,"value":0.8},{"frame":1.56,"value":1},{"frame":1.72,"value":1},{"frame":1.76,"value":0.9},{"frame":1.8,"value":1}],"scaleY":[{"frame":0.4,"value":1},{"frame":0.48,"value":1},{"frame":0.56,"value":0.6},{"frame":0.6,"value":1.2},{"frame":0.64,"value":1},{"frame":0.72,"value":1},{"frame":0.76,"value":0.7},{"frame":0.8,"value":1.1},{"frame":0.84,"value":1},{"frame":0.96,"value":1},{"frame":1,"value":0.7},{"frame":1.04,"value":1.1},{"frame":1.08,"value":1},{"frame":1.16,"value":1},{"frame":1.2,"value":1.1},{"frame":1.24,"value":0.7},{"frame":1.28,"value":1.1},{"frame":1.32,"value":1},{"frame":1.4,"value":1},{"frame":1.44,"value":1.1},{"frame":1.48,"value":0.7},{"frame":1.52,"value":1.1},{"frame":1.56,"value":1},{"frame":1.72,"value":1},{"frame":1.76,"value":1.1},{"frame":1.8,"value":1}]}}}}},{"__type__":"cc.SpriteFrame","content":{"name":"Logo_xl11","texture":"92Sm5Njr5DmbN6OVcGgpwj","rect":[187,494,183,330],"offset":[-1,0],"originalSize":[185,330]}},{"__type__":"cc.SpriteFrame","content":{"name":"Logo_xl01","texture":"92Sm5Njr5DmbN6OVcGgpwj","rect":[814,89,29,32],"offset":[-53,-149],"originalSize":[185,330]}},{"__type__":"cc.SpriteFrame","content":{"name":"Logo_xl17","texture":"92Sm5Njr5DmbN6OVcGgpwj","rect":[3,163,183,330],"offset":[-1,0],"originalSize":[185,330]}},{"__type__":"cc.SpriteFrame","content":{"name":"Logo_xl14","texture":"92Sm5Njr5DmbN6OVcGgpwj","rect":[555,536,183,330],"offset":[-1,0],"originalSize":[185,330]}},{"__type__":"cc.SpriteFrame","content":{"name":"Logo_xl20","texture":"92Sm5Njr5DmbN6OVcGgpwj","rect":[813,202,183,330],"offset":[-1,0],"originalSize":[185,330]}},{"__type__":"cc.SpriteFrame","content":{"name":"Logo_xl08","texture":"92Sm5Njr5DmbN6OVcGgpwj","rect":[739,1195,183,304],"offset":[-1,-13],"originalSize":[185,330]}},{"__type__":"cc.SpriteFrame","content":{"name":"Logo_xl18","texture":"92Sm5Njr5DmbN6OVcGgpwj","rect":[765,533,183,330],"offset":[-1,0],"originalSize":[185,330]}},{"__type__":"cc.SpriteFrame","content":{"name":"Logo_xl02","texture":"92Sm5Njr5DmbN6OVcGgpwj","rect":[771,16,57,72],"offset":[-40,-129],"originalSize":[185,330]}},{"__type__":"cc.SpriteFrame","content":{"name":"Logo_xl10","texture":"92Sm5Njr5DmbN6OVcGgpwj","rect":[371,611,183,330],"offset":[-1,0],"originalSize":[185,330]}},{"__type__":"cc.SpriteFrame","content":{"name":"Logo_xl04","texture":"92Sm5Njr5DmbN6OVcGgpwj","rect":[447,121,133,158],"offset":[-24,-86],"originalSize":[185,330]}},{"__type__":"cc.SpriteFrame","content":{"name":"Logo_xl06","texture":"92Sm5Njr5DmbN6OVcGgpwj","rect":[187,825,183,236],"offset":[-1,-47],"originalSize":[185,330]}}]