[[{"__type__":"cc.Prefab","_name":"huixue","data":{"__id__":1},"asyncLoadAssets":false},{"__type__":"cc.Node","_name":"huixue","_children":[{"__id__":2},{"__id__":5}],"_components":[{"__type__":"9bdf76vszFBEKWDAGyNctFy","node":{"__id__":1},"SpAtlas":{"__uuid__":"49hgYBWs5C0osUMDkiP1E1"},"Resid":1306,"EntityType":13,"DeadPrefab":{"__uuid__":"b93CiNZcJMRJDBtFIL71Nc"},"DeadPrefabName":"daojuxiaoshi_H","Body":{"__id__":2},"dieAnimationClip":"daojuxiaoshi","AvailableTime":15,"WarnAnimation":{"__id__":8},"WarnAnimationClip":"huixue_xiaoshi"},{"__type__":"cc.BoxCollider","node":{"__id__":1}}],"_prefab":{"__type__":"cc.PrefabInfo","root":{"__id__":1},"asset":{"__uuid__":"27EQGPvRtLwaTJ16+miZgu"},"fileId":"a057TAqG9CZ4ih09uAp5M3"},"_contentSize":{"__type__":"cc.Size","width":100,"height":100},"groupIndex":4},{"__type__":"cc.Node","_name":"huixue","_parent":{"__id__":1},"_children":[{"__id__":3},{"__id__":4}],"_components":[{"__type__":"cc.Animation","node":{"__id__":2},"_defaultClip":{"__uuid__":"ad8+xMPV1EWZeDiGjDB3ND"},"_clips":[{"__uuid__":"ad8+xMPV1EWZeDiGjDB3ND"}],"playOnLoad":true}],"_prefab":{"__type__":"cc.PrefabInfo","root":{"__id__":1},"asset":{"__uuid__":"27EQGPvRtLwaTJ16+miZgu"},"fileId":"e7baefYH5DFpDBMHsITSxV"}},{"__type__":"cc.Node","_name":"star","_parent":{"__id__":2},"_components":[{"__type__":"cc.Sprite","node":{"__id__":3},"_spriteFrame":{"__uuid__":"28eTXyPotANZ/txC23gdha"},"_isTrimmedMode":false,"_dstBlendFactor":0}],"_prefab":{"__type__":"cc.PrefabInfo","root":{"__id__":1},"asset":{"__uuid__":"27EQGPvRtLwaTJ16+miZgu"},"fileId":"84n8zo8VpLa5jjZBySDTMn"},"_contentSize":{"__type__":"cc.Size","width":56,"height":58}},{"__type__":"cc.Node","_name":"quan","_parent":{"__id__":2},"_components":[{"__type__":"cc.Sprite","node":{"__id__":4},"_spriteFrame":{"__uuid__":"df6IRlT/JKmb/epNTXOK4i"},"_sizeMode":0,"_dstBlendFactor":0}],"_prefab":{"__type__":"cc.PrefabInfo","root":{"__id__":1},"asset":{"__uuid__":"27EQGPvRtLwaTJ16+miZgu"},"fileId":"34Zn3G3MZCS4LO4jYQUVrr"},"_contentSize":{"__type__":"cc.Size","width":90,"height":90}},{"__type__":"cc.Node","_name":"huixue_xiaoshi","_parent":{"__id__":1},"_children":[{"__id__":6},{"__id__":7}],"_active":false,"_components":[{"__id__":8}],"_prefab":{"__type__":"cc.PrefabInfo","root":{"__id__":1},"asset":{"__uuid__":"27EQGPvRtLwaTJ16+miZgu"},"fileId":"a0YDXYlClC/6vidCqXHiCn"}},{"__type__":"cc.Node","_name":"star","_parent":{"__id__":5},"_components":[{"__type__":"cc.Sprite","node":{"__id__":6},"_spriteFrame":{"__uuid__":"28eTXyPotANZ/txC23gdha"},"_isTrimmedMode":false,"_dstBlendFactor":0}],"_prefab":{"__type__":"cc.PrefabInfo","root":{"__id__":1},"asset":{"__uuid__":"27EQGPvRtLwaTJ16+miZgu"},"fileId":"585Va3ENBCSYGGwSotOyhM"},"_contentSize":{"__type__":"cc.Size","width":56,"height":58}},{"__type__":"cc.Node","_name":"quan","_parent":{"__id__":5},"_components":[{"__type__":"cc.Sprite","node":{"__id__":7},"_spriteFrame":{"__uuid__":"df6IRlT/JKmb/epNTXOK4i"},"_sizeMode":0,"_dstBlendFactor":0}],"_prefab":{"__type__":"cc.PrefabInfo","root":{"__id__":1},"asset":{"__uuid__":"27EQGPvRtLwaTJ16+miZgu"},"fileId":"69oODyLapMb7f85vuZOfHV"},"_contentSize":{"__type__":"cc.Size","width":90,"height":90}},{"__type__":"cc.Animation","node":{"__id__":5},"_defaultClip":{"__uuid__":"d4qEXgk3xBkIwYlNdsa9EW"},"_clips":[{"__uuid__":"d4qEXgk3xBkIwYlNdsa9EW"}]}],{"__type__":"cc.SpriteFrame","content":{"name":"huixue","texture":"20wkx7r05LO5L2PvQg5zW3","rect":[271,697,56,58],"offset":[0,0],"originalSize":[56,58]}},{"__type__":"cc.SpriteFrame","content":{"name":"zhuanhuan_04","texture":"20wkx7r05LO5L2PvQg5zW3","rect":[429,1010,95,100],"offset":[0,0],"originalSize":[95,100]}}]