[{"__type__":"cc.SpriteFrame","content":{"name":"feiji_jiyi","texture":"20wkx7r05LO5L2PvQg5zW3","rect":[328,636,129,165],"offset":[0,0],"originalSize":[129,165]}},{"__type__":"cc.SpriteFrame","content":{"name":"feiji_jishen","texture":"20wkx7r05LO5L2PvQg5zW3","rect":[656,322,180,366],"offset":[0,0],"originalSize":[180,366]}},{"__type__":"cc.SpriteFrame","content":{"name":"zidan03","texture":"20wkx7r05LO5L2PvQg5zW3","rect":[144,382,19,56],"offset":[0,0],"originalSize":[19,56]}},{"__type__":"cc.SpriteFrame","content":{"name":"tuowei","texture":"20wkx7r05LO5L2PvQg5zW3","rect":[307,436,22,51],"offset":[0,0],"originalSize":[22,51]}},[{"__type__":"cc.Prefab","_name":"feiji_pre_M","data":{"__id__":1},"asyncLoadAssets":false},{"__type__":"cc.Node","_name":"feiji_pre_M","_children":[{"__id__":2},{"__id__":6},{"__id__":10}],"_prefab":{"__type__":"cc.PrefabInfo","root":{"__id__":1},"asset":{"__uuid__":"c6ShgK10BHOrdJct+B+NXo"},"fileId":"c7LY8bivFLXqtnra4eYwl7"}},{"__type__":"cc.Node","_name":"feiji_yinying","_parent":{"__id__":1},"_children":[{"__id__":3},{"__id__":4},{"__id__":5}],"_prefab":{"__type__":"cc.PrefabInfo","root":{"__id__":1},"asset":{"__uuid__":"c6ShgK10BHOrdJct+B+NXo"},"fileId":"f1wARZMq5Mz7WIdng9zao1"},"_position":{"__type__":"cc.Vec2","x":55,"y":-243}},{"__type__":"cc.Node","_name":"feiji_jiyiL","_parent":{"__id__":2},"_components":[{"__type__":"cc.Sprite","node":{"__id__":3},"_spriteFrame":{"__uuid__":"15C9JsxFxAlKWPzTcrYVM2"}}],"_prefab":{"__type__":"cc.PrefabInfo","root":{"__id__":1},"asset":{"__uuid__":"c6ShgK10BHOrdJct+B+NXo"},"fileId":"d0/KUSuKdAG5P4iE8SK0R5"},"_opacity":100,"_color":{"__type__":"cc.Color"},"_contentSize":{"__type__":"cc.Size","width":129,"height":165},"_position":{"__type__":"cc.Vec2","x":-106,"y":-95}},{"__type__":"cc.Node","_name":"feiji_jiyiR","_parent":{"__id__":2},"_components":[{"__type__":"cc.Sprite","node":{"__id__":4},"_spriteFrame":{"__uuid__":"15C9JsxFxAlKWPzTcrYVM2"}}],"_prefab":{"__type__":"cc.PrefabInfo","root":{"__id__":1},"asset":{"__uuid__":"c6ShgK10BHOrdJct+B+NXo"},"fileId":"26Rr41pMpHep1YS7tU3Agw"},"_opacity":100,"_color":{"__type__":"cc.Color"},"_contentSize":{"__type__":"cc.Size","width":129,"height":165},"_scaleX":-1,"_position":{"__type__":"cc.Vec2","x":106,"y":-95}},{"__type__":"cc.Node","_name":"feiji_jishen","_parent":{"__id__":2},"_components":[{"__type__":"cc.Sprite","node":{"__id__":5},"_spriteFrame":{"__uuid__":"27aFvURKBBKqnlM04vh6ew"}}],"_prefab":{"__type__":"cc.PrefabInfo","root":{"__id__":1},"asset":{"__uuid__":"c6ShgK10BHOrdJct+B+NXo"},"fileId":"22Jsv769BOiKrEgIYH/oZp"},"_opacity":100,"_color":{"__type__":"cc.Color"},"_contentSize":{"__type__":"cc.Size","width":180,"height":366}},{"__type__":"cc.Node","_name":"feiji_G","_parent":{"__id__":1},"_children":[{"__id__":7},{"__id__":8},{"__id__":9}],"_prefab":{"__type__":"cc.PrefabInfo","root":{"__id__":1},"asset":{"__uuid__":"c6ShgK10BHOrdJct+B+NXo"},"fileId":"73ZRzq8dlAhqYiOsqEpFlR"}},{"__type__":"cc.Node","_name":"feiji_jiyiL","_parent":{"__id__":6},"_components":[{"__type__":"cc.Sprite","node":{"__id__":7},"_spriteFrame":{"__uuid__":"15C9JsxFxAlKWPzTcrYVM2"}}],"_prefab":{"__type__":"cc.PrefabInfo","root":{"__id__":1},"asset":{"__uuid__":"c6ShgK10BHOrdJct+B+NXo"},"fileId":"a1PzyGYCNOApKg7fEjTzCh"},"_contentSize":{"__type__":"cc.Size","width":129,"height":165},"_position":{"__type__":"cc.Vec2","x":-106,"y":-95}},{"__type__":"cc.Node","_name":"feiji_jiyiR","_parent":{"__id__":6},"_components":[{"__type__":"cc.Sprite","node":{"__id__":8},"_spriteFrame":{"__uuid__":"15C9JsxFxAlKWPzTcrYVM2"}}],"_prefab":{"__type__":"cc.PrefabInfo","root":{"__id__":1},"asset":{"__uuid__":"c6ShgK10BHOrdJct+B+NXo"},"fileId":"aeoFBI46VFK4r+1iPt3omT"},"_contentSize":{"__type__":"cc.Size","width":129,"height":165},"_scaleX":-1,"_position":{"__type__":"cc.Vec2","x":106,"y":-95}},{"__type__":"cc.Node","_name":"feiji_jishen","_parent":{"__id__":6},"_components":[{"__type__":"cc.Sprite","node":{"__id__":9},"_spriteFrame":{"__uuid__":"27aFvURKBBKqnlM04vh6ew"}}],"_prefab":{"__type__":"cc.PrefabInfo","root":{"__id__":1},"asset":{"__uuid__":"c6ShgK10BHOrdJct+B+NXo"},"fileId":"ecFS5FUMNOXrvp2QYUe6FO"},"_contentSize":{"__type__":"cc.Size","width":180,"height":366}},{"__type__":"cc.Node","_name":"feiji_weiyan","_parent":{"__id__":1},"_children":[{"__id__":11},{"__id__":12},{"__id__":13},{"__id__":14}],"_prefab":{"__type__":"cc.PrefabInfo","root":{"__id__":1},"asset":{"__uuid__":"c6ShgK10BHOrdJct+B+NXo"},"fileId":"009NE8CvpBn7rqvWlgvATQ"},"_position":{"__type__":"cc.Vec2","y":-194}},{"__type__":"cc.Node","_name":"weiyan","_parent":{"__id__":10},"_components":[{"__type__":"cc.Sprite","node":{"__id__":11},"_spriteFrame":{"__uuid__":"a7X0PBMz9P4bSW6mCa8as5"}}],"_prefab":{"__type__":"cc.PrefabInfo","root":{"__id__":1},"asset":{"__uuid__":"c6ShgK10BHOrdJct+B+NXo"},"fileId":"3eMid02o1DaK7UjDNWE1fn"},"_contentSize":{"__type__":"cc.Size","width":22,"height":51},"_scaleX":1.47,"_scaleY":1.47,"_position":{"__type__":"cc.Vec2","x":-19.2,"y":-11.9}},{"__type__":"cc.Node","_name":"train","_parent":{"__id__":10},"_components":[{"__type__":"cc.Sprite","node":{"__id__":12},"_spriteFrame":{"__uuid__":"7cmNNmc/NCXo0MbaQytZu+"}}],"_prefab":{"__type__":"cc.PrefabInfo","root":{"__id__":1},"asset":{"__uuid__":"c6ShgK10BHOrdJct+B+NXo"},"fileId":"5dtqyDSLFIuK5kpjUIUOof"},"_opacity":154,"_color":{"__type__":"cc.Color","r":112,"g":168,"b":240},"_contentSize":{"__type__":"cc.Size","width":19,"height":56},"_scaleX":1.1,"_scaleY":7.65,"_position":{"__type__":"cc.Vec2","x":-20,"y":-192}},{"__type__":"cc.Node","_name":"train2","_parent":{"__id__":10},"_components":[{"__type__":"cc.Sprite","node":{"__id__":13},"_spriteFrame":{"__uuid__":"7cmNNmc/NCXo0MbaQytZu+"}}],"_prefab":{"__type__":"cc.PrefabInfo","root":{"__id__":1},"asset":{"__uuid__":"c6ShgK10BHOrdJct+B+NXo"},"fileId":"49WBQyNgVLRoi57TYWWNF9"},"_opacity":154,"_color":{"__type__":"cc.Color","r":112,"g":168,"b":240},"_contentSize":{"__type__":"cc.Size","width":19,"height":56},"_scaleX":1.1,"_scaleY":7.56,"_position":{"__type__":"cc.Vec2","x":19,"y":-190}},{"__type__":"cc.Node","_name":"weiyan1","_parent":{"__id__":10},"_components":[{"__type__":"cc.Sprite","node":{"__id__":14},"_spriteFrame":{"__uuid__":"a7X0PBMz9P4bSW6mCa8as5"}}],"_prefab":{"__type__":"cc.PrefabInfo","root":{"__id__":1},"asset":{"__uuid__":"c6ShgK10BHOrdJct+B+NXo"},"fileId":"efxIExRRVH76/Q/NLvE2eV"},"_contentSize":{"__type__":"cc.Size","width":22,"height":51},"_scaleX":1.47,"_scaleY":1.47,"_position":{"__type__":"cc.Vec2","x":19.2,"y":-11.9}}]]