[{"__type__":"cc.AnimationClip","_name":"chanzi_xiaoshi","_duration":1,"wrapMode":2,"curveData":{"paths":{"star":{"comps":{"cc.Sprite":{"spriteFrame":[{"frame":0,"value":{"__uuid__":"8bn4azKAhCEKX0N4wGq3LD"}}]}},"props":{"scaleX":[{"frame":0,"value":1},{"frame":0.5,"value":0.925},{"frame":1,"value":1}],"scaleY":[{"frame":0,"value":1},{"frame":0.5,"value":0.925},{"frame":1,"value":1}],"opacity":[{"frame":0,"value":50},{"frame":0.5,"value":150},{"frame":1,"value":50}]}},"quan":{"props":{"scaleX":[{"frame":0,"value":1},{"frame":0.5,"value":0.95},{"frame":1,"value":1}],"scaleY":[{"frame":0,"value":1},{"frame":0.5,"value":0.95},{"frame":1,"value":1}],"opacity":[{"frame":0,"value":50},{"frame":0.5166666666666667,"value":150},{"frame":1,"value":50}]}}}}},{"__type__":"cc.SpriteFrame","content":{"name":"chaiqiang_01","texture":"20wkx7r05LO5L2PvQg5zW3","rect":[44,1308,39,67],"offset":[0,0],"originalSize":[39,67]}}]