[[{"__type__":"cc.Prefab","_name":"dianji","data":{"__id__":1},"asyncLoadAssets":false},{"__type__":"cc.Node","_name":"dianji","_children":[{"__id__":2},{"__id__":3}],"_components":[{"__type__":"cc.Animation","node":{"__id__":1},"_clips":[{"__uuid__":"c4CWEppnZHOJtcFM/R/rWj"}]}],"_prefab":{"__type__":"cc.PrefabInfo","root":{"__id__":1},"asset":{"__uuid__":"762nQeXMpOTIIFK5zwFsD/"},"fileId":"21+nr4/hVEaJPUOUjrcnnt"}},{"__type__":"cc.Node","_name":"gh","_parent":{"__id__":1},"_components":[{"__type__":"cc.Sprite","node":{"__id__":2},"_spriteFrame":{"__uuid__":"e2XSAED0pDkbINuffYEcKe"}}],"_prefab":{"__type__":"cc.PrefabInfo","root":{"__id__":1},"asset":{"__uuid__":"762nQeXMpOTIIFK5zwFsD/"},"fileId":"d0mq5OuldIOrhnuqbEYjF3"},"_contentSize":{"__type__":"cc.Size","width":98,"height":98}},{"__type__":"cc.Node","_name":"gh2","_parent":{"__id__":1},"_components":[{"__type__":"cc.Sprite","node":{"__id__":3},"_spriteFrame":{"__uuid__":"e2XSAED0pDkbINuffYEcKe"}}],"_prefab":{"__type__":"cc.PrefabInfo","root":{"__id__":1},"asset":{"__uuid__":"762nQeXMpOTIIFK5zwFsD/"},"fileId":"3fO092u01JxLVdZz1EmceI"},"_contentSize":{"__type__":"cc.Size","width":98,"height":98}}],{"__type__":"cc.SpriteFrame","content":{"name":"shouji16","texture":"20wkx7r05LO5L2PvQg5zW3","rect":[831,901,98,98],"offset":[0,0],"originalSize":[100,100]}}]