[{"__type__":"cc.SpriteFrame","content":{"name":"tk__0008","texture":"20wkx7r05LO5L2PvQg5zW3","rect":[958,73,62,64],"offset":[-1,0],"originalSize":[64,64]}},{"__type__":"cc.SpriteFrame","content":{"name":"_0016_jindutiaojianbian","texture":"20wkx7r05LO5L2PvQg5zW3","rect":[739,958,90,16],"offset":[0,0],"originalSize":[90,16],"capInsets":[6,0,5,0]}},[{"__type__":"cc.Prefab","_name":"xiangzi_M","data":{"__id__":1},"asyncLoadAssets":false},{"__type__":"cc.Node","_name":"xiangzi_M","_children":[{"__id__":2},{"__id__":3},{"__id__":4},{"__id__":6},{"__id__":7}],"_components":[{"__type__":"cc.Animation","node":{"__id__":1},"_defaultClip":{"__uuid__":"fcztdys9NCm7EfwVhtIVCe"},"_clips":[{"__uuid__":"fcztdys9NCm7EfwVhtIVCe"}]},{"__type__":"bed2a3yMnxLbbRf1xQnc9+P","node":{"__id__":1},"SpAtlas":{"__uuid__":"49hgYBWs5C0osUMDkiP1E1"},"EntityType":18,"DeadPrefab":{"__uuid__":"a2kGB4MHVOibHHcLb48zt6"},"Body":{"__id__":4},"dieAnimationClip":"xiangzi_die","MyCollider":{"__id__":12},"LeftHPnode":{"__id__":8},"HPnode":{"__id__":7},"SpriteBox":{"__id__":5}},{"__id__":12}],"_prefab":{"__type__":"cc.PrefabInfo","root":{"__id__":1},"asset":{"__uuid__":"46xCxilDhOmJITXgyfKvvz"},"fileId":"29oeKaSTVLTbeorcYqUmj5"},"groupIndex":9},{"__type__":"cc.Node","_name":"New Sprite","_parent":{"__id__":1},"_components":[{"__type__":"cc.Sprite","node":{"__id__":2},"_spriteFrame":{"__uuid__":"ddInceMQZPGZHr+bOYXl8z"}}],"_prefab":{"__type__":"cc.PrefabInfo","root":{"__id__":1},"asset":{"__uuid__":"46xCxilDhOmJITXgyfKvvz"},"fileId":"e5v267Um1FoIoX1/Hj+Go+"},"_opacity":0,"_color":{"__type__":"cc.Color","r":255},"_contentSize":{"__type__":"cc.Size","width":18,"height":54}},{"__type__":"cc.Node","_name":"New Sprite1","_parent":{"__id__":1},"_components":[{"__type__":"cc.Sprite","node":{"__id__":3},"_spriteFrame":{"__uuid__":"d3hvGWVS9EXrV2d2qB4iIj"}}],"_prefab":{"__type__":"cc.PrefabInfo","root":{"__id__":1},"asset":{"__uuid__":"46xCxilDhOmJITXgyfKvvz"},"fileId":"9d4fm0JblJVbNTKTV/sDJb"},"_opacity":0,"_color":{"__type__":"cc.Color","r":255},"_contentSize":{"__type__":"cc.Size","width":144,"height":144},"_rotationX":450,"_rotationY":450},{"__type__":"cc.Node","_name":"xiangzi","_parent":{"__id__":1},"_components":[{"__id__":5}],"_prefab":{"__type__":"cc.PrefabInfo","root":{"__id__":1},"asset":{"__uuid__":"46xCxilDhOmJITXgyfKvvz"},"fileId":"37F/nVbPBP5Z9QnLmFMyjk"},"_contentSize":{"__type__":"cc.Size","width":110,"height":110},"_scaleX":0.67,"_scaleY":0.67},{"__type__":"cc.Sprite","node":{"__id__":4},"_spriteFrame":{"__uuid__":"80VX8eIJtP/bdYtT82o0ZB"}},{"__type__":"cc.Node","_name":"quan3","_parent":{"__id__":1},"_components":[{"__type__":"cc.Sprite","node":{"__id__":6},"_spriteFrame":{"__uuid__":"09tpKjMpVA3Zv4JLwA2fZu"}}],"_prefab":{"__type__":"cc.PrefabInfo","root":{"__id__":1},"asset":{"__uuid__":"46xCxilDhOmJITXgyfKvvz"},"fileId":"c5Pis41a5Cub7iZiFWrYEt"},"_opacity":0,"_contentSize":{"__type__":"cc.Size","width":62,"height":64},"_scaleX":3.2893442622950824,"_scaleY":3.2893442622950824,"_position":{"__type__":"cc.Vec2","x":-7,"y":-4}},{"__type__":"cc.Node","_name":"BlueHPBg","_parent":{"__id__":1},"_children":[{"__id__":8},{"__id__":9},{"__id__":10},{"__id__":11}],"_components":[{"__type__":"cc.Sprite","node":{"__id__":7},"_spriteFrame":{"__uuid__":"84oa/IQ/NAH5H2pPdK4Ehi"},"_sizeMode":0}],"_prefab":{"__type__":"cc.PrefabInfo","root":{"__id__":1},"asset":{"__uuid__":"46xCxilDhOmJITXgyfKvvz"},"fileId":"63YWjrEvtEXY2NyDhR0+Ba"},"_contentSize":{"__type__":"cc.Size","width":102,"height":18},"_scaleX":0,"_scaleY":0,"_position":{"__type__":"cc.Vec2","y":61},"groupIndex":8},{"__type__":"cc.Node","_name":"Left","_parent":{"__id__":7},"_components":[{"__type__":"cc.Sprite","node":{"__id__":8},"_spriteFrame":{"__uuid__":"21Jto3bLtH0o6JMo2+Ch0H"},"_type":3,"_sizeMode":0,"_fillRange":1}],"_prefab":{"__type__":"cc.PrefabInfo","root":{"__id__":1},"asset":{"__uuid__":"46xCxilDhOmJITXgyfKvvz"},"fileId":"e4/adYR9JOjqGouej3YuFW"},"_anchorPoint":{"__type__":"cc.Vec2","y":0.5},"_contentSize":{"__type__":"cc.Size","width":96,"height":12},"_position":{"__type__":"cc.Vec2","x":-48}},{"__type__":"cc.Node","_name":"line","_parent":{"__id__":7},"_components":[{"__type__":"cc.Sprite","node":{"__id__":9},"_spriteFrame":{"__uuid__":"e0Fev8ANJIKKn4Z1OaMcay"}}],"_prefab":{"__type__":"cc.PrefabInfo","root":{"__id__":1},"asset":{"__uuid__":"46xCxilDhOmJITXgyfKvvz"},"fileId":"a77MPHoD9E/or/Dx5J5iUD"},"_contentSize":{"__type__":"cc.Size","width":8,"height":16},"_position":{"__type__":"cc.Vec2","x":26}},{"__type__":"cc.Node","_name":"line","_parent":{"__id__":7},"_components":[{"__type__":"cc.Sprite","node":{"__id__":10},"_spriteFrame":{"__uuid__":"e0Fev8ANJIKKn4Z1OaMcay"}}],"_prefab":{"__type__":"cc.PrefabInfo","root":{"__id__":1},"asset":{"__uuid__":"46xCxilDhOmJITXgyfKvvz"},"fileId":"2dBLjTp3FG5YiJTYU8lP06"},"_contentSize":{"__type__":"cc.Size","width":8,"height":16},"_position":{"__type__":"cc.Vec2","x":1}},{"__type__":"cc.Node","_name":"line","_parent":{"__id__":7},"_components":[{"__type__":"cc.Sprite","node":{"__id__":11},"_spriteFrame":{"__uuid__":"e0Fev8ANJIKKn4Z1OaMcay"}}],"_prefab":{"__type__":"cc.PrefabInfo","root":{"__id__":1},"asset":{"__uuid__":"46xCxilDhOmJITXgyfKvvz"},"fileId":"f2WB2swsdJA4d+LoI9UPYC"},"_contentSize":{"__type__":"cc.Size","width":8,"height":16},"_position":{"__type__":"cc.Vec2","x":-25}},{"__type__":"cc.BoxCollider","node":{"__id__":1},"_size":{"__type__":"cc.Size","width":75,"height":75}}],{"__type__":"cc.SpriteFrame","content":{"name":"xiangzi","texture":"20wkx7r05LO5L2PvQg5zW3","rect":[3,846,110,110],"offset":[0,0],"originalSize":[110,110]}},{"__type__":"cc.SpriteFrame","content":{"name":"_0017_jindutiaoditu","texture":"20wkx7r05LO5L2PvQg5zW3","rect":[624,1032,94,20],"offset":[0,0],"originalSize":[94,20],"capInsets":[17,0,17,0]}},{"__type__":"cc.SpriteFrame","content":{"name":"shouji13","texture":"20wkx7r05LO5L2PvQg5zW3","rect":[164,221,144,144],"offset":[0,0],"originalSize":[144,144]}},{"__type__":"cc.SpriteFrame","content":{"name":"shouji18","texture":"20wkx7r05LO5L2PvQg5zW3","rect":[143,575,18,54],"offset":[-1,-1],"originalSize":[32,64]}},{"__type__":"cc.SpriteFrame","content":{"name":"line","texture":"20wkx7r05LO5L2PvQg5zW3","rect":[647,644,8,16],"offset":[0,0],"originalSize":[8,16]}},{"__type__":"cc.AnimationClip","_name":"xiangzi_M","_duration":1.9833333333333334,"curveData":{"paths":{"quan3":{"props":{"opacity":[{"frame":1.2333333333333334,"value":0},{"frame":1.2833333333333334,"value":255},{"frame":1.9833333333333334,"value":0}],"scaleX":[{"frame":1.2333333333333334,"value":1.33},{"frame":1.2833333333333334,"value":2.89},{"frame":1.9833333333333334,"value":3.2893442622950824}],"scaleY":[{"frame":1.2333333333333334,"value":1.33},{"frame":1.2833333333333334,"value":2.89},{"frame":1.9833333333333334,"value":3.2893442622950824}],"y":[{"frame":1.2833333333333334,"value":-4},{"frame":1.3,"value":-4},{"frame":1.4166666666666667,"value":-4}],"x":[{"frame":1.2833333333333334,"value":-7},{"frame":1.3,"value":-7},{"frame":1.4166666666666667,"value":-7}]}},"xiangzi":{"props":{"scaleX":[{"frame":1.0666666666666667,"value":2},{"frame":1.2166666666666666,"value":0.587},{"frame":1.2333333333333334,"value":1.18},{"frame":1.25,"value":0.57},{"frame":1.2833333333333334,"value":0.48},{"frame":1.35,"value":0.67},{"frame":1.4333333333333333,"value":0.67}],"scaleY":[{"frame":1.0666666666666667,"value":2},{"frame":1.2166666666666666,"value":0.587},{"frame":1.2333333333333334,"value":0.29},{"frame":1.25,"value":1.3},{"frame":1.2833333333333334,"value":0.92},{"frame":1.35,"value":0.6},{"frame":1.4333333333333333,"value":0.67}],"opacity":[{"frame":1.0666666666666667,"value":0},{"frame":1.0833333333333333,"value":40},{"frame":1.2333333333333334,"value":255}],"y":[{"frame":1.0666666666666667,"value":302},{"frame":1.1833333333333333,"value":172},{"frame":1.2333333333333334,"value":-35},{"frame":1.25,"value":40},{"frame":1.35,"value":-8},{"frame":1.4333333333333333,"value":0}],"rotation":[{"frame":1.2,"value":0},{"frame":1.2333333333333334,"value":-8},{"frame":1.2833333333333334,"value":9},{"frame":1.3666666666666667,"value":0}]}},"New Sprite1":{"props":{"scaleX":[{"frame":0,"value":1.4},{"frame":1.1166666666666667,"value":1}],"scaleY":[{"frame":0,"value":1.4},{"frame":1.1166666666666667,"value":1}],"opacity":[{"frame":0,"value":0},{"frame":0.05,"value":255},{"frame":1.0666666666666667,"value":51.26953125},{"frame":1.1166666666666667,"value":41.25},{"frame":1.2833333333333334,"value":0}],"rotation":[{"frame":0,"value":0},{"frame":0.9166666666666666,"value":460},{"frame":0.9833333333333333,"value":440},{"frame":1.0666666666666667,"value":450}]}},"New Sprite":{"props":{"scaleY":[{"frame":0,"value":1.51},{"frame":1.1166666666666667,"value":1}],"scaleX":[{"frame":0,"value":1.51},{"frame":1.1166666666666667,"value":1}],"opacity":[{"frame":0,"value":0},{"frame":0.06666666666666667,"value":255},{"frame":1.1166666666666667,"value":255},{"frame":1.2833333333333334,"value":0}]}}}},"events":[{"frame":0.16666666666666666,"func":"","params":[]}]}]