[{"__type__":"cc.SpriteFrame","content":{"name":"tuowei_04","texture":"20wkx7r05LO5L2PvQg5zW3","rect":[307,526,18,20],"offset":[0,3],"originalSize":[32,32]}},{"__type__":"cc.SpriteFrame","content":{"name":"tuowei_01","texture":"20wkx7r05LO5L2PvQg5zW3","rect":[307,402,26,18],"offset":[1,7],"originalSize":[32,32]}},{"__type__":"cc.SpriteFrame","content":{"name":"tuowei_03","texture":"20wkx7r05LO5L2PvQg5zW3","rect":[143,469,20,28],"offset":[0,2],"originalSize":[32,32]}},{"__type__":"cc.AnimationClip","_name":"T_guiji","_duration":0.5666666666666667,"sample":30,"wrapMode":2,"curveData":{"paths":{"tuowei1":{"comps":{"cc.Sprite":{"spriteFrame":[{"frame":0,"value":{"__uuid__":"2b7YJVl15BQ7hRXFkdTzan"}},{"frame":0.1,"value":{"__uuid__":"edB3rr/TBAfJe80h9zvper"}},{"frame":0.2,"value":{"__uuid__":"5fIYYBbUdAiL/vzVmuBgB/"}},{"frame":0.3,"value":{"__uuid__":"0bDkpoMFlAVrmoqydTCinA"}},{"frame":0.4,"value":{"__uuid__":"e3ebCiCwRL/Kt6V1vUWk98"}}]}},"props":{"opacity":[{"frame":0,"value":32.79999999999999},{"frame":0.1,"value":100},{"frame":0.43333333333333335,"value":100},{"frame":0.5333333333333333,"value":0}]}},"tuowei2":{"comps":{"cc.Sprite":{"spriteFrame":[{"frame":0.06666666666666667,"value":{"__uuid__":"2b7YJVl15BQ7hRXFkdTzan"}},{"frame":0.2,"value":{"__uuid__":"edB3rr/TBAfJe80h9zvper"}},{"frame":0.3333333333333333,"value":{"__uuid__":"5fIYYBbUdAiL/vzVmuBgB/"}},{"frame":0.4,"value":{"__uuid__":"0bDkpoMFlAVrmoqydTCinA"}},{"frame":0.5333333333333333,"value":{"__uuid__":"e3ebCiCwRL/Kt6V1vUWk98"}}]}},"props":{"opacity":[{"frame":0,"value":0},{"frame":0.06666666666666667,"value":100},{"frame":0.4,"value":100},{"frame":0.5333333333333333,"value":0}]}}},"props":{}}},{"__type__":"cc.SpriteFrame","content":{"name":"tuowei_05","texture":"20wkx7r05LO5L2PvQg5zW3","rect":[307,547,12,20],"offset":[-1,6],"originalSize":[32,32]}},{"__type__":"cc.SpriteFrame","content":{"name":"tuowei_02","texture":"20wkx7r05LO5L2PvQg5zW3","rect":[309,298,24,26],"offset":[0,3],"originalSize":[32,32]}}]