[{"__type__":"cc.SpriteFrame","content":{"name":"UI_fire03_6","texture":"20wkx7r05LO5L2PvQg5zW3","rect":[132,794,128,43],"offset":[-7,-6],"originalSize":[152,61]}},[{"__type__":"cc.Prefab","_name":"Fire03_H","data":{"__id__":1},"asyncLoadAssets":false},{"__type__":"cc.Node","_name":"Fire03_H","_children":[{"__id__":2}],"_components":[{"__type__":"5f78867I45Ho4XUIjr0GHcB","node":{"__id__":1},"animationCtrl":{"__id__":11},"positionNode":{"__id__":1}}],"_prefab":{"__type__":"cc.PrefabInfo","root":{"__id__":1},"asset":{"__uuid__":"44Abh1cGBEy4lJuVrm3w8a"},"fileId":"17adSgG1VB+YD/9WjmRaJn"}},{"__type__":"cc.Node","_name":"Fire03UI","_parent":{"__id__":1},"_children":[{"__id__":3},{"__id__":4},{"__id__":5},{"__id__":6},{"__id__":7},{"__id__":8},{"__id__":9},{"__id__":10}],"_components":[{"__id__":11}],"_prefab":{"__type__":"cc.PrefabInfo","root":{"__id__":1},"asset":{"__uuid__":"44Abh1cGBEy4lJuVrm3w8a"},"fileId":"62tmOu3v1LKLZgTI2ISoY2"},"_scaleX":1.3,"_scaleY":1.3,"_position":{"__type__":"cc.Vec2","x":-4,"y":110}},{"__type__":"cc.Node","_name":"1","_parent":{"__id__":2},"_components":[{"__type__":"cc.Sprite","node":{"__id__":3},"_spriteFrame":{"__uuid__":"abA8+eTgVP/YhCBlWJxh45"}}],"_prefab":{"__type__":"cc.PrefabInfo","root":{"__id__":1},"asset":{"__uuid__":"44Abh1cGBEy4lJuVrm3w8a"},"fileId":"c4TMMPrfJDo4JIzSSRZwpw"},"_contentSize":{"__type__":"cc.Size","width":124,"height":47}},{"__type__":"cc.Node","_name":"2","_parent":{"__id__":2},"_components":[{"__type__":"cc.Sprite","node":{"__id__":4},"_spriteFrame":{"__uuid__":"82cK8/s35DnJ+u3LcekwJ3"}}],"_prefab":{"__type__":"cc.PrefabInfo","root":{"__id__":1},"asset":{"__uuid__":"44Abh1cGBEy4lJuVrm3w8a"},"fileId":"c3X02/KnpNHpOdQHjxriJ2"},"_contentSize":{"__type__":"cc.Size","width":130,"height":57}},{"__type__":"cc.Node","_name":"3","_parent":{"__id__":2},"_components":[{"__type__":"cc.Sprite","node":{"__id__":5},"_spriteFrame":{"__uuid__":"66xU5g+xlCIpIHeCptAqoA"}}],"_prefab":{"__type__":"cc.PrefabInfo","root":{"__id__":1},"asset":{"__uuid__":"44Abh1cGBEy4lJuVrm3w8a"},"fileId":"0aP1Hmw2RNv5i20JazGuQn"},"_contentSize":{"__type__":"cc.Size","width":138,"height":57}},{"__type__":"cc.Node","_name":"4","_parent":{"__id__":2},"_components":[{"__type__":"cc.Sprite","node":{"__id__":6},"_spriteFrame":{"__uuid__":"98ayOePlFNl6VaD2cSjdOq"}}],"_prefab":{"__type__":"cc.PrefabInfo","root":{"__id__":1},"asset":{"__uuid__":"44Abh1cGBEy4lJuVrm3w8a"},"fileId":"6efIO+1ARNLLWtUX5H7810"},"_contentSize":{"__type__":"cc.Size","width":140,"height":53}},{"__type__":"cc.Node","_name":"5","_parent":{"__id__":2},"_components":[{"__type__":"cc.Sprite","node":{"__id__":7},"_spriteFrame":{"__uuid__":"56qMQcm21MaII+Dg7xhZGn"}}],"_prefab":{"__type__":"cc.PrefabInfo","root":{"__id__":1},"asset":{"__uuid__":"44Abh1cGBEy4lJuVrm3w8a"},"fileId":"9esa0xJ8BGrqJSp75gSlAa"},"_contentSize":{"__type__":"cc.Size","width":138,"height":47}},{"__type__":"cc.Node","_name":"6","_parent":{"__id__":2},"_components":[{"__type__":"cc.Sprite","node":{"__id__":8},"_spriteFrame":{"__uuid__":"22EK+fe7FDDrDUR43iuCUA"}}],"_prefab":{"__type__":"cc.PrefabInfo","root":{"__id__":1},"asset":{"__uuid__":"44Abh1cGBEy4lJuVrm3w8a"},"fileId":"67Hc1HhtND5aEKWsvLmaNM"},"_contentSize":{"__type__":"cc.Size","width":128,"height":43}},{"__type__":"cc.Node","_name":"7","_parent":{"__id__":2},"_components":[{"__type__":"cc.Sprite","node":{"__id__":9},"_spriteFrame":{"__uuid__":"76nWxgV5ROlKmRk9QnmmAl"}}],"_prefab":{"__type__":"cc.PrefabInfo","root":{"__id__":1},"asset":{"__uuid__":"44Abh1cGBEy4lJuVrm3w8a"},"fileId":"83LiBc4XxA5piWgmn787te"},"_contentSize":{"__type__":"cc.Size","width":134,"height":43},"_position":{"__type__":"cc.Vec2","x":-1,"y":-4}},{"__type__":"cc.Node","_name":"8","_parent":{"__id__":2},"_components":[{"__type__":"cc.Sprite","node":{"__id__":10},"_spriteFrame":{"__uuid__":"6fPQyy6+9GPI+0LUkuxK1k"}}],"_prefab":{"__type__":"cc.PrefabInfo","root":{"__id__":1},"asset":{"__uuid__":"44Abh1cGBEy4lJuVrm3w8a"},"fileId":"5dIzA5NBpDpr3wiVB/d/l+"},"_contentSize":{"__type__":"cc.Size","width":124,"height":41},"_position":{"__type__":"cc.Vec2","x":6,"y":-4}},{"__type__":"cc.Animation","node":{"__id__":2},"_defaultClip":{"__uuid__":"f2bE79UTNP36y7OLeJzN5K"},"_clips":[{"__uuid__":"f2bE79UTNP36y7OLeJzN5K"}]}],{"__type__":"cc.SpriteFrame","content":{"name":"UI_fire03_5","texture":"20wkx7r05LO5L2PvQg5zW3","rect":[469,567,138,47],"offset":[3,-3],"originalSize":[152,61]}},{"__type__":"cc.SpriteFrame","content":{"name":"UI_fire03_3","texture":"20wkx7r05LO5L2PvQg5zW3","rect":[469,509,138,57],"offset":[4,1],"originalSize":[152,61]}},{"__type__":"cc.SpriteFrame","content":{"name":"UI_fire03_8","texture":"20wkx7r05LO5L2PvQg5zW3","rect":[328,802,124,41],"offset":[5,-7],"originalSize":[152,61]}},{"__type__":"cc.SpriteFrame","content":{"name":"UI_fire03_7","texture":"20wkx7r05LO5L2PvQg5zW3","rect":[469,615,134,43],"offset":[-6,-7],"originalSize":[152,61]}},{"__type__":"cc.SpriteFrame","content":{"name":"UI_fire03_2","texture":"20wkx7r05LO5L2PvQg5zW3","rect":[162,607,130,57],"offset":[0,2],"originalSize":[152,61]}},{"__type__":"cc.SpriteFrame","content":{"name":"UI_fire03_4","texture":"20wkx7r05LO5L2PvQg5zW3","rect":[3,382,140,53],"offset":[5,0],"originalSize":[152,61]}},{"__type__":"cc.SpriteFrame","content":{"name":"UI_fire03_1","texture":"20wkx7r05LO5L2PvQg5zW3","rect":[458,788,124,47],"offset":[-2,-4],"originalSize":[152,61]}}]