[[{"__type__":"cc.Prefab","_name":"baohuzhao_M","data":{"__id__":1},"asyncLoadAssets":false},{"__type__":"cc.Node","_name":"baohuzhao_M","_children":[{"__id__":2}],"_components":[{"__id__":3},{"__type__":"5f78867I45Ho4XUIjr0GHcB","node":{"__id__":1},"animationCtrl":{"__id__":3}}],"_prefab":{"__type__":"cc.PrefabInfo","root":{"__id__":1},"asset":{"__uuid__":"00yQHwvKVPlLu1Y2MMLiHM"},"fileId":"49UbAzl0VKXoBKtKYKOxHX"}},{"__type__":"cc.Node","_name":"quan","_parent":{"__id__":1},"_components":[{"__type__":"cc.Sprite","node":{"__id__":2},"_spriteFrame":{"__uuid__":"06cKXD7CFPCIKDSV3WmAkD"}}],"_prefab":{"__type__":"cc.PrefabInfo","root":{"__id__":1},"asset":{"__uuid__":"00yQHwvKVPlLu1Y2MMLiHM"},"fileId":"f5sFbKVI1G4JzS0cfWjh+p"},"_contentSize":{"__type__":"cc.Size","width":84,"height":84},"_scaleX":1.44,"_scaleY":1.44},{"__type__":"cc.Animation","node":{"__id__":1},"_defaultClip":{"__uuid__":"8eRU7+JdFOrovaq/8YxAi9"},"_clips":[{"__uuid__":"03N8Br/45Pqpiv4ZZuOSUJ"}]}],{"__type__":"cc.AnimationClip","_name":"baohuzhao_M","_duration":2,"wrapMode":2,"curveData":{"paths":{"quan":{"props":{"scaleX":[{"frame":0,"value":1.7},{"frame":0.38333333333333336,"value":1.5},{"frame":0.65,"value":1.7},{"frame":1.0666666666666667,"value":1.5},{"frame":1.3333333333333333,"value":1.7},{"frame":1.7166666666666666,"value":1.5},{"frame":2,"value":1.7}],"scaleY":[{"frame":0,"value":1.6},{"frame":0.38333333333333336,"value":1.7},{"frame":0.65,"value":1.6},{"frame":1.0666666666666667,"value":1.7},{"frame":1.3333333333333333,"value":1.6},{"frame":1.7166666666666666,"value":1.7},{"frame":2,"value":1.6}]}}}}},{"__type__":"cc.SpriteFrame","content":{"name":"quan01","texture":"20wkx7r05LO5L2PvQg5zW3","rect":[890,1213,84,84],"offset":[0,0],"originalSize":[100,100]}}]