[[{"__type__":"cc.Prefab","_name":"Tank_LvDai_R","data":{"__id__":1},"asyncLoadAssets":false},{"__type__":"cc.Node","_name":"Tank_LvDai_R","_children":[{"__id__":2}],"_prefab":{"__type__":"cc.PrefabInfo","root":{"__id__":1},"asset":{"__uuid__":"1c1W84T11Lqo5UPKkfVTq4"},"fileId":"9by71xZpFLlJ2EiZNHyaZ0"}},{"__type__":"cc.Node","_name":"Tank_LvDai_Ani","_parent":{"__id__":1},"_children":[{"__id__":3},{"__id__":4},{"__id__":5},{"__id__":6},{"__id__":7},{"__id__":8},{"__id__":9},{"__id__":10}],"_components":[{"__type__":"cc.Animation","node":{"__id__":2},"_defaultClip":{"__uuid__":"6axa+WsclIc4D/Zz/j3Nf8"},"_clips":[{"__uuid__":"6axa+WsclIc4D/Zz/j3Nf8"}],"playOnLoad":true}],"_prefab":{"__type__":"cc.PrefabInfo","root":{"__id__":1},"asset":{"__uuid__":"1c1W84T11Lqo5UPKkfVTq4"},"fileId":"baM7g3M7pEf4AyMONJ8m8C"}},{"__type__":"cc.Node","_name":"Tank_di_G","_parent":{"__id__":2},"_components":[{"__type__":"cc.Sprite","node":{"__id__":3}}],"_prefab":{"__type__":"cc.PrefabInfo","root":{"__id__":1},"asset":{"__uuid__":"1c1W84T11Lqo5UPKkfVTq4"},"fileId":"5bp7kl6bRPba4bjmuW7YCo"},"_contentSize":{"__type__":"cc.Size","width":69,"height":55},"_scaleX":1.0154594999999809,"_position":{"__type__":"cc.Vec2","y":-2.5}},{"__type__":"cc.Node","_name":"Tank_heidi","_parent":{"__id__":2},"_components":[{"__type__":"cc.Sprite","node":{"__id__":4},"_spriteFrame":{"__uuid__":"88MmydYDZHsL/IRggwIY4A"}}],"_prefab":{"__type__":"cc.PrefabInfo","root":{"__id__":1},"asset":{"__uuid__":"1c1W84T11Lqo5UPKkfVTq4"},"fileId":"9aco3nUIhL2o1x1zbno2du"},"_contentSize":{"__type__":"cc.Size","width":65,"height":66}},{"__type__":"cc.Node","_name":"Tank_henxian01","_parent":{"__id__":2},"_components":[{"__type__":"cc.Sprite","node":{"__id__":5},"_spriteFrame":{"__uuid__":"bdbj/6jbBEA7m8y0Fd8K6F"}}],"_prefab":{"__type__":"cc.PrefabInfo","root":{"__id__":1},"asset":{"__uuid__":"1c1W84T11Lqo5UPKkfVTq4"},"fileId":"1fLAMeQAJAPIJ035ADf22K"},"_contentSize":{"__type__":"cc.Size","width":63,"height":3},"_position":{"__type__":"cc.Vec2","y":-12.543337499955266}},{"__type__":"cc.Node","_name":"Tank_henxian02","_parent":{"__id__":2},"_components":[{"__type__":"cc.Sprite","node":{"__id__":6},"_spriteFrame":{"__uuid__":"bdbj/6jbBEA7m8y0Fd8K6F"}}],"_prefab":{"__type__":"cc.PrefabInfo","root":{"__id__":1},"asset":{"__uuid__":"1c1W84T11Lqo5UPKkfVTq4"},"fileId":"f8bIShl8ROp7tgmHvSMorw"},"_contentSize":{"__type__":"cc.Size","width":63,"height":3},"_scaleY":0.9172900000034634,"_position":{"__type__":"cc.Vec2","y":-24.235199999969215}},{"__type__":"cc.Node","_name":"Tank_henxian03","_parent":{"__id__":2},"_components":[{"__type__":"cc.Sprite","node":{"__id__":7},"_spriteFrame":{"__uuid__":"bdbj/6jbBEA7m8y0Fd8K6F"}}],"_prefab":{"__type__":"cc.PrefabInfo","root":{"__id__":1},"asset":{"__uuid__":"1c1W84T11Lqo5UPKkfVTq4"},"fileId":"c3oakZgnBGQaJrz9uNwbRB"},"_contentSize":{"__type__":"cc.Size","width":63,"height":3},"_scaleY":0.1,"_position":{"__type__":"cc.Vec2","y":-14.2930500007331}},{"__type__":"cc.Node","_name":"Tank_henxian04","_parent":{"__id__":2},"_components":[{"__type__":"cc.Sprite","node":{"__id__":8},"_spriteFrame":{"__uuid__":"bdbj/6jbBEA7m8y0Fd8K6F"}}],"_prefab":{"__type__":"cc.PrefabInfo","root":{"__id__":1},"asset":{"__uuid__":"1c1W84T11Lqo5UPKkfVTq4"},"fileId":"5cPnpiUepHKqUprZ2lzipK"},"_contentSize":{"__type__":"cc.Size","width":63,"height":3},"_scaleY":0.7827099999965367,"_position":{"__type__":"cc.Vec2","y":25.428040000032322}},{"__type__":"cc.Node","_name":"Tank_henxian05","_parent":{"__id__":2},"_components":[{"__type__":"cc.Sprite","node":{"__id__":9},"_spriteFrame":{"__uuid__":"bdbj/6jbBEA7m8y0Fd8K6F"}}],"_prefab":{"__type__":"cc.PrefabInfo","root":{"__id__":1},"asset":{"__uuid__":"1c1W84T11Lqo5UPKkfVTq4"},"fileId":"7c9RZig59Ksb3/lPrrKqEu"},"_contentSize":{"__type__":"cc.Size","width":63,"height":3},"_position":{"__type__":"cc.Vec2","y":14.88508916670986}},{"__type__":"cc.Node","_name":"Tank_henxian06","_parent":{"__id__":2},"_components":[{"__type__":"cc.Sprite","node":{"__id__":10},"_spriteFrame":{"__uuid__":"bdbj/6jbBEA7m8y0Fd8K6F"}}],"_prefab":{"__type__":"cc.PrefabInfo","root":{"__id__":1},"asset":{"__uuid__":"1c1W84T11Lqo5UPKkfVTq4"},"fileId":"44qyT4fe5N2qWBK+Tn8JrU"},"_contentSize":{"__type__":"cc.Size","width":63,"height":3},"_position":{"__type__":"cc.Vec2","y":2.24026833337701}}],{"__type__":"cc.SpriteFrame","content":{"name":"Tank_lvdai02","texture":"20wkx7r05LO5L2PvQg5zW3","rect":[165,1101,65,66],"offset":[0,0],"originalSize":[65,66]}},{"__type__":"cc.SpriteFrame","content":{"name":"Tank_lvdai01","texture":"20wkx7r05LO5L2PvQg5zW3","rect":[958,69,63,3],"offset":[0,0],"originalSize":[63,3]}}]