[{"__type__":"cc.SpriteFrame","content":{"name":"NumFnt_0","texture":"30cY9A6KZAL4ICfrChyvll","rect":[0,0,126,59],"offset":[-1,34.5],"originalSize":[128,128]}},{"__type__":"cc.BitmapFont","_name":"NumFnt","spriteFrame":{"__uuid__":"6by8NIXcpABq2EGhjlIIIR"},"fontSize":20,"_fntConfig":{"commonHeight":20,"fontSize":20,"atlasName":"NumFnt_0.png","fontDefDictionary":{"48":{"rect":{"x":0,"y":0,"width":19,"height":40},"xOffset":0,"yOffset":0,"xAdvance":20},"49":{"rect":{"x":80,"y":41,"width":16,"height":40},"xOffset":2,"yOffset":0,"xAdvance":20},"50":{"rect":{"x":20,"y":0,"width":19,"height":40},"xOffset":0,"yOffset":0,"xAdvance":20},"51":{"rect":{"x":40,"y":0,"width":19,"height":40},"xOffset":0,"yOffset":0,"xAdvance":20},"52":{"rect":{"x":60,"y":0,"width":19,"height":40},"xOffset":0,"yOffset":0,"xAdvance":20},"53":{"rect":{"x":80,"y":0,"width":19,"height":40},"xOffset":0,"yOffset":0,"xAdvance":20},"54":{"rect":{"x":100,"y":0,"width":19,"height":40},"xOffset":0,"yOffset":0,"xAdvance":20},"55":{"rect":{"x":0,"y":41,"width":19,"height":40},"xOffset":0,"yOffset":0,"xAdvance":20},"56":{"rect":{"x":20,"y":41,"width":19,"height":40},"xOffset":0,"yOffset":0,"xAdvance":20},"57":{"rect":{"x":40,"y":41,"width":19,"height":40},"xOffset":0,"yOffset":0,"xAdvance":20},"58":{"rect":{"x":120,"y":0,"width":6,"height":40},"xOffset":4,"yOffset":0,"xAdvance":20},"120":{"rect":{"x":60,"y":41,"width":19,"height":40},"xOffset":0,"yOffset":0,"xAdvance":20}},"kerningDict":{}}}]