[{"__type__":"cc.SpriteFrame","content":{"name":"tk__0008","texture":"20wkx7r05LO5L2PvQg5zW3","rect":[958,73,62,64],"offset":[-1,0],"originalSize":[64,64]}},[{"__type__":"cc.Prefab","_name":"xiangzi_H","data":{"__id__":1},"asyncLoadAssets":false},{"__type__":"cc.Node","_name":"xiangzi_H","_children":[{"__id__":2},{"__id__":3},{"__id__":4},{"__id__":5},{"__id__":6},{"__id__":8},{"__id__":9},{"__id__":10},{"__id__":11},{"__id__":12},{"__id__":13}],"_components":[{"__type__":"cc.Animation","node":{"__id__":1},"_defaultClip":{"__uuid__":"e4sb9T7mZGi74X1ThAPsxO"},"_clips":[{"__uuid__":"e4sb9T7mZGi74X1ThAPsxO"}]},{"__type__":"bed2a3yMnxLbbRf1xQnc9+P","node":{"__id__":1},"SpAtlas":{"__uuid__":"49hgYBWs5C0osUMDkiP1E1"},"EntityType":18,"DeadPrefab":{"__uuid__":"a2kGB4MHVOibHHcLb48zt6"},"DeadPrefabName":"xiangzi_die_H","Body":{"__id__":6},"dieAnimationClip":"xiangzi_die","MyCollider":{"__id__":18},"LeftHPnode":{"__id__":14},"HPnode":{"__id__":13},"SpriteBox":{"__id__":7}},{"__id__":18}],"_prefab":{"__type__":"cc.PrefabInfo","root":{"__id__":1},"asset":{"__uuid__":"13EGop0otEob0sC3niEqmh"},"fileId":"34zg9fnKtFaaQZK8iX+P9v"},"groupIndex":9},{"__type__":"cc.Node","_name":"New Sprite","_parent":{"__id__":1},"_components":[{"__type__":"cc.Sprite","node":{"__id__":2},"_spriteFrame":{"__uuid__":"ddInceMQZPGZHr+bOYXl8z"}}],"_prefab":{"__type__":"cc.PrefabInfo","root":{"__id__":1},"asset":{"__uuid__":"13EGop0otEob0sC3niEqmh"},"fileId":"33FIxMwxBCcLM7TcUyBiA0"},"_opacity":0,"_color":{"__type__":"cc.Color","r":255},"_contentSize":{"__type__":"cc.Size","width":18,"height":54}},{"__type__":"cc.Node","_name":"New Sprite1","_parent":{"__id__":1},"_components":[{"__type__":"cc.Sprite","node":{"__id__":3},"_spriteFrame":{"__uuid__":"d3hvGWVS9EXrV2d2qB4iIj"}}],"_prefab":{"__type__":"cc.PrefabInfo","root":{"__id__":1},"asset":{"__uuid__":"13EGop0otEob0sC3niEqmh"},"fileId":"1aOJWmELlDY5Hetni96iwK"},"_opacity":0,"_color":{"__type__":"cc.Color","r":255},"_contentSize":{"__type__":"cc.Size","width":144,"height":144},"_rotationX":450,"_rotationY":450},{"__type__":"cc.Node","_name":"New Sprite2","_parent":{"__id__":1},"_components":[{"__type__":"cc.Sprite","node":{"__id__":4},"_spriteFrame":{"__uuid__":"d3hvGWVS9EXrV2d2qB4iIj"}}],"_prefab":{"__type__":"cc.PrefabInfo","root":{"__id__":1},"asset":{"__uuid__":"13EGop0otEob0sC3niEqmh"},"fileId":"17nIzCKttK178MxyDE3ure"},"_opacity":0,"_color":{"__type__":"cc.Color","r":255},"_contentSize":{"__type__":"cc.Size","width":144,"height":144}},{"__type__":"cc.Node","_name":"quan5","_parent":{"__id__":1},"_components":[{"__type__":"cc.Sprite","node":{"__id__":5},"_spriteFrame":{"__uuid__":"ecpbvCTfZIs4YErQXDANEy"}}],"_prefab":{"__type__":"cc.PrefabInfo","root":{"__id__":1},"asset":{"__uuid__":"13EGop0otEob0sC3niEqmh"},"fileId":"80Q+glr/tAt5KWKgrhWAT3"},"_opacity":0,"_color":{"__type__":"cc.Color","r":255,"g":252,"b":171},"_contentSize":{"__type__":"cc.Size","width":128,"height":128},"_scaleX":2.08,"_scaleY":2.08,"_position":{"__type__":"cc.Vec2","x":-8,"y":-6}},{"__type__":"cc.Node","_name":"xiangzi","_parent":{"__id__":1},"_components":[{"__id__":7}],"_prefab":{"__type__":"cc.PrefabInfo","root":{"__id__":1},"asset":{"__uuid__":"13EGop0otEob0sC3niEqmh"},"fileId":"a6yu2HPmlPP4oYkqr1C9xW"},"_contentSize":{"__type__":"cc.Size","width":110,"height":110},"_scaleX":0.67,"_scaleY":0.67},{"__type__":"cc.Sprite","node":{"__id__":6},"_spriteFrame":{"__uuid__":"80VX8eIJtP/bdYtT82o0ZB"}},{"__type__":"cc.Node","_name":"quan2","_parent":{"__id__":1},"_components":[{"__type__":"cc.Sprite","node":{"__id__":8},"_spriteFrame":{"__uuid__":"5fhu1h86VFbZ2CRJqTBJcx"}}],"_prefab":{"__type__":"cc.PrefabInfo","root":{"__id__":1},"asset":{"__uuid__":"13EGop0otEob0sC3niEqmh"},"fileId":"15caSvVOBPAZR/nYnw5yew"},"_opacity":0,"_contentSize":{"__type__":"cc.Size","width":128,"height":128},"_scaleX":1.57,"_scaleY":1.57},{"__type__":"cc.Node","_name":"quan3","_parent":{"__id__":1},"_components":[{"__type__":"cc.Sprite","node":{"__id__":9},"_spriteFrame":{"__uuid__":"09tpKjMpVA3Zv4JLwA2fZu"}}],"_prefab":{"__type__":"cc.PrefabInfo","root":{"__id__":1},"asset":{"__uuid__":"13EGop0otEob0sC3niEqmh"},"fileId":"dd3Qsl9qxC9ZYqY4kZf62x"},"_opacity":16.518983606565342,"_contentSize":{"__type__":"cc.Size","width":62,"height":64},"_scaleX":3.4324274098360474,"_scaleY":3.4324274098360474,"_position":{"__type__":"cc.Vec2","x":-7,"y":-4}},{"__type__":"cc.Node","_name":"wu","_parent":{"__id__":1},"_components":[{"__type__":"cc.Sprite","node":{"__id__":10},"_spriteFrame":{"__uuid__":"79w8FR3rZBcJ9MIicho6dx"}}],"_prefab":{"__type__":"cc.PrefabInfo","root":{"__id__":1},"asset":{"__uuid__":"13EGop0otEob0sC3niEqmh"},"fileId":"99PaF2McNG46HqRchz20OU"},"_opacity":21.490810810815987,"_contentSize":{"__type__":"cc.Size","width":64,"height":62},"_scaleX":2.2976766486486335,"_scaleY":2.2976766486486335,"_position":{"__type__":"cc.Vec2","x":3,"y":18.49564324324288}},{"__type__":"cc.Node","_name":"wu2","_parent":{"__id__":1},"_components":[{"__type__":"cc.Sprite","node":{"__id__":11},"_spriteFrame":{"__uuid__":"79w8FR3rZBcJ9MIicho6dx"}}],"_prefab":{"__type__":"cc.PrefabInfo","root":{"__id__":1},"asset":{"__uuid__":"13EGop0otEob0sC3niEqmh"},"fileId":"29JKe/POJIDpzchlI9UKL2"},"_opacity":28.456190476195005,"_contentSize":{"__type__":"cc.Size","width":64,"height":62},"_scaleX":1.7861752380952198,"_scaleY":1.7861752380952198,"_position":{"__type__":"cc.Vec2","x":-15,"y":7.609679999999619}},{"__type__":"cc.Node","_name":"quan4","_parent":{"__id__":1},"_components":[{"__type__":"cc.Sprite","node":{"__id__":12},"_spriteFrame":{"__uuid__":"aaf+ObgLJOhL7MOzxja6jD"}}],"_prefab":{"__type__":"cc.PrefabInfo","root":{"__id__":1},"asset":{"__uuid__":"13EGop0otEob0sC3niEqmh"},"fileId":"3bxtcLb1lHwJMmlMVtZgyc"},"_opacity":0,"_contentSize":{"__type__":"cc.Size","width":122,"height":122},"_scaleX":2.46,"_scaleY":2.46},{"__type__":"cc.Node","_name":"BlueHPBg","_parent":{"__id__":1},"_children":[{"__id__":14},{"__id__":15},{"__id__":16},{"__id__":17}],"_components":[{"__type__":"cc.Sprite","node":{"__id__":13},"_spriteFrame":{"__uuid__":"84oa/IQ/NAH5H2pPdK4Ehi"},"_sizeMode":0}],"_prefab":{"__type__":"cc.PrefabInfo","root":{"__id__":1},"asset":{"__uuid__":"13EGop0otEob0sC3niEqmh"},"fileId":"59WUrSWcJO/IUk9JWv/taQ"},"_contentSize":{"__type__":"cc.Size","width":102,"height":18},"_scaleX":0,"_scaleY":0,"_position":{"__type__":"cc.Vec2","y":61},"groupIndex":8},{"__type__":"cc.Node","_name":"Left","_parent":{"__id__":13},"_components":[{"__type__":"cc.Sprite","node":{"__id__":14},"_spriteFrame":{"__uuid__":"21Jto3bLtH0o6JMo2+Ch0H"},"_type":3,"_sizeMode":0,"_fillRange":1}],"_prefab":{"__type__":"cc.PrefabInfo","root":{"__id__":1},"asset":{"__uuid__":"13EGop0otEob0sC3niEqmh"},"fileId":"515lFTKvdJFYvxFsTtwCDc"},"_anchorPoint":{"__type__":"cc.Vec2","y":0.5},"_contentSize":{"__type__":"cc.Size","width":96,"height":12},"_position":{"__type__":"cc.Vec2","x":-48}},{"__type__":"cc.Node","_name":"line","_parent":{"__id__":13},"_components":[{"__type__":"cc.Sprite","node":{"__id__":15},"_spriteFrame":{"__uuid__":"e0Fev8ANJIKKn4Z1OaMcay"}}],"_prefab":{"__type__":"cc.PrefabInfo","root":{"__id__":1},"asset":{"__uuid__":"13EGop0otEob0sC3niEqmh"},"fileId":"fasnrEEwJMUJfgc31lPgqH"},"_contentSize":{"__type__":"cc.Size","width":8,"height":16},"_position":{"__type__":"cc.Vec2","x":26}},{"__type__":"cc.Node","_name":"line","_parent":{"__id__":13},"_components":[{"__type__":"cc.Sprite","node":{"__id__":16},"_spriteFrame":{"__uuid__":"e0Fev8ANJIKKn4Z1OaMcay"}}],"_prefab":{"__type__":"cc.PrefabInfo","root":{"__id__":1},"asset":{"__uuid__":"13EGop0otEob0sC3niEqmh"},"fileId":"26DI87zGRFMZTRrL9DRuDO"},"_contentSize":{"__type__":"cc.Size","width":8,"height":16},"_position":{"__type__":"cc.Vec2","x":1}},{"__type__":"cc.Node","_name":"line","_parent":{"__id__":13},"_components":[{"__type__":"cc.Sprite","node":{"__id__":17},"_spriteFrame":{"__uuid__":"e0Fev8ANJIKKn4Z1OaMcay"}}],"_prefab":{"__type__":"cc.PrefabInfo","root":{"__id__":1},"asset":{"__uuid__":"13EGop0otEob0sC3niEqmh"},"fileId":"7c/+m643JM94hpq1VjJuwK"},"_contentSize":{"__type__":"cc.Size","width":8,"height":16},"_position":{"__type__":"cc.Vec2","x":-25}},{"__type__":"cc.BoxCollider","node":{"__id__":1},"_size":{"__type__":"cc.Size","width":75,"height":75}}],{"__type__":"cc.SpriteFrame","content":{"name":"_0016_jindutiaojianbian","texture":"20wkx7r05LO5L2PvQg5zW3","rect":[739,958,90,16],"offset":[0,0],"originalSize":[90,16],"capInsets":[6,0,5,0]}},{"__type__":"cc.SpriteFrame","content":{"name":"yanchen_c03","texture":"20wkx7r05LO5L2PvQg5zW3","rect":[458,659,128,128],"offset":[0,0],"originalSize":[128,128]}},{"__type__":"cc.SpriteFrame","content":{"name":"shouji12","texture":"20wkx7r05LO5L2PvQg5zW3","rect":[190,961,64,62],"offset":[0,0],"originalSize":[64,64]}},{"__type__":"cc.SpriteFrame","content":{"name":"xiangzi","texture":"20wkx7r05LO5L2PvQg5zW3","rect":[3,846,110,110],"offset":[0,0],"originalSize":[110,110]}},{"__type__":"cc.SpriteFrame","content":{"name":"_0017_jindutiaoditu","texture":"20wkx7r05LO5L2PvQg5zW3","rect":[624,1032,94,20],"offset":[0,0],"originalSize":[94,20],"capInsets":[17,0,17,0]}},{"__type__":"cc.SpriteFrame","content":{"name":"ring01","texture":"20wkx7r05LO5L2PvQg5zW3","rect":[132,838,122,122],"offset":[0,0],"originalSize":[128,128]}},{"__type__":"cc.SpriteFrame","content":{"name":"shouji13","texture":"20wkx7r05LO5L2PvQg5zW3","rect":[164,221,144,144],"offset":[0,0],"originalSize":[144,144]}},{"__type__":"cc.SpriteFrame","content":{"name":"shouji18","texture":"20wkx7r05LO5L2PvQg5zW3","rect":[143,575,18,54],"offset":[-1,-1],"originalSize":[32,64]}},{"__type__":"cc.SpriteFrame","content":{"name":"line","texture":"20wkx7r05LO5L2PvQg5zW3","rect":[647,644,8,16],"offset":[0,0],"originalSize":[8,16]}},{"__type__":"cc.AnimationClip","_name":"xiangzi_H","_duration":2.433333333333333,"curveData":{"paths":{"quan3":{"props":{"opacity":[{"frame":1.2333333333333334,"value":0},{"frame":1.2833333333333334,"value":255},{"frame":1.9833333333333334,"value":0}],"scaleX":[{"frame":1.2333333333333334,"value":1.33},{"frame":1.2833333333333334,"value":2.89},{"frame":1.9833333333333334,"value":3.2893442622950824}],"scaleY":[{"frame":1.2333333333333334,"value":1.33},{"frame":1.2833333333333334,"value":2.89},{"frame":1.9833333333333334,"value":3.2893442622950824}],"y":[{"frame":1.2833333333333334,"value":-4},{"frame":1.3,"value":-4},{"frame":1.4166666666666667,"value":-4}],"x":[{"frame":1.2833333333333334,"value":-7},{"frame":1.3,"value":-7},{"frame":1.4166666666666667,"value":-7}]}},"quan2":{"props":{"scaleX":[{"frame":1.2333333333333334,"value":0.36},{"frame":1.2833333333333334,"value":1.04},{"frame":1.3333333333333333,"value":1.57}],"scaleY":[{"frame":1.2333333333333334,"value":0.36},{"frame":1.2833333333333334,"value":1.04},{"frame":1.3333333333333333,"value":1.57}],"opacity":[{"frame":1.2166666666666666,"value":0},{"frame":1.2833333333333334,"value":255},{"frame":1.3333333333333333,"value":0}]}},"wu":{"props":{"opacity":[{"frame":1.2666666666666666,"value":0},{"frame":1.75,"value":100},{"frame":2.3666666666666667,"value":0}],"x":[{"frame":1.2666666666666666,"value":3},{"frame":1.75,"value":3},{"frame":2.3666666666666667,"value":3}],"y":[{"frame":1.2666666666666666,"value":0},{"frame":1.75,"value":13},{"frame":2.3666666666666667,"value":20}],"scaleX":[{"frame":1.2666666666666666,"value":1.77},{"frame":1.4333333333333333,"value":1.9063636363636363},{"frame":1.75,"value":2.07},{"frame":2.3666666666666667,"value":2.36}],"scaleY":[{"frame":1.2666666666666666,"value":1.77},{"frame":1.4333333333333333,"value":1.9063636363636363},{"frame":1.75,"value":2.07},{"frame":2.3666666666666667,"value":2.36}]}},"wu2":{"props":{"opacity":[{"frame":1.3166666666666667,"value":0},{"frame":1.7333333333333334,"value":100},{"frame":2.433333333333333,"value":0}],"scaleY":[{"frame":1.35,"value":1.13},{"frame":1.7333333333333334,"value":1.5},{"frame":2.433333333333333,"value":1.9}],"scaleX":[{"frame":1.35,"value":1.13},{"frame":1.7333333333333334,"value":1.5},{"frame":2.433333333333333,"value":1.9}],"x":[{"frame":1.35,"value":-15},{"frame":2.433333333333333,"value":-15}],"y":[{"frame":1.35,"value":-3},{"frame":2.433333333333333,"value":10}]}},"quan4":{"props":{"scaleX":[{"frame":1.2166666666666666,"value":0.65},{"frame":1.2666666666666666,"value":2.13},{"frame":1.4666666666666666,"value":2.46}],"scaleY":[{"frame":1.2166666666666666,"value":0.65},{"frame":1.2666666666666666,"value":2.13},{"frame":1.4666666666666666,"value":2.46}],"opacity":[{"frame":1.2,"value":0},{"frame":1.2333333333333334,"value":255},{"frame":1.2666666666666666,"value":255},{"frame":1.4666666666666666,"value":0}]}},"xiangzi":{"props":{"scaleX":[{"frame":1.0666666666666667,"value":2},{"frame":1.2166666666666666,"value":0.587},{"frame":1.2333333333333334,"value":1.18},{"frame":1.25,"value":0.57},{"frame":1.2833333333333334,"value":0.48},{"frame":1.35,"value":0.67},{"frame":1.4333333333333333,"value":0.67}],"scaleY":[{"frame":1.0666666666666667,"value":2},{"frame":1.2166666666666666,"value":0.587},{"frame":1.2333333333333334,"value":0.29},{"frame":1.25,"value":1.3},{"frame":1.2833333333333334,"value":0.92},{"frame":1.35,"value":0.6},{"frame":1.4333333333333333,"value":0.67}],"opacity":[{"frame":1.0666666666666667,"value":0},{"frame":1.0833333333333333,"value":40},{"frame":1.2333333333333334,"value":255}],"y":[{"frame":1.0666666666666667,"value":302},{"frame":1.1833333333333333,"value":172},{"frame":1.2333333333333334,"value":-35},{"frame":1.25,"value":40},{"frame":1.35,"value":-8},{"frame":1.4333333333333333,"value":0}],"rotation":[{"frame":1.2,"value":0},{"frame":1.2333333333333334,"value":-8},{"frame":1.2833333333333334,"value":9},{"frame":1.3666666666666667,"value":0}]}},"quan5":{"props":{"scaleX":[{"frame":1.25,"value":1.61},{"frame":1.3,"value":1.86},{"frame":2.216666666666667,"value":2.08}],"scaleY":[{"frame":1.25,"value":1.61},{"frame":1.3,"value":1.86},{"frame":2.216666666666667,"value":2.08}],"opacity":[{"frame":1.2333333333333334,"value":0},{"frame":1.2666666666666666,"value":255},{"frame":1.4333333333333333,"value":255},{"frame":2.216666666666667,"value":0}]}},"New Sprite1":{"props":{"scaleX":[{"frame":0,"value":1.4},{"frame":1.1166666666666667,"value":1}],"scaleY":[{"frame":0,"value":1.4},{"frame":1.1166666666666667,"value":1}],"opacity":[{"frame":0,"value":0},{"frame":0.05,"value":255},{"frame":1.0666666666666667,"value":51.26953125},{"frame":1.1166666666666667,"value":41.25},{"frame":1.2833333333333334,"value":0}],"rotation":[{"frame":0,"value":0},{"frame":0.9166666666666666,"value":460},{"frame":0.9833333333333333,"value":440},{"frame":1.0666666666666667,"value":450}]}},"New Sprite":{"props":{"scaleY":[{"frame":0,"value":1.51},{"frame":1.1166666666666667,"value":1}],"scaleX":[{"frame":0,"value":1.51},{"frame":1.1166666666666667,"value":1}],"opacity":[{"frame":0,"value":0},{"frame":0.06666666666666667,"value":255},{"frame":1.1166666666666667,"value":255},{"frame":1.2833333333333334,"value":0}]}},"New Sprite2":{"props":{"opacity":[{"frame":0,"value":0},{"frame":0.16666666666666666,"value":60},{"frame":1.2,"value":30},{"frame":1.3833333333333333,"value":0}]}}}},"events":[{"frame":0.16666666666666666,"func":"","params":[]}]},{"__type__":"cc.SpriteFrame","content":{"name":"light_c01","texture":"20wkx7r05LO5L2PvQg5zW3","rect":[3,717,128,128],"offset":[0,0],"originalSize":[128,128]}}]