[{"__type__":"cc.SpriteFrame","content":{"name":"jiguang04","texture":"20wkx7r05LO5L2PvQg5zW3","rect":[647,689,127,127],"offset":[3,2],"originalSize":[139,139]}},{"__type__":"cc.SpriteFrame","content":{"name":"shikuai_02","texture":"20wkx7r05LO5L2PvQg5zW3","rect":[307,507,22,18],"offset":[-1,1],"originalSize":[32,32]}},{"__type__":"cc.SpriteFrame","content":{"name":"shikuai_03","texture":"20wkx7r05LO5L2PvQg5zW3","rect":[609,360,46,40],"offset":[0,-3],"originalSize":[64,64]}},{"__type__":"cc.SpriteFrame","content":{"name":"quan01","texture":"20wkx7r05LO5L2PvQg5zW3","rect":[890,1213,84,84],"offset":[0,0],"originalSize":[100,100]}},{"__type__":"cc.SpriteFrame","content":{"name":"fanweiquan","texture":"20wkx7r05LO5L2PvQg5zW3","rect":[3,3,330,217],"offset":[0,0],"originalSize":[330,217]}},{"__type__":"cc.SpriteFrame","content":{"name":"tk__0008","texture":"20wkx7r05LO5L2PvQg5zW3","rect":[958,73,62,64],"offset":[-1,0],"originalSize":[64,64]}},{"__type__":"cc.SpriteFrame","content":{"name":"tuowei_04","texture":"20wkx7r05LO5L2PvQg5zW3","rect":[307,526,18,20],"offset":[0,3],"originalSize":[32,32]}},{"__type__":"cc.SpriteFrame","content":{"name":"shouji26","texture":"20wkx7r05LO5L2PvQg5zW3","rect":[106,1011,80,80],"offset":[0,0],"originalSize":[80,80]}},{"__type__":"cc.SpriteFrame","content":{"name":"UI_fire02_7","texture":"20wkx7r05LO5L2PvQg5zW3","rect":[525,1092,93,29],"offset":[-3,-4],"originalSize":[113,45]}},{"__type__":"cc.SpriteFrame","content":{"name":"shouji25","texture":"20wkx7r05LO5L2PvQg5zW3","rect":[927,1009,94,94],"offset":[0,0],"originalSize":[94,94]}},{"__type__":"cc.SpriteFrame","content":{"name":"UI_fire02_8","texture":"20wkx7r05LO5L2PvQg5zW3","rect":[739,992,89,35],"offset":[-2,-2],"originalSize":[113,45]}},{"__type__":"cc.SpriteFrame","content":{"name":"shouji17","texture":"20wkx7r05LO5L2PvQg5zW3","rect":[587,744,58,60],"offset":[-1,0],"originalSize":[64,64]}},{"__type__":"cc.SpriteFrame","content":{"name":"feiji_jiyi","texture":"20wkx7r05LO5L2PvQg5zW3","rect":[328,636,129,165],"offset":[0,0],"originalSize":[129,165]}},{"__type__":"cc.SpriteFrame","content":{"name":"Tank_R","texture":"20wkx7r05LO5L2PvQg5zW3","rect":[951,640,69,74],"offset":[0,0],"originalSize":[69,74]}},{"__type__":"cc.SpriteFrame","content":{"name":"line_002","texture":"20wkx7r05LO5L2PvQg5zW3","rect":[398,1128,28,64],"offset":[1,0],"originalSize":[32,64]}},{"__type__":"cc.SpriteFrame","content":{"name":"zhuanhuan_04_5","texture":"20wkx7r05LO5L2PvQg5zW3","rect":[837,590,113,99],"offset":[0,0],"originalSize":[113,99]}},{"__type__":"cc.SpriteFrame","content":{"name":"UI_fire01_3","texture":"20wkx7r05LO5L2PvQg5zW3","rect":[624,1091,93,32],"offset":[-4,0],"originalSize":[115,38]}},{"__type__":"cc.SpriteFrame","content":{"name":"EnemyBloodBar","texture":"20wkx7r05LO5L2PvQg5zW3","rect":[739,975,90,16],"offset":[0,0],"originalSize":[90,16]}},{"__type__":"cc.SpriteFrame","content":{"name":"_0005_arrowheart","texture":"20wkx7r05LO5L2PvQg5zW3","rect":[609,160,50,50],"offset":[0,0],"originalSize":[50,50]}},{"__type__":"cc.SpriteFrame","content":{"name":"_0016_jindutiaojianbian","texture":"20wkx7r05LO5L2PvQg5zW3","rect":[739,958,90,16],"offset":[0,0],"originalSize":[90,16],"capInsets":[6,0,5,0]}},{"__type__":"cc.SpriteFrame","content":{"name":"UI_fire03_6","texture":"20wkx7r05LO5L2PvQg5zW3","rect":[132,794,128,43],"offset":[-7,-6],"originalSize":[152,61]}},{"__type__":"cc.SpriteFrame","content":{"name":"JSTXBG1","texture":"20wkx7r05LO5L2PvQg5zW3","rect":[951,339,70,70],"offset":[0,0],"originalSize":[70,70]}},{"__type__":"cc.SpriteFrame","content":{"name":"shouji22","texture":"20wkx7r05LO5L2PvQg5zW3","rect":[152,1273,40,40],"offset":[0,0],"originalSize":[40,40]}},{"__type__":"cc.SpriteFrame","content":{"name":"feiji_jishen","texture":"20wkx7r05LO5L2PvQg5zW3","rect":[656,322,180,366],"offset":[0,0],"originalSize":[180,366]}},{"__type__":"cc.SpriteFrame","content":{"name":"light2","texture":"20wkx7r05LO5L2PvQg5zW3","rect":[775,689,58,48],"offset":[1,4],"originalSize":[64,64]}},{"__type__":"cc.SpriteFrame","content":{"name":"huixue","texture":"20wkx7r05LO5L2PvQg5zW3","rect":[271,697,56,58],"offset":[0,0],"originalSize":[56,58]}},{"__type__":"cc.SpriteFrame","content":{"name":"zidan08","texture":"20wkx7r05LO5L2PvQg5zW3","rect":[3,1271,40,99],"offset":[0,1],"originalSize":[42,107]}},{"__type__":"cc.SpriteFrame","content":{"name":"_0000_hand","texture":"20wkx7r05LO5L2PvQg5zW3","rect":[330,509,138,126],"offset":[0,0],"originalSize":[138,126]}},{"__type__":"cc.SpriteFrame","content":{"name":"tuowei_01","texture":"20wkx7r05LO5L2PvQg5zW3","rect":[307,402,26,18],"offset":[1,7],"originalSize":[32,32]}},{"__type__":"cc.SpriteFrame","content":{"name":"kuangbao","texture":"20wkx7r05LO5L2PvQg5zW3","rect":[958,3,63,65],"offset":[0,0],"originalSize":[63,65]}},{"__type__":"cc.SpriteFrame","content":{"name":"shanxian","texture":"20wkx7r05LO5L2PvQg5zW3","rect":[399,1027,28,100],"offset":[0,0],"originalSize":[28,110]}},{"__type__":"cc.SpriteFrame","content":{"name":"_0006_choose","texture":"20wkx7r05LO5L2PvQg5zW3","rect":[3,576,138,140],"offset":[1,3],"originalSize":[170,170]}},{"__type__":"cc.SpriteFrame","content":{"name":"tuowei_06","texture":"20wkx7r05LO5L2PvQg5zW3","rect":[68,1230,52,31],"offset":[0,0],"originalSize":[60,31]}},{"__type__":"cc.SpriteFrame","content":{"name":"fanweiquan3","texture":"20wkx7r05LO5L2PvQg5zW3","rect":[334,3,326,156],"offset":[0,0],"originalSize":[326,156]}},{"__type__":"cc.SpriteFrame","content":{"name":"zhuanhuan_04_2","texture":"20wkx7r05LO5L2PvQg5zW3","rect":[815,1069,87,97],"offset":[0,0],"originalSize":[87,97]}},{"__type__":"cc.SpriteFrame","content":{"name":"UI_fire02_2","texture":"20wkx7r05LO5L2PvQg5zW3","rect":[829,1000,97,41],"offset":[-1,0],"originalSize":[113,45]}},{"__type__":"cc.SpriteFrame","content":{"name":"UI_fire02_5","texture":"20wkx7r05LO5L2PvQg5zW3","rect":[429,938,97,37],"offset":[-2,-3],"originalSize":[113,45]}},{"__type__":"cc.SpriteFrame","content":{"name":"jiguang00","texture":"20wkx7r05LO5L2PvQg5zW3","rect":[293,607,34,89],"offset":[-1,0],"originalSize":[70,89]}},{"__type__":"cc.SpriteFrame","content":{"name":"jiaxue02","texture":"20wkx7r05LO5L2PvQg5zW3","rect":[609,447,44,44],"offset":[0,0],"originalSize":[44,44]}},{"__type__":"cc.SpriteFrame","content":{"name":"Tank_Aim","texture":"20wkx7r05LO5L2PvQg5zW3","rect":[609,401,45,45],"offset":[0,0],"originalSize":[45,45]}},{"__type__":"cc.SpriteFrame","content":{"name":"glow1","texture":"20wkx7r05LO5L2PvQg5zW3","rect":[958,138,62,62],"offset":[0,0],"originalSize":[64,64]}},{"__type__":"cc.SpriteFrame","content":{"name":"UI_fire01_7","texture":"20wkx7r05LO5L2PvQg5zW3","rect":[804,1200,85,18],"offset":[-1,-2],"originalSize":[115,38]}},{"__type__":"cc.SpriteFrame","content":{"name":"zidan04","texture":"20wkx7r05LO5L2PvQg5zW3","rect":[989,1155,31,43],"offset":[0,0],"originalSize":[31,43]}},{"__type__":"cc.SpriteFrame","content":{"name":"UI_fire01_6","texture":"20wkx7r05LO5L2PvQg5zW3","rect":[815,1042,93,26],"offset":[-2,-3],"originalSize":[115,38]}},{"__type__":"cc.SpriteAtlas","_name":"Battle.plist","_spriteFrames":{"Base0":{"__uuid__":"c8Dg09B5FNcK/JlXj1eyxy"},"Base1":{"__uuid__":"b7gaqJijhPJK0jaVlSyD/i"},"Base2":{"__uuid__":"a2WJ2LGgJETa7Ost73CQMb"},"EnemyBloodBar":{"__uuid__":"1fWJJvMY1IIaqMjt1behcu"},"JSTXBG1-1":{"__uuid__":"9etAaFK51PZbrnMhIaP2ln"},"JSTXBG1":{"__uuid__":"2462ic0jxOd7iq4S5juDIY"},"Monster1":{"__uuid__":"9fvW20ixFOh7Kkb3L1rN7I"},"Monster2":{"__uuid__":"86rfCqoutMDYpo/zKLo/zN"},"Monster3":{"__uuid__":"84A5HcHbRMmqCNJxGvZTWC"},"Monster4":{"__uuid__":"81JFMF0TRClKaY1w4bykR0"},"Monster5":{"__uuid__":"983Jr5HCdOhYPvZJ0gRp2q"},"Monster6":{"__uuid__":"addPD+r6tDcoF5nlwTnvRg"},"Tank_Aim":{"__uuid__":"405X5m9U1CPYV6fEE7bSni"},"Tank_G":{"__uuid__":"63ACg++/pKi5xyML2ogiXg"},"Tank_G1":{"__uuid__":"9ad94WSyxC94e4c5oWEv3G"},"Tank_G2":{"__uuid__":"80+fkNG2VBqJKstEdvDsoN"},"Tank_G3":{"__uuid__":"c9xQGizCxG96F7Uswdf2vX"},"Tank_R":{"__uuid__":"18kT60AOlGuqbESskTsUSq"},"Tank_R1":{"__uuid__":"77MLzt225Ks6UAeaRb61eN"},"Tank_R2":{"__uuid__":"a7SFHajZVLBZTvGuWesfs9"},"Tank_R3":{"__uuid__":"d3+/5yWqlCh6hKbYgOSf6a"},"Tank_lvdai01":{"__uuid__":"bdbj/6jbBEA7m8y0Fd8K6F"},"Tank_lvdai02":{"__uuid__":"88MmydYDZHsL/IRggwIY4A"},"UI_fire01_1":{"__uuid__":"cdtKUhxatDRbehBOrO/qjz"},"UI_fire01_2":{"__uuid__":"7cOT5ovOlK6YXxKAKLGlFo"},"UI_fire01_3":{"__uuid__":"1fRD2X5U5JH5jf9u6f+Tp9"},"UI_fire01_4":{"__uuid__":"b8uC7o2hhCFIgA/VVtFoq8"},"UI_fire01_5":{"__uuid__":"d2je/XzrBMRawsbAaIuO8T"},"UI_fire01_6":{"__uuid__":"47BrbmLTRIh4a/+GGJMy7H"},"UI_fire01_7":{"__uuid__":"45ie9EJQtNooKiyPCJjKFm"},"UI_fire01_8":{"__uuid__":"8aV3lyL7tPvLv6ObHAs5QF"},"UI_fire02_1":{"__uuid__":"64KUtfE0lB6p36qL+WJA9b"},"UI_fire02_2":{"__uuid__":"3aL0yFLj9Gh7xsDB8oCgux"},"UI_fire02_3":{"__uuid__":"57/KsPms1Jnr3PuO4tlWhf"},"UI_fire02_4":{"__uuid__":"94IqYwFjFF5pZusqAgtrii"},"UI_fire02_5":{"__uuid__":"3awHhRDwdGhIezxEfIFRb5"},"UI_fire02_6":{"__uuid__":"ebQUQi3gZA3Kgh3tp0awWq"},"UI_fire02_7":{"__uuid__":"0eLyYNTjdCqJNd9kPK0qqe"},"UI_fire02_8":{"__uuid__":"129kcUoUhImpx60Z8UYXhl"},"UI_fire03_1":{"__uuid__":"abA8+eTgVP/YhCBlWJxh45"},"UI_fire03_2":{"__uuid__":"82cK8/s35DnJ+u3LcekwJ3"},"UI_fire03_3":{"__uuid__":"66xU5g+xlCIpIHeCptAqoA"},"UI_fire03_4":{"__uuid__":"98ayOePlFNl6VaD2cSjdOq"},"UI_fire03_5":{"__uuid__":"56qMQcm21MaII+Dg7xhZGn"},"UI_fire03_6":{"__uuid__":"22EK+fe7FDDrDUR43iuCUA"},"UI_fire03_7":{"__uuid__":"76nWxgV5ROlKmRk9QnmmAl"},"UI_fire03_8":{"__uuid__":"6fPQyy6+9GPI+0LUkuxK1k"},"_0000_hand":{"__uuid__":"2bVQ43x15OVrQNrdN0C1Xr"},"_0001_arrow":{"__uuid__":"e7fbSxHZ1GraYHovM9808k"},"_0002_choose":{"__uuid__":"d6VL3x6WdLW6Ec3tKoGYDw"},"_0003_road":{"__uuid__":"cfsAWUxmNGwKKGSeZmvtct"},"_0004_arrowbig":{"__uuid__":"7fobfV7xJCk6Vi6vVHLf4m"},"_0005_arrowheart":{"__uuid__":"207+Ny6xVBn4qqzuCHczif"},"_0006_choose":{"__uuid__":"2e6Z07qtxIToLfjpIvQw6v"},"_0016_jindutiaojianbian":{"__uuid__":"21Jto3bLtH0o6JMo2+Ch0H"},"_0017_jindutiaoditu":{"__uuid__":"84oa/IQ/NAH5H2pPdK4Ehi"},"_0018_zidanjianbian":{"__uuid__":"695c8S8o5IcrYO1yAUUd+M"},"_0019_zidanditu":{"__uuid__":"eaEh7SdT9HQpNjDRUrFEaC"},"chaiqiang_01":{"__uuid__":"8bn4azKAhCEKX0N4wGq3LD"},"cisha":{"__uuid__":"b5qQR8f9BCNLbk2X0Y3Kpd"},"dizuo":{"__uuid__":"f2f+ettlZDpJ3+GMUmV3Y8"},"fanweiquan":{"__uuid__":"08p/hxJyZDYLXJGYhaFkvW"},"fanweiquan2":{"__uuid__":"9d0PE4SEJDdZ2G1rbRMB2f"},"fanweiquan3":{"__uuid__":"31OLyzLldIObubFIKp+ar5"},"feiji_jishen":{"__uuid__":"27aFvURKBBKqnlM04vh6ew"},"feiji_jiyi":{"__uuid__":"15C9JsxFxAlKWPzTcrYVM2"},"friendsBloodBar":{"__uuid__":"65TfDwQW5O25HiwYRcjyGU"},"gaoliang":{"__uuid__":"8evLlwVatI6qJAUIMnjN49"},"glow1":{"__uuid__":"43qfi+hJVNd4FdjRtQMoB4"},"huixue":{"__uuid__":"28eTXyPotANZ/txC23gdha"},"jiasu":{"__uuid__":"61RWVVW+hIOpLpnnZVHIME"},"jiasu01":{"__uuid__":"beUX9rST5CO7KsFgloRPkJ"},"jiasu02":{"__uuid__":"644QNeUoFGpZYeFPi6s6pn"},"jiasu03":{"__uuid__":"703EkkbFRKPYkK5N4Z5yYo"},"jiasu04":{"__uuid__":"83PnfDeb9CNIGMu292PRc9"},"jiasu05":{"__uuid__":"84oHcWliRAFozn4GsgtbQ3"},"jiaxue":{"__uuid__":"a6hMZqzPtPV7nH1DoC+FLH"},"jiaxue02":{"__uuid__":"3eUcydxTJMCrwfBgQyg7gN"},"jiguang00":{"__uuid__":"3ePCWmLeVM5qlQl6K6f4MZ"},"jiguang01":{"__uuid__":"d8qHJli8pPe7Aymmu8lkHC"},"jiguang02":{"__uuid__":"6dCB3XOwJK4ZdIthsiI7Or"},"jiguang03":{"__uuid__":"7cuCTzwudKnZFs1JA1K9LO"},"jiguang04":{"__uuid__":"010udLNedJ8pxXmKm0SU6H"},"jiguang05":{"__uuid__":"dcED24P99IWYA2A1nboSiB"},"jiguang06":{"__uuid__":"6cXi+9Rl5LF6OMQF4YtGyw"},"kuangbao":{"__uuid__":"2cBS3zqPNBb6iSMoq1oQav"},"light1":{"__uuid__":"a3dK9RrShDYJLl4/SAsHri"},"light2":{"__uuid__":"27xU46lz9GEaERn6qcuulx"},"light3":{"__uuid__":"d4Lnnp1PBGsaGtlL6xWl1w"},"light4":{"__uuid__":"805MvGq19FL5OKawj/5Gns"},"light_c01":{"__uuid__":"ecpbvCTfZIs4YErQXDANEy"},"line":{"__uuid__":"e0Fev8ANJIKKn4Z1OaMcay"},"line_002":{"__uuid__":"19iY1gUShAN6BA/VHlnHCe"},"progress":{"__uuid__":"79l1Fp9AhDC4u/ipkMDvSP"},"progressbg":{"__uuid__":"f65lsfwaZGLJPbJIBKtVqx"},"quan01":{"__uuid__":"06cKXD7CFPCIKDSV3WmAkD"},"ring01":{"__uuid__":"aaf+ObgLJOhL7MOzxja6jD"},"shanxian":{"__uuid__":"2cloy+0hxJJrw5ZhEyOhXa"},"shanxian2":{"__uuid__":"a6IaT6pMNO4YH8mXa8dPtb"},"shanxianbtn":{"__uuid__":"bbJqf24TZEpoBKZnBoWslt"},"shikuai_01":{"__uuid__":"aeJ6zUlexPOr1ZoTgtDQIp"},"shikuai_02":{"__uuid__":"04B8Lq6cZLfofgAX3xOHsn"},"shikuai_03":{"__uuid__":"06IqozQ0FDDbtvYtDUFv3o"},"shikuai_04":{"__uuid__":"771HjpdzBOAou466Agbig1"},"shouji01":{"__uuid__":"74Hoh4rY9N37EpO6sIEK8C"},"shouji02":{"__uuid__":"4dGu1z74VKu7GDAFoOXdDP"},"shouji04":{"__uuid__":"596a0BgDdAI50NfAxDKwmi"},"shouji04_2":{"__uuid__":"d8UZuhG6hCf6/pft+EOf1w"},"shouji05":{"__uuid__":"7diTKu489FPqMdxQRfi4+1"},"shouji08":{"__uuid__":"68toe4Em1DeKJEbg+tnLqX"},"shouji12":{"__uuid__":"79w8FR3rZBcJ9MIicho6dx"},"shouji13":{"__uuid__":"d3hvGWVS9EXrV2d2qB4iIj"},"shouji14":{"__uuid__":"83h26G2GpNnIMLBaO4Iu30"},"shouji15":{"__uuid__":"55P/2bPBZF+pxrwDriv0zc"},"shouji16":{"__uuid__":"e2XSAED0pDkbINuffYEcKe"},"shouji17":{"__uuid__":"1371gg7Y5H3rzQdwjRbfwx"},"shouji18":{"__uuid__":"ddInceMQZPGZHr+bOYXl8z"},"shouji21":{"__uuid__":"4bbZRLwOBKooalsfw6FOCT"},"shouji21_2":{"__uuid__":"a90ahEygtDQL2gSSuwNuAa"},"shouji22":{"__uuid__":"26pZqkuotC368n4/ZSEb56"},"shouji23":{"__uuid__":"fe13UDv5RHLYi5hxZTyaVK"},"shouji24":{"__uuid__":"91EZJvUgVMNLNfqktjkUIu"},"shouji25":{"__uuid__":"0eaWLkyPlGtLAXbU3SxmVz"},"shouji26":{"__uuid__":"0cdptsPWpNoqTPuDR9xxrM"},"star12":{"__uuid__":"4cHV7n+e1PQYsn1A03XdEQ"},"tankdie":{"__uuid__":"59yi7WrJlA+oXFKNo2aYiE"},"tk__0008":{"__uuid__":"09tpKjMpVA3Zv4JLwA2fZu"},"tp__01":{"__uuid__":"732k1j7ftP4rVujrj/nSpw"},"tuji":{"__uuid__":"9dxAHDNVpFZInS37vkK4HN"},"tuowei":{"__uuid__":"a7X0PBMz9P4bSW6mCa8as5"},"tuowei_01":{"__uuid__":"2b7YJVl15BQ7hRXFkdTzan"},"tuowei_02":{"__uuid__":"edB3rr/TBAfJe80h9zvper"},"tuowei_03":{"__uuid__":"5fIYYBbUdAiL/vzVmuBgB/"},"tuowei_04":{"__uuid__":"0bDkpoMFlAVrmoqydTCinA"},"tuowei_05":{"__uuid__":"e3ebCiCwRL/Kt6V1vUWk98"},"tuowei_06":{"__uuid__":"2fV5R6CmhOJLhxlkfuY1JJ"},"xiangzi":{"__uuid__":"80VX8eIJtP/bdYtT82o0ZB"},"xiangzi_2":{"__uuid__":"bdrxQCLqRKxbxCSzTIbgbS"},"xiangzi_shengji":{"__uuid__":"7etzZwyjROK63XBAyNOMcH"},"yanchen_c02":{"__uuid__":"8cuEiSmD5IS6XrnLdApOPX"},"yanchen_c03":{"__uuid__":"5fhu1h86VFbZ2CRJqTBJcx"},"yinshen":{"__uuid__":"691Erz3zdG+44bQMT/uDxW"},"yinshen_02":{"__uuid__":"f3DerGvIpLMbKx2fOG38Pf"},"zhuanhuan_01":{"__uuid__":"4aITueRv9LO7GXJqwisaJY"},"zhuanhuan_04":{"__uuid__":"df6IRlT/JKmb/epNTXOK4i"},"zhuanhuan_04_2":{"__uuid__":"3463TWDzdLn5Oe6V3xOLLf"},"zhuanhuan_04_3":{"__uuid__":"dengzrX7ZP8L8EQwjkCXSv"},"zhuanhuan_04_4":{"__uuid__":"ddm1nAhg5OILRCPbQ/3i0c"},"zhuanhuan_04_5":{"__uuid__":"1dy3wSX/xBBZwJ013ZJI1Z"},"zidan01":{"__uuid__":"f9/W1sOmlOW4U8n/PVS6R+"},"zidan02":{"__uuid__":"50H3/BaIdOGqoXs92bPMNi"},"zidan03":{"__uuid__":"7cmNNmc/NCXo0MbaQytZu+"},"zidan04":{"__uuid__":"46GZwveUFOAIT2bUCxO28I"},"zidan05":{"__uuid__":"89qFomUQhA85D0an2MULV4"},"zidan05_2":{"__uuid__":"67qRjCYs9MEou/Fr+qv31t"},"zidan06":{"__uuid__":"7e7bk4C/NFb7p3+vr4CFEP"},"zidan07":{"__uuid__":"b8TkkcDMNJNJvzIMvd9KWh"},"zidan08":{"__uuid__":"29M1CBQq5KVKqLKNNE0oMU"},"zidan09":{"__uuid__":"58p/1y8ndOK7v94hj1RFQY"},"zidan10":{"__uuid__":"63Vw/Ro9lMCpR/qVaeKh9A"}}},{"__type__":"cc.SpriteFrame","content":{"name":"zhuanhuan_01","texture":"20wkx7r05LO5L2PvQg5zW3","rect":[317,1193,53,67],"offset":[0,0],"originalSize":[53,67]}},{"__type__":"cc.SpriteFrame","content":{"name":"shouji21","texture":"20wkx7r05LO5L2PvQg5zW3","rect":[84,1092,80,74],"offset":[0,-2],"originalSize":[80,80]}},{"__type__":"cc.SpriteFrame","content":{"name":"star12","texture":"20wkx7r05LO5L2PvQg5zW3","rect":[262,1136,54,60],"offset":[2,0],"originalSize":[64,64]}},{"__type__":"cc.SpriteFrame","content":{"name":"shouji02","texture":"20wkx7r05LO5L2PvQg5zW3","rect":[958,201,60,60],"offset":[0,0],"originalSize":[64,64]}},{"__type__":"cc.SpriteFrame","content":{"name":"zidan02","texture":"20wkx7r05LO5L2PvQg5zW3","rect":[143,498,19,56],"offset":[0,0],"originalSize":[19,56]}},{"__type__":"cc.SpriteFrame","content":{"name":"shouji15","texture":"20wkx7r05LO5L2PvQg5zW3","rect":[958,262,58,76],"offset":[0,-7],"originalSize":[100,100]}},{"__type__":"cc.SpriteFrame","content":{"name":"UI_fire03_5","texture":"20wkx7r05LO5L2PvQg5zW3","rect":[469,567,138,47],"offset":[3,-3],"originalSize":[152,61]}},{"__type__":"cc.SpriteFrame","content":{"name":"UI_fire02_3","texture":"20wkx7r05LO5L2PvQg5zW3","rect":[328,886,101,39],"offset":[-1,-1],"originalSize":[113,45]}},{"__type__":"cc.SpriteFrame","content":{"name":"zidan09","texture":"20wkx7r05LO5L2PvQg5zW3","rect":[608,533,42,110],"offset":[0,0],"originalSize":[42,120]}},{"__type__":"cc.SpriteFrame","content":{"name":"tankdie","texture":"20wkx7r05LO5L2PvQg5zW3","rect":[804,1219,84,78],"offset":[0,0],"originalSize":[84,78]}},{"__type__":"cc.SpriteFrame","content":{"name":"shouji04","texture":"20wkx7r05LO5L2PvQg5zW3","rect":[324,1027,74,72],"offset":[1,-4],"originalSize":[86,86]}},{"__type__":"cc.SpriteFrame","content":{"name":"tuowei_03","texture":"20wkx7r05LO5L2PvQg5zW3","rect":[143,469,20,28],"offset":[0,2],"originalSize":[32,32]}},{"__type__":"cc.SpriteFrame","content":{"name":"yanchen_c03","texture":"20wkx7r05LO5L2PvQg5zW3","rect":[458,659,128,128],"offset":[0,0],"originalSize":[128,128]}},{"__type__":"cc.SpriteFrame","content":{"name":"jiasu","texture":"20wkx7r05LO5L2PvQg5zW3","rect":[609,260,46,56],"offset":[0,0],"originalSize":[46,56]}},{"__type__":"cc.SpriteFrame","content":{"name":"Tank_G","texture":"20wkx7r05LO5L2PvQg5zW3","rect":[255,949,69,74],"offset":[0,0],"originalSize":[69,74]}},{"__type__":"cc.SpriteFrame","content":{"name":"zidan10","texture":"20wkx7r05LO5L2PvQg5zW3","rect":[143,439,20,29],"offset":[0,0],"originalSize":[24,29]}},{"__type__":"cc.SpriteFrame","content":{"name":"UI_fire02_1","texture":"20wkx7r05LO5L2PvQg5zW3","rect":[624,1053,93,37],"offset":[0,-4],"originalSize":[113,45]}},{"__type__":"cc.SpriteFrame","content":{"name":"jiasu02","texture":"20wkx7r05LO5L2PvQg5zW3","rect":[309,325,23,43],"offset":[0,0],"originalSize":[23,43]}},{"__type__":"cc.SpriteFrame","content":{"name":"friendsBloodBar","texture":"20wkx7r05LO5L2PvQg5zW3","rect":[739,941,90,16],"offset":[0,0],"originalSize":[90,16]}},{"__type__":"cc.SpriteFrame","content":{"name":"UI_fire03_3","texture":"20wkx7r05LO5L2PvQg5zW3","rect":[469,509,138,57],"offset":[4,1],"originalSize":[152,61]}},{"__type__":"cc.SpriteFrame","content":{"name":"zidan05_2","texture":"20wkx7r05LO5L2PvQg5zW3","rect":[231,1160,28,53],"offset":[0,0],"originalSize":[30,53]}},{"__type__":"cc.SpriteFrame","content":{"name":"shouji08","texture":"20wkx7r05LO5L2PvQg5zW3","rect":[203,1214,52,62],"offset":[-3,-1],"originalSize":[64,64]}},{"__type__":"cc.SpriteFrame","content":{"name":"yinshen","texture":"20wkx7r05LO5L2PvQg5zW3","rect":[428,1111,73,82],"offset":[0,0],"originalSize":[81,88]}},{"__type__":"cc.SpriteFrame","content":{"name":"_0018_zidanjianbian","texture":"20wkx7r05LO5L2PvQg5zW3","rect":[307,369,26,32],"offset":[0,0],"originalSize":[26,32]}},{"__type__":"cc.SpriteFrame","content":{"name":"jiguang06","texture":"20wkx7r05LO5L2PvQg5zW3","rect":[740,850,90,90],"offset":[1,1],"originalSize":[180,180]}},{"__type__":"cc.SpriteFrame","content":{"name":"jiguang02","texture":"20wkx7r05LO5L2PvQg5zW3","rect":[837,322,113,137],"offset":[0,3],"originalSize":[165,165]}},{"__type__":"cc.SpriteFrame","content":{"name":"UI_fire03_8","texture":"20wkx7r05LO5L2PvQg5zW3","rect":[328,802,124,41],"offset":[5,-7],"originalSize":[152,61]}},{"__type__":"cc.SpriteFrame","content":{"name":"jiasu03","texture":"20wkx7r05LO5L2PvQg5zW3","rect":[740,817,30,30],"offset":[0,0],"originalSize":[30,30]}},{"__type__":"cc.SpriteFrame","content":{"name":"tp__01","texture":"20wkx7r05LO5L2PvQg5zW3","rect":[3,1219,64,51],"offset":[0,0],"originalSize":[64,51]}},{"__type__":"cc.SpriteFrame","content":{"name":"shouji01","texture":"20wkx7r05LO5L2PvQg5zW3","rect":[148,1222,52,50],"offset":[-2,3],"originalSize":[64,64]}},{"__type__":"cc.SpriteFrame","content":{"name":"UI_fire03_7","texture":"20wkx7r05LO5L2PvQg5zW3","rect":[469,615,134,43],"offset":[-6,-7],"originalSize":[152,61]}},{"__type__":"cc.SpriteFrame","content":{"name":"Tank_R1","texture":"20wkx7r05LO5L2PvQg5zW3","rect":[942,898,79,77],"offset":[0,0],"originalSize":[79,77]}},{"__type__":"cc.SpriteFrame","content":{"name":"shikuai_04","texture":"20wkx7r05LO5L2PvQg5zW3","rect":[307,488,22,18],"offset":[-1,1],"originalSize":[32,32]}},{"__type__":"cc.SpriteFrame","content":{"name":"progress","texture":"20wkx7r05LO5L2PvQg5zW3","rect":[307,421,26,14],"offset":[0,0],"originalSize":[30,18],"capInsets":[9,0,9,0]}},{"__type__":"cc.SpriteFrame","content":{"name":"shouji12","texture":"20wkx7r05LO5L2PvQg5zW3","rect":[190,961,64,62],"offset":[0,0],"originalSize":[64,64]}},{"__type__":"cc.SpriteFrame","content":{"name":"UI_fire01_2","texture":"20wkx7r05LO5L2PvQg5zW3","rect":[106,961,83,26],"offset":[0,-1],"originalSize":[115,38]}},{"__type__":"cc.SpriteFrame","content":{"name":"zidan03","texture":"20wkx7r05LO5L2PvQg5zW3","rect":[144,382,19,56],"offset":[0,0],"originalSize":[19,56]}},{"__type__":"cc.SpriteFrame","content":{"name":"jiguang03","texture":"20wkx7r05LO5L2PvQg5zW3","rect":[555,861,83,133],"offset":[0,16],"originalSize":[165,165]}},{"__type__":"cc.SpriteFrame","content":{"name":"shouji05","texture":"20wkx7r05LO5L2PvQg5zW3","rect":[111,1273,40,41],"offset":[0,0],"originalSize":[40,41]}},{"__type__":"cc.SpriteFrame","content":{"name":"xiangzi_shengji","texture":"20wkx7r05LO5L2PvQg5zW3","rect":[831,790,110,110],"offset":[0,0],"originalSize":[110,110]}},{"__type__":"cc.SpriteFrame","content":{"name":"zidan06","texture":"20wkx7r05LO5L2PvQg5zW3","rect":[231,1101,30,39],"offset":[0,0],"originalSize":[30,39]}},{"__type__":"cc.SpriteFrame","content":{"name":"_0004_arrowbig","texture":"20wkx7r05LO5L2PvQg5zW3","rect":[83,1167,64,62],"offset":[0,0],"originalSize":[64,62]}},{"__type__":"cc.SpriteFrame","content":{"name":"xiangzi","texture":"20wkx7r05LO5L2PvQg5zW3","rect":[3,846,110,110],"offset":[0,0],"originalSize":[110,110]}},{"__type__":"cc.SpriteFrame","content":{"name":"light4","texture":"20wkx7r05LO5L2PvQg5zW3","rect":[989,1104,32,50],"offset":[16,7],"originalSize":[64,64]}},{"__type__":"cc.SpriteFrame","content":{"name":"Tank_G2","texture":"20wkx7r05LO5L2PvQg5zW3","rect":[903,1104,85,108],"offset":[0,0],"originalSize":[85,108]}},{"__type__":"cc.SpriteFrame","content":{"name":"Monster4","texture":"20wkx7r05LO5L2PvQg5zW3","rect":[583,805,55,55],"offset":[0,0],"originalSize":[55,55]}},{"__type__":"cc.SpriteFrame","content":{"name":"UI_fire03_2","texture":"20wkx7r05LO5L2PvQg5zW3","rect":[162,607,130,57],"offset":[0,2],"originalSize":[152,61]}},{"__type__":"cc.SpriteFrame","content":{"name":"jiasu04","texture":"20wkx7r05LO5L2PvQg5zW3","rect":[3,957,102,102],"offset":[0,0],"originalSize":[102,102]}},{"__type__":"cc.SpriteFrame","content":{"name":"shouji14","texture":"20wkx7r05LO5L2PvQg5zW3","rect":[527,995,96,96],"offset":[0,0],"originalSize":[100,100]}},{"__type__":"cc.SpriteFrame","content":{"name":"Monster3","texture":"20wkx7r05LO5L2PvQg5zW3","rect":[268,1024,55,55],"offset":[0,0],"originalSize":[55,55]}},{"__type__":"cc.SpriteFrame","content":{"name":"jiasu05","texture":"20wkx7r05LO5L2PvQg5zW3","rect":[453,836,101,101],"offset":[0,0],"originalSize":[101,101]}},{"__type__":"cc.SpriteFrame","content":{"name":"_0017_jindutiaoditu","texture":"20wkx7r05LO5L2PvQg5zW3","rect":[624,1032,94,20],"offset":[0,0],"originalSize":[94,20],"capInsets":[17,0,17,0]}},{"__type__":"cc.SpriteFrame","content":{"name":"Monster2","texture":"20wkx7r05LO5L2PvQg5zW3","rect":[268,1080,55,55],"offset":[0,0],"originalSize":[55,55]}},{"__type__":"cc.SpriteFrame","content":{"name":"Tank_lvdai02","texture":"20wkx7r05LO5L2PvQg5zW3","rect":[165,1101,65,66],"offset":[0,0],"originalSize":[65,66]}},{"__type__":"cc.SpriteFrame","content":{"name":"zidan05","texture":"20wkx7r05LO5L2PvQg5zW3","rect":[989,1199,30,53],"offset":[0,0],"originalSize":[30,53]}},{"__type__":"cc.SpriteFrame","content":{"name":"UI_fire01_8","texture":"20wkx7r05LO5L2PvQg5zW3","rect":[804,1167,85,32],"offset":[-1,-2],"originalSize":[115,38]}},{"__type__":"cc.SpriteFrame","content":{"name":"chaiqiang_01","texture":"20wkx7r05LO5L2PvQg5zW3","rect":[44,1308,39,67],"offset":[0,0],"originalSize":[39,67]}},{"__type__":"cc.SpriteFrame","content":{"name":"yanchen_c02","texture":"20wkx7r05LO5L2PvQg5zW3","rect":[142,665,128,128],"offset":[0,0],"originalSize":[128,128]}},{"__type__":"cc.SpriteFrame","content":{"name":"gaoliang","texture":"20wkx7r05LO5L2PvQg5zW3","rect":[661,3,296,318],"offset":[0,0],"originalSize":[296,318]}},{"__type__":"cc.SpriteFrame","content":{"name":"shouji24","texture":"20wkx7r05LO5L2PvQg5zW3","rect":[3,1060,80,80],"offset":[0,0],"originalSize":[80,80]}},{"__type__":"cc.SpriteFrame","content":{"name":"UI_fire02_4","texture":"20wkx7r05LO5L2PvQg5zW3","rect":[328,844,101,41],"offset":[-1,0],"originalSize":[113,45]}},{"__type__":"cc.SpriteFrame","content":{"name":"UI_fire03_4","texture":"20wkx7r05LO5L2PvQg5zW3","rect":[3,382,140,53],"offset":[5,0],"originalSize":[152,61]}},{"__type__":"cc.SpriteFrame","content":{"name":"Monster5","texture":"20wkx7r05LO5L2PvQg5zW3","rect":[775,794,55,55],"offset":[0,0],"originalSize":[55,55]}},{"__type__":"cc.SpriteFrame","content":{"name":"Tank_G1","texture":"20wkx7r05LO5L2PvQg5zW3","rect":[3,1141,79,77],"offset":[0,0],"originalSize":[79,77]}},{"__type__":"cc.SpriteFrame","content":{"name":"tuji","texture":"20wkx7r05LO5L2PvQg5zW3","rect":[260,1197,53,63],"offset":[0,0],"originalSize":[53,63]}},{"__type__":"cc.SpriteFrame","content":{"name":"fanweiquan2","texture":"20wkx7r05LO5L2PvQg5zW3","rect":[334,160,274,348],"offset":[0,0],"originalSize":[274,348]}},{"__type__":"cc.SpriteFrame","content":{"name":"JSTXBG1-1","texture":"20wkx7r05LO5L2PvQg5zW3","rect":[951,410,70,70],"offset":[0,0],"originalSize":[70,70]}},{"__type__":"cc.SpriteFrame","content":{"name":"Monster1","texture":"20wkx7r05LO5L2PvQg5zW3","rect":[148,1168,54,53],"offset":[0,0],"originalSize":[54,53]}},{"__type__":"cc.SpriteFrame","content":{"name":"Base2","texture":"20wkx7r05LO5L2PvQg5zW3","rect":[328,926,100,100],"offset":[0,0],"originalSize":[100,100]}},{"__type__":"cc.SpriteFrame","content":{"name":"light1","texture":"20wkx7r05LO5L2PvQg5zW3","rect":[271,756,56,50],"offset":[1,0],"originalSize":[64,64]}},{"__type__":"cc.SpriteFrame","content":{"name":"shanxian2","texture":"20wkx7r05LO5L2PvQg5zW3","rect":[951,481,69,80],"offset":[1,3],"originalSize":[81,88]}},{"__type__":"cc.SpriteFrame","content":{"name":"jiaxue","texture":"20wkx7r05LO5L2PvQg5zW3","rect":[609,211,48,48],"offset":[0,0],"originalSize":[48,48]}},{"__type__":"cc.SpriteFrame","content":{"name":"Tank_R2","texture":"20wkx7r05LO5L2PvQg5zW3","rect":[718,1123,85,108],"offset":[0,0],"originalSize":[85,108]}},{"__type__":"cc.SpriteFrame","content":{"name":"tuowei","texture":"20wkx7r05LO5L2PvQg5zW3","rect":[307,436,22,51],"offset":[0,0],"originalSize":[22,51]}},{"__type__":"cc.SpriteFrame","content":{"name":"shouji21_2","texture":"20wkx7r05LO5L2PvQg5zW3","rect":[187,1024,80,76],"offset":[0,-2],"originalSize":[80,80]}},{"__type__":"cc.SpriteFrame","content":{"name":"ring01","texture":"20wkx7r05LO5L2PvQg5zW3","rect":[132,838,122,122],"offset":[0,0],"originalSize":[128,128]}},{"__type__":"cc.SpriteFrame","content":{"name":"UI_fire03_1","texture":"20wkx7r05LO5L2PvQg5zW3","rect":[458,788,124,47],"offset":[-2,-4],"originalSize":[152,61]}},{"__type__":"cc.SpriteFrame","content":{"name":"Monster6","texture":"20wkx7r05LO5L2PvQg5zW3","rect":[775,738,55,55],"offset":[0,0],"originalSize":[55,55]}},{"__type__":"cc.SpriteFrame","content":{"name":"shikuai_01","texture":"20wkx7r05LO5L2PvQg5zW3","rect":[609,492,44,40],"offset":[1,3],"originalSize":[64,64]}},{"__type__":"cc.SpriteFrame","content":{"name":"cisha","texture":"20wkx7r05LO5L2PvQg5zW3","rect":[975,1253,42,49],"offset":[0,0],"originalSize":[42,49]}},{"__type__":"cc.SpriteFrame","content":{"name":"Base1","texture":"20wkx7r05LO5L2PvQg5zW3","rect":[639,817,100,100],"offset":[0,0],"originalSize":[100,100]}},{"__type__":"cc.SpriteFrame","content":{"name":"zidan07","texture":"20wkx7r05LO5L2PvQg5zW3","rect":[604,644,42,99],"offset":[0,1],"originalSize":[42,107]}},{"__type__":"cc.SpriteFrame","content":{"name":"UI_fire01_4","texture":"20wkx7r05LO5L2PvQg5zW3","rect":[930,976,91,32],"offset":[1,3],"originalSize":[115,38]}},{"__type__":"cc.SpriteFrame","content":{"name":"shanxianbtn","texture":"20wkx7r05LO5L2PvQg5zW3","rect":[261,807,66,70],"offset":[0,0],"originalSize":[66,70]}},{"__type__":"cc.SpriteFrame","content":{"name":"Tank_lvdai01","texture":"20wkx7r05LO5L2PvQg5zW3","rect":[958,69,63,3],"offset":[0,0],"originalSize":[63,3]}},{"__type__":"cc.SpriteFrame","content":{"name":"xiangzi_2","texture":"20wkx7r05LO5L2PvQg5zW3","rect":[68,1262,42,45],"offset":[0,0],"originalSize":[42,45]}},{"__type__":"cc.SpriteFrame","content":{"name":"jiasu01","texture":"20wkx7r05LO5L2PvQg5zW3","rect":[309,221,24,43],"offset":[0,0],"originalSize":[24,43]}},{"__type__":"cc.SpriteFrame","content":{"name":"Base0","texture":"20wkx7r05LO5L2PvQg5zW3","rect":[639,918,99,80],"offset":[1,-4],"originalSize":[101,100]}},{"__type__":"cc.SpriteFrame","content":{"name":"Tank_G3","texture":"20wkx7r05LO5L2PvQg5zW3","rect":[324,1100,73,92],"offset":[0,0],"originalSize":[73,92]}},{"__type__":"cc.SpriteFrame","content":{"name":"UI_fire01_1","texture":"20wkx7r05LO5L2PvQg5zW3","rect":[106,988,81,22],"offset":[-2,-4],"originalSize":[115,38]}},{"__type__":"cc.SpriteFrame","content":{"name":"_0003_road","texture":"20wkx7r05LO5L2PvQg5zW3","rect":[609,317,46,42],"offset":[0,0],"originalSize":[46,42]}},{"__type__":"cc.SpriteFrame","content":{"name":"UI_fire01_5","texture":"20wkx7r05LO5L2PvQg5zW3","rect":[624,999,95,32],"offset":[-2,-1],"originalSize":[115,38]}},{"__type__":"cc.SpriteFrame","content":{"name":"shouji13","texture":"20wkx7r05LO5L2PvQg5zW3","rect":[164,221,144,144],"offset":[0,0],"originalSize":[144,144]}},{"__type__":"cc.SpriteFrame","content":{"name":"Tank_R3","texture":"20wkx7r05LO5L2PvQg5zW3","rect":[948,715,73,92],"offset":[0,0],"originalSize":[73,92]}},{"__type__":"cc.SpriteFrame","content":{"name":"light3","texture":"20wkx7r05LO5L2PvQg5zW3","rect":[371,1193,52,48],"offset":[6,8],"originalSize":[64,64]}},{"__type__":"cc.SpriteFrame","content":{"name":"_0002_choose","texture":"20wkx7r05LO5L2PvQg5zW3","rect":[720,1028,94,94],"offset":[0,0],"originalSize":[94,94]}},{"__type__":"cc.SpriteFrame","content":{"name":"shouji04_2","texture":"20wkx7r05LO5L2PvQg5zW3","rect":[255,878,72,70],"offset":[1,-4],"originalSize":[86,86]}},{"__type__":"cc.SpriteFrame","content":{"name":"jiguang01","texture":"20wkx7r05LO5L2PvQg5zW3","rect":[837,460,113,129],"offset":[0,-1],"originalSize":[165,165]}},{"__type__":"cc.SpriteFrame","content":{"name":"jiguang05","texture":"20wkx7r05LO5L2PvQg5zW3","rect":[3,436,139,139],"offset":[0,0],"originalSize":[139,139]}},{"__type__":"cc.SpriteFrame","content":{"name":"shouji18","texture":"20wkx7r05LO5L2PvQg5zW3","rect":[143,575,18,54],"offset":[-1,-1],"originalSize":[32,64]}},{"__type__":"cc.SpriteFrame","content":{"name":"zhuanhuan_04_4","texture":"20wkx7r05LO5L2PvQg5zW3","rect":[834,690,113,99],"offset":[0,0],"originalSize":[113,99]}},{"__type__":"cc.SpriteFrame","content":{"name":"zhuanhuan_04_3","texture":"20wkx7r05LO5L2PvQg5zW3","rect":[942,808,79,89],"offset":[0,0],"originalSize":[79,89]}},{"__type__":"cc.SpriteFrame","content":{"name":"zhuanhuan_04","texture":"20wkx7r05LO5L2PvQg5zW3","rect":[429,1010,95,100],"offset":[0,0],"originalSize":[95,100]}},{"__type__":"cc.SpriteFrame","content":{"name":"line","texture":"20wkx7r05LO5L2PvQg5zW3","rect":[647,644,8,16],"offset":[0,0],"originalSize":[8,16]}},{"__type__":"cc.SpriteFrame","content":{"name":"shouji16","texture":"20wkx7r05LO5L2PvQg5zW3","rect":[831,901,98,98],"offset":[0,0],"originalSize":[100,100]}},{"__type__":"cc.SpriteFrame","content":{"name":"tuowei_05","texture":"20wkx7r05LO5L2PvQg5zW3","rect":[307,547,12,20],"offset":[-1,6],"originalSize":[32,32]}},{"__type__":"cc.SpriteFrame","content":{"name":"_0001_arrow","texture":"20wkx7r05LO5L2PvQg5zW3","rect":[164,366,142,240],"offset":[0,0],"originalSize":[142,240]}},{"__type__":"cc.SpriteFrame","content":{"name":"_0019_zidanditu","texture":"20wkx7r05LO5L2PvQg5zW3","rect":[309,265,24,32],"offset":[0,0],"originalSize":[26,32]}},{"__type__":"cc.SpriteFrame","content":{"name":"UI_fire02_6","texture":"20wkx7r05LO5L2PvQg5zW3","rect":[429,976,97,33],"offset":[-3,-4],"originalSize":[113,45]}},{"__type__":"cc.SpriteFrame","content":{"name":"light_c01","texture":"20wkx7r05LO5L2PvQg5zW3","rect":[3,717,128,128],"offset":[0,0],"originalSize":[128,128]}},{"__type__":"cc.SpriteFrame","content":{"name":"tuowei_02","texture":"20wkx7r05LO5L2PvQg5zW3","rect":[309,298,24,26],"offset":[0,3],"originalSize":[32,32]}},{"__type__":"cc.SpriteFrame","content":{"name":"dizuo","texture":"20wkx7r05LO5L2PvQg5zW3","rect":[3,221,160,160],"offset":[0,0],"originalSize":[160,160]}},{"__type__":"cc.SpriteFrame","content":{"name":"yinshen_02","texture":"20wkx7r05LO5L2PvQg5zW3","rect":[951,562,69,77],"offset":[0,0],"originalSize":[69,77]}},{"__type__":"cc.SpriteFrame","content":{"name":"progressbg","texture":"20wkx7r05LO5L2PvQg5zW3","rect":[231,1141,30,18],"offset":[0,0],"originalSize":[30,18],"capInsets":[9,0,9,0]}},{"__type__":"cc.SpriteFrame","content":{"name":"zidan01","texture":"20wkx7r05LO5L2PvQg5zW3","rect":[143,555,19,19],"offset":[0,0],"originalSize":[19,19]}},{"__type__":"cc.SpriteFrame","content":{"name":"shouji23","texture":"20wkx7r05LO5L2PvQg5zW3","rect":[320,547,9,29],"offset":[0,0],"originalSize":[9,29]}}]