{"__type__":"cc.AnimationClip","_name":"Fire03UI","_duration":0.4166666666666667,"wrapMode":2,"curveData":{"paths":{"1":{"comps":{"cc.Sprite":{}},"props":{"x":[{"frame":0,"value":0},{"frame":0.05,"value":0}],"y":[{"frame":0,"value":1},{"frame":0.05,"value":0}],"opacity":[{"frame":0,"value":255},{"frame":0.05,"value":255},{"frame":0.06666666666666667,"value":0}]}},"2":{"props":{"x":[{"frame":0.05,"value":0}],"y":[{"frame":0.05,"value":0}],"opacity":[{"frame":0.03333333333333333,"value":0},{"frame":0.05,"value":255},{"frame":0.1,"value":255},{"frame":0.11666666666666667,"value":0}]}},"3":{"props":{"x":[{"frame":0.1,"value":5}],"y":[{"frame":0.1,"value":4}],"opacity":[{"frame":0.08333333333333333,"value":0},{"frame":0.1,"value":255},{"frame":0.15,"value":255},{"frame":0.16666666666666666,"value":0}]}},"4":{"props":{"scaleX":[{"frame":0.15,"value":1}],"x":[{"frame":0.15,"value":6}],"opacity":[{"frame":0.13333333333333333,"value":0},{"frame":0.15,"value":255},{"frame":0.2,"value":255},{"frame":0.21666666666666667,"value":0}]}},"5":{"props":{"y":[{"frame":0.2,"value":-1}],"x":[{"frame":0.2,"value":4}],"opacity":[{"frame":0.18333333333333332,"value":0},{"frame":0.2,"value":255},{"frame":0.25,"value":255},{"frame":0.26666666666666666,"value":0}]}},"6":{"props":{"y":[{"frame":0.25,"value":-2}],"x":[{"frame":0.25,"value":-6}],"opacity":[{"frame":0.23333333333333334,"value":0},{"frame":0.25,"value":255},{"frame":0.3,"value":255},{"frame":0.31666666666666665,"value":0}]}},"7":{"props":{"opacity":[{"frame":0.2833333333333333,"value":0},{"frame":0.3,"value":255},{"frame":0.35,"value":255},{"frame":0.36666666666666664,"value":0}]}},"8":{"props":{"opacity":[{"frame":0.3333333333333333,"value":0},{"frame":0.35,"value":255},{"frame":0.4,"value":255},{"frame":0.4166666666666667,"value":0}]}}},"props":{}}}