{"__type__":"cc.AnimationClip","_name":"zidan_normal","_duration":0.17,"wrapMode":2,"curveData":{"paths":{"tuowei":{"props":{"anchorY":[{"frame":0,"value":1}],"scaleY":[{"frame":0,"value":1.5},{"frame":0.03333333333333333,"value":1},{"frame":0.08333333333333333,"value":0.9},{"frame":0.11666666666666667,"value":1},{"frame":0.16666666666666666,"value":1.5}],"scaleX":[{"frame":0,"value":1},{"frame":0.03333333333333333,"value":0.9},{"frame":0.08333333333333333,"value":1},{"frame":0.11666666666666667,"value":0.9},{"frame":0.16666666666666666,"value":1}],"y":[{"frame":0,"value":-10}],"x":[{"frame":0,"value":0}]}},"zidan":{"props":{"scaleX":[{"frame":0,"value":1},{"frame":0.03333333333333333,"value":0.9},{"frame":0.08333333333333333,"value":1},{"frame":0.11666666666666667,"value":0.9},{"frame":0.16666666666666666,"value":1}],"scaleY":[{"frame":0,"value":1},{"frame":0.03333333333333333,"value":0.9},{"frame":0.08333333333333333,"value":1},{"frame":0.11666666666666667,"value":0.9},{"frame":0.16666666666666666,"value":1}]}}}}}