{
	"description": "项目配置文件。",
	"setting": {
		"urlCheck": true,
		"es6": true,
		"postcss": true,
		"minified": true,
		"newFeature": false
	},
	"compileType": "game",
	"libVersion": "game",
	"appid": "wxa36c69f1538f68f3",
	"projectname": "%E7%BA%AA%E5%BF%B5%E7%A2%91%E8%B0%B72%E5%B0%8F%E6%B8%B8%E6%88%8F",
	"miniprogramRoot": "./",
	"condition": {
		"search": {
			"current": -1,
			"list": []
		},
		"conversation": {
			"current": -1,
			"list": []
		},
		"game": {
			"current": -1,
			"list": [
				{
					"id": 0,
					"name": "小程序码",
					"query": "scene=5a0eca292ec79_2"
				}
			]
		},
		"miniprogram": {
			"current": -1,
			"list": []
		}
	}
}