{"ID":"9fb055b3-c383-433e-b06e-b82da58af8c4","Version":"3.10.0.0","Name":"default_effect","Content":{"Content":{"Animation":{"Duration":1,"Speed":1,"Timelines":[{"ActionTag":1477333290,"Property":"Position","Frames":[{"X":0,"Y":0,"FrameIndex":0,"EasingData":{"Type":0},"ctype":"PointFrameData"},{"X":0,"Y":0,"FrameIndex":1,"EasingData":{"Type":0},"ctype":"PointFrameData"}],"ctype":"TimelineData"},{"ActionTag":1477333290,"Property":"Scale","Frames":[{"X":0.01,"Y":0.01,"FrameIndex":0,"EasingData":{"Type":0},"ctype":"ScaleValueFrameData"},{"X":0.01,"Y":0.01,"FrameIndex":1,"EasingData":{"Type":0},"ctype":"ScaleValueFrameData"}],"ctype":"TimelineData"},{"ActionTag":1477333290,"Property":"RotationSkew","Frames":[{"X":0,"Y":0,"FrameIndex":0,"EasingData":{"Type":0},"ctype":"ScaleValueFrameData"},{"X":0,"Y":0,"FrameIndex":1,"EasingData":{"Type":0},"ctype":"ScaleValueFrameData"}],"ctype":"TimelineData"}],"ctype":"TimelineActionData"},"AnimationList":[],"ObjectData":{"Children":[{"AnchorPoint":{},"Position":{"X":0,"Y":0},"Scale":{"ScaleX":0.01,"ScaleY":0.01},"CColor":{},"IconVisible":true,"PrePosition":{"X":0,"Y":0},"PreSize":{"X":0,"Y":0},"Tag":12,"ActionTag":1477333290,"Size":{"X":0,"Y":0},"Name":"Node_1","ctype":"SingleNodeObjectData"}],"Size":{"X":0,"Y":0},"Name":"Node","ctype":"SingleNodeObjectData"},"UsedResources":[],"ctype":"GameFileData"}},"Type":"Node"}