{"ID":"937057ec-6be6-4824-9862-1a6d532d2f7d","Version":"2.3.2.3","Name":"alertInputDialogSkin","Content":{"Content":{"Animation":{"Duration":0,"Speed":1.0,"Timelines":[],"ctype":"TimelineActionData"},"AnimationList":[],"ObjectData":{"Children":[{"FileData":{"Type":"MarkedSubImage","Path":"inner/imges/UI_danchuangbeijing.png","Plist":"inner/inner.plist"},"Scale9Enable":true,"Scale9OriginX":10,"Scale9OriginY":10,"Scale9Width":10,"Scale9Height":10,"TouchEnable":true,"AnchorPoint":{"ScaleX":0.5,"ScaleY":0.5},"Position":{"X":-1.0001,"Y":1.0992},"Scale":{"ScaleX":1.0,"ScaleY":1.0},"CColor":{},"IconVisible":false,"PrePosition":{"X":0.0,"Y":0.0},"PreSize":{"X":0.0,"Y":0.0},"LeftMargin":-311.0001,"RightMargin":-308.9999,"TopMargin":-201.0992,"BottomMargin":-198.9008,"Tag":9,"ActionTag":-787094390,"Size":{"X":620.0,"Y":400.0},"Name":"Image_1","ctype":"ImageViewObjectData"},{"FontSize":14,"ButtonText":"","TextColor":{"R":65,"G":65,"B":70},"DisabledFileData":{"Type":"MarkedSubImage","Path":"inner/imges/UI_paijuneigongyong_queding.png","Plist":"inner/inner.plist"},"PressedFileData":{"Type":"MarkedSubImage","Path":"inner/imges/UI_paijuneigongyong_queding.png","Plist":"inner/inner.plist"},"NormalFileData":{"Type":"MarkedSubImage","Path":"inner/imges/UI_paijuneigongyong_queding.png","Plist":"inner/inner.plist"},"Scale9OriginX":15,"Scale9OriginY":11,"Scale9Width":205,"Scale9Height":61,"OutlineColor":{"G":0,"B":0},"ShadowColor":{"R":110,"G":110,"B":110},"ShadowOffsetX":2.0,"ShadowOffsetY":-2.0,"TouchEnable":true,"AnchorPoint":{"ScaleX":0.5,"ScaleY":0.5},"Position":{"X":158.4854,"Y":-142.0536},"Scale":{"ScaleX":1.0,"ScaleY":1.0},"CColor":{},"IconVisible":false,"PrePosition":{"X":0.0,"Y":0.0},"PreSize":{"X":0.0,"Y":0.0},"LeftMargin":37.4854,"RightMargin":-279.4854,"TopMargin":97.5536,"BottomMargin":-186.5536,"Tag":10,"ActionTag":-1812442244,"Size":{"X":242.0,"Y":89.0},"Name":"yesBtn","ctype":"ButtonObjectData"},{"FontSize":14,"ButtonText":"","TextColor":{"R":65,"G":65,"B":70},"DisabledFileData":{"Type":"MarkedSubImage","Path":"inner/imges/UI_paijuneigongyong_quxiao.png","Plist":"inner/inner.plist"},"PressedFileData":{"Type":"MarkedSubImage","Path":"inner/imges/UI_paijuneigongyong_quxiao.png","Plist":"inner/inner.plist"},"NormalFileData":{"Type":"MarkedSubImage","Path":"inner/imges/UI_paijuneigongyong_quxiao.png","Plist":"inner/inner.plist"},"Scale9OriginX":15,"Scale9OriginY":11,"Scale9Width":205,"Scale9Height":61,"OutlineColor":{"G":0,"B":0},"ShadowColor":{"R":110,"G":110,"B":110},"ShadowOffsetX":2.0,"ShadowOffsetY":-2.0,"TouchEnable":true,"AnchorPoint":{"ScaleX":0.5,"ScaleY":0.5},"Position":{"X":-156.1986,"Y":-142.0536},"Scale":{"ScaleX":1.0,"ScaleY":1.0},"CColor":{},"IconVisible":false,"PrePosition":{"X":0.0,"Y":0.0},"PreSize":{"X":0.0,"Y":0.0},"LeftMargin":-277.1986,"RightMargin":35.1986,"TopMargin":97.5536,"BottomMargin":-186.5536,"Tag":12,"ActionTag":624679283,"Size":{"X":242.0,"Y":89.0},"Name":"noBtn","ctype":"ButtonObjectData"},{"IsCustomSize":true,"FontSize":30,"LabelText":"TextLabel镁铝镁铝镁铝镁铝镁镁铝镁铝\n镁铝\n\n\n\n","OutlineColor":{"G":0,"B":0},"ShadowColor":{"R":110,"G":110,"B":110},"ShadowOffsetX":2.0,"ShadowOffsetY":-2.0,"TouchEnable":true,"AnchorPoint":{"ScaleY":1.0},"Position":{"X":-285.6293,"Y":172.1722},"Scale":{"ScaleX":1.0,"ScaleY":1.0},"CColor":{},"IconVisible":false,"PrePosition":{"X":0.0,"Y":0.0},"PreSize":{"X":0.0,"Y":0.0},"HorizontalEdge":"RightEdge","LeftMargin":-285.6293,"RightMargin":-284.3707,"TopMargin":-172.1722,"BottomMargin":62.1722,"Tag":14,"ActionTag":-1705949349,"Size":{"X":570.0,"Y":110.0},"Name":"contextLabel","ctype":"TextObjectData"},{"ComboBoxIndex":1,"SingleColor":{"R":32,"G":36,"B":40},"FirstColor":{"R":150,"G":200},"EndColor":{},"ColorVector":{"ScaleY":1.0},"TouchEnable":true,"AnchorPoint":{},"Position":{"X":-286.939,"Y":-59.8563},"Scale":{"ScaleX":1.0,"ScaleY":1.0},"CColor":{},"IconVisible":false,"PrePosition":{"X":0.0,"Y":0.0},"PreSize":{"X":0.0,"Y":0.0},"LeftMargin":-286.939,"RightMargin":-283.061,"TopMargin":-100.1437,"BottomMargin":-59.8563,"Tag":2370,"ActionTag":825338832,"Size":{"X":570.0,"Y":160.0},"Name":"Panel_1","ctype":"PanelObjectData"},{"FontSize":24,"IsCustomSize":true,"LabelText":"","PlaceHolderText":"在此输入...","MaxLengthText":10,"TouchEnable":true,"AnchorPoint":{"ScaleY":1.0},"Position":{"X":-283.0059,"Y":96.7383},"Scale":{"ScaleX":1.0,"ScaleY":1.0},"CColor":{},"IconVisible":false,"PrePosition":{"X":0.0,"Y":0.0},"PreSize":{"X":0.0,"Y":0.0},"LeftMargin":-283.0059,"RightMargin":-276.9941,"TopMargin":-96.7383,"BottomMargin":-63.2617,"Tag":15,"ActionTag":-1066617157,"Size":{"X":560.0,"Y":160.0},"Name":"_inputTf","ctype":"TextFieldObjectData"}],"Size":{"X":0.0,"Y":0.0},"Name":"Node","ctype":"SingleNodeObjectData"},"UsedResources":["inner.plist","inner.png"],"ctype":"GameProjectData"}},"Type":"Node"}