{"ID":"bfd69bc1-43db-4d90-a354-316c968dbda7","Version":"2.3.2.3","Name":"dialogSkin","Content":{"Content":{"Animation":{"Duration":0,"Speed":1.0,"Timelines":[],"ctype":"TimelineActionData"},"AnimationList":[],"ObjectData":{"Tag":8,"Children":[{"FileData":{"Type":"MarkedSubImage","Path":"inner/imges/UI_danchuangbeijing.png","Plist":"inner/inner.plist"},"Scale9Enable":true,"Scale9OriginX":10,"Scale9OriginY":10,"Scale9Width":10,"Scale9Height":10,"TouchEnable":true,"AnchorPoint":{"ScaleX":0.5,"ScaleY":0.5},"Position":{"X":-0.2455,"Y":53.9869},"Scale":{"ScaleX":1.0,"ScaleY":1.0},"CColor":{},"IconVisible":false,"PrePosition":{"X":0.0,"Y":0.0},"PreSize":{"X":0.0,"Y":0.0},"LeftMargin":-295.2455,"RightMargin":-294.7545,"TopMargin":-225.9869,"BottomMargin":-118.0131,"Tag":1939,"ActionTag":31484340,"Size":{"X":590.0,"Y":344.0},"Name":"Image_1","ctype":"ImageViewObjectData"},{"ComboBoxIndex":1,"SingleColor":{"R":35,"G":45,"B":59},"FirstColor":{"R":150,"G":200},"EndColor":{},"ColorVector":{"ScaleY":1.0},"TouchEnable":true,"AnchorPoint":{},"Position":{"X":-281.6903,"Y":156.4891},"Scale":{"ScaleX":1.0546,"ScaleY":1.0},"CColor":{},"IconVisible":false,"PrePosition":{"X":0.0,"Y":0.0},"PreSize":{"X":0.0,"Y":0.0},"LeftMargin":-281.6903,"RightMargin":-252.3097,"TopMargin":-159.4891,"BottomMargin":156.4891,"Tag":71,"ActionTag":-365255063,"Size":{"X":534.0,"Y":3.0},"Name":"fengexian","ctype":"PanelObjectData"},{"FontSize":32,"LabelText":"提示","HorizontalAlignmentType":"HT_Center","VerticalAlignmentType":"VT_Center","OutlineColor":{"G":0,"B":0},"ShadowColor":{"R":110,"G":110,"B":110},"ShadowOffsetX":2.0,"ShadowOffsetY":-2.0,"AnchorPoint":{"ScaleX":0.5,"ScaleY":0.5},"Position":{"X":0.0889,"Y":185.964},"Scale":{"ScaleX":1.0,"ScaleY":1.0},"CColor":{"R":133,"G":157,"B":187},"IconVisible":false,"PrePosition":{"X":0.0,"Y":0.0},"PreSize":{"X":0.0,"Y":0.0},"LeftMargin":-31.9111,"RightMargin":-32.0889,"TopMargin":-202.464,"BottomMargin":169.464,"Tag":17,"ActionTag":-2021249178,"Size":{"X":64.0,"Y":33.0},"Name":"lbTitle","ctype":"TextObjectData"},{"FontSize":40,"ButtonText":"","TextColor":{},"DisabledFileData":{"Type":"MarkedSubImage","Path":"inner/imges/UI_paijuneigongyong_queding.png","Plist":"inner/inner.plist"},"PressedFileData":{"Type":"MarkedSubImage","Path":"inner/imges/UI_paijuneigongyong_queding.png","Plist":"inner/inner.plist"},"NormalFileData":{"Type":"MarkedSubImage","Path":"inner/imges/UI_paijuneigongyong_queding.png","Plist":"inner/inner.plist"},"Scale9OriginX":14,"Scale9OriginY":11,"Scale9Width":207,"Scale9Height":61,"OutlineColor":{"G":0,"B":0},"ShadowColor":{"R":110,"G":110,"B":110},"ShadowOffsetX":2.0,"ShadowOffsetY":-2.0,"TouchEnable":true,"AnchorPoint":{"ScaleX":0.5,"ScaleY":0.5},"Position":{"X":139.7591,"Y":-45.0746},"Scale":{"ScaleX":1.0,"ScaleY":1.0},"CColor":{},"IconVisible":false,"PrePosition":{"X":0.0,"Y":0.0},"PreSize":{"X":0.0,"Y":0.0},"LeftMargin":22.2591,"RightMargin":-257.2591,"TopMargin":3.5746,"BottomMargin":-86.5746,"Tag":10,"ActionTag":-890956673,"Size":{"X":235.0,"Y":83.0},"Name":"yesBtn","ctype":"ButtonObjectData"},{"FontSize":36,"ButtonText":"","TextColor":{},"DisabledFileData":{"Type":"MarkedSubImage","Path":"inner/imges/UI_paijuneigongyong_quxiao.png","Plist":"inner/inner.plist"},"PressedFileData":{"Type":"MarkedSubImage","Path":"inner/imges/UI_paijuneigongyong_quxiao.png","Plist":"inner/inner.plist"},"NormalFileData":{"Type":"MarkedSubImage","Path":"inner/imges/UI_paijuneigongyong_quxiao.png","Plist":"inner/inner.plist"},"Scale9OriginX":14,"Scale9OriginY":11,"Scale9Width":207,"Scale9Height":61,"OutlineColor":{"G":0,"B":0},"ShadowColor":{"R":110,"G":110,"B":110},"ShadowOffsetX":2.0,"ShadowOffsetY":-2.0,"TouchEnable":true,"AnchorPoint":{"ScaleX":0.5,"ScaleY":0.5},"Position":{"X":-138.8413,"Y":-45.0746},"Scale":{"ScaleX":1.0,"ScaleY":1.0},"CColor":{},"IconVisible":false,"PrePosition":{"X":0.0,"Y":0.0},"PreSize":{"X":0.0,"Y":0.0},"LeftMargin":-256.3413,"RightMargin":21.3413,"TopMargin":3.5746,"BottomMargin":-86.5746,"Tag":12,"ActionTag":-930049002,"Size":{"X":235.0,"Y":83.0},"Name":"noBtn","ctype":"ButtonObjectData"},{"IsCustomSize":true,"FontSize":28,"LabelText":"消息通知","HorizontalAlignmentType":"HT_Center","VerticalAlignmentType":"VT_Center","OutlineColor":{"G":0,"B":0},"ShadowColor":{"R":110,"G":110,"B":110},"ShadowOffsetX":2.0,"ShadowOffsetY":-2.0,"TouchEnable":true,"AnchorPoint":{"ScaleY":0.5},"Position":{"X":-245.2046,"Y":77.0398},"Scale":{"ScaleX":1.0,"ScaleY":1.0},"CColor":{},"IconVisible":false,"PrePosition":{"X":0.0,"Y":0.0},"PreSize":{"X":0.0,"Y":0.0},"HorizontalEdge":"RightEdge","LeftMargin":-245.2046,"RightMargin":-244.7954,"TopMargin":-157.0398,"BottomMargin":-2.9602,"Tag":15,"ActionTag":-1632707011,"Size":{"X":490.0,"Y":160.0},"Name":"contextLabel","ctype":"TextObjectData"}],"Size":{"X":0.0,"Y":0.0},"Name":"Node","ctype":"SingleNodeObjectData"},"UsedResources":["inner.plist","inner.png"],"ctype":"GameProjectData"}},"Type":"Node"}