{"ID":"e97a9739-39ec-4d45-86f7-94705ebe5146","Version":"2.3.2.3","Name":"infoUIWaitSkin","Content":{"Content":{"Animation":{"Duration":20,"Speed":0.5,"Timelines":[{"ActionTag":1011852895,"Property":"Position","Frames":[{"X":0.0,"Y":0.0,"FrameIndex":0,"Tween":false,"ctype":"PointFrameData"},{"X":0.0,"Y":0.0,"FrameIndex":6,"Tween":false,"ctype":"PointFrameData"},{"X":0.0,"Y":0.0,"FrameIndex":8,"Tween":false,"ctype":"PointFrameData"},{"X":0.0,"Y":0.0,"FrameIndex":10,"Tween":false,"ctype":"PointFrameData"},{"X":0.0,"Y":0.0,"FrameIndex":12,"Tween":false,"ctype":"PointFrameData"},{"X":0.0,"Y":0.0,"FrameIndex":14,"Tween":false,"ctype":"PointFrameData"},{"X":0.0,"Y":0.0,"FrameIndex":16,"Tween":false,"ctype":"PointFrameData"},{"X":0.0,"Y":0.0,"FrameIndex":18,"Tween":false,"ctype":"PointFrameData"},{"X":0.0,"Y":0.0,"FrameIndex":20,"EasingData":{"Type":0},"ctype":"PointFrameData"}],"ctype":"TimelineData"},{"ActionTag":1011852895,"Property":"FileData","Frames":[{"TextureFile":{"Type":"MarkedSubImage","Path":"inner/jiazaidonghua/UI_jiazai1.png","Plist":"inner/inner.plist"},"FrameIndex":0,"Tween":false,"ctype":"TextureFrameData"},{"TextureFile":{"Type":"MarkedSubImage","Path":"inner/jiazaidonghua/UI_jiazai4.png","Plist":"inner/inner.plist"},"FrameIndex":6,"Tween":false,"ctype":"TextureFrameData"},{"TextureFile":{"Type":"MarkedSubImage","Path":"inner/jiazaidonghua/UI_jiazai5.png","Plist":"inner/inner.plist"},"FrameIndex":8,"Tween":false,"ctype":"TextureFrameData"},{"TextureFile":{"Type":"MarkedSubImage","Path":"inner/jiazaidonghua/UI_jiazai6.png","Plist":"inner/inner.plist"},"FrameIndex":10,"Tween":false,"ctype":"TextureFrameData"},{"TextureFile":{"Type":"MarkedSubImage","Path":"inner/jiazaidonghua/UI_jiazai7.png","Plist":"inner/inner.plist"},"FrameIndex":12,"Tween":false,"ctype":"TextureFrameData"},{"TextureFile":{"Type":"MarkedSubImage","Path":"inner/jiazaidonghua/UI_jiazai8.png","Plist":"inner/inner.plist"},"FrameIndex":14,"Tween":false,"ctype":"TextureFrameData"},{"TextureFile":{"Type":"MarkedSubImage","Path":"inner/jiazaidonghua/UI_jiazai9.png","Plist":"inner/inner.plist"},"FrameIndex":16,"Tween":false,"ctype":"TextureFrameData"},{"TextureFile":{"Type":"MarkedSubImage","Path":"inner/jiazaidonghua/UI_jiazai10.png","Plist":"inner/inner.plist"},"FrameIndex":18,"Tween":false,"ctype":"TextureFrameData"},{"TextureFile":{"Type":"MarkedSubImage","Path":"inner/jiazaidonghua/UI_jiazai11.png","Plist":"inner/inner.plist"},"FrameIndex":20,"Tween":false,"ctype":"TextureFrameData"}],"ctype":"TimelineData"},{"ActionTag":1011852895,"Property":"Scale","Frames":[{"X":1.0,"Y":1.0,"FrameIndex":20,"EasingData":{"Type":0},"ctype":"ScaleValueFrameData"}],"ctype":"TimelineData"},{"ActionTag":1011852895,"Property":"RotationSkew","Frames":[{"X":0.0,"Y":0.0,"FrameIndex":20,"EasingData":{"Type":0},"ctype":"ScaleValueFrameData"}],"ctype":"TimelineData"}],"ctype":"TimelineActionData"},"AnimationList":[],"ObjectData":{"Tag":127,"Children":[{"FileData":{"Type":"MarkedSubImage","Path":"inner/jiazaidonghua/UI_jiazai7.png","Plist":"inner/inner.plist"},"BlendFunc":{"Src":770,"Dst":771},"AnchorPoint":{"ScaleX":0.5,"ScaleY":0.5},"Position":{"X":0.0,"Y":0.0},"Scale":{"ScaleX":1.0,"ScaleY":1.0},"CColor":{},"IconVisible":false,"PrePosition":{"X":0.0,"Y":0.0},"PreSize":{"X":0.0,"Y":0.0},"LeftMargin":-50.0,"RightMargin":-50.0,"TopMargin":-50.5,"BottomMargin":-50.5,"Tag":128,"ActionTag":1011852895,"Size":{"X":100.0,"Y":101.0},"Name":"Sprite_1","ctype":"SpriteObjectData"}],"Size":{"X":0.0,"Y":0.0},"Name":"Node","ctype":"SingleNodeObjectData"},"UsedResources":["inner.plist","inner.png"],"ctype":"GameProjectData"}},"Type":"Node"}