{"ID":"e993c7b1-294f-4c06-96c4-b72b331a4332","Version":"2.3.2.3","Name":"infoUISkin","Content":{"Content":{"Animation":{"Duration":0,"Speed":1.0,"Timelines":[],"ctype":"TimelineActionData"},"AnimationList":[],"ObjectData":{"Tag":762,"Children":[{"FileData":{"Type":"MarkedSubImage","Path":"inner/jiazai/jiazaibeijing.png","Plist":"inner/inner.plist"},"Scale9Enable":true,"Scale9OriginX":28,"Scale9OriginY":28,"Scale9Width":7,"Scale9Height":6,"AnchorPoint":{"ScaleX":0.5,"ScaleY":0.5},"Position":{"X":-0.0007,"Y":0.0},"Scale":{"ScaleX":1.0,"ScaleY":1.0},"CColor":{},"IconVisible":false,"PrePosition":{"X":0.0,"Y":0.0},"PreSize":{"X":0.0,"Y":0.0},"LeftMargin":-170.0007,"RightMargin":-169.9993,"TopMargin":-170.0,"BottomMargin":-170.0,"Tag":2847,"ActionTag":914391276,"Size":{"X":340.0,"Y":340.0},"Name":"_bg","ctype":"ImageViewObjectData"},{"IsCustomSize":true,"FontSize":22,"LabelText":"正在坐下...","HorizontalAlignmentType":"HT_Center","OutlineColor":{"G":0,"B":0},"ShadowColor":{"R":110,"G":110,"B":110},"ShadowOffsetX":2.0,"ShadowOffsetY":-2.0,"AnchorPoint":{"ScaleX":0.5,"ScaleY":1.0},"Position":{"X":0.0,"Y":-31.6945},"Scale":{"ScaleX":1.0,"ScaleY":1.0},"CColor":{},"IconVisible":false,"PrePosition":{"X":0.0,"Y":0.0},"PreSize":{"X":0.0,"Y":0.0},"LeftMargin":-150.0,"RightMargin":-150.0,"TopMargin":31.6945,"BottomMargin":-111.6945,"Tag":766,"ActionTag":1567807666,"Size":{"X":300.0,"Y":80.0},"Name":"_infoTxt","ctype":"TextObjectData"},{"FileData":{"Type":"Normal","Path":"inner/infoUIWaitSkin.json","Plist":""},"InnerActionSpeed":0.5,"AnchorPoint":{},"Position":{"X":0.0015,"Y":37.5386},"Scale":{"ScaleX":1.0,"ScaleY":1.0},"CColor":{},"IconVisible":true,"PrePosition":{"X":0.0,"Y":0.0},"PreSize":{"X":0.0,"Y":0.0},"LeftMargin":0.0015,"RightMargin":-0.0015,"TopMargin":-37.5386,"BottomMargin":37.5386,"Tag":129,"ActionTag":-411690303,"Size":{"X":0.0,"Y":0.0},"Name":"_waitNode","ctype":"ProjectNodeObjectData"}],"Size":{"X":0.0,"Y":0.0},"Name":"Node","ctype":"SingleNodeObjectData"},"UsedResources":["infoUIWaitSkin.json","inner.plist","inner.png"],"ctype":"GameProjectData"}},"Type":"Node"}