{"ID":"948b3565-89b6-49b1-b37f-adf6598300b8","Version":"2.3.2.3","Name":"loadingChip","Content":{"Content":{"Animation":{"Duration":20,"Speed":0.5,"Timelines":[{"ActionTag":-1931769927,"Property":"Position","Frames":[{"X":0.9997,"Y":1.9999,"FrameIndex":0,"Tween":false,"ctype":"PointFrameData"},{"X":0.9997,"Y":1.9999,"FrameIndex":6,"Tween":false,"ctype":"PointFrameData"},{"X":0.9997,"Y":1.9999,"FrameIndex":8,"Tween":false,"ctype":"PointFrameData"},{"X":0.9997,"Y":2.0,"FrameIndex":10,"Tween":false,"ctype":"PointFrameData"},{"X":0.9997,"Y":1.9999,"FrameIndex":12,"Tween":false,"ctype":"PointFrameData"}],"ctype":"TimelineData"},{"ActionTag":-1931769927,"Property":"FileData","Frames":[{"TextureFile":{"Type":"MarkedSubImage","Path":"inner/jiazaidonghua/UI_jiazai1.png","Plist":"inner/inner.plist"},"FrameIndex":0,"Tween":false,"ctype":"TextureFrameData"},{"TextureFile":{"Type":"MarkedSubImage","Path":"inner/jiazaidonghua/UI_jiazai4.png","Plist":"inner/inner.plist"},"FrameIndex":6,"Tween":false,"ctype":"TextureFrameData"},{"TextureFile":{"Type":"MarkedSubImage","Path":"inner/jiazaidonghua/UI_jiazai5.png","Plist":"inner/inner.plist"},"FrameIndex":8,"Tween":false,"ctype":"TextureFrameData"},{"TextureFile":{"Type":"MarkedSubImage","Path":"inner/jiazaidonghua/UI_jiazai6.png","Plist":"inner/inner.plist"},"FrameIndex":10,"Tween":false,"ctype":"TextureFrameData"},{"TextureFile":{"Type":"MarkedSubImage","Path":"inner/jiazaidonghua/UI_jiazai7.png","Plist":"inner/inner.plist"},"FrameIndex":12,"Tween":false,"ctype":"TextureFrameData"},{"TextureFile":{"Type":"MarkedSubImage","Path":"inner/jiazaidonghua/UI_jiazai8.png","Plist":"inner/inner.plist"},"FrameIndex":14,"Tween":false,"ctype":"TextureFrameData"},{"TextureFile":{"Type":"MarkedSubImage","Path":"inner/jiazaidonghua/UI_jiazai9.png","Plist":"inner/inner.plist"},"FrameIndex":16,"Tween":false,"ctype":"TextureFrameData"},{"TextureFile":{"Type":"MarkedSubImage","Path":"inner/jiazaidonghua/UI_jiazai10.png","Plist":"inner/inner.plist"},"FrameIndex":18,"Tween":false,"ctype":"TextureFrameData"},{"TextureFile":{"Type":"MarkedSubImage","Path":"inner/jiazaidonghua/UI_jiazai11.png","Plist":"inner/inner.plist"},"FrameIndex":20,"Tween":false,"ctype":"TextureFrameData"}],"ctype":"TimelineData"}],"ctype":"TimelineActionData"},"AnimationList":[],"ObjectData":{"Tag":40,"Children":[{"FileData":{"Type":"MarkedSubImage","Path":"inner/jiazaidonghua/UI_jiazai1.png","Plist":"inner/inner.plist"},"BlendFunc":{"Src":1,"Dst":771},"AnchorPoint":{"ScaleX":0.5,"ScaleY":0.5},"Position":{"X":0.9997,"Y":1.9999},"Scale":{"ScaleX":1.0058,"ScaleY":1.0},"CColor":{},"IconVisible":false,"PrePosition":{"X":0.0,"Y":0.0},"PreSize":{"X":0.0,"Y":0.0},"LeftMargin":-49.0003,"RightMargin":-50.9997,"TopMargin":-52.4999,"BottomMargin":-48.5001,"Tag":54,"ActionTag":-1931769927,"Size":{"X":100.0,"Y":101.0},"Name":"Sprite_13","ctype":"SpriteObjectData"}],"Size":{"X":0.0,"Y":0.0},"Name":"Node","ctype":"SingleNodeObjectData"},"UsedResources":["inner.plist","inner.png"],"ctype":"GameProjectData"}},"Type":"Node"}