{"ID":"79cdec5d-6868-435f-9390-06dc300b121b","Version":"2.3.2.3","Name":"loadingSkin","Content":{"Content":{"Animation":{"Duration":0,"Speed":1.0,"Timelines":[],"ctype":"TimelineActionData"},"AnimationList":[],"ObjectData":{"Children":[{"ComboBoxIndex":1,"SingleColor":{"R":25,"G":113,"B":96},"FirstColor":{"R":150,"G":200},"EndColor":{},"ColorVector":{"ScaleY":1.0},"TouchEnable":true,"AnchorPoint":{"ScaleX":0.5,"ScaleY":0.5},"Position":{"X":320.0,"Y":568.0},"Scale":{"ScaleX":1.0,"ScaleY":1.0},"CColor":{},"IconVisible":false,"PrePosition":{"X":0.5,"Y":0.5},"PreSize":{"X":1.0,"Y":1.0},"HorizontalEdge":"BothEdge","Tag":25,"ActionTag":-789530517,"Size":{"X":640.0,"Y":1136.0},"Name":"_bgImg","ctype":"PanelObjectData"},{"BackColorAlpha":0,"SingleColor":{"R":150,"G":200},"FirstColor":{"R":150,"G":200},"EndColor":{},"ColorVector":{"ScaleY":1.0},"TouchEnable":true,"AnchorPoint":{"ScaleX":0.5,"ScaleY":0.5},"Position":{"X":320.0,"Y":568.0},"Scale":{"ScaleX":1.0,"ScaleY":1.0},"CColor":{},"IconVisible":false,"PrePosition":{"X":0.5,"Y":0.5},"PreSize":{"X":1.0,"Y":1.0},"HorizontalEdge":"BothEdge","Tag":6,"Children":[{"IsCustomSize":true,"FontSize":28,"LabelText":"正在加载80%","HorizontalAlignmentType":"HT_Center","OutlineColor":{"G":0,"B":0},"ShadowColor":{"R":110,"G":110,"B":110},"ShadowOffsetX":2.0,"ShadowOffsetY":-2.0,"AnchorPoint":{"ScaleX":0.5,"ScaleY":1.0},"Position":{"X":320.0,"Y":337.0},"Scale":{"ScaleX":1.0,"ScaleY":1.0},"CColor":{},"IconVisible":false,"PrePosition":{"X":0.5,"Y":0.2967},"PreSize":{"X":0.625,"Y":0.0352},"HorizontalEdge":"BothEdge","LeftMargin":120.0,"RightMargin":120.0,"TopMargin":799.0,"BottomMargin":297.0,"Tag":17,"ActionTag":1137128470,"Size":{"X":400.0,"Y":40.0},"Name":"_loadingText","ctype":"TextObjectData"},{"FileData":{"Type":"Normal","Path":"inner/imges/UI_logo.png","Plist":""},"BlendFunc":{"Src":1,"Dst":771},"AnchorPoint":{"ScaleX":0.47,"ScaleY":0.5},"Position":{"X":320.0,"Y":797.0},"Scale":{"ScaleX":1.0,"ScaleY":1.0},"CColor":{},"IconVisible":false,"PrePosition":{"X":0.5,"Y":0.7016},"PreSize":{"X":0.0,"Y":0.0},"HorizontalEdge":"BothEdge","LeftMargin":103.33,"RightMargin":75.67,"TopMargin":250.5,"BottomMargin":708.5,"Tag":29,"ActionTag":1008269789,"Size":{"X":461.0,"Y":177.0},"Name":"UI_logo_4","ctype":"SpriteObjectData"},{"FileData":{"Type":"Normal","Path":"inner/infoUIWaitSkin.json","Plist":""},"InnerActionSpeed":1.0,"AnchorPoint":{},"Position":{"X":320.0,"Y":449.0},"Scale":{"ScaleX":1.0,"ScaleY":1.0},"CColor":{},"IconVisible":true,"PrePosition":{"X":0.5,"Y":0.3952},"PreSize":{"X":0.0,"Y":0.0},"HorizontalEdge":"BothEdge","LeftMargin":319.9999,"RightMargin":320.0001,"TopMargin":687.0,"BottomMargin":449.0,"Tag":75,"ActionTag":-1956631695,"Size":{"X":0.0,"Y":0.0},"Name":"waitNode","ctype":"ProjectNodeObjectData"},{"FontSize":32,"LabelText":"让世界见识你的实力","OutlineColor":{"G":0,"B":0},"ShadowColor":{"R":110,"G":110,"B":110},"ShadowOffsetX":2.0,"ShadowOffsetY":-2.0,"AnchorPoint":{"ScaleX":0.5,"ScaleY":0.5},"Position":{"X":320.0,"Y":687.0},"Scale":{"ScaleX":1.0,"ScaleY":1.0},"CColor":{"R":247,"G":243,"B":195},"IconVisible":false,"PrePosition":{"X":0.5,"Y":0.6048},"PreSize":{"X":0.0,"Y":0.0},"HorizontalEdge":"BothEdge","LeftMargin":176.0,"RightMargin":176.0,"TopMargin":432.5,"BottomMargin":670.5,"Tag":58,"ActionTag":741658308,"Size":{"X":288.0,"Y":33.0},"Name":"Text_2_0","ctype":"TextObjectData"},{"FontSize":20,"LabelText":"粤网文【2017】6138-1456号\n文网游备字【2016】M-CBG5924号\n新广出审【2017】6728号\nISBN号：ISBN978-7-7979-9990-8\n新出网证（粤）字010号\n抵制不良游戏拒绝盗版游戏注意自我保护谨防受骗上当\n适度游戏益脑沉迷游戏伤身合理安排时间享受健康生活\n著作权人：腾讯科技（深圳）\n有限公司出版单位：深圳市腾讯计算机系统有限公司\n","HorizontalAlignmentType":"HT_Center","OutlineColor":{"G":0,"B":0},"ShadowColor":{"R":110,"G":110,"B":110},"ShadowOffsetX":2.0,"ShadowOffsetY":-2.0,"AnchorPoint":{"ScaleX":0.5,"ScaleY":0.5},"Position":{"X":320.0,"Y":138.0},"Scale":{"ScaleX":1.0,"ScaleY":1.0},"CColor":{"R":13,"G":61,"B":52},"IconVisible":false,"PrePosition":{"X":0.5,"Y":0.1215},"PreSize":{"X":0.0,"Y":0.0},"HorizontalEdge":"BothEdge","LeftMargin":65.0,"RightMargin":65.0,"TopMargin":898.0,"BottomMargin":38.0,"Tag":57,"ActionTag":1321720868,"Size":{"X":510.0,"Y":200.0},"Name":"Text_2","ctype":"TextObjectData"}],"ActionTag":149577708,"Size":{"X":640.0,"Y":1136.0},"Name":"_uiLayout","ctype":"PanelObjectData"}],"Size":{"X":640.0,"Y":1136.0},"Name":"Layer","ctype":"LayerObjectData"},"UsedResources":["imges/UI_logo.png","infoUIWaitSkin.json"],"ctype":"GameProjectData"}},"Type":"Layer"}