{"__type__":"cc.AnimationClip","_name":"WinUI_ani01","_duration":0.7333333333333333,"sample":30,"curveData":{"paths":{"_0007_yuansu_G/_0006_victory":{"props":{"x":[{"frame":0,"value":-1151},{"frame":0.16666666666666666,"value":0},{"frame":0.7333333333333333,"value":0}],"scaleX":[{"frame":0,"value":2.22},{"frame":0.16666666666666666,"value":2.99},{"frame":0.26666666666666666,"value":0.86},{"frame":0.36666666666666664,"value":1.07},{"frame":0.5,"value":1},{"frame":0.7333333333333333,"value":1}],"scaleY":[{"frame":0,"value":0.02},{"frame":0.16666666666666666,"value":0.04},{"frame":0.26666666666666666,"value":1.18},{"frame":0.36666666666666664,"value":0.94},{"frame":0.5,"value":1},{"frame":0.7333333333333333,"value":1}]}},"_0007_yuansu_G/_0007_yuansu":{"props":{"scaleX":[{"frame":0.26666666666666666,"value":0.1},{"frame":0.36666666666666664,"value":1.21},{"frame":0.5,"value":0.98},{"frame":0.7333333333333333,"value":1}],"scaleY":[{"frame":0.26666666666666666,"value":0.1},{"frame":0.36666666666666664,"value":0.8},{"frame":0.5,"value":1.02},{"frame":0.7333333333333333,"value":1}],"opacity":[{"frame":0.26666666666666666,"value":0},{"frame":0.4,"value":255},{"frame":0.7333333333333333,"value":200}]}},"WinLogo":{"props":{"scaleX":[{"frame":0,"value":1},{"frame":0.16666666666666666,"value":3.14},{"frame":0.23333333333333334,"value":0.1},{"frame":0.3333333333333333,"value":1.1},{"frame":0.5,"value":0.98},{"frame":0.7333333333333333,"value":1}],"scaleY":[{"frame":0,"value":0.07},{"frame":0.16666666666666666,"value":0.07},{"frame":0.23333333333333334,"value":0.1},{"frame":0.3333333333333333,"value":1.1},{"frame":0.5,"value":0.98},{"frame":0.7333333333333333,"value":1}],"x":[{"frame":0,"value":-1170},{"frame":0.16666666666666666,"value":0},{"frame":0.7333333333333333,"value":0}],"color":[{"frame":0,"value":{"__type__":"cc.Color","r":255,"g":255,"b":255}},{"frame":0.23333333333333334,"value":{"__type__":"cc.Color","r":255,"g":255,"b":255}},{"frame":0.3333333333333333,"value":{"__type__":"cc.Color","r":255,"g":214}},{"frame":0.7333333333333333,"value":{"__type__":"cc.Color","r":255,"g":255,"b":255}}],"opacity":[{"frame":0,"value":255},{"frame":0.16666666666666666,"value":255},{"frame":0.23333333333333334,"value":0},{"frame":0.3333333333333333,"value":255},{"frame":0.5,"value":200},{"frame":0.7333333333333333,"value":255}]}},"_0007_yuansu_G/_0004_cuihuidifangjididitu":{"props":{"opacity":[{"frame":0.16666666666666666,"value":0},{"frame":0.5,"value":255}]}}}}}