{"__type__":"cc.AnimationClip","_name":"Zhangai_hit","_duration":1.2666666666666666,"sample":30,"wrapMode":2,"curveData":{"paths":{"New Node1/sprite3":{"props":{"position":[{"frame":0,"value":[0,0],"motionPath":[]},{"frame":0.13333333333333333,"value":[-14.4,29.3]},{"frame":0.23333333333333334,"value":[-24.6,30.9]},{"frame":0.26666666666666666,"value":[-33.8,30.7]},{"frame":0.3,"value":[-40.3,25.7]},{"frame":0.36666666666666664,"value":[-50.3,13.7]},{"frame":0.5333333333333333,"value":[-56.870000000000005,17.39]},{"frame":0.6,"value":[-57.6,17.8]},{"frame":0.6333333333333333,"value":[-62,19]},{"frame":0.7333333333333333,"value":[-65.9,11.3]}],"rotation":[{"frame":0,"value":40},{"frame":0.7333333333333333,"value":0}],"scaleX":[{"frame":0,"value":0.45}],"scaleY":[{"frame":0,"value":0.45}],"opacity":[{"frame":0,"value":0},{"frame":0.1,"value":255},{"frame":0.4666666666666667,"value":255},{"frame":0.7333333333333333,"value":0}]}},"New Node1/sprite4":{"props":{"position":[{"frame":0,"value":[0,-15]},{"frame":0.06666666666666667,"value":[-8,-5]},{"frame":0.16666666666666666,"value":[-18,-4]},{"frame":0.23333333333333334,"value":[-23,-9]},{"frame":0.4,"value":[-31,-36]},{"frame":0.4666666666666667,"value":[-43,-34]},{"frame":0.5333333333333333,"value":[-49,-37]},{"frame":0.6,"value":[-50,-48]}],"scaleX":[{"frame":0,"value":0.45},{"frame":0.6,"value":0.45}],"scaleY":[{"frame":0,"value":0.45},{"frame":0.6,"value":0.45}],"opacity":[{"frame":0,"value":0},{"frame":0.1,"value":255},{"frame":0.4,"value":255},{"frame":0.6,"value":0}]}},"New Node1/sprite5":{"props":{"position":[{"frame":0,"value":[1,4]},{"frame":0.06666666666666667,"value":[12,15]},{"frame":0.23333333333333334,"value":[22,12]},{"frame":0.3333333333333333,"value":[29,-7]},{"frame":0.43333333333333335,"value":[38,-1]},{"frame":0.6,"value":[47,-5]},{"frame":0.7333333333333333,"value":[50,-14]}],"scaleX":[{"frame":0,"value":0.65}],"scaleY":[{"frame":0,"value":0.65}],"rotation":[{"frame":0,"value":0},{"frame":0.7333333333333333,"value":10}],"opacity":[{"frame":0,"value":0},{"frame":0.1,"value":255},{"frame":0.4666666666666667,"value":255},{"frame":0.7333333333333333,"value":0}]}},"New Node/sprite6":{"props":{"x":[{"frame":0.13333333333333333,"value":-13},{"frame":1.2666666666666666,"value":-19}],"y":[{"frame":0.13333333333333333,"value":-1},{"frame":1.2666666666666666,"value":31}],"opacity":[{"frame":0.13333333333333333,"value":0},{"frame":0.6333333333333333,"value":200},{"frame":1.2666666666666666,"value":0}],"position":[{"frame":0.13333333333333333,"value":[-13,-1]},{"frame":0.4,"value":[-19,9]},{"frame":0.6666666666666666,"value":[-18,19]},{"frame":1,"value":[-20,28]},{"frame":1.2666666666666666,"value":[-19,31]}],"rotation":[{"frame":0.13333333333333333,"value":50}],"scaleX":[{"frame":0.13333333333333333,"value":0.8},{"frame":1.2666666666666666,"value":1.2}],"scaleY":[{"frame":0.13333333333333333,"value":0.8},{"frame":1.2666666666666666,"value":1.2}]}}},"props":{"opacity":[{"frame":0,"value":255}]}}}