[{"__type__":"cc.AnimationClip","_name":"xingxing_xiaoshi","_duration":1,"wrapMode":2,"curveData":{"paths":{"xingxing":{"comps":{"cc.Sprite":{"spriteFrame":[]}},"props":{"scaleX":[{"frame":0,"value":0.925},{"frame":0.5,"value":1},{"frame":1,"value":0.925}],"scaleY":[{"frame":0,"value":0.925},{"frame":0.5,"value":1},{"frame":1,"value":0.925}],"opacity":[{"frame":0,"value":50},{"frame":0.5,"value":150},{"frame":1,"value":50}]}},"quan":{"props":{"scaleX":[{"frame":0,"value":0.95},{"frame":0.5,"value":1},{"frame":1,"value":0.95}],"scaleY":[{"frame":0,"value":0.95},{"frame":0.5,"value":1},{"frame":1,"value":0.95}],"opacity":[{"frame":0,"value":50},{"frame":0.5,"value":150},{"frame":1,"value":50}]}}}}},{"__type__":"cc.SpriteFrame","content":{"name":"tp__01","texture":"20wkx7r05LO5L2PvQg5zW3","rect":[3,1219,64,51],"offset":[0,0],"originalSize":[64,51]}},{"__type__":"cc.SpriteFrame","content":{"name":"zhuanhuan_04","texture":"20wkx7r05LO5L2PvQg5zW3","rect":[429,1010,95,100],"offset":[0,0],"originalSize":[95,100]}},[{"__type__":"cc.Prefab","_name":"PowerbuffPrefab","data":{"__id__":1},"asyncLoadAssets":false},{"__type__":"cc.Node","_name":"PowerbuffPrefab","_children":[{"__id__":2},{"__id__":5}],"_components":[{"__type__":"9bdf76vszFBEKWDAGyNctFy","node":{"__id__":1},"SpAtlas":{"__uuid__":"49hgYBWs5C0osUMDkiP1E1"},"Resid":1301,"EntityType":13,"DeadPrefab":{"__uuid__":"b93CiNZcJMRJDBtFIL71Nc"},"DeadPrefabName":"daojuxiaoshi_H","dieAnimationClip":"daojuxiaoshi","AvailableTime":15,"WarnAnimation":{"__id__":8},"MyCollider":{"__id__":9},"WarnAnimationClip":"xingxing_xiaoshi"},{"__id__":9}],"_prefab":{"__type__":"cc.PrefabInfo","root":{"__id__":1},"asset":{"__uuid__":"f1TPwFSBJMRZ3h9Rk26e1x"},"fileId":"cb8l4u5clNFL68HJqcN7YC"},"_contentSize":{"__type__":"cc.Size","width":100,"height":100},"groupIndex":4},{"__type__":"cc.Node","_name":"xingxing","_parent":{"__id__":1},"_children":[{"__id__":3},{"__id__":4}],"_components":[{"__type__":"cc.Animation","node":{"__id__":2},"_defaultClip":{"__uuid__":"1cYyYe33xHzb1zwHKcI1Uw"},"_clips":[{"__uuid__":"1cYyYe33xHzb1zwHKcI1Uw"}]}],"_prefab":{"__type__":"cc.PrefabInfo","root":{"__id__":1},"asset":{"__uuid__":"f1TPwFSBJMRZ3h9Rk26e1x"},"fileId":"bdkh0VkbRJSKrltyf1Gj7v"}},{"__type__":"cc.Node","_name":"star","_parent":{"__id__":2},"_components":[{"__type__":"cc.Sprite","node":{"__id__":3},"_spriteFrame":{"__uuid__":"732k1j7ftP4rVujrj/nSpw"},"_isTrimmedMode":false,"_dstBlendFactor":0}],"_prefab":{"__type__":"cc.PrefabInfo","root":{"__id__":1},"asset":{"__uuid__":"f1TPwFSBJMRZ3h9Rk26e1x"},"fileId":"d9er33D6pGO6WHpKkV5shl"},"_contentSize":{"__type__":"cc.Size","width":64,"height":51},"_position":{"__type__":"cc.Vec2","y":3}},{"__type__":"cc.Node","_name":"quan","_parent":{"__id__":2},"_components":[{"__type__":"cc.Sprite","node":{"__id__":4},"_spriteFrame":{"__uuid__":"df6IRlT/JKmb/epNTXOK4i"},"_sizeMode":0,"_dstBlendFactor":0}],"_prefab":{"__type__":"cc.PrefabInfo","root":{"__id__":1},"asset":{"__uuid__":"f1TPwFSBJMRZ3h9Rk26e1x"},"fileId":"d6/swDx61GA7fLaylGGvY4"},"_contentSize":{"__type__":"cc.Size","width":90,"height":90}},{"__type__":"cc.Node","_name":"xingxing_xiaoshi","_parent":{"__id__":1},"_children":[{"__id__":6},{"__id__":7}],"_components":[{"__id__":8}],"_prefab":{"__type__":"cc.PrefabInfo","root":{"__id__":1},"asset":{"__uuid__":"f1TPwFSBJMRZ3h9Rk26e1x"},"fileId":"6b5NCoHRNNBopGEzYaXELP"}},{"__type__":"cc.Node","_name":"xingxing","_parent":{"__id__":5},"_components":[{"__type__":"cc.Sprite","node":{"__id__":6},"_spriteFrame":{"__uuid__":"732k1j7ftP4rVujrj/nSpw"},"_isTrimmedMode":false,"_dstBlendFactor":0}],"_prefab":{"__type__":"cc.PrefabInfo","root":{"__id__":1},"asset":{"__uuid__":"f1TPwFSBJMRZ3h9Rk26e1x"},"fileId":"606MVJ24pLer2kxr9cYqCk"},"_contentSize":{"__type__":"cc.Size","width":64,"height":51},"_position":{"__type__":"cc.Vec2","y":3}},{"__type__":"cc.Node","_name":"quan","_parent":{"__id__":5},"_components":[{"__type__":"cc.Sprite","node":{"__id__":7},"_spriteFrame":{"__uuid__":"df6IRlT/JKmb/epNTXOK4i"},"_sizeMode":0,"_dstBlendFactor":0}],"_prefab":{"__type__":"cc.PrefabInfo","root":{"__id__":1},"asset":{"__uuid__":"f1TPwFSBJMRZ3h9Rk26e1x"},"fileId":"8bsu15JMRIs7IgEfdiKw+F"},"_contentSize":{"__type__":"cc.Size","width":90,"height":90}},{"__type__":"cc.Animation","node":{"__id__":5},"_defaultClip":{"__uuid__":"73KfIOskpCHoId7sjdLDFx"},"_clips":[{"__uuid__":"73KfIOskpCHoId7sjdLDFx"}]},{"__type__":"cc.BoxCollider","node":{"__id__":1}}]]