[{"__type__":"cc.SpriteFrame","content":{"name":"CountDowm_48","texture":"fcJS4K3v9B9LpajzpsNm+D","rect":[1382,760,20,25],"offset":[0,0],"originalSize":[22,25]}},[{"__type__":"cc.Prefab","_name":"ZD_Word","data":{"__id__":1},"asyncLoadAssets":false},{"__type__":"cc.Node","_name":"ZD_Word","_children":[{"__id__":2}],"_components":[{"__type__":"16798xaPnVLdZwNbixFe2cV","node":{"__id__":1},"LabelAtlas":{"__uuid__":"7bRXkNrzhKoJqYv3aEXya7"},"LabelStr":"0123456789:","ResFormat":"CountDowm_","Template":{"__id__":3}}],"_prefab":{"__type__":"cc.PrefabInfo","root":{"__id__":1},"asset":{"__uuid__":"dfRhjMNeVCUr3hphM8PCKi"},"fileId":"5fYSxJkrJONLYg1RSy0zKn"},"_position":{"__type__":"cc.Vec2","x":230,"y":397}},{"__type__":"cc.Node","_name":"Template","_parent":{"__id__":1},"_active":false,"_components":[{"__id__":3}],"_prefab":{"__type__":"cc.PrefabInfo","root":{"__id__":1},"asset":{"__uuid__":"dfRhjMNeVCUr3hphM8PCKi"},"fileId":"04eUOlCFFNcImclDCNFduB"},"_contentSize":{"__type__":"cc.Size","width":12,"height":16}},{"__type__":"cc.Sprite","node":{"__id__":2},"_spriteFrame":{"__uuid__":"d7MnG4kxpKpK8pCaujFtXl"},"_sizeMode":0,"_isTrimmedMode":false}]]