[{"__type__":"cc.SpriteFrame","content":{"name":"singleColor","texture":"fcJS4K3v9B9LpajzpsNm+D","rect":[972,760,32,32],"offset":[0,0],"originalSize":[32,32]}},{"__type__":"cc.SpriteFrame","content":{"name":"_0001_yuanxing","texture":"fcJS4K3v9B9LpajzpsNm+D","rect":[3,1003,12,12],"offset":[0,0],"originalSize":[12,12]}},{"__type__":"cc.SpriteFrame","content":{"name":"shoot","texture":"fcJS4K3v9B9LpajzpsNm+D","rect":[1377,456,173,174],"offset":[0,0],"originalSize":[173,174]}},[{"__type__":"cc.Prefab","_name":"JoyStickUI","data":{"__id__":1},"asyncLoadAssets":false},{"__type__":"cc.Node","_name":"JoyStickUI","_children":[{"__id__":2},{"__id__":4},{"__id__":12},{"__id__":19},{"__id__":29},{"__id__":31},{"__id__":39},{"__id__":46},{"__id__":53},{"__id__":60}],"_components":[{"__type__":"cc.Widget","node":{"__id__":1},"_alignFlags":45,"_originalWidth":1338,"_originalHeight":750},{"__type__":"e98e7hxETxODLM8wGu55+mC","node":{"__id__":1},"touchArea":{"__id__":2},"spawnArea":{"__id__":4},"ring":{"__id__":6},"MoveNode":{"__id__":5},"normalSkillBtn":{"__id__":12},"joystickSkillBtn":{"__id__":31},"joystickSkillBtnTouchArea":{"__id__":29},"effectBtn":{"__id__":19}}],"_prefab":{"__type__":"cc.PrefabInfo","root":{"__id__":1},"asset":{"__uuid__":"3fv+JFfHJLWq/9NqtdauRy"},"fileId":"a5a95YJM/1EnLk+OMR+/GXX"},"_contentSize":{"__type__":"cc.Size","width":1334,"height":750},"_position":{"__type__":"cc.Vec2","x":667,"y":375}},{"__type__":"cc.Node","_name":"touchArea","_parent":{"__id__":1},"_components":[{"__type__":"cc.Widget","node":{"__id__":2},"_alignFlags":12,"_right":334,"_originalWidth":1000},{"__type__":"b3f2aq1pHVBkIVarMuItrX7","node":{"__id__":2},"spawnArea":{"__id__":3}},{"__type__":"cc.Sprite","node":{"__id__":2},"_enabled":false,"_spriteFrame":{"__uuid__":"08L+cdXZZHS59r32etsaNM"},"_type":1,"_sizeMode":0}],"_prefab":{"__type__":"cc.PrefabInfo","root":{"__id__":1},"asset":{"__uuid__":"3fv+JFfHJLWq/9NqtdauRy"},"fileId":"8c8qhU0ohHtLEp1BpK2Q15"},"_color":{"__type__":"cc.Color","r":2,"g":60,"b":75},"_anchorPoint":{"__type__":"cc.Vec2"},"_contentSize":{"__type__":"cc.Size","width":500,"height":550},"_position":{"__type__":"cc.Vec2","x":-667,"y":-375}},{"__type__":"c1e43yCSSFPsJiaeYTweRq1","node":{"__id__":4},"joystickNode":{"__id__":5},"joystick":{"__id__":10}},{"__type__":"cc.Node","_name":"spawnArea","_parent":{"__id__":1},"_children":[{"__id__":5}],"_components":[{"__type__":"cc.Sprite","node":{"__id__":4},"_enabled":false,"_spriteFrame":{"__uuid__":"08L+cdXZZHS59r32etsaNM"},"_type":1,"_sizeMode":0},{"__type__":"cc.Widget","node":{"__id__":4},"_alignFlags":12,"_left":150,"_bottom":150},{"__id__":3}],"_prefab":{"__type__":"cc.PrefabInfo","root":{"__id__":1},"asset":{"__uuid__":"3fv+JFfHJLWq/9NqtdauRy"},"fileId":"48U+YILB1JxqvH/lQ1vefZ"},"_color":{"__type__":"cc.Color","r":104,"g":94,"b":179},"_anchorPoint":{"__type__":"cc.Vec2"},"_contentSize":{"__type__":"cc.Size","width":200,"height":200},"_position":{"__type__":"cc.Vec2","x":-517,"y":-225}},{"__type__":"cc.Node","_name":"MoveNode","_parent":{"__id__":4},"_children":[{"__id__":6},{"__id__":11}],"_prefab":{"__type__":"cc.PrefabInfo","root":{"__id__":1},"asset":{"__uuid__":"3fv+JFfHJLWq/9NqtdauRy"},"fileId":"b5JuXrh29KTbueFx0FAo7t"},"_contentSize":{"__type__":"cc.Size","width":100,"height":100}},{"__type__":"cc.Node","_name":"ring","_parent":{"__id__":5},"_children":[{"__id__":7},{"__id__":8}],"_components":[{"__type__":"cc.Sprite","node":{"__id__":6},"_spriteFrame":{"__uuid__":"6boDiCn3REi6DNw82tap4F"},"_sizeMode":0},{"__id__":10}],"_prefab":{"__type__":"cc.PrefabInfo","root":{"__id__":1},"asset":{"__uuid__":"3fv+JFfHJLWq/9NqtdauRy"},"fileId":"c9381qzdhtI4o8MGEflfGbD"},"_contentSize":{"__type__":"cc.Size","width":245,"height":245}},{"__type__":"cc.Node","_name":"d","_parent":{"__id__":6},"_components":[{"__type__":"cc.Sprite","node":{"__id__":7},"_spriteFrame":{"__uuid__":"20Sjk2RVxNSrVPcPCjDpWi"}}],"_prefab":{"__type__":"cc.PrefabInfo","root":{"__id__":1},"asset":{"__uuid__":"3fv+JFfHJLWq/9NqtdauRy"},"fileId":"40408UwjxAya8qHQVJtjbD"},"_contentSize":{"__type__":"cc.Size","width":12,"height":12}},{"__type__":"cc.Node","_name":"direction","_parent":{"__id__":6},"_children":[{"__id__":9}],"_prefab":{"__type__":"cc.PrefabInfo","root":{"__id__":1},"asset":{"__uuid__":"3fv+JFfHJLWq/9NqtdauRy"},"fileId":"d1AFqGmn1DNpfw/2Y8E72D"},"_contentSize":{"__type__":"cc.Size","width":12,"height":36}},{"__type__":"cc.Node","_name":"directionIcon","_parent":{"__id__":8},"_components":[{"__type__":"cc.Sprite","node":{"__id__":9},"_spriteFrame":{"__uuid__":"52FuCDN2RHnpnY+cvsSRwv"}}],"_prefab":{"__type__":"cc.PrefabInfo","root":{"__id__":1},"asset":{"__uuid__":"3fv+JFfHJLWq/9NqtdauRy"},"fileId":"65NZ89z2dM47QqTSdfJyTL"},"_contentSize":{"__type__":"cc.Size","width":258,"height":180},"_position":{"__type__":"cc.Vec2","x":10000,"y":77}},{"__type__":"db0f2FiBgtK4rT6reD2+4vr","node":{"__id__":6},"dot":{"__id__":11},"directionNode":{"__id__":8},"directionSprite":{"__id__":9},"_speed2":2},{"__type__":"cc.Node","_name":"dot","_parent":{"__id__":5},"_components":[{"__type__":"cc.Sprite","node":{"__id__":11},"_spriteFrame":{"__uuid__":"5dspQNfMFKBZAnkmoDN43Q"},"_isTrimmedMode":false}],"_prefab":{"__type__":"cc.PrefabInfo","root":{"__id__":1},"asset":{"__uuid__":"3fv+JFfHJLWq/9NqtdauRy"},"fileId":"6915a4Ywt5PypuZUQ7oZ9nM"},"_contentSize":{"__type__":"cc.Size","width":172,"height":174}},{"__type__":"cc.Node","_name":"SkillBtn","_parent":{"__id__":1},"_children":[{"__id__":13},{"__id__":17},{"__id__":18}],"_components":[{"__type__":"cc.Widget","node":{"__id__":12},"_target":{"__id__":1},"_alignFlags":36,"_left":200,"_right":35,"_bottom":40,"_originalWidth":100},{"__type__":"cc.Button","node":{"__id__":12},"_N$target":{"__id__":12}},{"__type__":"d7d80Pa8c5OKJtumEZ9/eiO","node":{"__id__":12},"animation":{"__id__":16}},{"__type__":"583e37tDMZOyrHYOPD8BB3O","node":{"__id__":12},"pressedScale":0.8,"transDuration":0.1}],"_prefab":{"__type__":"cc.PrefabInfo","root":{"__id__":1},"asset":{"__uuid__":"3fv+JFfHJLWq/9NqtdauRy"},"fileId":"299t8Sdw1N5L1HEfCXDpIr"},"_contentSize":{"__type__":"cc.Size","width":230,"height":230},"_position":{"__type__":"cc.Vec2","x":517,"y":-220}},{"__type__":"cc.Node","_name":"dianji","_parent":{"__id__":12},"_children":[{"__id__":14},{"__id__":15}],"_components":[{"__id__":16}],"_prefab":{"__type__":"cc.PrefabInfo","root":{"__id__":1},"asset":{"__uuid__":"3fv+JFfHJLWq/9NqtdauRy"},"fileId":"21+nr4/hVEaJPUOUjrcnnt"}},{"__type__":"cc.Node","_name":"gh","_parent":{"__id__":13},"_components":[{"__type__":"cc.Sprite","node":{"__id__":14},"_spriteFrame":{"__uuid__":"e2XSAED0pDkbINuffYEcKe"},"_sizeMode":2}],"_prefab":{"__type__":"cc.PrefabInfo","root":{"__id__":1},"asset":{"__uuid__":"3fv+JFfHJLWq/9NqtdauRy"},"fileId":"d0mq5OuldIOrhnuqbEYjF3"},"_contentSize":{"__type__":"cc.Size","width":100,"height":100}},{"__type__":"cc.Node","_name":"gh2","_parent":{"__id__":13},"_components":[{"__type__":"cc.Sprite","node":{"__id__":15},"_spriteFrame":{"__uuid__":"e2XSAED0pDkbINuffYEcKe"},"_sizeMode":2}],"_prefab":{"__type__":"cc.PrefabInfo","root":{"__id__":1},"asset":{"__uuid__":"3fv+JFfHJLWq/9NqtdauRy"},"fileId":"3fO092u01JxLVdZz1EmceI"},"_contentSize":{"__type__":"cc.Size","width":100,"height":100}},{"__type__":"cc.Animation","node":{"__id__":13},"_defaultClip":{"__uuid__":"c4CWEppnZHOJtcFM/R/rWj"},"_clips":[{"__uuid__":"c4CWEppnZHOJtcFM/R/rWj"}]},{"__type__":"cc.Node","_name":"SkillBtnBG","_parent":{"__id__":12},"_components":[{"__type__":"cc.Sprite","node":{"__id__":17},"_spriteFrame":{"__uuid__":"2bz/Jy+dlEYYctQ3sBmuCC"},"_sizeMode":2,"_isTrimmedMode":false}],"_prefab":{"__type__":"cc.PrefabInfo","root":{"__id__":1},"asset":{"__uuid__":"3fv+JFfHJLWq/9NqtdauRy"},"fileId":"daQ8Bhs9pC2plyqY6vyrIW"},"_contentSize":{"__type__":"cc.Size","width":173,"height":174}},{"__type__":"cc.Node","_name":"SkillBtnDot","_parent":{"__id__":12},"_components":[{"__type__":"cc.Sprite","node":{"__id__":18}}],"_prefab":{"__type__":"cc.PrefabInfo","root":{"__id__":1},"asset":{"__uuid__":"3fv+JFfHJLWq/9NqtdauRy"},"fileId":"fcksGuHIZMbqM8zRLybZ2I"},"_contentSize":{"__type__":"cc.Size","width":36,"height":54}},{"__type__":"cc.Node","_name":"EffectBtn","_parent":{"__id__":1},"_children":[{"__id__":20},{"__id__":23},{"__id__":25}],"_active":false,"_components":[{"__type__":"cc.Widget","node":{"__id__":19},"_target":{"__id__":1},"_alignFlags":36,"_left":200,"_right":214,"_bottom":114,"_originalWidth":100},{"__type__":"cc.Button","node":{"__id__":19},"_N$target":{"__id__":19}},{"__type__":"583e37tDMZOyrHYOPD8BB3O","node":{"__id__":19},"pressedScale":0.8,"transDuration":0.1},{"__type__":"6a31dSdr49CyrmNHFmWkGJn","node":{"__id__":19},"animation":{"__id__":28},"spriteBG":{"__id__":24},"effectBtnBG":[{"__uuid__":"bbJqf24TZEpoBKZnBoWslt"},{"__uuid__":"c0BBsBd/9EN5/KRPfmhnX4"}],"tipsLabel":{"__id__":20}}],"_prefab":{"__type__":"cc.PrefabInfo","root":{"__id__":1},"asset":{"__uuid__":"3fv+JFfHJLWq/9NqtdauRy"},"fileId":"5dUbkQQr9LEaPsF7W5h6N+"},"_contentSize":{"__type__":"cc.Size","width":230,"height":230},"_position":{"__type__":"cc.Vec2","x":338,"y":-146}},{"__type__":"cc.Node","_name":"tipsnode","_parent":{"__id__":19},"_children":[{"__id__":21},{"__id__":22}],"_prefab":{"__type__":"cc.PrefabInfo","root":{"__id__":1},"asset":{"__uuid__":"3fv+JFfHJLWq/9NqtdauRy"},"fileId":"ceq5T///RIvI4zRiyQ87DX"}},{"__type__":"cc.Node","_name":"tips","_parent":{"__id__":20},"_components":[{"__type__":"cc.Sprite","node":{"__id__":21},"_spriteFrame":{"__uuid__":"43nl5+/ZRKQ5YvBA1uM3+o"},"_sizeMode":0}],"_prefab":{"__type__":"cc.PrefabInfo","root":{"__id__":1},"asset":{"__uuid__":"3fv+JFfHJLWq/9NqtdauRy"},"fileId":"b3VTK2hDpBzpAW7akEVPLo"},"_contentSize":{"__type__":"cc.Size","width":164,"height":58},"_scaleX":1.7,"_scaleY":1.5,"_position":{"__type__":"cc.Vec2","x":-57,"y":131}},{"__type__":"cc.Node","_name":"label","_parent":{"__id__":20},"_components":[{"__type__":"cc.Label","node":{"__id__":22},"_useOriginalSize":false,"_actualFontSize":22,"_fontSize":22,"_lineHeight":22,"_N$string":"获得强力道具【雷霆突袭】"}],"_prefab":{"__type__":"cc.PrefabInfo","root":{"__id__":1},"asset":{"__uuid__":"3fv+JFfHJLWq/9NqtdauRy"},"fileId":"06mawzbalPbIHXDFnuHJ/W"},"_contentSize":{"__type__":"cc.Size","width":264,"height":22},"_position":{"__type__":"cc.Vec2","x":-51.6,"y":143}},{"__type__":"cc.Node","_name":"EffectBtnBG","_parent":{"__id__":19},"_components":[{"__id__":24}],"_prefab":{"__type__":"cc.PrefabInfo","root":{"__id__":1},"asset":{"__uuid__":"3fv+JFfHJLWq/9NqtdauRy"},"fileId":"75SyjeJiZBFJogO/vynrE6"},"_contentSize":{"__type__":"cc.Size","width":150,"height":150}},{"__type__":"cc.Sprite","node":{"__id__":23},"_spriteFrame":{"__uuid__":"df27Ty87pOnLE1igPJtT7p"},"_sizeMode":0},{"__type__":"cc.Node","_name":"EffectEnter","_parent":{"__id__":19},"_children":[{"__id__":26},{"__id__":27}],"_components":[{"__id__":28}],"_prefab":{"__type__":"cc.PrefabInfo","root":{"__id__":1},"asset":{"__uuid__":"3fv+JFfHJLWq/9NqtdauRy"},"fileId":"f7jnfIIj9MKKR4bGPz21Kp"},"_scaleX":1.4,"_scaleY":1.4,"_position":{"__type__":"cc.Vec2","y":2}},{"__type__":"cc.Node","_name":"jihuo","_parent":{"__id__":25},"_components":[{"__type__":"cc.Sprite","node":{"__id__":26},"_spriteFrame":{"__uuid__":"43qfi+hJVNd4FdjRtQMoB4"},"_dstBlendFactor":1}],"_prefab":{"__type__":"cc.PrefabInfo","root":{"__id__":1},"asset":{"__uuid__":"3fv+JFfHJLWq/9NqtdauRy"},"fileId":"d3/OPy/VRIpp+1HAKhRb1x"},"_color":{"__type__":"cc.Color","r":255,"g":143},"_contentSize":{"__type__":"cc.Size","width":62,"height":62},"_scaleX":2.17,"_scaleY":2.17},{"__type__":"cc.Node","_name":"jihuo2","_parent":{"__id__":25},"_components":[{"__type__":"cc.Sprite","node":{"__id__":27},"_spriteFrame":{"__uuid__":"aaf+ObgLJOhL7MOzxja6jD"},"_dstBlendFactor":1}],"_prefab":{"__type__":"cc.PrefabInfo","root":{"__id__":1},"asset":{"__uuid__":"3fv+JFfHJLWq/9NqtdauRy"},"fileId":"4bHkeNzR9OR6fnbSVzoWhM"},"_color":{"__type__":"cc.Color","r":233,"g":156,"b":40},"_contentSize":{"__type__":"cc.Size","width":122,"height":122},"_scaleX":1.31,"_scaleY":1.31},{"__type__":"cc.Animation","node":{"__id__":25},"_defaultClip":{"__uuid__":"f4BozkHfxE07B/TkLVrWlq"},"_clips":[{"__uuid__":"f4BozkHfxE07B/TkLVrWlq"}]},{"__type__":"cc.Node","_name":"touchArea","_parent":{"__id__":1},"_active":false,"_components":[{"__type__":"cc.Widget","node":{"__id__":29},"_alignFlags":36,"_left":983},{"__type__":"cc.Sprite","node":{"__id__":29},"_enabled":false,"_spriteFrame":{"__uuid__":"08L+cdXZZHS59r32etsaNM"},"_type":1,"_sizeMode":0},{"__type__":"c1f57Xf/QdC2p9bS8TmKft/","node":{"__id__":29},"spawnArea":{"__id__":30}}],"_prefab":{"__type__":"cc.PrefabInfo","root":{"__id__":1},"asset":{"__uuid__":"3fv+JFfHJLWq/9NqtdauRy"},"fileId":"fbLN3igdxL7YPGUqNwGQhW"},"_color":{"__type__":"cc.Color","r":2,"g":60,"b":75},"_anchorPoint":{"__type__":"cc.Vec2","x":1},"_contentSize":{"__type__":"cc.Size","width":500,"height":400},"_position":{"__type__":"cc.Vec2","x":667,"y":-375}},{"__type__":"0c2c1lyzwNKwLKcE5vcOxTz","node":{"__id__":31},"joystickNode":{"__id__":32},"joystick":{"__id__":38}},{"__type__":"cc.Node","_name":"spawnArea","_parent":{"__id__":1},"_children":[{"__id__":32}],"_active":false,"_components":[{"__type__":"cc.Sprite","node":{"__id__":31},"_enabled":false,"_spriteFrame":{"__uuid__":"08L+cdXZZHS59r32etsaNM"},"_type":1,"_sizeMode":0},{"__type__":"cc.Widget","node":{"__id__":31},"_alignFlags":36,"_left":150,"_right":150,"_bottom":150},{"__id__":30}],"_prefab":{"__type__":"cc.PrefabInfo","root":{"__id__":1},"asset":{"__uuid__":"3fv+JFfHJLWq/9NqtdauRy"},"fileId":"6beyq0vK1JR5L3vlEuZ816"},"_color":{"__type__":"cc.Color","r":104,"g":94,"b":179},"_anchorPoint":{"__type__":"cc.Vec2","x":1},"_contentSize":{"__type__":"cc.Size","width":200,"height":200},"_position":{"__type__":"cc.Vec2","x":517,"y":-225}},{"__type__":"cc.Node","_name":"MoveNode","_parent":{"__id__":31},"_children":[{"__id__":33},{"__id__":34}],"_components":[{"__type__":"cc.Widget","node":{"__id__":32},"_alignFlags":36,"_right":-50,"_bottom":-50}],"_prefab":{"__type__":"cc.PrefabInfo","root":{"__id__":1},"asset":{"__uuid__":"3fv+JFfHJLWq/9NqtdauRy"},"fileId":"f0fBZazoRPx6q2qL11G6of"},"_contentSize":{"__type__":"cc.Size","width":100,"height":100}},{"__type__":"cc.Node","_name":"dot","_parent":{"__id__":32},"_components":[{"__type__":"cc.Sprite","node":{"__id__":33},"_sizeMode":0}],"_prefab":{"__type__":"cc.PrefabInfo","root":{"__id__":1},"asset":{"__uuid__":"3fv+JFfHJLWq/9NqtdauRy"},"fileId":"a5BHccj11D5IuSgN0o4U5M"},"_contentSize":{"__type__":"cc.Size","width":100,"height":100}},{"__type__":"cc.Node","_name":"ring","_parent":{"__id__":32},"_children":[{"__id__":35},{"__id__":36}],"_components":[{"__type__":"cc.Sprite","node":{"__id__":34},"_sizeMode":0},{"__id__":38}],"_prefab":{"__type__":"cc.PrefabInfo","root":{"__id__":1},"asset":{"__uuid__":"3fv+JFfHJLWq/9NqtdauRy"},"fileId":"efV/Up4RhJS5UJytF/fb+7"},"_contentSize":{"__type__":"cc.Size","width":245,"height":245}},{"__type__":"cc.Node","_name":"d","_parent":{"__id__":34},"_components":[{"__type__":"cc.Sprite","node":{"__id__":35}}],"_prefab":{"__type__":"cc.PrefabInfo","root":{"__id__":1},"asset":{"__uuid__":"3fv+JFfHJLWq/9NqtdauRy"},"fileId":"35/afeQQlGIL4exdHru39g"},"_contentSize":{"__type__":"cc.Size","width":12,"height":12}},{"__type__":"cc.Node","_name":"direction","_parent":{"__id__":34},"_components":[{"__id__":37}],"_prefab":{"__type__":"cc.PrefabInfo","root":{"__id__":1},"asset":{"__uuid__":"3fv+JFfHJLWq/9NqtdauRy"},"fileId":"10rm+JQ9VGR6weNuDiWmse"},"_anchorPoint":{"__type__":"cc.Vec2","x":0.5},"_contentSize":{"__type__":"cc.Size","width":12,"height":36},"_position":{"__type__":"cc.Vec2","y":12}},{"__type__":"cc.Sprite","node":{"__id__":36},"_enabled":false},{"__type__":"196a1DgffRNF67E/gd1BZQs","node":{"__id__":34},"touchArea":{"__id__":29},"spawnArea":{"__id__":31},"ring":{"__id__":34},"dot":{"__id__":33},"directionSprite":{"__id__":37},"MoveNode":{"__id__":32}},{"__type__":"cc.Node","_name":"LBtn","_parent":{"__id__":1},"_children":[{"__id__":40},{"__id__":44},{"__id__":45}],"_active":false,"_components":[{"__type__":"cc.Widget","node":{"__id__":39},"_alignFlags":12,"_left":20,"_right":35,"_bottom":75,"_originalWidth":100},{"__type__":"cc.Button","node":{"__id__":39},"_N$target":{"__id__":39}},{"__type__":"583e37tDMZOyrHYOPD8BB3O","node":{"__id__":39},"pressedScale":0.8,"transDuration":0.1},{"__type__":"e0369HeQ1pBQ6TtzO+jfZZL","node":{"__id__":39},"animation":{"__id__":43},"direction":4}],"_prefab":{"__type__":"cc.PrefabInfo","root":{"__id__":1},"asset":{"__uuid__":"3fv+JFfHJLWq/9NqtdauRy"},"fileId":"23JFmJehZDbaQlwdN84Vu2"},"_contentSize":{"__type__":"cc.Size","width":150,"height":150},"_scaleX":0.7,"_scaleY":0.7,"_position":{"__type__":"cc.Vec2","x":-594.5,"y":-247.5}},{"__type__":"cc.Node","_name":"dianji","_parent":{"__id__":39},"_children":[{"__id__":41},{"__id__":42}],"_components":[{"__id__":43}],"_prefab":{"__type__":"cc.PrefabInfo","root":{"__id__":1},"asset":{"__uuid__":"3fv+JFfHJLWq/9NqtdauRy"},"fileId":"fb0CrMG79JIJA/ch64Y4Zb"}},{"__type__":"cc.Node","_name":"gh","_parent":{"__id__":40},"_components":[{"__type__":"cc.Sprite","node":{"__id__":41},"_spriteFrame":{"__uuid__":"e2XSAED0pDkbINuffYEcKe"}}],"_prefab":{"__type__":"cc.PrefabInfo","root":{"__id__":1},"asset":{"__uuid__":"3fv+JFfHJLWq/9NqtdauRy"},"fileId":"d5+fqTiDJINqyHxDpSJTjs"},"_contentSize":{"__type__":"cc.Size","width":98,"height":98}},{"__type__":"cc.Node","_name":"gh2","_parent":{"__id__":40},"_components":[{"__type__":"cc.Sprite","node":{"__id__":42},"_spriteFrame":{"__uuid__":"e2XSAED0pDkbINuffYEcKe"}}],"_prefab":{"__type__":"cc.PrefabInfo","root":{"__id__":1},"asset":{"__uuid__":"3fv+JFfHJLWq/9NqtdauRy"},"fileId":"01NZQErghG5q/V/UaJMbjz"},"_contentSize":{"__type__":"cc.Size","width":98,"height":98}},{"__type__":"cc.Animation","node":{"__id__":40},"_defaultClip":{"__uuid__":"c4CWEppnZHOJtcFM/R/rWj"},"_clips":[{"__uuid__":"c4CWEppnZHOJtcFM/R/rWj"}]},{"__type__":"cc.Node","_name":"SkillBtnBG","_parent":{"__id__":39},"_components":[{"__type__":"cc.Sprite","node":{"__id__":44},"_spriteFrame":{"__uuid__":"5dspQNfMFKBZAnkmoDN43Q"},"_sizeMode":0}],"_prefab":{"__type__":"cc.PrefabInfo","root":{"__id__":1},"asset":{"__uuid__":"3fv+JFfHJLWq/9NqtdauRy"},"fileId":"efenSgaAlMN4IemkgT2f02"},"_contentSize":{"__type__":"cc.Size","width":150,"height":150}},{"__type__":"cc.Node","_name":"SkillBtnDot","_parent":{"__id__":39},"_components":[{"__type__":"cc.Sprite","node":{"__id__":45}}],"_prefab":{"__type__":"cc.PrefabInfo","root":{"__id__":1},"asset":{"__uuid__":"3fv+JFfHJLWq/9NqtdauRy"},"fileId":"2a/THatXRG3pPB5PBvuQT6"},"_contentSize":{"__type__":"cc.Size","width":36,"height":54}},{"__type__":"cc.Node","_name":"RBtn","_parent":{"__id__":1},"_children":[{"__id__":47},{"__id__":51},{"__id__":52}],"_active":false,"_components":[{"__type__":"cc.Widget","node":{"__id__":46},"_alignFlags":12,"_left":200,"_right":35,"_bottom":75,"_originalWidth":100},{"__type__":"cc.Button","node":{"__id__":46},"_N$target":{"__id__":46}},{"__type__":"583e37tDMZOyrHYOPD8BB3O","node":{"__id__":46},"pressedScale":0.8,"transDuration":0.1},{"__type__":"e0369HeQ1pBQ6TtzO+jfZZL","node":{"__id__":46},"animation":{"__id__":50},"direction":2}],"_prefab":{"__type__":"cc.PrefabInfo","root":{"__id__":1},"asset":{"__uuid__":"3fv+JFfHJLWq/9NqtdauRy"},"fileId":"5fzD6L1RZHNolOffvEsA7T"},"_contentSize":{"__type__":"cc.Size","width":150,"height":150},"_scaleX":0.7,"_scaleY":0.7,"_position":{"__type__":"cc.Vec2","x":-414.5,"y":-247.5}},{"__type__":"cc.Node","_name":"dianji","_parent":{"__id__":46},"_children":[{"__id__":48},{"__id__":49}],"_components":[{"__id__":50}],"_prefab":{"__type__":"cc.PrefabInfo","root":{"__id__":1},"asset":{"__uuid__":"3fv+JFfHJLWq/9NqtdauRy"},"fileId":"1cP631QQZDK52dBAFfwT3a"}},{"__type__":"cc.Node","_name":"gh","_parent":{"__id__":47},"_components":[{"__type__":"cc.Sprite","node":{"__id__":48},"_spriteFrame":{"__uuid__":"e2XSAED0pDkbINuffYEcKe"}}],"_prefab":{"__type__":"cc.PrefabInfo","root":{"__id__":1},"asset":{"__uuid__":"3fv+JFfHJLWq/9NqtdauRy"},"fileId":"166gIv9V1HhJ1E6isI+dT/"},"_contentSize":{"__type__":"cc.Size","width":98,"height":98}},{"__type__":"cc.Node","_name":"gh2","_parent":{"__id__":47},"_components":[{"__type__":"cc.Sprite","node":{"__id__":49},"_spriteFrame":{"__uuid__":"e2XSAED0pDkbINuffYEcKe"}}],"_prefab":{"__type__":"cc.PrefabInfo","root":{"__id__":1},"asset":{"__uuid__":"3fv+JFfHJLWq/9NqtdauRy"},"fileId":"b5rl6FeaNMrZuGK4xLTXmC"},"_contentSize":{"__type__":"cc.Size","width":98,"height":98}},{"__type__":"cc.Animation","node":{"__id__":47},"_defaultClip":{"__uuid__":"c4CWEppnZHOJtcFM/R/rWj"},"_clips":[{"__uuid__":"c4CWEppnZHOJtcFM/R/rWj"}]},{"__type__":"cc.Node","_name":"SkillBtnBG","_parent":{"__id__":46},"_components":[{"__type__":"cc.Sprite","node":{"__id__":51},"_spriteFrame":{"__uuid__":"5dspQNfMFKBZAnkmoDN43Q"},"_sizeMode":0}],"_prefab":{"__type__":"cc.PrefabInfo","root":{"__id__":1},"asset":{"__uuid__":"3fv+JFfHJLWq/9NqtdauRy"},"fileId":"b6eu33WYhGALmqsMnbcG1k"},"_contentSize":{"__type__":"cc.Size","width":150,"height":150}},{"__type__":"cc.Node","_name":"SkillBtnDot","_parent":{"__id__":46},"_components":[{"__type__":"cc.Sprite","node":{"__id__":52}}],"_prefab":{"__type__":"cc.PrefabInfo","root":{"__id__":1},"asset":{"__uuid__":"3fv+JFfHJLWq/9NqtdauRy"},"fileId":"e2TWY4KxNK6ZQ8aOQOY2xe"},"_contentSize":{"__type__":"cc.Size","width":36,"height":54}},{"__type__":"cc.Node","_name":"UBtn","_parent":{"__id__":1},"_children":[{"__id__":54},{"__id__":58},{"__id__":59}],"_active":false,"_components":[{"__type__":"cc.Widget","node":{"__id__":53},"_alignFlags":12,"_left":110,"_right":35,"_bottom":150,"_originalWidth":100},{"__type__":"cc.Button","node":{"__id__":53},"_N$target":{"__id__":53}},{"__type__":"583e37tDMZOyrHYOPD8BB3O","node":{"__id__":53},"pressedScale":0.8,"transDuration":0.1},{"__type__":"e0369HeQ1pBQ6TtzO+jfZZL","node":{"__id__":53},"animation":{"__id__":57},"direction":1}],"_prefab":{"__type__":"cc.PrefabInfo","root":{"__id__":1},"asset":{"__uuid__":"3fv+JFfHJLWq/9NqtdauRy"},"fileId":"4aocXKoldG2JCUcxhNuowD"},"_contentSize":{"__type__":"cc.Size","width":150,"height":150},"_scaleX":0.7,"_scaleY":0.7,"_position":{"__type__":"cc.Vec2","x":-504.5,"y":-172.5}},{"__type__":"cc.Node","_name":"dianji","_parent":{"__id__":53},"_children":[{"__id__":55},{"__id__":56}],"_components":[{"__id__":57}],"_prefab":{"__type__":"cc.PrefabInfo","root":{"__id__":1},"asset":{"__uuid__":"3fv+JFfHJLWq/9NqtdauRy"},"fileId":"7aEe0slORPGJ2DKgr3pa1r"}},{"__type__":"cc.Node","_name":"gh","_parent":{"__id__":54},"_components":[{"__type__":"cc.Sprite","node":{"__id__":55},"_spriteFrame":{"__uuid__":"e2XSAED0pDkbINuffYEcKe"}}],"_prefab":{"__type__":"cc.PrefabInfo","root":{"__id__":1},"asset":{"__uuid__":"3fv+JFfHJLWq/9NqtdauRy"},"fileId":"3fLfVKm2JL8YHeR9AF3G90"},"_contentSize":{"__type__":"cc.Size","width":98,"height":98}},{"__type__":"cc.Node","_name":"gh2","_parent":{"__id__":54},"_components":[{"__type__":"cc.Sprite","node":{"__id__":56},"_spriteFrame":{"__uuid__":"e2XSAED0pDkbINuffYEcKe"}}],"_prefab":{"__type__":"cc.PrefabInfo","root":{"__id__":1},"asset":{"__uuid__":"3fv+JFfHJLWq/9NqtdauRy"},"fileId":"benCOVUrNDL528SKVPMHQ/"},"_contentSize":{"__type__":"cc.Size","width":98,"height":98}},{"__type__":"cc.Animation","node":{"__id__":54},"_defaultClip":{"__uuid__":"c4CWEppnZHOJtcFM/R/rWj"},"_clips":[{"__uuid__":"c4CWEppnZHOJtcFM/R/rWj"}]},{"__type__":"cc.Node","_name":"SkillBtnBG","_parent":{"__id__":53},"_components":[{"__type__":"cc.Sprite","node":{"__id__":58},"_spriteFrame":{"__uuid__":"5dspQNfMFKBZAnkmoDN43Q"},"_sizeMode":0}],"_prefab":{"__type__":"cc.PrefabInfo","root":{"__id__":1},"asset":{"__uuid__":"3fv+JFfHJLWq/9NqtdauRy"},"fileId":"97fXTUwnlI9r3h/lswzV5I"},"_contentSize":{"__type__":"cc.Size","width":150,"height":150}},{"__type__":"cc.Node","_name":"SkillBtnDot","_parent":{"__id__":53},"_components":[{"__type__":"cc.Sprite","node":{"__id__":59}}],"_prefab":{"__type__":"cc.PrefabInfo","root":{"__id__":1},"asset":{"__uuid__":"3fv+JFfHJLWq/9NqtdauRy"},"fileId":"7b7j2OTGFFW62q9lGDR9ob"},"_contentSize":{"__type__":"cc.Size","width":36,"height":54}},{"__type__":"cc.Node","_name":"DBtn","_parent":{"__id__":1},"_children":[{"__id__":61},{"__id__":65},{"__id__":66}],"_active":false,"_components":[{"__type__":"cc.Widget","node":{"__id__":60},"_alignFlags":12,"_left":110,"_right":35,"_originalWidth":100},{"__type__":"cc.Button","node":{"__id__":60},"_N$target":{"__id__":60}},{"__type__":"583e37tDMZOyrHYOPD8BB3O","node":{"__id__":60},"pressedScale":0.8,"transDuration":0.1},{"__type__":"e0369HeQ1pBQ6TtzO+jfZZL","node":{"__id__":60},"animation":{"__id__":64},"direction":3}],"_prefab":{"__type__":"cc.PrefabInfo","root":{"__id__":1},"asset":{"__uuid__":"3fv+JFfHJLWq/9NqtdauRy"},"fileId":"85wBho2R1OlaO8ojFCHmk6"},"_contentSize":{"__type__":"cc.Size","width":150,"height":150},"_scaleX":0.7,"_scaleY":0.7,"_position":{"__type__":"cc.Vec2","x":-504.5,"y":-322.5}},{"__type__":"cc.Node","_name":"dianji","_parent":{"__id__":60},"_children":[{"__id__":62},{"__id__":63}],"_components":[{"__id__":64}],"_prefab":{"__type__":"cc.PrefabInfo","root":{"__id__":1},"asset":{"__uuid__":"3fv+JFfHJLWq/9NqtdauRy"},"fileId":"a1/aKrCHpEmaqXz3AWCSuB"}},{"__type__":"cc.Node","_name":"gh","_parent":{"__id__":61},"_components":[{"__type__":"cc.Sprite","node":{"__id__":62},"_spriteFrame":{"__uuid__":"e2XSAED0pDkbINuffYEcKe"}}],"_prefab":{"__type__":"cc.PrefabInfo","root":{"__id__":1},"asset":{"__uuid__":"3fv+JFfHJLWq/9NqtdauRy"},"fileId":"77szAKpSNDmov3zeMHEyXg"},"_contentSize":{"__type__":"cc.Size","width":98,"height":98}},{"__type__":"cc.Node","_name":"gh2","_parent":{"__id__":61},"_components":[{"__type__":"cc.Sprite","node":{"__id__":63},"_spriteFrame":{"__uuid__":"e2XSAED0pDkbINuffYEcKe"}}],"_prefab":{"__type__":"cc.PrefabInfo","root":{"__id__":1},"asset":{"__uuid__":"3fv+JFfHJLWq/9NqtdauRy"},"fileId":"20g+bEfkRH4qFG2bQ9TkFt"},"_contentSize":{"__type__":"cc.Size","width":98,"height":98}},{"__type__":"cc.Animation","node":{"__id__":61},"_defaultClip":{"__uuid__":"c4CWEppnZHOJtcFM/R/rWj"},"_clips":[{"__uuid__":"c4CWEppnZHOJtcFM/R/rWj"}]},{"__type__":"cc.Node","_name":"SkillBtnBG","_parent":{"__id__":60},"_components":[{"__type__":"cc.Sprite","node":{"__id__":65},"_spriteFrame":{"__uuid__":"5dspQNfMFKBZAnkmoDN43Q"},"_sizeMode":0}],"_prefab":{"__type__":"cc.PrefabInfo","root":{"__id__":1},"asset":{"__uuid__":"3fv+JFfHJLWq/9NqtdauRy"},"fileId":"d85Yk5v7JA7aWUJAH/xI64"},"_contentSize":{"__type__":"cc.Size","width":150,"height":150}},{"__type__":"cc.Node","_name":"SkillBtnDot","_parent":{"__id__":60},"_components":[{"__type__":"cc.Sprite","node":{"__id__":66}}],"_prefab":{"__type__":"cc.PrefabInfo","root":{"__id__":1},"asset":{"__uuid__":"3fv+JFfHJLWq/9NqtdauRy"},"fileId":"22lhnaZ2dDTK+1tO3UBTFo"},"_contentSize":{"__type__":"cc.Size","width":36,"height":54}}],{"__type__":"cc.SpriteFrame","content":{"name":"effectTip","texture":"fcJS4K3v9B9LpajzpsNm+D","rect":[415,215,164,58],"offset":[0,0],"originalSize":[164,58],"capInsets":[52,0,39,0]}},{"__type__":"cc.SpriteFrame","content":{"name":"glow1","texture":"20wkx7r05LO5L2PvQg5zW3","rect":[958,138,62,62],"offset":[0,0],"originalSize":[64,64]}},{"__type__":"cc.SpriteFrame","content":{"name":"yaoganjiantou","texture":"fcJS4K3v9B9LpajzpsNm+D","rect":[1771,275,258,180],"offset":[0,0],"originalSize":[258,180]}},{"__type__":"cc.SpriteFrame","content":{"name":"yuan","texture":"fcJS4K3v9B9LpajzpsNm+D","rect":[1551,456,172,174],"offset":[0,0],"originalSize":[172,174]}},{"__type__":"cc.SpriteFrame","content":{"name":"yaoganditu2","texture":"fcJS4K3v9B9LpajzpsNm+D","rect":[400,377,270,274],"offset":[0,0],"originalSize":[270,274]}},{"__type__":"cc.SpriteFrame","content":{"name":"ring01","texture":"20wkx7r05LO5L2PvQg5zW3","rect":[132,838,122,122],"offset":[0,0],"originalSize":[128,128]}},{"__type__":"cc.SpriteFrame","content":{"name":"shanxianbtn","texture":"20wkx7r05LO5L2PvQg5zW3","rect":[261,807,66,70],"offset":[0,0],"originalSize":[66,70]}},{"__type__":"cc.SpriteFrame","content":{"name":"yinshenjiaqiang","texture":"fcJS4K3v9B9LpajzpsNm+D","rect":[1761,760,62,58],"offset":[0,0],"originalSize":[62,58]}},{"__type__":"cc.SpriteFrame","content":{"name":"effectButton","texture":"fcJS4K3v9B9LpajzpsNm+D","rect":[1517,821,164,172],"offset":[0,0],"originalSize":[164,172]}},{"__type__":"cc.SpriteFrame","content":{"name":"shouji16","texture":"20wkx7r05LO5L2PvQg5zW3","rect":[831,901,98,98],"offset":[0,0],"originalSize":[100,100]}},{"__type__":"cc.AnimationClip","_name":"EffectEnter","_duration":0.8166666666666667,"wrapMode":2,"curveData":{"paths":{"jihuo":{"props":{"scaleY":[{"frame":0,"value":1.29},{"frame":0.48333333333333334,"value":2.89},{"frame":0.8166666666666667,"value":1.29}],"scaleX":[{"frame":0,"value":1.29},{"frame":0.48333333333333334,"value":2.89},{"frame":0.8166666666666667,"value":1.29}],"opacity":[{"frame":0,"value":100},{"frame":0.48333333333333334,"value":80},{"frame":0.8166666666666667,"value":100}]}},"jihuo2":{"props":{"scaleX":[{"frame":0,"value":1.53},{"frame":0.18333333333333332,"value":1.11},{"frame":0.35,"value":0.68}],"scaleY":[{"frame":0,"value":1.53},{"frame":0.18333333333333332,"value":1.11},{"frame":0.35,"value":0.68}],"opacity":[{"frame":0,"value":0},{"frame":0.18333333333333332,"value":180},{"frame":0.35,"value":0}]}}}}}]