[{"__type__":"cc.SpriteFrame","content":{"name":"tittleTWO","texture":"92Sm5Njr5DmbN6OVcGgpwj","rect":[3,3,578,58],"offset":[0,0],"originalSize":[578,58]}},{"__type__":"cc.SpriteFrame","content":{"name":"default_btn_disabled","texture":"71VhFCTINJM6/Ky3oX9nBT","rect":[0,0,40,40],"offset":[0,0],"originalSize":[40,40],"capInsets":[15,7,15,9]}},{"__type__":"cc.SpriteFrame","content":{"name":"title","texture":"92Sm5Njr5DmbN6OVcGgpwj","rect":[3,62,506,58],"offset":[0,0],"originalSize":[506,58]}},{"__type__":"cc.SpriteFrame","content":{"name":"btn","texture":"92Sm5Njr5DmbN6OVcGgpwj","rect":[371,942,176,74],"offset":[0,0],"originalSize":[176,74]}},[{"__type__":"cc.Prefab","_name":"RichMsgBoxUI","data":{"__id__":1},"asyncLoadAssets":false},{"__type__":"cc.Node","_name":"RichMsgBoxUI","_children":[{"__id__":2}],"_components":[{"__type__":"cc.Widget","node":{"__id__":1},"isAlignOnce":false,"_alignFlags":45},{"__type__":"e3554bE5bxGHpLfcqkiuasd","node":{"__id__":1},"contentLabel":{"__id__":11}}],"_prefab":{"__type__":"cc.PrefabInfo","root":{"__id__":1},"asset":{"__uuid__":"dfBImKiLJN96KLElneVn/G"},"fileId":"50ZSsCYdhOU4/0dZGN38Cb"},"_contentSize":{"__type__":"cc.Size","width":1334,"height":750},"_position":{"__type__":"cc.Vec2","x":667,"y":375}},{"__type__":"cc.Node","_name":"Root","_parent":{"__id__":1},"_children":[{"__id__":3},{"__id__":4},{"__id__":12}],"_components":[{"__type__":"cc.Widget","node":{"__id__":2},"_alignFlags":45}],"_prefab":{"__type__":"cc.PrefabInfo","root":{"__id__":1},"asset":{"__uuid__":"dfBImKiLJN96KLElneVn/G"},"fileId":"ffKUO6hIFMY5tlUVdSuiSZ"},"_contentSize":{"__type__":"cc.Size","width":1334,"height":750}},{"__type__":"cc.Node","_name":"Mask","_parent":{"__id__":2},"_components":[{"__type__":"cc.Button","node":{"__id__":3},"pressedColor":{"__type__":"cc.Color","r":255,"g":255,"b":255},"pressedSprite":{"__uuid__":"e97GVMl6JHh5Ml5qEDdSGa"},"hoverSprite":{"__uuid__":"e97GVMl6JHh5Ml5qEDdSGa"},"_N$normalColor":{"__type__":"cc.Color","r":255,"g":255,"b":255},"_N$disabledColor":{"__type__":"cc.Color","r":255,"g":255,"b":255},"_N$normalSprite":{"__uuid__":"f0BIwQ8D5Ml7nTNQbh1YlS"},"_N$disabledSprite":{"__uuid__":"29FYIk+N1GYaeWH/q1NxQO"},"_N$target":{"__id__":3}},{"__type__":"cc.Widget","node":{"__id__":3},"_alignFlags":45,"_originalWidth":100,"_originalHeight":40}],"_prefab":{"__type__":"cc.PrefabInfo","root":{"__id__":1},"asset":{"__uuid__":"dfBImKiLJN96KLElneVn/G"},"fileId":"e8A/qiDeNCHIMFZfSE3kv4"},"_opacity":0,"_contentSize":{"__type__":"cc.Size","width":1334,"height":750}},{"__type__":"cc.Node","_name":"Bk2","_parent":{"__id__":2},"_children":[{"__id__":5},{"__id__":6},{"__id__":7},{"__id__":8}],"_components":[{"__type__":"cc.Sprite","node":{"__id__":4},"_spriteFrame":{"__uuid__":"e8Ype96LhE/I42VKm4Z/X8"},"_type":1,"_sizeMode":0}],"_prefab":{"__type__":"cc.PrefabInfo","root":{"__id__":1},"asset":{"__uuid__":"dfBImKiLJN96KLElneVn/G"},"fileId":"66S0R38SVNVZ4HehO+hyRZ"},"_anchorPoint":{"__type__":"cc.Vec2","x":0.5,"y":1},"_contentSize":{"__type__":"cc.Size","width":690,"height":400},"_position":{"__type__":"cc.Vec2","x":4,"y":205}},{"__type__":"cc.Node","_name":"_0002_titletwo","_parent":{"__id__":4},"_components":[{"__type__":"cc.Sprite","node":{"__id__":5},"_spriteFrame":{"__uuid__":"15FsH88o1MubjEHEmzFZJp"},"_sizeMode":0}],"_prefab":{"__type__":"cc.PrefabInfo","root":{"__id__":1},"asset":{"__uuid__":"dfBImKiLJN96KLElneVn/G"},"fileId":"ba14UpLqtLXqYFXVX/pdXq"},"_anchorPoint":{"__type__":"cc.Vec2","x":0.5,"y":1},"_contentSize":{"__type__":"cc.Size","width":680,"height":70},"_position":{"__type__":"cc.Vec2","y":2}},{"__type__":"cc.Node","_name":"_0001_title","_parent":{"__id__":4},"_components":[{"__type__":"cc.Sprite","node":{"__id__":6},"_spriteFrame":{"__uuid__":"85ZCLxUiBAl7E2FJvCL3Lm"},"_sizeMode":0}],"_prefab":{"__type__":"cc.PrefabInfo","root":{"__id__":1},"asset":{"__uuid__":"dfBImKiLJN96KLElneVn/G"},"fileId":"cdqU2Oi6VCNYT8zMVhOYc8"},"_anchorPoint":{"__type__":"cc.Vec2","x":0.5,"y":1},"_contentSize":{"__type__":"cc.Size","width":600,"height":62},"_position":{"__type__":"cc.Vec2","x":-40,"y":-14.4}},{"__type__":"cc.Node","_name":"Title","_parent":{"__id__":4},"_components":[{"__type__":"cc.Label","node":{"__id__":7},"_useOriginalSize":false,"_actualFontSize":22,"_fontSize":22,"_N$string":"提示","_N$horizontalAlign":1,"_N$verticalAlign":1},{"__type__":"cc.LabelOutline","node":{"__id__":7},"_color":{"__type__":"cc.Color","r":115,"g":59,"b":36},"_width":0.5}],"_prefab":{"__type__":"cc.PrefabInfo","root":{"__id__":1},"asset":{"__uuid__":"dfBImKiLJN96KLElneVn/G"},"fileId":"64wqHe/O9LOaZ+hu/cyDxI"},"_color":{"__type__":"cc.Color","r":115,"g":59,"b":36},"_contentSize":{"__type__":"cc.Size","width":45,"height":40},"_position":{"__type__":"cc.Vec2","y":-45}},{"__type__":"cc.Node","_name":"New ScrollView","_parent":{"__id__":4},"_children":[{"__id__":9}],"_components":[{"__type__":"cc.ScrollView","node":{"__id__":8},"content":{"__id__":10},"horizontal":false,"brake":0.75,"bounceDuration":0.23,"_N$horizontalScrollBar":null,"_N$verticalScrollBar":null}],"_prefab":{"__type__":"cc.PrefabInfo","root":{"__id__":1},"asset":{"__uuid__":"dfBImKiLJN96KLElneVn/G"},"fileId":"015hnSSC1Jer5RKBYM6DHl"},"_color":{"__type__":"cc.Color","r":184,"g":184,"b":184},"_contentSize":{"__type__":"cc.Size","width":636,"height":192},"_position":{"__type__":"cc.Vec2","x":-4,"y":-178}},{"__type__":"cc.Node","_name":"view","_parent":{"__id__":8},"_children":[{"__id__":10}],"_components":[{"__type__":"cc.Mask","node":{"__id__":9}},{"__type__":"cc.Widget","node":{"__id__":9},"_alignFlags":45,"_originalWidth":240,"_originalHeight":250}],"_prefab":{"__type__":"cc.PrefabInfo","root":{"__id__":1},"asset":{"__uuid__":"dfBImKiLJN96KLElneVn/G"},"fileId":"61ZRnfe5xP753uioHuz7Lt"},"_contentSize":{"__type__":"cc.Size","width":636,"height":192}},{"__type__":"cc.Node","_name":"Content","_parent":{"__id__":9},"_components":[{"__id__":11}],"_prefab":{"__type__":"cc.PrefabInfo","root":{"__id__":1},"asset":{"__uuid__":"dfBImKiLJN96KLElneVn/G"},"fileId":"adoYSHT5lIBK66zQN3+TiP"},"_color":{"__type__":"cc.Color","r":115,"g":59,"b":36},"_anchorPoint":{"__type__":"cc.Vec2","x":0.5,"y":1},"_contentSize":{"__type__":"cc.Size","width":600,"height":35},"_position":{"__type__":"cc.Vec2","y":100}},{"__type__":"cc.RichText","node":{"__id__":10},"_N$string":"","_N$fontSize":22,"_N$maxWidth":600,"_N$lineHeight":35},{"__type__":"cc.Node","_name":"BtnList","_parent":{"__id__":2},"_children":[{"__id__":13}],"_components":[{"__type__":"cc.Layout","node":{"__id__":12},"_layoutSize":{"__type__":"cc.Size","width":176,"height":200},"_resize":1,"_N$layoutType":1,"_N$spacingX":30}],"_prefab":{"__type__":"cc.PrefabInfo","root":{"__id__":1},"asset":{"__uuid__":"dfBImKiLJN96KLElneVn/G"},"fileId":"b7aMgAQ8RIX43MrdKy59Oh"},"_contentSize":{"__type__":"cc.Size","width":176,"height":200}},{"__type__":"cc.Node","_name":"SureBtn","_parent":{"__id__":12},"_children":[{"__id__":14}],"_components":[{"__type__":"cc.Sprite","node":{"__id__":13},"_spriteFrame":{"__uuid__":"a8NSY3gJRDUbYx1a+PPEtk"},"_type":1,"_sizeMode":0},{"__type__":"cc.Button","node":{"__id__":13},"clickEvents":[{"__type__":"cc.ClickEvent","target":{"__id__":1},"component":"RichMsgBoxUI","handler":"btnClicked"}],"_N$target":{"__id__":13}},{"__type__":"583e37tDMZOyrHYOPD8BB3O","node":{"__id__":13},"pressedScale":1.2,"transDuration":0.1},{"__type__":"cc.Layout","node":{"__id__":13},"_layoutSize":{"__type__":"cc.Size","width":176,"height":80},"_resize":1,"_N$layoutType":1,"_N$paddingLeft":60,"_N$paddingRight":60,"_N$spacingX":30}],"_prefab":{"__type__":"cc.PrefabInfo","root":{"__id__":1},"asset":{"__uuid__":"dfBImKiLJN96KLElneVn/G"},"fileId":"46JCIY9MBAtY/2YTnCwttd"},"_contentSize":{"__type__":"cc.Size","width":176,"height":80},"_position":{"__type__":"cc.Vec2","y":-120}},{"__type__":"cc.Node","_name":"New Label","_parent":{"__id__":13},"_components":[{"__type__":"cc.Label","node":{"__id__":14},"_useOriginalSize":false,"_actualFontSize":28,"_fontSize":28,"_N$string":"确定","_N$horizontalAlign":1,"_N$verticalAlign":1}],"_prefab":{"__type__":"cc.PrefabInfo","root":{"__id__":1},"asset":{"__uuid__":"dfBImKiLJN96KLElneVn/G"},"fileId":"a85M+nPrVIt4oFF5vTqCXT"},"_color":{"__type__":"cc.Color"},"_contentSize":{"__type__":"cc.Size","width":56,"height":40},"_position":{"__type__":"cc.Vec2","y":5}}],{"__type__":"cc.SpriteFrame","content":{"name":"diban","texture":"92Sm5Njr5DmbN6OVcGgpwj","rect":[582,16,188,188],"offset":[0,0],"originalSize":[188,188],"capInsets":[71,30,65,54]}},{"__type__":"cc.SpriteFrame","content":{"name":"default_btn_pressed","texture":"b4P/PCArtIdIH38t6mlw8Y","rect":[0,0,40,40],"offset":[0,0],"originalSize":[40,40],"capInsets":[11,11,11,7]}},{"__type__":"cc.SpriteFrame","content":{"name":"default_btn_normal","texture":"e8Ueib+qJEhL6mXAHdnwbi","rect":[0,0,40,40],"offset":[0,0],"originalSize":[40,40],"capInsets":[8,11,7,9]}}]