[{"__type__":"cc.SpriteFrame","content":{"name":"chaiqiang_01","texture":"20wkx7r05LO5L2PvQg5zW3","rect":[44,1308,39,67],"offset":[0,0],"originalSize":[39,67]}},{"__type__":"cc.AnimationClip","_name":"chanzi","_duration":0.8333333333333334,"wrapMode":2,"curveData":{"paths":{"star":{"comps":{"cc.Sprite":{"spriteFrame":[{"frame":0,"value":{"__uuid__":"8bn4azKAhCEKX0N4wGq3LD"}}]}},"props":{"scaleX":[{"frame":0,"value":1},{"frame":0.4166666666666667,"value":0.925},{"frame":0.8333333333333334,"value":1}],"scaleY":[{"frame":0,"value":1},{"frame":0.4166666666666667,"value":0.925},{"frame":0.8333333333333334,"value":1}]}},"quan":{"props":{"scaleX":[{"frame":0,"value":1},{"frame":0.4166666666666667,"value":0.95},{"frame":0.8333333333333334,"value":1}],"scaleY":[{"frame":0,"value":1},{"frame":0.4166666666666667,"value":0.95},{"frame":0.8333333333333334,"value":1}]}}}}}]