[[{"__type__":"cc.Prefab","_name":"jiasu2","data":{"__id__":1},"asyncLoadAssets":false},{"__type__":"cc.Node","_name":"jiasu2","_children":[{"__id__":2},{"__id__":5}],"_components":[{"__type__":"9bdf76vszFBEKWDAGyNctFy","node":{"__id__":1},"SpAtlas":{"__uuid__":"49hgYBWs5C0osUMDkiP1E1"},"Resid":1303,"EntityType":13,"DeadPrefab":{"__uuid__":"b93CiNZcJMRJDBtFIL71Nc"},"DeadPrefabName":"daojuxiaoshi_H","Body":{"__id__":2},"dieAnimationClip":"daojuxiaoshi","AvailableTime":15,"WarnAnimation":{"__id__":8},"WarnAnimationClip":"jiasu2_xiaoshi"},{"__type__":"cc.BoxCollider","node":{"__id__":1}}],"_prefab":{"__type__":"cc.PrefabInfo","root":{"__id__":1},"asset":{"__uuid__":"4fHK1amTRDI7f67V/0ENZp"},"fileId":"33MMF3VKNOQ5zWJDoVZI92"},"_contentSize":{"__type__":"cc.Size","width":100,"height":100},"groupIndex":4},{"__type__":"cc.Node","_name":"jiasu2","_parent":{"__id__":1},"_children":[{"__id__":3},{"__id__":4}],"_components":[{"__type__":"cc.Animation","node":{"__id__":2},"_defaultClip":{"__uuid__":"48IzablEFHjY4ls/0HlukL"},"_clips":[{"__uuid__":"48IzablEFHjY4ls/0HlukL"}],"playOnLoad":true}],"_prefab":{"__type__":"cc.PrefabInfo","root":{"__id__":1},"asset":{"__uuid__":"4fHK1amTRDI7f67V/0ENZp"},"fileId":"1awbjJKkdEeqjpKCkHUIOo"}},{"__type__":"cc.Node","_name":"star","_parent":{"__id__":2},"_components":[{"__type__":"cc.Sprite","node":{"__id__":3},"_spriteFrame":{"__uuid__":"61RWVVW+hIOpLpnnZVHIME"},"_isTrimmedMode":false,"_dstBlendFactor":0}],"_prefab":{"__type__":"cc.PrefabInfo","root":{"__id__":1},"asset":{"__uuid__":"4fHK1amTRDI7f67V/0ENZp"},"fileId":"b7w4nNv7tJ4p+ixRIsSXtP"},"_contentSize":{"__type__":"cc.Size","width":46,"height":56}},{"__type__":"cc.Node","_name":"quan","_parent":{"__id__":2},"_components":[{"__type__":"cc.Sprite","node":{"__id__":4},"_spriteFrame":{"__uuid__":"df6IRlT/JKmb/epNTXOK4i"},"_sizeMode":0,"_dstBlendFactor":0}],"_prefab":{"__type__":"cc.PrefabInfo","root":{"__id__":1},"asset":{"__uuid__":"4fHK1amTRDI7f67V/0ENZp"},"fileId":"2bu5hp6jBBzqK7zM4jRds/"},"_contentSize":{"__type__":"cc.Size","width":90,"height":90}},{"__type__":"cc.Node","_name":"jiasu2_xiaoshi","_parent":{"__id__":1},"_children":[{"__id__":6},{"__id__":7}],"_active":false,"_components":[{"__id__":8}],"_prefab":{"__type__":"cc.PrefabInfo","root":{"__id__":1},"asset":{"__uuid__":"4fHK1amTRDI7f67V/0ENZp"},"fileId":"8aLynVLDlCJapGY/vaKzc7"}},{"__type__":"cc.Node","_name":"star","_parent":{"__id__":5},"_components":[{"__type__":"cc.Sprite","node":{"__id__":6},"_spriteFrame":{"__uuid__":"61RWVVW+hIOpLpnnZVHIME"},"_isTrimmedMode":false,"_dstBlendFactor":0}],"_prefab":{"__type__":"cc.PrefabInfo","root":{"__id__":1},"asset":{"__uuid__":"4fHK1amTRDI7f67V/0ENZp"},"fileId":"cfKVp+jeZO0Yn+RIEPV3WD"},"_contentSize":{"__type__":"cc.Size","width":46,"height":56}},{"__type__":"cc.Node","_name":"quan","_parent":{"__id__":5},"_components":[{"__type__":"cc.Sprite","node":{"__id__":7},"_spriteFrame":{"__uuid__":"df6IRlT/JKmb/epNTXOK4i"},"_sizeMode":0,"_dstBlendFactor":0}],"_prefab":{"__type__":"cc.PrefabInfo","root":{"__id__":1},"asset":{"__uuid__":"4fHK1amTRDI7f67V/0ENZp"},"fileId":"b5gGgUoUZF9aCEYOmLDXr+"},"_contentSize":{"__type__":"cc.Size","width":90,"height":90}},{"__type__":"cc.Animation","node":{"__id__":5},"_defaultClip":{"__uuid__":"cfCJO2MYBN+al5Zb5i4V1y"},"_clips":[{"__uuid__":"cfCJO2MYBN+al5Zb5i4V1y"}]}],{"__type__":"cc.SpriteFrame","content":{"name":"jiasu","texture":"20wkx7r05LO5L2PvQg5zW3","rect":[609,260,46,56],"offset":[0,0],"originalSize":[46,56]}},{"__type__":"cc.SpriteFrame","content":{"name":"zhuanhuan_04","texture":"20wkx7r05LO5L2PvQg5zW3","rect":[429,1010,95,100],"offset":[0,0],"originalSize":[95,100]}}]