[{"__type__":"cc.AnimationClip","_name":"T_shouji_zhiliao_M","_duration":0.3,"sample":30,"wrapMode":2,"curveData":{"paths":{"sprite2":{"props":{"scaleX":[{"frame":0,"value":0.2},{"frame":0.03333333333333333,"value":0.44666666666666666},{"frame":0.1,"value":1.28}],"scaleY":[{"frame":0,"value":0.2},{"frame":0.03333333333333333,"value":0.44666666666666666},{"frame":0.1,"value":1.28}],"opacity":[{"frame":0,"value":0},{"frame":0.03333333333333333,"value":255},{"frame":0.06666666666666667,"value":254},{"frame":0.1,"value":254},{"frame":0.16666666666666666,"value":0}],"rotation":[{"frame":0.03333333333333333,"value":-103}]}},"sprite3":{"comps":{"cc.Sprite":{}},"props":{"scaleX":[{"frame":0,"value":0.1},{"frame":0.13333333333333333,"value":1.19},{"frame":0.3,"value":1.52}],"scaleY":[{"frame":0,"value":0.1},{"frame":0.13333333333333333,"value":1.19},{"frame":0.3,"value":1.52}],"position":[{"frame":0,"value":[0,0]}],"opacity":[{"frame":0,"value":0},{"frame":0.03333333333333333,"value":255},{"frame":0.13333333333333333,"value":255},{"frame":0.2,"value":255},{"frame":0.3,"value":0}],"color":[{"frame":0.13333333333333333,"value":{"__type__":"cc.Color","r":255,"g":255,"b":255}}]}}},"props":{"opacity":[{"frame":0,"value":255}]}}},[{"__type__":"cc.Prefab","_name":"T_shouji_zhiliao_M","data":{"__id__":1},"asyncLoadAssets":false},{"__type__":"cc.Node","_name":"T_shouji_zhiliao_M","_children":[{"__id__":2},{"__id__":3}],"_components":[{"__id__":4},{"__type__":"3f6973JHftFpKTMspSNwhiz","node":{"__id__":1},"animationCtrl":{"__id__":4}}],"_prefab":{"__type__":"cc.PrefabInfo","root":{"__id__":1},"asset":{"__uuid__":"45TEPLtsJDgYcBu4JrF4ce"},"fileId":"e0uvrFaLtAy4bohEzcFGzG"},"_scaleX":1.2,"_scaleY":1.2},{"__type__":"cc.Node","_name":"sprite3","_parent":{"__id__":1},"_components":[{"__type__":"cc.Sprite","node":{"__id__":2},"_spriteFrame":{"__uuid__":"d8UZuhG6hCf6/pft+EOf1w"},"_dstBlendFactor":0}],"_prefab":{"__type__":"cc.PrefabInfo","root":{"__id__":1},"asset":{"__uuid__":"45TEPLtsJDgYcBu4JrF4ce"},"fileId":"55vALItoBML5oi1BJGlZzS"},"_opacity":0,"_contentSize":{"__type__":"cc.Size","width":72,"height":70},"_scaleX":1.52,"_scaleY":1.52},{"__type__":"cc.Node","_name":"sprite2","_parent":{"__id__":1},"_components":[{"__type__":"cc.Sprite","node":{"__id__":3},"_spriteFrame":{"__uuid__":"a90ahEygtDQL2gSSuwNuAa"},"_dstBlendFactor":0}],"_prefab":{"__type__":"cc.PrefabInfo","root":{"__id__":1},"asset":{"__uuid__":"45TEPLtsJDgYcBu4JrF4ce"},"fileId":"8agYwjCYdEPYrKo2nAkGec"},"_opacity":0,"_contentSize":{"__type__":"cc.Size","width":80,"height":76},"_rotationX":-103,"_rotationY":-103,"_scaleX":1.28,"_scaleY":1.28},{"__type__":"cc.Animation","node":{"__id__":1},"_defaultClip":{"__uuid__":"14fEr8aQFGv75Plj7HXkSp"},"_clips":[{"__uuid__":"14fEr8aQFGv75Plj7HXkSp"}]}],{"__type__":"cc.SpriteFrame","content":{"name":"shouji21_2","texture":"20wkx7r05LO5L2PvQg5zW3","rect":[187,1024,80,76],"offset":[0,-2],"originalSize":[80,80]}},{"__type__":"cc.SpriteFrame","content":{"name":"shouji04_2","texture":"20wkx7r05LO5L2PvQg5zW3","rect":[255,878,72,70],"offset":[1,-4],"originalSize":[86,86]}}]