[{"__type__":"cc.SpriteFrame","content":{"name":"zhuanhuan_01","texture":"20wkx7r05LO5L2PvQg5zW3","rect":[317,1193,53,67],"offset":[0,0],"originalSize":[53,67]}},[{"__type__":"cc.Prefab","_name":"zhuanhuan","data":{"__id__":1},"asyncLoadAssets":false},{"__type__":"cc.Node","_name":"zhuanhuan","_children":[{"__id__":2},{"__id__":5}],"_components":[{"__type__":"9bdf76vszFBEKWDAGyNctFy","node":{"__id__":1},"SpAtlas":{"__uuid__":"49hgYBWs5C0osUMDkiP1E1"},"Resid":1302,"EntityType":13,"DeadPrefab":{"__uuid__":"b93CiNZcJMRJDBtFIL71Nc"},"DeadPrefabName":"daojuxiaoshi_H","Body":{"__id__":2},"dieAnimationClip":"daojuxiaoshi","AvailableTime":15,"WarnAnimation":{"__id__":8},"WarnAnimationClip":"xingxing_xiaoshi"},{"__type__":"cc.BoxCollider","node":{"__id__":1}}],"_prefab":{"__type__":"cc.PrefabInfo","root":{"__id__":1},"asset":{"__uuid__":"d19V7gdn9DzZoydFg/xoyP"},"fileId":"d3UUbVx9xDTpJxmCohtWBX"},"_anchorPoint":{"__type__":"cc.Vec2"},"_contentSize":{"__type__":"cc.Size","width":100,"height":100},"groupIndex":4},{"__type__":"cc.Node","_name":"zhuanhuan","_parent":{"__id__":1},"_children":[{"__id__":3},{"__id__":4}],"_components":[{"__type__":"cc.Animation","node":{"__id__":2},"_defaultClip":{"__uuid__":"25YWWLNllMV78JMQ2l/s1S"},"_clips":[{"__uuid__":"25YWWLNllMV78JMQ2l/s1S"}],"playOnLoad":true}],"_prefab":{"__type__":"cc.PrefabInfo","root":{"__id__":1},"asset":{"__uuid__":"d19V7gdn9DzZoydFg/xoyP"},"fileId":"72p4uiteJJZIDtapmmjIxe"}},{"__type__":"cc.Node","_name":"star","_parent":{"__id__":2},"_components":[{"__type__":"cc.Sprite","node":{"__id__":3},"_spriteFrame":{"__uuid__":"4aITueRv9LO7GXJqwisaJY"},"_isTrimmedMode":false,"_dstBlendFactor":0}],"_prefab":{"__type__":"cc.PrefabInfo","root":{"__id__":1},"asset":{"__uuid__":"d19V7gdn9DzZoydFg/xoyP"},"fileId":"41mRziIJdPd4W4mrjYMuVP"},"_contentSize":{"__type__":"cc.Size","width":53,"height":67}},{"__type__":"cc.Node","_name":"quan","_parent":{"__id__":2},"_components":[{"__type__":"cc.Sprite","node":{"__id__":4},"_spriteFrame":{"__uuid__":"df6IRlT/JKmb/epNTXOK4i"},"_sizeMode":0,"_dstBlendFactor":0}],"_prefab":{"__type__":"cc.PrefabInfo","root":{"__id__":1},"asset":{"__uuid__":"d19V7gdn9DzZoydFg/xoyP"},"fileId":"8ehbuf/CVJc66dGMMqjUPt"},"_contentSize":{"__type__":"cc.Size","width":90,"height":90}},{"__type__":"cc.Node","_name":"zhuanhuan_xiaoshi","_parent":{"__id__":1},"_children":[{"__id__":6},{"__id__":7}],"_active":false,"_components":[{"__id__":8}],"_prefab":{"__type__":"cc.PrefabInfo","root":{"__id__":1},"asset":{"__uuid__":"d19V7gdn9DzZoydFg/xoyP"},"fileId":"01ks81JU1KEor4vcuL5FfZ"}},{"__type__":"cc.Node","_name":"star","_parent":{"__id__":5},"_components":[{"__type__":"cc.Sprite","node":{"__id__":6},"_spriteFrame":{"__uuid__":"4aITueRv9LO7GXJqwisaJY"},"_isTrimmedMode":false,"_dstBlendFactor":0}],"_prefab":{"__type__":"cc.PrefabInfo","root":{"__id__":1},"asset":{"__uuid__":"d19V7gdn9DzZoydFg/xoyP"},"fileId":"f119tGzg9FTKP2CQ/XgGJy"},"_contentSize":{"__type__":"cc.Size","width":53,"height":67}},{"__type__":"cc.Node","_name":"quan","_parent":{"__id__":5},"_components":[{"__type__":"cc.Sprite","node":{"__id__":7},"_spriteFrame":{"__uuid__":"df6IRlT/JKmb/epNTXOK4i"},"_sizeMode":0,"_dstBlendFactor":0}],"_prefab":{"__type__":"cc.PrefabInfo","root":{"__id__":1},"asset":{"__uuid__":"d19V7gdn9DzZoydFg/xoyP"},"fileId":"1dYTHIPEFD3b1AWjaUJKFs"},"_contentSize":{"__type__":"cc.Size","width":90,"height":90}},{"__type__":"cc.Animation","node":{"__id__":5},"_defaultClip":{"__uuid__":"dbygm+HsNMlaotd2v94OHr"},"_clips":[{"__uuid__":"dbygm+HsNMlaotd2v94OHr"}]}],{"__type__":"cc.SpriteFrame","content":{"name":"zhuanhuan_04","texture":"20wkx7r05LO5L2PvQg5zW3","rect":[429,1010,95,100],"offset":[0,0],"originalSize":[95,100]}}]