[{"__type__":"cc.SpriteFrame","content":{"name":"banquan","texture":"5f2BaCmQ1CnYPuCD1/rLg9","rect":[3,58,752,18],"offset":[0,0],"originalSize":[752,18]}},{"__type__":"cc.SpriteFrame","content":{"name":"Warning","texture":"25Si/Ki+hMlqF2yaosCl7I","rect":[3,3,770,372],"offset":[0,0],"originalSize":[770,372]}},[{"__type__":"cc.Prefab","_name":"JKTS48UI","data":{"__id__":1},"asyncLoadAssets":false},{"__type__":"cc.Node","_name":"JKTS48UI","_children":[{"__id__":2},{"__id__":3},{"__id__":4},{"__id__":5},{"__id__":6}],"_components":[{"__type__":"cc.Widget","node":{"__id__":1},"_alignFlags":45},{"__type__":"cc.Sprite","node":{"__id__":1},"_spriteFrame":{"__uuid__":"c5OvpjAOBBIJ9ZHjOjU4MQ"},"_sizeMode":0},{"__type__":"c0de8hcad9F15zaQYL6kwVF","node":{"__id__":1}}],"_prefab":{"__type__":"cc.PrefabInfo","root":{"__id__":1},"asset":{"__uuid__":"a1zgaHEnhIeJkObKsWja8R"},"fileId":"6eBd8hLNlFiLlRtZxRmm6p"},"_contentSize":{"__type__":"cc.Size","width":1344,"height":750},"_position":{"__type__":"cc.Vec2","x":672,"y":375}},{"__type__":"cc.Node","_name":"Bk","_parent":{"__id__":1},"_components":[{"__type__":"cc.Sprite","node":{"__id__":2},"_spriteFrame":{"__uuid__":"1cEPE9QalHXIp1lVAI9+pi"}}],"_prefab":{"__type__":"cc.PrefabInfo","root":{"__id__":1},"asset":{"__uuid__":"a1zgaHEnhIeJkObKsWja8R"},"fileId":"69g+aqw3tJGpob5OdEJeng"},"_contentSize":{"__type__":"cc.Size","width":770,"height":372}},{"__type__":"cc.Node","_name":"New Label","_parent":{"__id__":1},"_active":false,"_components":[{"__type__":"cc.Label","node":{"__id__":3},"_useOriginalSize":false,"_actualFontSize":26,"_fontSize":26,"_N$string":"文网游备字〔2017〕Ｍ-CSG 2864 号","_N$horizontalAlign":1,"_N$verticalAlign":1}],"_prefab":{"__type__":"cc.PrefabInfo","root":{"__id__":1},"asset":{"__uuid__":"a1zgaHEnhIeJkObKsWja8R"},"fileId":"f9rqO1ZitKBKYqkzh/033f"},"_color":{"__type__":"cc.Color","r":20,"g":67,"b":119},"_contentSize":{"__type__":"cc.Size","width":429.13,"height":40},"_position":{"__type__":"cc.Vec2","y":-230}},{"__type__":"cc.Node","_name":"New Label","_parent":{"__id__":1},"_active":false,"_components":[{"__type__":"cc.Label","node":{"__id__":4},"_useOriginalSize":false,"_actualFontSize":26,"_fontSize":26,"_N$string":"著作权登记号：2017SR668606","_N$horizontalAlign":1,"_N$verticalAlign":1}],"_prefab":{"__type__":"cc.PrefabInfo","root":{"__id__":1},"asset":{"__uuid__":"a1zgaHEnhIeJkObKsWja8R"},"fileId":"4avdvcgZRAl4CB+yeayc36"},"_color":{"__type__":"cc.Color","r":20,"g":67,"b":119},"_contentSize":{"__type__":"cc.Size","width":362.72,"height":40},"_position":{"__type__":"cc.Vec2","y":-270}},{"__type__":"cc.Node","_name":"New Label","_parent":{"__id__":1},"_active":false,"_components":[{"__type__":"cc.Label","node":{"__id__":5},"_useOriginalSize":false,"_actualFontSize":26,"_fontSize":26,"_N$string":"著作权人：腾讯科技（深圳）有限公司","_N$horizontalAlign":1,"_N$verticalAlign":1}],"_prefab":{"__type__":"cc.PrefabInfo","root":{"__id__":1},"asset":{"__uuid__":"a1zgaHEnhIeJkObKsWja8R"},"fileId":"e8LOW6dNBJpLjnsCWJidQL"},"_color":{"__type__":"cc.Color","r":20,"g":67,"b":119},"_contentSize":{"__type__":"cc.Size","width":442,"height":40},"_position":{"__type__":"cc.Vec2","y":-310}},{"__type__":"cc.Node","_name":"banquan","_parent":{"__id__":1},"_components":[{"__type__":"cc.Sprite","node":{"__id__":6},"_spriteFrame":{"__uuid__":"1be123aO5Msa6vwLbU+D14"}},{"__type__":"cc.Widget","node":{"__id__":6},"_alignFlags":4,"_bottom":30}],"_prefab":{"__type__":"cc.PrefabInfo","root":{"__id__":1},"asset":{"__uuid__":"a1zgaHEnhIeJkObKsWja8R"},"fileId":"eclKArUTdAyo41Ap77a81M"},"_contentSize":{"__type__":"cc.Size","width":752,"height":18},"_position":{"__type__":"cc.Vec2","y":-336}}],{"__type__":"cc.SpriteFrame","content":{"name":"BG","texture":"25Si/Ki+hMlqF2yaosCl7I","rect":[1453,295,512,512],"offset":[0,0],"originalSize":[512,512]}}]