[{"__type__":"cc.SpriteFrame","content":{"name":"jiaxue02","texture":"20wkx7r05LO5L2PvQg5zW3","rect":[609,447,44,44],"offset":[0,0],"originalSize":[44,44]}},{"__type__":"cc.AnimationClip","_name":"jiaxue_2_M","_duration":1.1833333333333333,"wrapMode":0,"curveData":{"paths":{"jiaxue":{"props":{"scaleX":[{"frame":0.11666666666666667,"value":0.49},{"frame":0.3,"value":1.88},{"frame":0.9166666666666666,"value":2.3}],"scaleY":[{"frame":0.11666666666666667,"value":0.49},{"frame":0.3,"value":1.88},{"frame":0.9166666666666666,"value":2.3}],"opacity":[{"frame":0.11666666666666667,"value":0},{"frame":0.3,"value":253},{"frame":0.9166666666666666,"value":0}]}},"jiaxue4":{"props":{"scaleX":[{"frame":0.15,"value":0.36},{"frame":0.43333333333333335,"value":0.55},{"frame":1.05,"value":0.44}],"scaleY":[{"frame":0.15,"value":0.36},{"frame":0.43333333333333335,"value":0.55},{"frame":1.05,"value":0.44}],"y":[{"frame":0.15,"value":-16},{"frame":0.43333333333333335,"value":4},{"frame":1.05,"value":26}],"x":[{"frame":0.15,"value":30},{"frame":0.43333333333333335,"value":35},{"frame":1.05,"value":30}],"opacity":[{"frame":0.11666666666666667,"value":0},{"frame":0.15,"value":255},{"frame":1.0333333333333334,"value":255},{"frame":1.0833333333333333,"value":0}]}},"jiaxue5":{"props":{"scaleY":[{"frame":0.38333333333333336,"value":0.96},{"frame":1.15,"value":0.38}],"scaleX":[{"frame":0.38333333333333336,"value":0.96},{"frame":1.15,"value":0.38}],"x":[{"frame":0.21666666666666667,"value":-2},{"frame":0.38333333333333336,"value":-2},{"frame":0.6,"value":-2},{"frame":1.15,"value":-2}],"y":[{"frame":0.21666666666666667,"value":-22},{"frame":0.38333333333333336,"value":3},{"frame":0.6,"value":20.105263157894733},{"frame":1.15,"value":53}],"opacity":[{"frame":0.2,"value":0},{"frame":0.23333333333333334,"value":255},{"frame":1.15,"value":255},{"frame":1.1833333333333333,"value":0}]}}}}},[{"__type__":"cc.Prefab","_name":"jiaxue_2_M","data":{"__id__":1},"asyncLoadAssets":false},{"__type__":"cc.Node","_name":"jiaxue_2_M","_children":[{"__id__":2},{"__id__":3},{"__id__":4}],"_components":[{"__id__":5},{"__type__":"5f78867I45Ho4XUIjr0GHcB","node":{"__id__":1},"animationCtrl":{"__id__":5}}],"_prefab":{"__type__":"cc.PrefabInfo","root":{"__id__":1},"asset":{"__uuid__":"d0Um/+aQVHyYsFudYDxyB2"},"fileId":"1ehcxbGndMjpZg6uL8EAJZ"}},{"__type__":"cc.Node","_name":"jiaxue","_parent":{"__id__":1},"_components":[{"__type__":"cc.Sprite","node":{"__id__":2},"_spriteFrame":{"__uuid__":"3eUcydxTJMCrwfBgQyg7gN"}}],"_prefab":{"__type__":"cc.PrefabInfo","root":{"__id__":1},"asset":{"__uuid__":"d0Um/+aQVHyYsFudYDxyB2"},"fileId":"d0RmU/JfdLuprvGA1JsolW"},"_contentSize":{"__type__":"cc.Size","width":44,"height":44}},{"__type__":"cc.Node","_name":"jiaxue4","_parent":{"__id__":1},"_components":[{"__type__":"cc.Sprite","node":{"__id__":3},"_spriteFrame":{"__uuid__":"3eUcydxTJMCrwfBgQyg7gN"}}],"_prefab":{"__type__":"cc.PrefabInfo","root":{"__id__":1},"asset":{"__uuid__":"d0Um/+aQVHyYsFudYDxyB2"},"fileId":"17O1XU9YlOa5bJOHUZgY1A"},"_contentSize":{"__type__":"cc.Size","width":44,"height":44}},{"__type__":"cc.Node","_name":"jiaxue5","_parent":{"__id__":1},"_components":[{"__type__":"cc.Sprite","node":{"__id__":4},"_spriteFrame":{"__uuid__":"3eUcydxTJMCrwfBgQyg7gN"}}],"_prefab":{"__type__":"cc.PrefabInfo","root":{"__id__":1},"asset":{"__uuid__":"d0Um/+aQVHyYsFudYDxyB2"},"fileId":"85y78D8U5N15FmVwUW79Xm"},"_contentSize":{"__type__":"cc.Size","width":44,"height":44}},{"__type__":"cc.Animation","node":{"__id__":1},"_defaultClip":{"__uuid__":"82Ts1C1yFNe7Zt41FaFmxR"},"_clips":[{"__uuid__":"82Ts1C1yFNe7Zt41FaFmxR"}]}]]