[{"__type__":"cc.SpriteFrame","content":{"name":"zidan09","texture":"20wkx7r05LO5L2PvQg5zW3","rect":[608,533,42,110],"offset":[0,0],"originalSize":[42,120]}},[{"__type__":"cc.Prefab","_name":"BulletThrough_L","data":{"__id__":1},"asyncLoadAssets":false},{"__type__":"cc.Node","_name":"BulletThrough_L","_components":[{"__type__":"37830rJx5NI777jGKkfIvjL","node":{"__id__":1},"EntityType":12,"DeadPrefab":{"__uuid__":"0eSi/+J+lIooSHsVufRBg3"},"DeadPrefabName":"T_shouji_q_H","Body":{"__id__":1},"dieAnimationClip":"T_shouji_q_L","MyCollider":{"__id__":2},"tuoWeiSprite":{"__id__":1},"colorSpriteChange":[{"__id__":1}],"blueTeamColor":{"__type__":"cc.Color","r":255,"g":255,"b":255},"redTeamColor":{"__type__":"cc.Color","r":252,"g":139,"b":118}},{"__type__":"cc.Sprite","node":{"__id__":1},"_spriteFrame":{"__uuid__":"58p/1y8ndOK7v94hj1RFQY"}},{"__id__":2}],"_prefab":{"__type__":"cc.PrefabInfo","root":{"__id__":1},"asset":{"__uuid__":"5bfQLWAptJNb8yR6vGx8LQ"},"fileId":"8bblbSbhFNaJAMrptTZwlP"},"_contentSize":{"__type__":"cc.Size","width":42,"height":110},"_scaleX":1.27,"_scaleY":1.33,"groupIndex":6},{"__type__":"cc.BoxCollider","node":{"__id__":1},"_offset":{"__type__":"cc.Vec2","y":30},"_size":{"__type__":"cc.Size","width":30,"height":35}}]]