[{"__type__":"cc.SpriteFrame","content":{"name":"zidan04","texture":"20wkx7r05LO5L2PvQg5zW3","rect":[989,1155,31,43],"offset":[0,0],"originalSize":[31,43]}},{"__type__":"cc.SpriteFrame","content":{"name":"star12","texture":"20wkx7r05LO5L2PvQg5zW3","rect":[262,1136,54,60],"offset":[2,0],"originalSize":[64,64]}},{"__type__":"cc.SpriteFrame","content":{"name":"zidan02","texture":"20wkx7r05LO5L2PvQg5zW3","rect":[143,498,19,56],"offset":[0,0],"originalSize":[19,56]}},{"__type__":"cc.SpriteFrame","content":{"name":"zidan06","texture":"20wkx7r05LO5L2PvQg5zW3","rect":[231,1101,30,39],"offset":[0,0],"originalSize":[30,39]}},{"__type__":"cc.SpriteFrame","content":{"name":"zidan05","texture":"20wkx7r05LO5L2PvQg5zW3","rect":[989,1199,30,53],"offset":[0,0],"originalSize":[30,53]}},[{"__type__":"cc.Prefab","_name":"BulletThrough","data":{"__id__":1},"asyncLoadAssets":false},{"__type__":"cc.Node","_name":"BulletThrough_H","_children":[{"__id__":2}],"_components":[{"__type__":"37830rJx5NI777jGKkfIvjL","node":{"__id__":1},"EntityType":12,"DeadPrefab":{"__uuid__":"864uJmUlBNYLW732P59sHM"},"DeadPrefabName":"T_shouji_q_H","Body":{"__id__":2},"dieAnimationClip":"shouji_q","MyCollider":{"__id__":10},"tuoWeiSprite":{"__id__":4},"colorSpriteChange":[{"__id__":4},{"__id__":5},{"__id__":6},{"__id__":7},{"__id__":8},{"__id__":9}],"blueTeamColor":{"__type__":"cc.Color","r":255,"g":255,"b":255},"redTeamColor":{"__type__":"cc.Color","r":252,"g":139,"b":118}},{"__id__":10}],"_prefab":{"__type__":"cc.PrefabInfo","root":{"__id__":1},"asset":{"__uuid__":"cb9ZvruDFMbJQy+wW1OJOO"},"fileId":"f0YAiqWkpFXYbzLej1Nuve"},"_contentSize":{"__type__":"cc.Size","width":23,"height":50},"groupIndex":6},{"__type__":"cc.Node","_name":"Body","_parent":{"__id__":1},"_children":[{"__id__":3}],"_prefab":{"__type__":"cc.PrefabInfo","root":{"__id__":1},"asset":{"__uuid__":"cb9ZvruDFMbJQy+wW1OJOO"},"fileId":"89o8WmQk5I36n5+1lkOt7e"},"_contentSize":{"__type__":"cc.Size","width":23,"height":34}},{"__type__":"cc.Node","_name":"T_zidan_q","_parent":{"__id__":2},"_children":[{"__id__":4},{"__id__":5},{"__id__":6},{"__id__":7},{"__id__":8},{"__id__":9}],"_components":[{"__type__":"cc.Animation","node":{"__id__":3},"_defaultClip":{"__uuid__":"98LJUVm/tKhqtmwCSgktWP"},"_clips":[{"__uuid__":"98LJUVm/tKhqtmwCSgktWP"}],"playOnLoad":true}],"_prefab":{"__type__":"cc.PrefabInfo","root":{"__id__":1},"asset":{"__uuid__":"cb9ZvruDFMbJQy+wW1OJOO"},"fileId":"e2oDeNCc9EQ7l/1itks0es"},"_scaleX":1.3,"_scaleY":1.3},{"__type__":"cc.Node","_name":"tuowei","_parent":{"__id__":3},"_components":[{"__type__":"cc.Sprite","node":{"__id__":4},"_spriteFrame":{"__uuid__":"50H3/BaIdOGqoXs92bPMNi"},"_dstBlendFactor":0}],"_prefab":{"__type__":"cc.PrefabInfo","root":{"__id__":1},"asset":{"__uuid__":"cb9ZvruDFMbJQy+wW1OJOO"},"fileId":"86H4xFLbVC2ZCecvvkeIbJ"},"_opacity":154,"_color":{"__type__":"cc.Color","r":255,"g":122},"_anchorPoint":{"__type__":"cc.Vec2","x":0.5,"y":1},"_contentSize":{"__type__":"cc.Size","width":19,"height":56},"_scaleX":1.02,"_scaleY":4.23,"_position":{"__type__":"cc.Vec2","y":-13.5}},{"__type__":"cc.Node","_name":"tuowei2","_parent":{"__id__":3},"_components":[{"__type__":"cc.Sprite","node":{"__id__":5},"_spriteFrame":{"__uuid__":"89qFomUQhA85D0an2MULV4"},"_dstBlendFactor":0}],"_prefab":{"__type__":"cc.PrefabInfo","root":{"__id__":1},"asset":{"__uuid__":"cb9ZvruDFMbJQy+wW1OJOO"},"fileId":"96nMu3aspI+rES/F+lj/Ii"},"_contentSize":{"__type__":"cc.Size","width":30,"height":53},"_scaleX":1.28,"_scaleY":1.37,"_position":{"__type__":"cc.Vec2","y":-50.2}},{"__type__":"cc.Node","_name":"zidan","_parent":{"__id__":3},"_components":[{"__type__":"cc.Sprite","node":{"__id__":6},"_spriteFrame":{"__uuid__":"46GZwveUFOAIT2bUCxO28I"},"_dstBlendFactor":0}],"_prefab":{"__type__":"cc.PrefabInfo","root":{"__id__":1},"asset":{"__uuid__":"cb9ZvruDFMbJQy+wW1OJOO"},"fileId":"a5yxZJ0/pPSb7QidfkWmkf"},"_contentSize":{"__type__":"cc.Size","width":31,"height":43},"_scaleX":0.7,"_scaleY":0.7},{"__type__":"cc.Node","_name":"tuowei3","_parent":{"__id__":3},"_components":[{"__type__":"cc.Sprite","node":{"__id__":7},"_spriteFrame":{"__uuid__":"7e7bk4C/NFb7p3+vr4CFEP"},"_dstBlendFactor":0}],"_prefab":{"__type__":"cc.PrefabInfo","root":{"__id__":1},"asset":{"__uuid__":"cb9ZvruDFMbJQy+wW1OJOO"},"fileId":"ce2nEZPtFI87smCgjdXK/l"},"_contentSize":{"__type__":"cc.Size","width":30,"height":39},"_scaleX":1.25,"_scaleY":1.32,"_position":{"__type__":"cc.Vec2","y":2}},{"__type__":"cc.Node","_name":"xing","_parent":{"__id__":3},"_components":[{"__type__":"cc.Sprite","node":{"__id__":8},"_spriteFrame":{"__uuid__":"4cHV7n+e1PQYsn1A03XdEQ"},"_dstBlendFactor":0}],"_prefab":{"__type__":"cc.PrefabInfo","root":{"__id__":1},"asset":{"__uuid__":"cb9ZvruDFMbJQy+wW1OJOO"},"fileId":"45NMrjaulLwJbTxmRO1831"},"_color":{"__type__":"cc.Color","r":240,"g":161,"b":21},"_contentSize":{"__type__":"cc.Size","width":54,"height":60},"_scaleX":0.85,"_scaleY":0.9,"_position":{"__type__":"cc.Vec2","y":-51}},{"__type__":"cc.Node","_name":"xing1","_parent":{"__id__":3},"_components":[{"__type__":"cc.Sprite","node":{"__id__":9},"_spriteFrame":{"__uuid__":"4cHV7n+e1PQYsn1A03XdEQ"},"_dstBlendFactor":0}],"_prefab":{"__type__":"cc.PrefabInfo","root":{"__id__":1},"asset":{"__uuid__":"cb9ZvruDFMbJQy+wW1OJOO"},"fileId":"cb1/8/kH9IyZjil4alm9bu"},"_color":{"__type__":"cc.Color","r":240,"g":161,"b":21},"_contentSize":{"__type__":"cc.Size","width":54,"height":60},"_scaleX":0.85,"_scaleY":0.9,"_position":{"__type__":"cc.Vec2","y":-51}},{"__type__":"cc.BoxCollider","node":{"__id__":1},"_size":{"__type__":"cc.Size","width":42,"height":42}}]]