[{"__type__":"cc.SpriteFrame","content":{"name":"line_002","texture":"20wkx7r05LO5L2PvQg5zW3","rect":[398,1128,28,64],"offset":[1,0],"originalSize":[32,64]}},{"__type__":"cc.SpriteFrame","content":{"name":"shouji02","texture":"20wkx7r05LO5L2PvQg5zW3","rect":[958,201,60,60],"offset":[0,0],"originalSize":[64,64]}},[{"__type__":"cc.Prefab","_name":"huolijiaqiang_H","data":{"__id__":1},"asyncLoadAssets":false},{"__type__":"cc.Node","_name":"huolijiaqiang_H","_children":[{"__id__":2},{"__id__":3},{"__id__":4},{"__id__":5},{"__id__":6},{"__id__":7}],"_components":[{"__id__":8},{"__type__":"5f78867I45Ho4XUIjr0GHcB","node":{"__id__":1},"animationCtrl":{"__id__":8}}],"_prefab":{"__type__":"cc.PrefabInfo","root":{"__id__":1},"fileId":"27Log5ZdVB95l6OUWU+IfJ"}},{"__type__":"cc.Node","_name":"line1","_parent":{"__id__":1},"_components":[{"__type__":"cc.Sprite","node":{"__id__":2},"_spriteFrame":{"__uuid__":"19iY1gUShAN6BA/VHlnHCe"},"_dstBlendFactor":1}],"_prefab":{"__type__":"cc.PrefabInfo","root":{"__id__":1},"fileId":"e4Bs9/wJZMG6vZvafsBXWJ"},"_color":{"__type__":"cc.Color","r":255,"g":238,"b":195},"_contentSize":{"__type__":"cc.Size","width":28,"height":64},"_scaleX":0.2893449999989848,"_scaleY":0.19721399999878172,"_position":{"__type__":"cc.Vec2","x":-25,"y":-7.6314310000611165}},{"__type__":"cc.Node","_name":"line2","_parent":{"__id__":1},"_components":[{"__type__":"cc.Sprite","node":{"__id__":3},"_spriteFrame":{"__uuid__":"19iY1gUShAN6BA/VHlnHCe"},"_dstBlendFactor":1}],"_prefab":{"__type__":"cc.PrefabInfo","root":{"__id__":1},"fileId":"44TkzfZJ9ATZNhMi/+MvRy"},"_opacity":0,"_color":{"__type__":"cc.Color","r":255,"g":238,"b":195},"_contentSize":{"__type__":"cc.Size","width":28,"height":64},"_scaleX":-0.5,"_scaleY":0.25,"_position":{"__type__":"cc.Vec2","x":25,"y":-14.6}},{"__type__":"cc.Node","_name":"line3","_parent":{"__id__":1},"_components":[{"__type__":"cc.Sprite","node":{"__id__":4},"_spriteFrame":{"__uuid__":"19iY1gUShAN6BA/VHlnHCe"},"_dstBlendFactor":1}],"_prefab":{"__type__":"cc.PrefabInfo","root":{"__id__":1},"fileId":"a8zJQtPS5EP4RiLjc7L/b6"},"_color":{"__type__":"cc.Color","r":248,"g":237,"b":217},"_contentSize":{"__type__":"cc.Size","width":28,"height":64},"_scaleX":0.5826882000004466,"_scaleY":0.8756061000006294,"_position":{"__type__":"cc.Vec2","x":-6.5,"y":5.629519999983756}},{"__type__":"cc.Node","_name":"star1","_parent":{"__id__":1},"_components":[{"__type__":"cc.Sprite","node":{"__id__":5},"_spriteFrame":{"__uuid__":"4dGu1z74VKu7GDAFoOXdDP"},"_dstBlendFactor":1}],"_prefab":{"__type__":"cc.PrefabInfo","root":{"__id__":1},"fileId":"1am2VKoARGwJOJ4Guiijld"},"_color":{"__type__":"cc.Color","r":243,"g":180,"b":85},"_contentSize":{"__type__":"cc.Size","width":60,"height":60},"_scaleX":0,"_scaleY":0,"_position":{"__type__":"cc.Vec2","x":20,"y":5}},{"__type__":"cc.Node","_name":"star2","_parent":{"__id__":1},"_components":[{"__type__":"cc.Sprite","node":{"__id__":6},"_spriteFrame":{"__uuid__":"4dGu1z74VKu7GDAFoOXdDP"},"_dstBlendFactor":1}],"_prefab":{"__type__":"cc.PrefabInfo","root":{"__id__":1},"fileId":"6dvQFZ5FRB5qzqRscAAEKW"},"_color":{"__type__":"cc.Color","r":245,"g":210,"b":98},"_contentSize":{"__type__":"cc.Size","width":60,"height":60},"_rotationX":180,"_rotationY":180,"_scaleX":0.05901749999847716,"_scaleY":0.05901749999847716,"_position":{"__type__":"cc.Vec2","x":-30,"y":-9.311462500017766}},{"__type__":"cc.Node","_name":"star3","_parent":{"__id__":1},"_components":[{"__type__":"cc.Sprite","node":{"__id__":7},"_spriteFrame":{"__uuid__":"4dGu1z74VKu7GDAFoOXdDP"},"_dstBlendFactor":1}],"_prefab":{"__type__":"cc.PrefabInfo","root":{"__id__":1},"fileId":"55gf75YmVDm4OAzdgGe9h4"},"_color":{"__type__":"cc.Color","r":255,"g":246,"b":168},"_contentSize":{"__type__":"cc.Size","width":60,"height":60},"_rotationX":90,"_rotationY":90,"_scaleX":0.867808636364467,"_scaleY":0.867808636364467,"_position":{"__type__":"cc.Vec2","x":6,"y":0.3576818181725889}},{"__type__":"cc.Animation","node":{"__id__":1},"_defaultClip":{"__uuid__":"64pRMZAytCvr5mwQ3P7+Wj"},"_clips":[{"__uuid__":"64pRMZAytCvr5mwQ3P7+Wj"}]}]]