{
	"description": "项目配置文件。",
	"setting": {
		"urlCheck": false,
		"es6": false,
		"postcss": false,
		"minified": false,
		"newFeature": true
	},
	"compileType": "mingganci",
	"libVersion": "game",
	"appid": "wx2fcf29c354c79113",
	"projectname": "BigTank",
	"miniprogramRoot": "./",
	"condition": {
		"search": {
			"current": -1,
			"list": []
		},
		"conversation": {
			"current": -1,
			"list": []
		},
		"mingganci": {
			"currentL": -1,
			"list": []
		},
		"miniprogram": {
			"current": -1,
			"list": []
		}
	}
}