[{"__type__":"cc.SpriteFrame","content":{"name":"shouji26","texture":"20wkx7r05LO5L2PvQg5zW3","rect":[106,1011,80,80],"offset":[0,0],"originalSize":[80,80]}},[{"__type__":"cc.Prefab","_name":"T_fantanshouji_n","data":{"__id__":1},"asyncLoadAssets":false},{"__type__":"cc.Node","_name":"T_fantanshouji_n","_components":[{"__id__":2},{"__type__":"cc.Sprite","node":{"__id__":1},"_spriteFrame":{"__uuid__":"0cdptsPWpNoqTPuDR9xxrM"},"_dstBlendFactor":0},{"__type__":"3f6973JHftFpKTMspSNwhiz","node":{"__id__":1},"animationCtrl":{"__id__":2}}],"_prefab":{"__type__":"cc.PrefabInfo","root":{"__id__":1},"asset":{"__uuid__":"4e6UuKZMtOrYV1CSqAYAXM"},"fileId":"95uK+MV1hFSJpyWLFfFZDa"},"_contentSize":{"__type__":"cc.Size","width":80,"height":80}},{"__type__":"cc.Animation","node":{"__id__":1},"_defaultClip":{"__uuid__":"9eL2t2KwNCJJmjC2M4zExF"},"_clips":[{"__uuid__":"9eL2t2KwNCJJmjC2M4zExF"}]}],{"__type__":"cc.AnimationClip","_name":"fantanshouji_n","_duration":0.3,"sample":30,"wrapMode":0,"curveData":{"paths":{},"props":{"opacity":[{"frame":0,"value":0},{"frame":0.13333333333333333,"value":255},{"frame":0.3,"value":0}],"scaleX":[{"frame":0,"value":0.1},{"frame":0.13333333333333333,"value":1.19},{"frame":0.3,"value":1.52}],"scaleY":[{"frame":0,"value":0.1},{"frame":0.13333333333333333,"value":1.19},{"frame":0.3,"value":1.52}]}}}]