[[{"__type__":"cc.Prefab","_name":"T_shouji_qianghua","data":{"__id__":1},"asyncLoadAssets":false},{"__type__":"cc.Node","_name":"T_shouji_qianghua","_children":[{"__id__":2},{"__id__":3},{"__id__":4}],"_components":[{"__id__":5},{"__type__":"3f6973JHftFpKTMspSNwhiz","node":{"__id__":1},"animationCtrl":{"__id__":5}}],"_prefab":{"__type__":"cc.PrefabInfo","root":{"__id__":1},"asset":{"__uuid__":"45IjZ/UNFB9qEOhb321oYb"},"fileId":"70B32wOaNNS6BFfRY+yDVB"},"_scaleX":1.2,"_scaleY":1.2},{"__type__":"cc.Node","_name":"sprite2","_parent":{"__id__":1},"_components":[{"__type__":"cc.Sprite","node":{"__id__":2},"_spriteFrame":{"__uuid__":"4dGu1z74VKu7GDAFoOXdDP"},"_dstBlendFactor":1}],"_prefab":{"__type__":"cc.PrefabInfo","root":{"__id__":1},"asset":{"__uuid__":"45IjZ/UNFB9qEOhb321oYb"},"fileId":"14TFKI+fFON4sDpsHCA+/m"},"_opacity":188.98049999865614,"_color":{"__type__":"cc.Color","r":251,"g":236,"b":188},"_contentSize":{"__type__":"cc.Size","width":60,"height":60},"_scaleX":0.4729233333321036,"_scaleY":0.4729233333321036},{"__type__":"cc.Node","_name":"sprite3","_parent":{"__id__":1},"_components":[{"__type__":"cc.Sprite","node":{"__id__":3},"_spriteFrame":{"__uuid__":"91EZJvUgVMNLNfqktjkUIu"},"_dstBlendFactor":1}],"_prefab":{"__type__":"cc.PrefabInfo","root":{"__id__":1},"asset":{"__uuid__":"45IjZ/UNFB9qEOhb321oYb"},"fileId":"76aBfpLoNOSJWfgttykPSb"},"_opacity":94.49024999932807,"_color":{"__type__":"cc.Color","r":249,"g":231,"b":15},"_contentSize":{"__type__":"cc.Size","width":80,"height":80},"_scaleX":-0.8705499999973649,"_scaleY":0.8705499999973649},{"__type__":"cc.Node","_name":"sprite7","_parent":{"__id__":1},"_components":[{"__type__":"cc.Sprite","node":{"__id__":4},"_spriteFrame":{"__uuid__":"596a0BgDdAI50NfAxDKwmi"},"_dstBlendFactor":1}],"_prefab":{"__type__":"cc.PrefabInfo","root":{"__id__":1},"asset":{"__uuid__":"45IjZ/UNFB9qEOhb321oYb"},"fileId":"53vof3XYtGr5rrbQGZgaZB"},"_opacity":0,"_color":{"__type__":"cc.Color","r":250,"g":130},"_contentSize":{"__type__":"cc.Size","width":74,"height":72},"_rotationX":211,"_rotationY":211,"_scaleX":0.3,"_scaleY":0.3},{"__type__":"cc.Animation","node":{"__id__":1},"_defaultClip":{"__uuid__":"51I2NYIDFBuY0Fhr66/TSJ"},"_clips":[{"__uuid__":"51I2NYIDFBuY0Fhr66/TSJ"}]}],{"__type__":"cc.SpriteFrame","content":{"name":"shouji02","texture":"20wkx7r05LO5L2PvQg5zW3","rect":[958,201,60,60],"offset":[0,0],"originalSize":[64,64]}},{"__type__":"cc.AnimationClip","_name":"T_shouji_qianghua","_duration":0.2,"sample":30,"wrapMode":2,"curveData":{"paths":{"sprite2":{"props":{"scaleX":[{"frame":0,"value":0.3},{"frame":0.06666666666666667,"value":0.7666666666666666},{"frame":0.1,"value":1}],"scaleY":[{"frame":0,"value":0.3},{"frame":0.06666666666666667,"value":0.7666666666666666},{"frame":0.1,"value":1}],"opacity":[{"frame":0,"value":0},{"frame":0.03333333333333333,"value":255},{"frame":0.06666666666666667,"value":254},{"frame":0.1,"value":254},{"frame":0.16666666666666666,"value":0}],"color":[{"frame":0,"value":{"__type__":"cc.Color","r":255,"g":255,"b":255}},{"frame":0.06666666666666667,"value":{"__type__":"cc.Color","r":245,"g":204,"b":75}},{"frame":0.16666666666666666,"value":{"__type__":"cc.Color","r":255,"g":106,"b":7}}]}},"sprite3":{"comps":{"cc.Sprite":{}},"props":{"scaleX":[{"frame":0,"value":-0.5},{"frame":0.06666666666666667,"value":-1.5},{"frame":0.2,"value":-2.5}],"scaleY":[{"frame":0,"value":0.5},{"frame":0.06666666666666667,"value":1.5},{"frame":0.2,"value":2.5}],"position":[{"frame":0,"value":[0,0]}],"opacity":[{"frame":0,"value":0},{"frame":0.06666666666666667,"value":255},{"frame":0.2,"value":0}],"color":[{"frame":0,"value":{"__type__":"cc.Color","r":255,"g":245}},{"frame":0.06666666666666667,"value":{"__type__":"cc.Color","r":241,"g":209,"b":43}},{"frame":0.2,"value":{"__type__":"cc.Color","r":255,"g":133}}]}},"sprite7":{"props":{"scaleX":[{"frame":0.03333333333333333,"value":0.3},{"frame":0.1,"value":1.5},{"frame":0.2,"value":2.5}],"scaleY":[{"frame":0.03333333333333333,"value":0.3},{"frame":0.1,"value":1.5},{"frame":0.2,"value":2.5}],"rotation":[{"frame":0.13333333333333333,"value":211}],"opacity":[{"frame":0.03333333333333333,"value":0},{"frame":0.06666666666666667,"value":255},{"frame":0.1,"value":255},{"frame":0.2,"value":0}]}}},"props":{"scaleX":[{"frame":0,"value":1.2}],"scaleY":[{"frame":0,"value":1.2}]}}},{"__type__":"cc.SpriteFrame","content":{"name":"shouji04","texture":"20wkx7r05LO5L2PvQg5zW3","rect":[324,1027,74,72],"offset":[1,-4],"originalSize":[86,86]}},{"__type__":"cc.SpriteFrame","content":{"name":"shouji24","texture":"20wkx7r05LO5L2PvQg5zW3","rect":[3,1060,80,80],"offset":[0,0],"originalSize":[80,80]}}]