[[{"__type__":"cc.Prefab","_name":"dingshen_L","data":{"__id__":1},"asyncLoadAssets":false},{"__type__":"cc.Node","_name":"dingshen_L","_components":[{"__type__":"cc.Sprite","node":{"__id__":1},"_spriteFrame":{"__uuid__":"a3dK9RrShDYJLl4/SAsHri"},"_sizeMode":0,"_dstBlendFactor":0},{"__id__":2},{"__type__":"5f78867I45Ho4XUIjr0GHcB","node":{"__id__":1},"animationCtrl":{"__id__":2}}],"_prefab":{"__type__":"cc.PrefabInfo","root":{"__id__":1},"asset":{"__uuid__":"74bReUnGxKYZs963xHl9a8"},"fileId":"b3t8B+GLNDVL8tjyEUQbUR"},"_contentSize":{"__type__":"cc.Size","width":85,"height":85},"_rotationX":90,"_rotationY":90},{"__type__":"cc.Animation","node":{"__id__":1},"_defaultClip":{"__uuid__":"82xyigVfhLbKeucyAiO1tq"},"_clips":[{"__uuid__":"82xyigVfhLbKeucyAiO1tq"}]}],{"__type__":"cc.AnimationClip","_name":"dingshen_L","_duration":0.6833333333333333,"wrapMode":0,"curveData":{"props":{"opacity":[{"frame":0.65,"value":255},{"frame":0.6833333333333333,"value":0}]},"paths":{}}},{"__type__":"cc.SpriteFrame","content":{"name":"light1","texture":"20wkx7r05LO5L2PvQg5zW3","rect":[271,756,56,50],"offset":[1,0],"originalSize":[64,64]}}]