[[{"__type__":"cc.Prefab","_name":"dingshen_M","data":{"__id__":1},"asyncLoadAssets":false},{"__type__":"cc.Node","_name":"dingshen_M","_children":[{"__id__":2}],"_components":[{"__id__":3},{"__type__":"5f78867I45Ho4XUIjr0GHcB","node":{"__id__":1},"animationCtrl":{"__id__":3}}],"_prefab":{"__type__":"cc.PrefabInfo","root":{"__id__":1},"asset":{"__uuid__":"2eEY5UqG1BWbSMYzZMJkDy"},"fileId":"fe56cgLrtBVZdHhWEC53Fc"}},{"__type__":"cc.Node","_name":"sprite_splash","_parent":{"__id__":1},"_components":[{"__type__":"cc.Sprite","node":{"__id__":2},"_spriteFrame":{"__uuid__":"a3dK9RrShDYJLl4/SAsHri"},"_sizeMode":0,"_dstBlendFactor":0}],"_prefab":{"__type__":"cc.PrefabInfo","root":{"__id__":1},"asset":{"__uuid__":"2eEY5UqG1BWbSMYzZMJkDy"},"fileId":"e9h79U8t9FTpL+17ERpRPP"},"_contentSize":{"__type__":"cc.Size","width":85,"height":85},"_rotationX":90,"_rotationY":90},{"__type__":"cc.Animation","node":{"__id__":1},"_defaultClip":{"__uuid__":"9fpbNkF3VLVI7wgnyK6cLH"},"_clips":[{"__uuid__":"9fpbNkF3VLVI7wgnyK6cLH"}]}],{"__type__":"cc.SpriteFrame","content":{"name":"light1","texture":"20wkx7r05LO5L2PvQg5zW3","rect":[271,756,56,50],"offset":[1,0],"originalSize":[64,64]}}]