[{"__type__":"cc.SpriteFrame","content":{"name":"UI_fire01_7","texture":"20wkx7r05LO5L2PvQg5zW3","rect":[804,1200,85,18],"offset":[-1,-2],"originalSize":[115,38]}},[{"__type__":"cc.Prefab","_name":"Fire01_M","data":{"__id__":1},"asyncLoadAssets":false},{"__type__":"cc.Node","_name":"Fire01_M","_children":[{"__id__":2}],"_components":[{"__type__":"5f78867I45Ho4XUIjr0GHcB","node":{"__id__":1},"positionNode":{"__id__":1}}],"_prefab":{"__type__":"cc.PrefabInfo","root":{"__id__":1},"asset":{"__uuid__":"e5Xu1eo3JFRZkjJ3Cdmp67"},"fileId":"b5ttrkczBGLorekROUItIg"}},{"__type__":"cc.Node","_name":"Fire01UI","_parent":{"__id__":1},"_children":[{"__id__":3}],"_prefab":{"__type__":"cc.PrefabInfo","root":{"__id__":1},"asset":{"__uuid__":"e5Xu1eo3JFRZkjJ3Cdmp67"},"fileId":"94TImn4KxDW4dqJbUdcGwh"},"_scaleX":1.3,"_scaleY":1.3,"_position":{"__type__":"cc.Vec2","y":96}},{"__type__":"cc.Node","_name":"7","_parent":{"__id__":2},"_components":[{"__type__":"cc.Sprite","node":{"__id__":3},"_spriteFrame":{"__uuid__":"45ie9EJQtNooKiyPCJjKFm"}}],"_prefab":{"__type__":"cc.PrefabInfo","root":{"__id__":1},"asset":{"__uuid__":"e5Xu1eo3JFRZkjJ3Cdmp67"},"fileId":"2b53NKnQFDkZcEDha/d2+B"},"_contentSize":{"__type__":"cc.Size","width":85,"height":18},"_position":{"__type__":"cc.Vec2","x":0.6,"y":1.7}}]]