[{"__type__":"cc.SpriteFrame","content":{"name":"line_002","texture":"20wkx7r05LO5L2PvQg5zW3","rect":[398,1128,28,64],"offset":[1,0],"originalSize":[32,64]}},{"__type__":"cc.AnimationClip","_name":"huolijiaqiang_H","_duration":1,"wrapMode":2,"curveData":{"paths":{"line1":{"comps":{"cc.Sprite":{"spriteFrame":[{"frame":0,"value":{"__uuid__":"19iY1gUShAN6BA/VHlnHCe"}}]}},"props":{"scaleX":[{"frame":0,"value":0.25},{"frame":0.16666666666666666,"value":0.4},{"frame":0.4166666666666667,"value":0.2},{"frame":0.5833333333333334,"value":0.05}],"scaleY":[{"frame":0,"value":0.15},{"frame":0.16666666666666666,"value":0.6},{"frame":0.4166666666666667,"value":0.3},{"frame":0.5833333333333334,"value":0.375}],"position":[{"frame":0,"value":[-25,-10]},{"frame":0.16666666666666666,"value":[-25,20.1]},{"frame":0.5833333333333334,"value":[-25,40]}],"opacity":[{"frame":0,"value":255},{"frame":0.4166666666666667,"value":255},{"frame":0.5833333333333334,"value":0}]}},"line2":{"comps":{"cc.Sprite":{"spriteFrame":[{"frame":0.26666666666666666,"value":{"__uuid__":"19iY1gUShAN6BA/VHlnHCe"}}]}},"props":{"scaleX":[{"frame":0.26666666666666666,"value":-0.5},{"frame":0.5166666666666667,"value":-0.6},{"frame":0.6833333333333333,"value":-0.2},{"frame":0.85,"value":-0.125}],"scaleY":[{"frame":0.26666666666666666,"value":0.25},{"frame":0.5166666666666667,"value":0.65},{"frame":0.85,"value":0.25}],"position":[{"frame":0.26666666666666666,"value":[25,-14.6]},{"frame":0.5166666666666667,"value":[25,-1]},{"frame":0.6666666666666666,"value":[25,10]},{"frame":1,"value":[25,28]}],"opacity":[{"frame":0.25,"value":0},{"frame":0.26666666666666666,"value":255},{"frame":0.6833333333333333,"value":255},{"frame":0.85,"value":0}]}},"line3":{"comps":{"cc.Sprite":{"spriteFrame":[{"frame":0,"value":{"__uuid__":"19iY1gUShAN6BA/VHlnHCe"}}]}},"props":{"position":[{"frame":0,"value":[-6.5,5]},{"frame":0.4166666666666667,"value":[-6.5,25]},{"frame":0.6666666666666666,"value":[-6.5,-20]},{"frame":1,"value":[-6.5,5]}],"scaleX":[{"frame":0,"value":0.4},{"frame":0.4166666666666667,"value":0.05},{"frame":0.6666666666666666,"value":0.25},{"frame":1,"value":0.4}],"scaleY":[{"frame":0,"value":0.7},{"frame":0.4166666666666667,"value":0.125},{"frame":0.6666666666666666,"value":0.25},{"frame":1,"value":0.7}],"opacity":[{"frame":0.25,"value":255},{"frame":0.4166666666666667,"value":0},{"frame":0.65,"value":0},{"frame":0.6666666666666666,"value":255}]}},"star1":{"props":{"scaleX":[{"frame":0,"value":0},{"frame":0.16666666666666666,"value":0},{"frame":0.5,"value":0.1},{"frame":0.8333333333333334,"value":0}],"scaleY":[{"frame":0,"value":0},{"frame":0.16666666666666666,"value":0},{"frame":0.5,"value":0.1},{"frame":0.8333333333333334,"value":0}],"position":[{"frame":0,"value":[20,-7]},{"frame":0.16666666666666666,"value":[20,-6]},{"frame":0.5,"value":[20,5]},{"frame":0.8333333333333334,"value":[20,8]}]}},"star2":{"props":{"scaleX":[{"frame":0,"value":0},{"frame":0.16666666666666666,"value":0.2},{"frame":0.6666666666666666,"value":0.15},{"frame":1,"value":0}],"scaleY":[{"frame":0,"value":0},{"frame":0.16666666666666666,"value":0.2},{"frame":0.6666666666666666,"value":0.15},{"frame":1,"value":0}],"position":[{"frame":0,"value":[-30,-10]},{"frame":0.6666666666666666,"value":[-30,25]},{"frame":1,"value":[-30,35]}]}},"star3":{"props":{"opacity":[{"frame":0,"value":255},{"frame":0.36666666666666664,"value":255},{"frame":0.38333333333333336,"value":0},{"frame":0.4,"value":0},{"frame":0.4166666666666667,"value":255}],"position":[{"frame":0,"value":[6,0]},{"frame":0.36666666666666664,"value":[6,10]},{"frame":0.4166666666666667,"value":[6,-35]},{"frame":1,"value":[6,0]}],"scaleX":[{"frame":0,"value":0.2},{"frame":0.36666666666666664,"value":0},{"frame":0.4166666666666667,"value":0},{"frame":1,"value":0.2}],"scaleY":[{"frame":0,"value":0.2},{"frame":0.36666666666666664,"value":0},{"frame":0.4166666666666667,"value":0},{"frame":1,"value":0.2}]}}}}}]