[{"__type__":"cc.SpriteFrame","content":{"name":"shouji12","texture":"20wkx7r05LO5L2PvQg5zW3","rect":[190,961,64,62],"offset":[0,0],"originalSize":[64,64]}},[{"__type__":"cc.Prefab","_name":"Zhangai_hit_H","data":{"__id__":1},"asyncLoadAssets":false},{"__type__":"cc.Node","_name":"Zhangai_hit_H","_children":[{"__id__":2},{"__id__":4}],"_components":[{"__id__":8},{"__type__":"3f6973JHftFpKTMspSNwhiz","node":{"__id__":1},"animationCtrl":{"__id__":8},"randomDelay":true,"randomDelayTime":0.27}],"_prefab":{"__type__":"cc.PrefabInfo","root":{"__id__":1},"asset":{"__uuid__":"aeG/nDLr1Gi6TiCibIuSVW"},"fileId":"53wkZoTw9NYrVAZAL1+LE/"},"_opacity":0},{"__type__":"cc.Node","_name":"New Node","_parent":{"__id__":1},"_children":[{"__id__":3}],"_prefab":{"__type__":"cc.PrefabInfo","root":{"__id__":1},"asset":{"__uuid__":"aeG/nDLr1Gi6TiCibIuSVW"},"fileId":"5dAt4og9FGsoyyskyZ6z0W"}},{"__type__":"cc.Node","_name":"sprite6","_parent":{"__id__":2},"_components":[{"__type__":"cc.Sprite","node":{"__id__":3},"_spriteFrame":{"__uuid__":"79w8FR3rZBcJ9MIicho6dx"}}],"_prefab":{"__type__":"cc.PrefabInfo","root":{"__id__":1},"asset":{"__uuid__":"aeG/nDLr1Gi6TiCibIuSVW"},"fileId":"bbGp5K/+9AWpuejqDOcNou"},"_opacity":0,"_color":{"__type__":"cc.Color","r":255,"g":213,"b":125},"_contentSize":{"__type__":"cc.Size","width":64,"height":62},"_rotationX":180,"_rotationY":180,"_scaleX":2,"_scaleY":2},{"__type__":"cc.Node","_name":"New Node1","_parent":{"__id__":1},"_children":[{"__id__":5},{"__id__":6},{"__id__":7}],"_prefab":{"__type__":"cc.PrefabInfo","root":{"__id__":1},"asset":{"__uuid__":"aeG/nDLr1Gi6TiCibIuSVW"},"fileId":"2cUnFHM5xGK7W1rKybeUHR"}},{"__type__":"cc.Node","_name":"sprite3","_parent":{"__id__":4},"_components":[{"__type__":"cc.Sprite","node":{"__id__":5},"_spriteFrame":{"__uuid__":"aeJ6zUlexPOr1ZoTgtDQIp"},"_sizeMode":0}],"_prefab":{"__type__":"cc.PrefabInfo","root":{"__id__":1},"asset":{"__uuid__":"aeG/nDLr1Gi6TiCibIuSVW"},"fileId":"9fbnvDwCtGeZU+m0DBqmpZ"},"_contentSize":{"__type__":"cc.Size","width":65,"height":45},"_rotationX":252.00000000000006,"_rotationY":252.00000000000006,"_scaleX":0.86,"_scaleY":0.86,"_position":{"__type__":"cc.Vec2","x":-47.809999999999995,"y":26.809999999999995}},{"__type__":"cc.Node","_name":"sprite4","_parent":{"__id__":4},"_components":[{"__type__":"cc.Sprite","node":{"__id__":6},"_spriteFrame":{"__uuid__":"aeJ6zUlexPOr1ZoTgtDQIp"}}],"_prefab":{"__type__":"cc.PrefabInfo","root":{"__id__":1},"asset":{"__uuid__":"aeG/nDLr1Gi6TiCibIuSVW"},"fileId":"ddc4u3D0dBAo8Sx9v07HVQ"},"_contentSize":{"__type__":"cc.Size","width":44,"height":40},"_rotationX":-280.00000000000006,"_rotationY":-280.00000000000006,"_scaleX":0.8444444444444444,"_scaleY":0.8444444444444444,"_position":{"__type__":"cc.Vec2","x":-31.266666666666673,"y":-46.12222222222223}},{"__type__":"cc.Node","_name":"sprite5","_parent":{"__id__":4},"_components":[{"__type__":"cc.Sprite","node":{"__id__":7},"_spriteFrame":{"__uuid__":"aeJ6zUlexPOr1ZoTgtDQIp"}}],"_prefab":{"__type__":"cc.PrefabInfo","root":{"__id__":1},"asset":{"__uuid__":"aeG/nDLr1Gi6TiCibIuSVW"},"fileId":"2d+iBMG9pKoJZxsApT/Bh6"},"_contentSize":{"__type__":"cc.Size","width":44,"height":40},"_rotationX":-190.90909090909093,"_rotationY":-190.90909090909093,"_scaleX":0.8727272727272728,"_scaleY":0.8727272727272728,"_position":{"__type__":"cc.Vec2","x":27.490909090909096,"y":-11.072727272727274}},{"__type__":"cc.Animation","node":{"__id__":1},"_defaultClip":{"__uuid__":"58Vm4Zz4BOBrFwrjyiQI4+"},"_clips":[{"__uuid__":"58Vm4Zz4BOBrFwrjyiQI4+"}]}],{"__type__":"cc.SpriteFrame","content":{"name":"shikuai_01","texture":"20wkx7r05LO5L2PvQg5zW3","rect":[609,492,44,40],"offset":[1,3],"originalSize":[64,64]}}]