[{"__type__":"cc.SpriteFrame","content":{"name":"shouji12","texture":"20wkx7r05LO5L2PvQg5zW3","rect":[190,961,64,62],"offset":[0,0],"originalSize":[64,64]}},[{"__type__":"cc.Prefab","_name":"T_guiji","data":{"__id__":1},"asyncLoadAssets":false},{"__type__":"cc.Node","_name":"T_guiji","_children":[{"__id__":2},{"__id__":3}],"_components":[{"__id__":4},{"__type__":"3f6973JHftFpKTMspSNwhiz","node":{"__id__":1},"animationCtrl":{"__id__":4}}],"_prefab":{"__type__":"cc.PrefabInfo","root":{"__id__":1},"asset":{"__uuid__":"7cV6CgSa9GV4TGRvcgC8h0"},"fileId":"50XJH0jNpCpKmYKTxZCiCB"}},{"__type__":"cc.Node","_name":"tuowei2","_parent":{"__id__":1},"_components":[{"__type__":"cc.Sprite","node":{"__id__":2},"_spriteFrame":{"__uuid__":"79w8FR3rZBcJ9MIicho6dx"}}],"_prefab":{"__type__":"cc.PrefabInfo","root":{"__id__":1},"asset":{"__uuid__":"7cV6CgSa9GV4TGRvcgC8h0"},"fileId":"e3PpWwj2BOwr0JevK4eZaL"},"_contentSize":{"__type__":"cc.Size","width":64,"height":62},"_scaleX":-1,"_position":{"__type__":"cc.Vec2","x":28,"y":-7}},{"__type__":"cc.Node","_name":"tuowei1","_parent":{"__id__":1},"_components":[{"__type__":"cc.Sprite","node":{"__id__":3},"_spriteFrame":{"__uuid__":"79w8FR3rZBcJ9MIicho6dx"}}],"_prefab":{"__type__":"cc.PrefabInfo","root":{"__id__":1},"asset":{"__uuid__":"7cV6CgSa9GV4TGRvcgC8h0"},"fileId":"a8F+faMsVBS7trAbDXKQV/"},"_contentSize":{"__type__":"cc.Size","width":64,"height":62},"_position":{"__type__":"cc.Vec2","x":-26,"y":-10}},{"__type__":"cc.Animation","node":{"__id__":1},"_defaultClip":{"__uuid__":"9dZYHdr9NEyqWl5NBN3DKq"},"_clips":[{"__uuid__":"9dZYHdr9NEyqWl5NBN3DKq"}]}]]