[{"__type__":"cc.SpriteFrame","content":{"name":"_0003_diban","texture":"aeQf/v2d5GzL/fTdnhZUd6","rect":[780,1159,188,188],"offset":[0,0],"originalSize":[188,188],"capInsets":[50,40,50,40]}},{"__type__":"cc.SpriteFrame","content":{"name":"_0007_greybutton","texture":"661XjWfv1BOayrl/asTWcd","rect":[616,89,206,86],"offset":[0,0],"originalSize":[206,86]}},{"__type__":"cc.SpriteFrame","content":{"name":"_0002_titletwo","texture":"aeQf/v2d5GzL/fTdnhZUd6","rect":[3,754,578,58],"offset":[0,0],"originalSize":[578,58]}},{"__type__":"cc.SpriteFrame","content":{"name":"_0007_orangebutton","texture":"661XjWfv1BOayrl/asTWcd","rect":[823,89,176,74],"offset":[0,0],"originalSize":[176,74]}},[{"__type__":"cc.Prefab","_name":"PVPExitTeamUI","data":{"__id__":1},"asyncLoadAssets":false},{"__type__":"cc.Node","_name":"PVPExitTeamUI","_children":[{"__id__":2},{"__id__":3},{"__id__":10}],"_components":[{"__type__":"cc.Widget","node":{"__id__":1},"isAlignOnce":false,"_alignFlags":45},{"__type__":"7471aC80DxDNZ2QV22IbAhO","node":{"__id__":1},"TipsLabel":{"__id__":9},"UIBtn":[{"__id__":13},{"__id__":16},{"__id__":19}],"TitleLabel":{"__id__":7},"BlueBtnSpr":{"__uuid__":"7bVXuX55VM36mljrwl8dF/"},"OrangeBtnSpr":{"__uuid__":"39KPZzUXNForAFpo8GD/Wn"},"GreyBtnSpr":{"__uuid__":"10aY44y9xPD4hcwKOwE7k0"}}],"_prefab":{"__type__":"cc.PrefabInfo","root":{"__id__":1},"asset":{"__uuid__":"52fUI/izNN7qKEoVVWFiDm"},"fileId":"48odNWhyNI2rDAzuY9Epkb"},"_contentSize":{"__type__":"cc.Size","width":1344,"height":750},"_position":{"__type__":"cc.Vec2","x":672,"y":375}},{"__type__":"cc.Node","_name":"Bk","_parent":{"__id__":1},"_components":[{"__type__":"cc.Sprite","node":{"__id__":2},"_spriteFrame":{"__uuid__":"a8YMZ/DIZLaLOo6yQIJaWu"},"_sizeMode":0},{"__type__":"cc.Widget","node":{"__id__":2},"_alignFlags":45,"_left":-10,"_right":-10,"_top":-10,"_bottom":-10,"_originalWidth":374,"_originalHeight":212}],"_prefab":{"__type__":"cc.PrefabInfo","root":{"__id__":1},"asset":{"__uuid__":"52fUI/izNN7qKEoVVWFiDm"},"fileId":"5ap4ITDRVLo6JgJY359Plq"},"_contentSize":{"__type__":"cc.Size","width":1364,"height":770}},{"__type__":"cc.Node","_name":"Bk2","_parent":{"__id__":1},"_children":[{"__id__":4},{"__id__":5},{"__id__":6},{"__id__":8}],"_components":[{"__type__":"cc.Sprite","node":{"__id__":3},"_spriteFrame":{"__uuid__":"05f4uDmUFIEYBRjc0VzC2a"},"_type":1,"_sizeMode":0}],"_prefab":{"__type__":"cc.PrefabInfo","root":{"__id__":1},"asset":{"__uuid__":"52fUI/izNN7qKEoVVWFiDm"},"fileId":"bcJ/HyvyRI9KhW0TEvpKb9"},"_anchorPoint":{"__type__":"cc.Vec2","x":0.5,"y":1},"_contentSize":{"__type__":"cc.Size","width":690,"height":320},"_position":{"__type__":"cc.Vec2","x":4,"y":205}},{"__type__":"cc.Node","_name":"_0002_titletwo","_parent":{"__id__":3},"_components":[{"__type__":"cc.Sprite","node":{"__id__":4},"_spriteFrame":{"__uuid__":"30/J0ASWZE07VgyW9GICpv"},"_sizeMode":0}],"_prefab":{"__type__":"cc.PrefabInfo","root":{"__id__":1},"asset":{"__uuid__":"52fUI/izNN7qKEoVVWFiDm"},"fileId":"fa66kgV4FMyLSYuY1O4AYM"},"_anchorPoint":{"__type__":"cc.Vec2","x":0.5,"y":1},"_contentSize":{"__type__":"cc.Size","width":680,"height":70},"_position":{"__type__":"cc.Vec2","y":2}},{"__type__":"cc.Node","_name":"_0001_title","_parent":{"__id__":3},"_components":[{"__type__":"cc.Sprite","node":{"__id__":5},"_spriteFrame":{"__uuid__":"c6N8GMjTJHU5feYrw+82Gx"},"_sizeMode":0}],"_prefab":{"__type__":"cc.PrefabInfo","root":{"__id__":1},"asset":{"__uuid__":"52fUI/izNN7qKEoVVWFiDm"},"fileId":"f0x235aKxDv6sKYreUQYcO"},"_anchorPoint":{"__type__":"cc.Vec2","x":0.5,"y":1},"_contentSize":{"__type__":"cc.Size","width":600,"height":62},"_position":{"__type__":"cc.Vec2","x":-36,"y":-12}},{"__type__":"cc.Node","_name":"Title","_parent":{"__id__":3},"_components":[{"__id__":7}],"_prefab":{"__type__":"cc.PrefabInfo","root":{"__id__":1},"asset":{"__uuid__":"52fUI/izNN7qKEoVVWFiDm"},"fileId":"7dZ7Z/uHNCQrp958VPg8Hc"},"_color":{"__type__":"cc.Color","r":115,"g":59,"b":36},"_contentSize":{"__type__":"cc.Size","width":88,"height":40},"_position":{"__type__":"cc.Vec2","x":-5,"y":-42}},{"__type__":"cc.Label","node":{"__id__":6},"_useOriginalSize":false,"_actualFontSize":22,"_fontSize":22,"_N$string":"确认退出","_N$horizontalAlign":1,"_N$verticalAlign":1},{"__type__":"cc.Node","_name":"Tips","_parent":{"__id__":3},"_components":[{"__id__":9}],"_prefab":{"__type__":"cc.PrefabInfo","root":{"__id__":1},"asset":{"__uuid__":"52fUI/izNN7qKEoVVWFiDm"},"fileId":"7dp0OLOvJNgqu6xIdBxg6z"},"_color":{"__type__":"cc.Color","r":115,"g":59,"b":36},"_contentSize":{"__type__":"cc.Size","width":484,"height":40},"_position":{"__type__":"cc.Vec2","y":-174}},{"__type__":"cc.Label","node":{"__id__":8},"_useOriginalSize":false,"_actualFontSize":22,"_fontSize":22,"_N$string":"你是房主，退出组队界面会解散房间，是否退出？","_N$verticalAlign":1},{"__type__":"cc.Node","_name":"BtnList","_parent":{"__id__":1},"_children":[{"__id__":11},{"__id__":14},{"__id__":17}],"_components":[{"__type__":"cc.Widget","node":{"__id__":10},"_alignFlags":4,"_bottom":20}],"_prefab":{"__type__":"cc.PrefabInfo","root":{"__id__":1},"asset":{"__uuid__":"52fUI/izNN7qKEoVVWFiDm"},"fileId":"60YVqR32dMU5a8Jca29yHn"},"_contentSize":{"__type__":"cc.Size","width":800,"height":80},"_position":{"__type__":"cc.Vec2","y":-315}},{"__type__":"cc.Node","_name":"SureBtn","_parent":{"__id__":10},"_children":[{"__id__":12}],"_components":[{"__type__":"cc.Sprite","node":{"__id__":11},"_spriteFrame":{"__uuid__":"39KPZzUXNForAFpo8GD/Wn"},"_type":1,"_sizeMode":0},{"__id__":13},{"__type__":"583e37tDMZOyrHYOPD8BB3O","node":{"__id__":11},"pressedScale":1.2,"transDuration":0.1},{"__type__":"cc.Layout","node":{"__id__":11},"_layoutSize":{"__type__":"cc.Size","width":176,"height":80},"_resize":1,"_N$layoutType":1,"_N$paddingLeft":60,"_N$paddingRight":60,"_N$spacingX":30}],"_prefab":{"__type__":"cc.PrefabInfo","root":{"__id__":1},"asset":{"__uuid__":"52fUI/izNN7qKEoVVWFiDm"},"fileId":"6fq+3arBZOYKozLfPTaMg1"},"_contentSize":{"__type__":"cc.Size","width":176,"height":80},"_position":{"__type__":"cc.Vec2","x":120}},{"__type__":"cc.Node","_name":"New Label","_parent":{"__id__":11},"_components":[{"__type__":"cc.Label","node":{"__id__":12},"_useOriginalSize":false,"_actualFontSize":28,"_fontSize":28,"_N$string":"退出","_N$horizontalAlign":1,"_N$verticalAlign":1}],"_prefab":{"__type__":"cc.PrefabInfo","root":{"__id__":1},"asset":{"__uuid__":"52fUI/izNN7qKEoVVWFiDm"},"fileId":"5cSr8foa5BPYHQtzyx1TPj"},"_color":{"__type__":"cc.Color"},"_contentSize":{"__type__":"cc.Size","width":56,"height":40},"_position":{"__type__":"cc.Vec2","y":5}},{"__type__":"cc.Button","node":{"__id__":11},"clickEvents":[{"__type__":"cc.ClickEvent","target":{"__id__":1},"component":"PVPExitTeamUI","handler":"OnSureBtn"}],"_N$target":{"__id__":11}},{"__type__":"cc.Node","_name":"CancelBtn","_parent":{"__id__":10},"_children":[{"__id__":15}],"_components":[{"__type__":"cc.Sprite","node":{"__id__":14},"_spriteFrame":{"__uuid__":"7bVXuX55VM36mljrwl8dF/"},"_type":1,"_sizeMode":0},{"__id__":16},{"__type__":"583e37tDMZOyrHYOPD8BB3O","node":{"__id__":14},"pressedScale":1.2,"transDuration":0.1},{"__type__":"cc.Layout","node":{"__id__":14},"_layoutSize":{"__type__":"cc.Size","width":176,"height":80},"_resize":1,"_N$layoutType":1,"_N$paddingLeft":60,"_N$paddingRight":60,"_N$spacingX":30}],"_prefab":{"__type__":"cc.PrefabInfo","root":{"__id__":1},"asset":{"__uuid__":"52fUI/izNN7qKEoVVWFiDm"},"fileId":"98PGZk6q9ElY4xpFmUEbuv"},"_contentSize":{"__type__":"cc.Size","width":176,"height":80},"_position":{"__type__":"cc.Vec2","x":-120}},{"__type__":"cc.Node","_name":"New Label","_parent":{"__id__":14},"_components":[{"__type__":"cc.Label","node":{"__id__":15},"_useOriginalSize":false,"_actualFontSize":28,"_fontSize":28,"_N$string":"取消","_N$horizontalAlign":1,"_N$verticalAlign":1}],"_prefab":{"__type__":"cc.PrefabInfo","root":{"__id__":1},"asset":{"__uuid__":"52fUI/izNN7qKEoVVWFiDm"},"fileId":"4faYyHQKZJD4elzVD1j/V5"},"_color":{"__type__":"cc.Color"},"_contentSize":{"__type__":"cc.Size","width":56,"height":40},"_position":{"__type__":"cc.Vec2","y":5}},{"__type__":"cc.Button","node":{"__id__":14},"clickEvents":[{"__type__":"cc.ClickEvent","target":{"__id__":1},"component":"PVPExitTeamUI","handler":"OnCancelBtn"}],"_N$target":{"__id__":14}},{"__type__":"cc.Node","_name":"SingleSureBtn","_parent":{"__id__":10},"_children":[{"__id__":18}],"_components":[{"__type__":"cc.Sprite","node":{"__id__":17},"_spriteFrame":{"__uuid__":"39KPZzUXNForAFpo8GD/Wn"},"_type":1,"_sizeMode":0},{"__id__":19},{"__type__":"583e37tDMZOyrHYOPD8BB3O","node":{"__id__":17},"pressedScale":1.2,"transDuration":0.1},{"__type__":"cc.Layout","node":{"__id__":17},"_layoutSize":{"__type__":"cc.Size","width":176,"height":80},"_resize":1,"_N$layoutType":1,"_N$paddingLeft":60,"_N$paddingRight":60,"_N$spacingX":30}],"_prefab":{"__type__":"cc.PrefabInfo","root":{"__id__":1},"asset":{"__uuid__":"52fUI/izNN7qKEoVVWFiDm"},"fileId":"fbrL45lglCWLaTi/taEl3c"},"_contentSize":{"__type__":"cc.Size","width":176,"height":80}},{"__type__":"cc.Node","_name":"New Label","_parent":{"__id__":17},"_components":[{"__type__":"cc.Label","node":{"__id__":18},"_useOriginalSize":false,"_actualFontSize":28,"_fontSize":28,"_N$string":"确定","_N$horizontalAlign":1,"_N$verticalAlign":1}],"_prefab":{"__type__":"cc.PrefabInfo","root":{"__id__":1},"asset":{"__uuid__":"52fUI/izNN7qKEoVVWFiDm"},"fileId":"e8jS958ERPNrD/y4Fa6Txr"},"_color":{"__type__":"cc.Color"},"_contentSize":{"__type__":"cc.Size","width":56,"height":40},"_position":{"__type__":"cc.Vec2","y":5}},{"__type__":"cc.Button","node":{"__id__":17},"clickEvents":[{"__type__":"cc.ClickEvent","target":{"__id__":1},"component":"PVPExitTeamUI","handler":"OnSingleSureBtn"}],"_N$target":{"__id__":17}}],{"__type__":"cc.SpriteFrame","content":{"name":"_0006_button","texture":"661XjWfv1BOayrl/asTWcd","rect":[823,164,176,74],"offset":[0,0],"originalSize":[176,74]}},{"__type__":"cc.SpriteFrame","content":{"name":"_0008_bgmohu","texture":"5f2BaCmQ1CnYPuCD1/rLg9","rect":[3,77,668,376],"offset":[0,0],"originalSize":[668,376]}},{"__type__":"cc.SpriteFrame","content":{"name":"_0001_title","texture":"aeQf/v2d5GzL/fTdnhZUd6","rect":[3,813,506,58],"offset":[0,0],"originalSize":[506,58]}}]