[{"__type__":"cc.SpriteFrame","content":{"name":"_0003_diban","texture":"aeQf/v2d5GzL/fTdnhZUd6","rect":[780,1159,188,188],"offset":[0,0],"originalSize":[188,188],"capInsets":[50,40,50,40]}},{"__type__":"cc.SpriteFrame","content":{"name":"BigPanelBG","texture":"edbTbev+hCL6zKsAFEoqlh","rect":[356,110,100,70],"offset":[0,0],"originalSize":[100,70],"capInsets":[25,20,25,18]}},{"__type__":"cc.SpriteFrame","content":{"name":"_0011_back","texture":"aeQf/v2d5GzL/fTdnhZUd6","rect":[921,824,100,58],"offset":[0,0],"originalSize":[100,58]}},{"__type__":"cc.SpriteFrame","content":{"name":"default_btn_disabled","texture":"71VhFCTINJM6/Ky3oX9nBT","rect":[0,0,40,40],"offset":[0,0],"originalSize":[40,40],"capInsets":[15,7,15,9]}},{"__type__":"cc.SpriteFrame","content":{"name":"_0002_titletwo","texture":"aeQf/v2d5GzL/fTdnhZUd6","rect":[3,754,578,58],"offset":[0,0],"originalSize":[578,58]}},{"__type__":"cc.SpriteFrame","content":{"name":"TabPress1","texture":"edbTbev+hCL6zKsAFEoqlh","rect":[457,165,50,4],"offset":[0,0],"originalSize":[50,4],"capInsets":[10,1,10,1]}},{"__type__":"cc.SpriteFrame","content":{"name":"WeCBtnBG","texture":"edbTbev+hCL6zKsAFEoqlh","rect":[356,181,84,84],"offset":[0,0],"originalSize":[84,84],"capInsets":[25,25,25,25]}},{"__type__":"cc.SpriteFrame","content":{"name":"_0007_orangebutton","texture":"661XjWfv1BOayrl/asTWcd","rect":[823,89,176,74],"offset":[0,0],"originalSize":[176,74]}},{"__type__":"cc.SpriteFrame","content":{"name":"div1","texture":"edbTbev+hCL6zKsAFEoqlh","rect":[463,42,40,2],"offset":[0,0],"originalSize":[40,2],"capInsets":[5,0.5,5,0.5]}},[{"__type__":"cc.Prefab","_name":"RankUI","data":{"__id__":1},"asyncLoadAssets":false},{"__type__":"cc.Node","_name":"RankUI","_children":[{"__id__":2},{"__id__":3},{"__id__":26}],"_components":[{"__type__":"7af97Raw21OY4ajdpb/WlCw","node":{"__id__":1},"RankItemPrefab":{"__uuid__":"fdYxGPUTBGH7XTd6TyWo9t"},"ScrollViewContent":{"__id__":10},"MsgNode":{"__id__":16},"MsgContentLabel":{"__id__":22}},{"__type__":"cc.Widget","node":{"__id__":1},"_alignFlags":45,"_originalWidth":1334,"_originalHeight":750}],"_prefab":{"__type__":"cc.PrefabInfo","root":{"__id__":1},"asset":{"__uuid__":"523E8xSd5KnYWFScha+9Xq"},"fileId":"28SyS22jxCD4GT/Z8FhZEi"},"_contentSize":{"__type__":"cc.Size","width":1344,"height":750},"_position":{"__type__":"cc.Vec2","x":672,"y":375}},{"__type__":"cc.Node","_name":"Mask","_parent":{"__id__":1},"_components":[{"__type__":"cc.Sprite","node":{"__id__":2},"_spriteFrame":{"__uuid__":"a8YMZ/DIZLaLOo6yQIJaWu"},"_sizeMode":0},{"__type__":"cc.Widget","node":{"__id__":2},"_alignFlags":45,"_left":-10,"_right":-10,"_top":-10,"_bottom":-10,"_originalWidth":32,"_originalHeight":32},{"__type__":"cc.Button","node":{"__id__":2},"_N$target":{"__id__":2}}],"_prefab":{"__type__":"cc.PrefabInfo","root":{"__id__":1},"asset":{"__uuid__":"523E8xSd5KnYWFScha+9Xq"},"fileId":"38a85uTkdKzal73YHh57mI"},"_contentSize":{"__type__":"cc.Size","width":1364,"height":770}},{"__type__":"cc.Node","_name":"Content","_parent":{"__id__":1},"_children":[{"__id__":4},{"__id__":5},{"__id__":6},{"__id__":7},{"__id__":8},{"__id__":11},{"__id__":16}],"_components":[{"__type__":"cc.Widget","node":{"__id__":3},"_alignFlags":5,"_top":20,"_bottom":20,"_originalHeight":710},{"__type__":"cc.Sprite","node":{"__id__":3},"_spriteFrame":{"__uuid__":"1atJ2xj6hHYpLvk6P8W5Vi"},"_type":1,"_sizeMode":0}],"_prefab":{"__type__":"cc.PrefabInfo","root":{"__id__":1},"asset":{"__uuid__":"523E8xSd5KnYWFScha+9Xq"},"fileId":"b3UogHk+pHy5CnMxID1/9B"},"_contentSize":{"__type__":"cc.Size","width":1300,"height":710},"_position":{"__type__":"cc.Vec2","x":50}},{"__type__":"cc.Node","_name":"title","_parent":{"__id__":3},"_components":[{"__type__":"cc.Label","node":{"__id__":4},"_useOriginalSize":false,"_actualFontSize":36,"_fontSize":36,"_N$string":"战力排行","_N$horizontalAlign":1,"_N$verticalAlign":1}],"_prefab":{"__type__":"cc.PrefabInfo","root":{"__id__":1},"asset":{"__uuid__":"523E8xSd5KnYWFScha+9Xq"},"fileId":"dfYh2lQkJHhb+KwS+J91Lk"},"_color":{"__type__":"cc.Color","r":226,"g":179,"b":19},"_contentSize":{"__type__":"cc.Size","width":144,"height":40},"_rotationX":-90,"_rotationY":-90,"_position":{"__type__":"cc.Vec2","x":-583}},{"__type__":"cc.Node","_name":"TabLine1","_parent":{"__id__":3},"_components":[{"__type__":"cc.Sprite","node":{"__id__":5},"_spriteFrame":{"__uuid__":"34N820zJxMy4EqsyfDWrs4"},"_type":1,"_sizeMode":0},{"__type__":"cc.Widget","node":{"__id__":5},"_alignFlags":5,"_left":146,"_top":2.5,"_bottom":2.5,"_originalHeight":710}],"_prefab":{"__type__":"cc.PrefabInfo","root":{"__id__":1},"asset":{"__uuid__":"523E8xSd5KnYWFScha+9Xq"},"fileId":"a1G6zOfQFPBpy6K6GYgvXk"},"_contentSize":{"__type__":"cc.Size","width":4,"height":705},"_position":{"__type__":"cc.Vec2","x":-531}},{"__type__":"cc.Node","_name":"rankTitle","_parent":{"__id__":3},"_components":[{"__type__":"cc.Label","node":{"__id__":6},"_useOriginalSize":false,"_actualFontSize":28,"_fontSize":28,"_N$string":"战斗力排行榜","_N$horizontalAlign":1,"_N$verticalAlign":1}],"_prefab":{"__type__":"cc.PrefabInfo","root":{"__id__":1},"asset":{"__uuid__":"523E8xSd5KnYWFScha+9Xq"},"fileId":"e7x3YsrANGy4MK58AuzHk5"},"_color":{"__type__":"cc.Color","r":224,"g":180,"b":72},"_contentSize":{"__type__":"cc.Size","width":168,"height":40},"_rotationX":-90,"_rotationY":-90,"_position":{"__type__":"cc.Vec2","x":-470}},{"__type__":"cc.Node","_name":"div1","_parent":{"__id__":3},"_components":[{"__type__":"cc.Sprite","node":{"__id__":7},"_spriteFrame":{"__uuid__":"44yxX6BxVF8brvVjCRQNzN"},"_type":1,"_sizeMode":0},{"__type__":"cc.Widget","node":{"__id__":7},"_alignFlags":5,"_top":2.5,"_bottom":2.5,"_originalHeight":710}],"_prefab":{"__type__":"cc.PrefabInfo","root":{"__id__":1},"asset":{"__uuid__":"523E8xSd5KnYWFScha+9Xq"},"fileId":"8az9R6Uc5O6r3Hg1QzFSBz"},"_contentSize":{"__type__":"cc.Size","width":2,"height":705},"_position":{"__type__":"cc.Vec2","x":-420}},{"__type__":"cc.Node","_name":"QunRankList","_parent":{"__id__":3},"_children":[{"__id__":9}],"_components":[{"__type__":"cc.ScrollView","node":{"__id__":8},"content":{"__id__":10},"vertical":false,"brake":0.75,"bounceDuration":0.23,"_N$horizontalScrollBar":null,"_N$verticalScrollBar":null},{"__type__":"cc.Widget","node":{"__id__":8},"_alignFlags":5,"_originalHeight":710}],"_prefab":{"__type__":"cc.PrefabInfo","root":{"__id__":1},"asset":{"__uuid__":"523E8xSd5KnYWFScha+9Xq"},"fileId":"cfvfoEjkdAbpXFmUIt4ncW"},"_anchorPoint":{"__type__":"cc.Vec2","y":0.5},"_contentSize":{"__type__":"cc.Size","width":800,"height":710},"_position":{"__type__":"cc.Vec2","x":-420}},{"__type__":"cc.Node","_name":"view","_parent":{"__id__":8},"_children":[{"__id__":10}],"_components":[{"__type__":"cc.Mask","node":{"__id__":9}},{"__type__":"cc.Widget","node":{"__id__":9},"_alignFlags":5,"_originalHeight":710}],"_prefab":{"__type__":"cc.PrefabInfo","root":{"__id__":1},"asset":{"__uuid__":"523E8xSd5KnYWFScha+9Xq"},"fileId":"64SIAiR4ZD76hQj4+9F7UO"},"_anchorPoint":{"__type__":"cc.Vec2","y":0.5},"_contentSize":{"__type__":"cc.Size","width":800,"height":710}},{"__type__":"cc.Node","_name":"content","_parent":{"__id__":9},"_components":[{"__type__":"cc.Layout","node":{"__id__":10},"_layoutSize":{"__type__":"cc.Size","width":110,"height":710},"_resize":1,"_N$layoutType":1},{"__type__":"cc.Widget","node":{"__id__":10},"_alignFlags":5,"_originalHeight":710}],"_prefab":{"__type__":"cc.PrefabInfo","root":{"__id__":1},"asset":{"__uuid__":"523E8xSd5KnYWFScha+9Xq"},"fileId":"e5eCM7GmNEsogTsqwx08IG"},"_anchorPoint":{"__type__":"cc.Vec2","y":0.5},"_contentSize":{"__type__":"cc.Size","width":110,"height":710}},{"__type__":"cc.Node","_name":"BtnList","_parent":{"__id__":3},"_children":[{"__id__":12},{"__id__":14}],"_components":[{"__type__":"cc.Layout","node":{"__id__":11},"_layoutSize":{"__type__":"cc.Size","width":550},"_resize":1,"_N$layoutType":1,"_N$spacingX":50}],"_prefab":{"__type__":"cc.PrefabInfo","root":{"__id__":1},"asset":{"__uuid__":"523E8xSd5KnYWFScha+9Xq"},"fileId":"a0tLjekpFIf4eaprMDRdu9"},"_contentSize":{"__type__":"cc.Size","width":550},"_rotationX":-90,"_rotationY":-90,"_position":{"__type__":"cc.Vec2","x":520}},{"__type__":"cc.Node","_name":"EnterGame","_parent":{"__id__":11},"_children":[{"__id__":13}],"_components":[{"__type__":"cc.Sprite","node":{"__id__":12},"_spriteFrame":{"__uuid__":"343Zzijt1G7oPxa5HJq8DG"},"_type":1,"_sizeMode":0},{"__type__":"cc.Button","node":{"__id__":12},"pressedColor":{"__type__":"cc.Color","r":255,"g":255,"b":255},"pressedSprite":{"__uuid__":"e97GVMl6JHh5Ml5qEDdSGa"},"hoverSprite":{"__uuid__":"e97GVMl6JHh5Ml5qEDdSGa"},"clickEvents":[{"__type__":"cc.ClickEvent","target":{"__id__":1},"component":"RankUI","handler":"OnBtnReturn"}],"_N$normalColor":{"__type__":"cc.Color","r":255,"g":255,"b":255},"_N$disabledColor":{"__type__":"cc.Color","r":255,"g":255,"b":255},"_N$normalSprite":{"__uuid__":"343Zzijt1G7oPxa5HJq8DG"},"_N$disabledSprite":{"__uuid__":"29FYIk+N1GYaeWH/q1NxQO"},"_N$target":{"__id__":12}},{"__type__":"cc.Layout","node":{"__id__":12},"_layoutSize":{"__type__":"cc.Size","width":250,"height":81},"_resize":1,"_N$layoutType":2,"_N$paddingTop":18,"_N$paddingBottom":23}],"_prefab":{"__type__":"cc.PrefabInfo","root":{"__id__":1},"asset":{"__uuid__":"523E8xSd5KnYWFScha+9Xq"},"fileId":"9dmEwAduZDqL8A57IFQT9F"},"_contentSize":{"__type__":"cc.Size","width":250,"height":81},"_position":{"__type__":"cc.Vec2","x":-150}},{"__type__":"cc.Node","_name":"Label","_parent":{"__id__":12},"_components":[{"__type__":"cc.Label","node":{"__id__":13},"_useOriginalSize":false,"_actualFontSize":30,"_fontSize":30,"_N$string":"进入游戏","_N$horizontalAlign":1,"_N$verticalAlign":1}],"_prefab":{"__type__":"cc.PrefabInfo","root":{"__id__":1},"asset":{"__uuid__":"523E8xSd5KnYWFScha+9Xq"},"fileId":"e3d7oN1tJOAbDZpuLUl8zP"},"_color":{"__type__":"cc.Color","r":19,"g":19,"b":19},"_contentSize":{"__type__":"cc.Size","width":120,"height":40},"_position":{"__type__":"cc.Vec2","y":2.5}},{"__type__":"cc.Node","_name":"ShareBtn","_parent":{"__id__":11},"_children":[{"__id__":15}],"_components":[{"__type__":"cc.Sprite","node":{"__id__":14},"_spriteFrame":{"__uuid__":"343Zzijt1G7oPxa5HJq8DG"},"_type":1,"_sizeMode":0},{"__type__":"cc.Button","node":{"__id__":14},"pressedColor":{"__type__":"cc.Color","r":255,"g":255,"b":255},"pressedSprite":{"__uuid__":"e97GVMl6JHh5Ml5qEDdSGa"},"hoverSprite":{"__uuid__":"e97GVMl6JHh5Ml5qEDdSGa"},"clickEvents":[{"__type__":"cc.ClickEvent","target":{"__id__":1},"component":"RankUI","handler":"OnShareBtnClicked"}],"_N$normalColor":{"__type__":"cc.Color","r":255,"g":255,"b":255},"_N$disabledColor":{"__type__":"cc.Color","r":255,"g":255,"b":255},"_N$normalSprite":{"__uuid__":"343Zzijt1G7oPxa5HJq8DG"},"_N$disabledSprite":{"__uuid__":"29FYIk+N1GYaeWH/q1NxQO"},"_N$target":{"__id__":14}},{"__type__":"cc.Layout","node":{"__id__":14},"_layoutSize":{"__type__":"cc.Size","width":250,"height":81},"_resize":1,"_N$layoutType":2,"_N$paddingTop":18,"_N$paddingBottom":23}],"_prefab":{"__type__":"cc.PrefabInfo","root":{"__id__":1},"asset":{"__uuid__":"523E8xSd5KnYWFScha+9Xq"},"fileId":"9fLxiZmOFHQpntC0WEHMcl"},"_contentSize":{"__type__":"cc.Size","width":250,"height":81},"_position":{"__type__":"cc.Vec2","x":150}},{"__type__":"cc.Node","_name":"Label","_parent":{"__id__":14},"_components":[{"__type__":"cc.Label","node":{"__id__":15},"_useOriginalSize":false,"_actualFontSize":30,"_fontSize":30,"_N$string":"分享至其他群","_N$horizontalAlign":1,"_N$verticalAlign":1}],"_prefab":{"__type__":"cc.PrefabInfo","root":{"__id__":1},"asset":{"__uuid__":"523E8xSd5KnYWFScha+9Xq"},"fileId":"fbGWN6KGRGo4CnSi56koMd"},"_color":{"__type__":"cc.Color","r":19,"g":19,"b":19},"_contentSize":{"__type__":"cc.Size","width":180,"height":40},"_position":{"__type__":"cc.Vec2","y":2.5}},{"__type__":"cc.Node","_name":"CommonMsgBoxUI","_parent":{"__id__":3},"_children":[{"__id__":17},{"__id__":23}],"_active":false,"_prefab":{"__type__":"cc.PrefabInfo","root":{"__id__":1},"asset":{"__uuid__":"523E8xSd5KnYWFScha+9Xq"},"fileId":"e5HYHBLKhAWa7WsF6g6Umt"},"_contentSize":{"__type__":"cc.Size","width":700,"height":400},"_scaleX":0.9,"_scaleY":0.9,"_position":{"__type__":"cc.Vec2","y":-600}},{"__type__":"cc.Node","_name":"Bk2","_parent":{"__id__":16},"_children":[{"__id__":18},{"__id__":19},{"__id__":20},{"__id__":21}],"_components":[{"__type__":"cc.Sprite","node":{"__id__":17},"_spriteFrame":{"__uuid__":"05f4uDmUFIEYBRjc0VzC2a"},"_type":1,"_sizeMode":0}],"_prefab":{"__type__":"cc.PrefabInfo","root":{"__id__":1},"asset":{"__uuid__":"523E8xSd5KnYWFScha+9Xq"},"fileId":"f0lhilnFBPdKybN7ZdrgKH"},"_anchorPoint":{"__type__":"cc.Vec2","x":0.5,"y":1},"_contentSize":{"__type__":"cc.Size","width":690,"height":400},"_position":{"__type__":"cc.Vec2","x":4,"y":205}},{"__type__":"cc.Node","_name":"_0002_titletwo","_parent":{"__id__":17},"_components":[{"__type__":"cc.Sprite","node":{"__id__":18},"_spriteFrame":{"__uuid__":"30/J0ASWZE07VgyW9GICpv"},"_sizeMode":0}],"_prefab":{"__type__":"cc.PrefabInfo","root":{"__id__":1},"asset":{"__uuid__":"523E8xSd5KnYWFScha+9Xq"},"fileId":"5bprQfyqtEVp7pKCWHFxDz"},"_anchorPoint":{"__type__":"cc.Vec2","x":0.5,"y":1},"_contentSize":{"__type__":"cc.Size","width":680,"height":70},"_position":{"__type__":"cc.Vec2","y":2}},{"__type__":"cc.Node","_name":"_0001_title","_parent":{"__id__":17},"_components":[{"__type__":"cc.Sprite","node":{"__id__":19},"_spriteFrame":{"__uuid__":"c6N8GMjTJHU5feYrw+82Gx"},"_sizeMode":0}],"_prefab":{"__type__":"cc.PrefabInfo","root":{"__id__":1},"asset":{"__uuid__":"523E8xSd5KnYWFScha+9Xq"},"fileId":"fa2rEWAeRPHp3DuxvtPkPD"},"_anchorPoint":{"__type__":"cc.Vec2","x":0.5,"y":1},"_contentSize":{"__type__":"cc.Size","width":600,"height":62},"_position":{"__type__":"cc.Vec2","x":-40,"y":-14.4}},{"__type__":"cc.Node","_name":"Title","_parent":{"__id__":17},"_components":[{"__type__":"cc.Label","node":{"__id__":20},"_useOriginalSize":false,"_actualFontSize":22,"_fontSize":22,"_N$string":"提示","_N$horizontalAlign":1,"_N$verticalAlign":1}],"_prefab":{"__type__":"cc.PrefabInfo","root":{"__id__":1},"asset":{"__uuid__":"523E8xSd5KnYWFScha+9Xq"},"fileId":"3d9TcGr89EDb3vShw+u/7r"},"_color":{"__type__":"cc.Color","r":115,"g":59,"b":36},"_contentSize":{"__type__":"cc.Size","width":44,"height":40},"_position":{"__type__":"cc.Vec2","y":-45}},{"__type__":"cc.Node","_name":"Content","_parent":{"__id__":17},"_components":[{"__id__":22}],"_prefab":{"__type__":"cc.PrefabInfo","root":{"__id__":1},"asset":{"__uuid__":"523E8xSd5KnYWFScha+9Xq"},"fileId":"42g3TJpptKOpcb5JTVTuih"},"_color":{"__type__":"cc.Color","r":115,"g":59,"b":36},"_contentSize":{"__type__":"cc.Size","width":600,"height":180},"_position":{"__type__":"cc.Vec2","x":1,"y":-171}},{"__type__":"cc.Label","node":{"__id__":21},"_useOriginalSize":false,"_actualFontSize":22,"_fontSize":22,"_N$string":"","_N$horizontalAlign":1,"_N$verticalAlign":1,"_N$overflow":2},{"__type__":"cc.Node","_name":"BtnList","_parent":{"__id__":16},"_children":[{"__id__":24}],"_components":[{"__type__":"cc.Layout","node":{"__id__":23},"_layoutSize":{"__type__":"cc.Size","width":216,"height":200},"_resize":1,"_N$layoutType":1,"_N$paddingLeft":20,"_N$paddingRight":20,"_N$spacingX":10}],"_prefab":{"__type__":"cc.PrefabInfo","root":{"__id__":1},"asset":{"__uuid__":"523E8xSd5KnYWFScha+9Xq"},"fileId":"b6fUbKfWVNloMI2nxTG4nz"},"_contentSize":{"__type__":"cc.Size","width":216,"height":200}},{"__type__":"cc.Node","_name":"SureBtn","_parent":{"__id__":23},"_children":[{"__id__":25}],"_components":[{"__type__":"cc.Sprite","node":{"__id__":24},"_spriteFrame":{"__uuid__":"39KPZzUXNForAFpo8GD/Wn"},"_type":1,"_sizeMode":0},{"__type__":"cc.Button","node":{"__id__":24},"clickEvents":[{"__type__":"cc.ClickEvent","target":{"__id__":1},"component":"RankUI","handler":"HideMsgBox"}],"_N$target":{"__id__":24}},{"__type__":"583e37tDMZOyrHYOPD8BB3O","node":{"__id__":24},"pressedScale":1.2,"transDuration":0.1},{"__type__":"cc.Layout","node":{"__id__":24},"_layoutSize":{"__type__":"cc.Size","width":176,"height":80},"_resize":1,"_N$layoutType":1,"_N$paddingLeft":60,"_N$paddingRight":60,"_N$spacingX":30}],"_prefab":{"__type__":"cc.PrefabInfo","root":{"__id__":1},"asset":{"__uuid__":"523E8xSd5KnYWFScha+9Xq"},"fileId":"6daU1ciuJPf4Y/QWqWRoSD"},"_contentSize":{"__type__":"cc.Size","width":176,"height":80},"_position":{"__type__":"cc.Vec2","y":-120}},{"__type__":"cc.Node","_name":"New Label","_parent":{"__id__":24},"_components":[{"__type__":"cc.Label","node":{"__id__":25},"_useOriginalSize":false,"_actualFontSize":28,"_fontSize":28,"_N$string":"确定","_N$horizontalAlign":1,"_N$verticalAlign":1}],"_prefab":{"__type__":"cc.PrefabInfo","root":{"__id__":1},"asset":{"__uuid__":"523E8xSd5KnYWFScha+9Xq"},"fileId":"daVIL6Uh1JUbLSPzAfJvPL"},"_color":{"__type__":"cc.Color"},"_contentSize":{"__type__":"cc.Size","width":56,"height":40},"_position":{"__type__":"cc.Vec2","y":5}},{"__type__":"cc.Node","_name":"_0011_back","_parent":{"__id__":1},"_components":[{"__type__":"cc.Sprite","node":{"__id__":26},"_spriteFrame":{"__uuid__":"220iHabAVM0o5fC/dX8u1H"}},{"__type__":"cc.Widget","node":{"__id__":26},"_alignFlags":12,"_left":-20,"_right":1177,"_top":675,"_bottom":23,"_originalHeight":58},{"__type__":"cc.Button","node":{"__id__":26},"clickEvents":[{"__type__":"cc.ClickEvent","target":{"__id__":1},"component":"RankUI","handler":"OnExitBackToWXBtnClicked"}],"_N$target":{"__id__":26}}],"_prefab":{"__type__":"cc.PrefabInfo","root":{"__id__":1},"asset":{"__uuid__":"523E8xSd5KnYWFScha+9Xq"},"fileId":"d7zpjYjEZJP5sw8NYdH7QQ"},"_contentSize":{"__type__":"cc.Size","width":100,"height":58},"_rotationX":-90,"_rotationY":-90,"_position":{"__type__":"cc.Vec2","x":-642,"y":-323}}],{"__type__":"cc.SpriteFrame","content":{"name":"_0008_bgmohu","texture":"5f2BaCmQ1CnYPuCD1/rLg9","rect":[3,77,668,376],"offset":[0,0],"originalSize":[668,376]}},{"__type__":"cc.SpriteFrame","content":{"name":"_0001_title","texture":"aeQf/v2d5GzL/fTdnhZUd6","rect":[3,813,506,58],"offset":[0,0],"originalSize":[506,58]}},{"__type__":"cc.SpriteFrame","content":{"name":"default_btn_pressed","texture":"b4P/PCArtIdIH38t6mlw8Y","rect":[0,0,40,40],"offset":[0,0],"originalSize":[40,40],"capInsets":[11,11,11,7]}}]