{"__type__":"cc.AnimationClip","_name":"Player_die","_duration":5.03,"sample":30,"curveData":{"paths":{"wu":{"props":{"opacity":[{"frame":0,"value":0},{"frame":0.8333333333333334,"value":220},{"frame":2.433333333333333,"value":200},{"frame":3.1333333333333333,"value":0}],"x":[{"frame":0,"value":17.1},{"frame":0.8333333333333334,"value":17.1},{"frame":2.8333333333333335,"value":17.1}],"y":[{"frame":0,"value":-0.5},{"frame":0.8333333333333334,"value":6.5},{"frame":2.8333333333333335,"value":20.1}],"scaleX":[{"frame":0,"value":0.42},{"frame":0.8333333333333334,"value":0.57},{"frame":2.8333333333333335,"value":0.77}],"scaleY":[{"frame":0,"value":0.42},{"frame":0.8333333333333334,"value":0.57},{"frame":2.8333333333333335,"value":0.77}],"color":[{"frame":0.8333333333333334,"value":{"__type__":"cc.Color","r":133,"g":124,"b":122}}]}},"wu1":{"props":{"scaleX":[{"frame":0.8333333333333334,"value":0.36},{"frame":4.233333333333333,"value":0.51}],"scaleY":[{"frame":0.8333333333333334,"value":0.36},{"frame":4.233333333333333,"value":0.51}],"y":[{"frame":0.8333333333333334,"value":9.8},{"frame":2.2333333333333334,"value":17.4},{"frame":4.233333333333333,"value":26.1}],"x":[{"frame":0.8333333333333334,"value":-16.9},{"frame":2.2333333333333334,"value":-16.9},{"frame":4.233333333333333,"value":-16.9}],"color":[{"frame":2.2333333333333334,"value":{"__type__":"cc.Color","r":134,"g":128,"b":128}}],"opacity":[{"frame":0.8333333333333334,"value":0},{"frame":1.5,"value":230},{"frame":1.5333333333333334,"value":220},{"frame":2.2333333333333334,"value":223},{"frame":3.3,"value":230},{"frame":4.233333333333333,"value":0}]}},"wu3":{"props":{"scaleX":[{"frame":1.6666666666666667,"value":0.44},{"frame":1.7,"value":0.32},{"frame":3.1333333333333333,"value":0.37},{"frame":5,"value":0.55},{"frame":5.033333333333333,"value":0.39}],"scaleY":[{"frame":1.6666666666666667,"value":0.44},{"frame":1.7,"value":0.32},{"frame":3.1333333333333333,"value":0.37},{"frame":5,"value":0.55},{"frame":5.033333333333333,"value":0.39}],"x":[{"frame":1.7,"value":5.4},{"frame":3.1333333333333333,"value":4},{"frame":5,"value":4.3},{"frame":5.033333333333333,"value":4}],"y":[{"frame":1.7,"value":-10.8},{"frame":3.1333333333333333,"value":-15},{"frame":5,"value":-20.6},{"frame":5.033333333333333,"value":-17}],"color":[{"frame":3.1333333333333333,"value":{"__type__":"cc.Color","r":136,"g":131,"b":131}}],"opacity":[{"frame":1.7,"value":0},{"frame":2.4,"value":160},{"frame":3.1333333333333333,"value":189},{"frame":3.9,"value":220},{"frame":5,"value":0}]}},"New Sprite":{"props":{"opacity":[{"frame":4.433333333333334,"value":255},{"frame":5.033333333333333,"value":0}]}}}},"events":[{"frame":0.5333333333333333,"func":"","params":[]}]}