{"SubTexture":[{"frameX":-11,"frameHeight":150,"y":221,"frameY":-11,"frameWidth":150,"width":128,"height":128,"name":"bomb02","x":342},{"width":32,"y":416,"height":40,"name":"bomb02_mouth","x":464},{"width":62,"y":351,"height":63,"name":"shaihong","x":405},{"frameX":-1,"frameHeight":19,"y":458,"frameY":-1,"frameWidth":34,"width":30,"height":16,"name":"bomb02_eye","x":464},{"width":370,"y":1,"height":218,"name":"cloud","x":1},{"width":150,"y":221,"height":161,"name":"bomb2","x":190},{"frameX":0,"frameHeight":219,"y":221,"frameY":-1,"frameWidth":191,"width":187,"height":218,"name":"bomb01","x":1},{"frameX":-6,"frameHeight":73,"y":351,"frameY":0,"frameWidth":72,"width":61,"height":69,"name":"bomb01_eye","x":342},{"frameX":0,"frameHeight":59,"y":416,"frameY":-6,"frameWidth":60,"width":57,"height":52,"name":"bomb01_mouth","x":405}],"width":512,"height":512,"name":"bomb_mini_anim","imagePath":"bomb_mini_anim_tex.png"}