{"frameRate":24,"armature":[{"ik":[],"defaultActions":[{"gotoAndPlay":"bomb_mini_anim"}],"type":"Armature","frameRate":24,"skin":[{"slot":[{"display":[],"name":"bomb02_eye"},{"display":[{"path":"bomb02_eye","type":"image","name":"bomb02_eye","transform":{"skY":-11.9095,"y":1.8328,"skX":-11.9095,"x":0.8846}}],"name":"bomb02_eye1"},{"display":[{"type":"image","name":"shaihong","transform":{"y":5.3536,"x":-2.3627}}],"name":"shaihong1"},{"display":[{"path":"bomb01","type":"image","name":"bomb01","transform":{"y":-33.0665,"x":-14.5665}}],"name":"bomb01"},{"display":[{"path":"bomb02","type":"image","name":"bomb02","transform":{"skY":-17.3811,"y":32.4836,"scX":0.9,"scY":0.9,"skX":-17.3811,"x":1.8024}}],"name":"bomb02"},{"display":[{"path":"bomb02_mouth","type":"image","name":"bomb02_mouth","transform":{"skY":-14.3227,"y":13.5143,"skX":-14.3227,"x":-0.7552}}],"name":"bomb02_mouth"},{"display":[{"type":"image","name":"bomb01_eye","transform":{"skY":-71.7266,"y":-10.079,"scX":-1,"skX":-71.7266,"x":-0.9672}}],"name":"bomb01_eye1"},{"display":[{"path":"cloud","type":"image","name":"cloud","transform":{"y":10.6708,"x":-16.0544}}],"name":"cloud"},{"display":[{"path":"bomb2","type":"image","name":"bomb2","transform":{"skY":16.6735,"y":8.1071,"skX":16.6735,"x":-3.5812}}],"name":"bomb2"},{"display":[{"type":"image","name":"bomb02_eye","transform":{"skY":-11.8884,"y":2.1292,"skX":-11.8884,"x":1.6387}}],"name":"bomb02_eye11"},{"display":[{"path":"shaihong","type":"image","name":"shaihong","transform":{"y":6.2201,"x":-0.1336}}],"name":"shaihong"},{"display":[{"path":"bomb01_mouth","type":"image","name":"bomb01_mouth","transform":{"skY":-5.9598,"y":3.3109,"skX":-5.9598,"x":1.3357}}],"name":"bomb01_mouth"},{"display":[{"path":"bomb01_eye","type":"image","name":"bomb01_eye","transform":{"y":-3.1169,"x":-10.0332}}],"name":"bomb01_eye"}],"name":""}],"aabb":{"width":370,"y":-156.52155264985998,"height":276.19234767742853,"x":-201.05437287340948},"animation":[{"playTimes":0,"frame":[],"slot":[],"duration":100,"name":"bomb_mini_anim","bone":[{"frame":[{"duration":100,"transform":{}}],"name":"root"},{"frame":[{"transform":{},"curve":[0,0,0.5,1],"duration":40},{"transform":{"y":-17.0571,"x":-13.1209},"curve":[0,0,0.5,1],"duration":60},{"duration":0,"transform":{}}],"name":"bomb01"},{"frame":[{"transform":{},"curve":[0,0,0.5048780487804878,0.9064039408866995],"duration":50},{"transform":{"scX":1.1,"scY":1.1},"curve":[0,0,0.5,1],"duration":50},{"duration":0,"transform":{}}],"name":"bomb01_eye"},{"frame":[{"transform":{},"curve":[0,0,0.5,1],"duration":50},{"transform":{"scX":1.1,"scY":1.1},"curve":[0,0,0.5,1],"duration":50},{"duration":0,"transform":{}}],"name":"bomb01_eye1"},{"frame":[{"transform":{},"curve":[0.48536585365853663,0.14285714285714285,1,1],"duration":50},{"transform":{"scX":0.9,"scY":0.9},"curve":[0.5,0,1,1],"duration":50},{"duration":0,"transform":{}}],"name":"bomb01_mouth"},{"frame":[{"transform":{},"curve":[0,0,0.4707317073170732,0.7931034482758621],"duration":47},{"transform":{"y":-11.1527,"x":7.8725},"curve":[0,0,0.5,1],"duration":53},{"duration":0,"transform":{}}],"name":"bomb2"},{"frame":[{"transform":{},"curve":[0,0,0.5,1],"duration":55},{"transform":{"y":-3.4342},"curve":[0,0,0.5,1],"duration":45},{"duration":0,"transform":{}}],"name":"bomb02_eye11"},{"frame":[{"transform":{},"curve":[0,0,0.5,1],"duration":55},{"transform":{"y":-3.4342},"curve":[0,0,0.5,1],"duration":45},{"duration":0,"transform":{}}],"name":"bomb02_eye1"},{"frame":[{"transform":{},"curve":[0,0,0.5,1],"duration":55},{"transform":{"y":-3.4342},"curve":[0,0,0.5,1],"duration":45},{"duration":0,"transform":{}}],"name":"bomb02_eye12"},{"frame":[{"transform":{},"curve":[0,0,0.5,1],"duration":55},{"transform":{"y":-3.4342},"curve":[0,0,0.5,1],"duration":45},{"duration":0,"transform":{}}],"name":"bomb02_eye111"},{"frame":[{"duration":100,"transform":{}}],"name":"bomb02_mouth"},{"frame":[{"transform":{},"curve":[0,0,0.5,1],"duration":51},{"transform":{"y":-4.121},"curve":[0,0,0.5,1],"duration":49},{"duration":0,"transform":{}}],"name":"shaihong1"}],"ffd":[]}],"slot":[{"color":{},"name":"bomb02","parent":"shaihong1"},{"z":1,"color":{},"name":"bomb02_mouth","parent":"bomb02_mouth"},{"z":2,"color":{},"name":"shaihong","parent":"bomb02_eye12"},{"z":3,"color":{},"name":"shaihong1","parent":"bomb02_eye111"},{"z":4,"color":{},"name":"bomb02_eye1","parent":"bomb02_eye1"},{"z":5,"color":{},"name":"bomb02_eye11","parent":"bomb02_eye11"},{"z":6,"color":{},"name":"cloud","parent":"root"},{"z":7,"color":{},"name":"bomb2","parent":"bomb2"},{"z":8,"color":{},"name":"bomb01","parent":"bomb01"},{"z":9,"color":{},"name":"bomb01_eye","parent":"bomb01_eye"},{"z":10,"color":{},"name":"bomb02_eye","parent":"root","displayIndex":-1},{"z":11,"color":{},"name":"bomb01_eye1","parent":"bomb01_eye1"},{"z":12,"color":{},"name":"bomb01_mouth","parent":"bomb01_mouth"}],"name":"Armature","bone":[{"name":"root","transform":{}},{"transform":{"y":-114.0052,"x":0.7789},"name":"shaihong1","parent":"root"},{"transform":{"y":-2.1052,"x":52.2789},"name":"bomb2","parent":"root"},{"transform":{"y":15.7948,"x":-65.8211},"name":"bomb01","parent":"root"},{"transform":{"y":8.3,"x":-40.45},"name":"bomb01_eye1","parent":"bomb01"},{"transform":{"y":-37.2,"x":25.3},"name":"bomb01_eye","parent":"bomb01"},{"transform":{"y":31.25,"x":21.6},"name":"bomb01_mouth","parent":"bomb01"},{"transform":{"y":11.7,"x":27.6},"name":"bomb02_eye11","parent":"shaihong1"},{"transform":{"y":9.4,"x":-20.65},"name":"bomb02_eye1","parent":"shaihong1"},{"transform":{"y":20.45,"x":-24.3},"name":"bomb02_eye12","parent":"shaihong1"},{"transform":{"y":23.65,"x":28.1},"name":"bomb02_eye111","parent":"shaihong1"},{"transform":{"y":32.4,"x":1.4},"name":"bomb02_mouth","parent":"shaihong1"}]}],"isGlobal":0,"name":"bomb_mini_anim","version":"4.5"}