{
	"description": "项目配置文件。",
	"setting": {
		"urlCheck": true,
		"es6": true,
		"postcss": true,
		"minified": true,
		"newFeature": false
	},
	"compileType": "game",
	"libVersion": "game",
	"appid": "wx731c89475c67150d",
	"projectname": "GDMJ",
	"miniprogramRoot": "./",
	"condition": {
		"search": {
			"current": -1,
			"list": []
		},
		"conversation": {
			"current": -1,
			"list": []
		},
		"game": {
			"list": [],
			"current": -1
		},
		"miniprogram": {
			"current": -1,
			"list": []
		}
	}
}