{"__type__":"cc.AnimationClip","_name":"fire","_duration":0.35,"curveData":{"paths":{"New Sprite":{"props":{"scaleX":[{"frame":0,"value":0.5},{"frame":0.05,"value":1},{"frame":0.18333333333333332,"value":1.2}],"scaleY":[{"frame":0,"value":0.5},{"frame":0.05,"value":1},{"frame":0.18333333333333332,"value":1.2}],"color":[{"frame":0,"value":{"__type__":"cc.Color","r":255,"g":255,"b":255}},{"frame":0.05,"value":{"__type__":"cc.Color","r":255,"g":255,"b":255}},{"frame":0.18333333333333332,"value":{"__type__":"cc.Color","r":255,"g":255,"b":255}}],"position":[{"frame":0,"value":[57.5,-3],"motionPath":[]},{"frame":0.13333333333333333,"value":[68.3,10.6],"motionPath":[]},{"frame":0.2833333333333333,"value":[78.4,16],"motionPath":[]},{"frame":0.35,"value":[94,9.2],"motionPath":[]}]}}}}}