{"__type__":"cc.AnimationClip","_name":"dianjifankui","_duration":0.35,"curveData":{"paths":{"gh":{"props":{"scaleX":[{"frame":0,"value":1},{"frame":0.16666666666666666,"value":2.75},{"frame":0.35,"value":3.25}],"scaleY":[{"frame":0,"value":1},{"frame":0.16666666666666666,"value":2.75},{"frame":0.35,"value":3.25}],"opacity":[{"frame":0,"value":100},{"frame":0.35,"value":0}]}},"gh2":{"props":{"scaleX":[{"frame":0,"value":0.75},{"frame":0.16666666666666666,"value":2.25},{"frame":0.25,"value":2.5}],"scaleY":[{"frame":0,"value":0.75},{"frame":0.16666666666666666,"value":2.25},{"frame":0.25,"value":2.5}],"opacity":[{"frame":0,"value":255},{"frame":0.08333333333333333,"value":255},{"frame":0.25,"value":0}]}}},"props":{"opacity":[{"frame":0,"value":255}]}}}