{"__type__":"cc.AnimationClip","_name":"T_fire01","_duration":0.1,"sample":30,"wrapMode":0,"curveData":{"paths":{"sprite":{"comps":{"cc.Sprite":{}},"props":{"opacity":[{"frame":0,"value":100},{"frame":0.03333333333333333,"value":255},{"frame":0.1,"value":0}],"scaleX":[{"frame":0,"value":1.03},{"frame":0.03333333333333333,"value":1.53},{"frame":0.1,"value":1.77}],"scaleY":[{"frame":0,"value":1.03},{"frame":0.03333333333333333,"value":1.53},{"frame":0.1,"value":1.77}],"y":[{"frame":0,"value":51},{"frame":0.03333333333333333,"value":54},{"frame":0.1,"value":59}],"x":[{"frame":0.1,"value":-2}]}}}}}