{"__type__":"cc.AnimationClip","_name":"jiesu","_duration":2,"sample":30,"wrapMode":2,"curveData":{"props":{"scaleX":[{"frame":0,"value":0.09},{"frame":0.16666666666666666,"value":0.77},{"frame":0.3333333333333333,"value":0.93},{"frame":1,"value":1},{"frame":1.0333333333333334,"value":0.81},{"frame":1.1666666666666667,"value":1.19},{"frame":1.3333333333333333,"value":0.94},{"frame":2,"value":1}],"scaleY":[{"frame":0,"value":1.1},{"frame":0.16666666666666666,"value":1.15},{"frame":0.3333333333333333,"value":0.96},{"frame":1,"value":1},{"frame":1.0333333333333334,"value":0.1},{"frame":1.1666666666666667,"value":0.75},{"frame":1.3333333333333333,"value":0.94},{"frame":2,"value":1}],"opacity":[{"frame":0,"value":0},{"frame":0.3333333333333333,"value":255},{"frame":0.8333333333333334,"value":150},{"frame":1,"value":0},{"frame":1.0333333333333334,"value":0},{"frame":1.3333333333333333,"value":255},{"frame":1.8333333333333333,"value":150},{"frame":2,"value":0}],"rotation":[{"frame":0,"value":0},{"frame":1,"value":0},{"frame":1.0333333333333334,"value":90}]}}}