[{"__type__":"cc.SpriteAtlas","_name":"ActivityPic.plist","_spriteFrames":{"conglindazuozhan":{"__uuid__":"ddzIkuorpAJpcED3J7FzkO"},"conglindazuozhanlargeditu":{"__uuid__":"efvQfByiVL26gkNLsfpItt"},"fengkuangtiaotiaole":{"__uuid__":"53g+hCJ8VEy5asEDN/5z/N"},"fengkuangtiaotiaoleditu":{"__uuid__":"e4E2aZaJNOTIiKIdVBPGQx"}}},{"__type__":"cc.SpriteFrame","content":{"name":"fengkuangtiaotiaole","texture":"e68xQT675HKZfvEA4kSknm","rect":[3,562,318,68],"offset":[0,0],"originalSize":[318,68]}},{"__type__":"cc.SpriteFrame","content":{"name":"conglindazuozhan","texture":"e68xQT675HKZfvEA4kSknm","rect":[3,631,312,68],"offset":[0,0],"originalSize":[312,68]}},{"__type__":"cc.SpriteFrame","content":{"name":"fengkuangtiaotiaoleditu","texture":"e68xQT675HKZfvEA4kSknm","rect":[3,3,416,558],"offset":[0,0],"originalSize":[416,558]}},{"__type__":"cc.SpriteFrame","content":{"name":"conglindazuozhanlargeditu","texture":"e68xQT675HKZfvEA4kSknm","rect":[420,3,416,558],"offset":[0,0],"originalSize":[416,558]}}]