[{"__type__":"cc.SpriteFrame","content":{"name":"huixue","texture":"20wkx7r05LO5L2PvQg5zW3","rect":[271,697,56,58],"offset":[0,0],"originalSize":[56,58]}},{"__type__":"cc.AnimationClip","_name":"huixue","_duration":0.8333333333333334,"wrapMode":2,"curveData":{"paths":{"star":{"comps":{"cc.Sprite":{"spriteFrame":[{"frame":0,"value":{"__uuid__":"28eTXyPotANZ/txC23gdha"}}]}},"props":{"scaleX":[{"frame":0,"value":1},{"frame":0.4166666666666667,"value":0.925},{"frame":0.8333333333333334,"value":1}],"scaleY":[{"frame":0,"value":1},{"frame":0.4166666666666667,"value":0.925},{"frame":0.8333333333333334,"value":1}]}},"quan":{"props":{"scaleX":[{"frame":0,"value":1},{"frame":0.4166666666666667,"value":0.95},{"frame":0.8333333333333334,"value":1}],"scaleY":[{"frame":0,"value":1},{"frame":0.4166666666666667,"value":0.95},{"frame":0.8333333333333334,"value":1}]}}}}}]