[{"__type__":"cc.SpriteFrame","content":{"name":"CG_tank_lvdai02","texture":"25Si/Ki+hMlqF2yaosCl7I","rect":[1153,752,98,79],"offset":[0,0],"originalSize":[98,79]}},{"__type__":"cc.SpriteFrame","content":{"name":"CG_tank_lvdai01","texture":"25Si/Ki+hMlqF2yaosCl7I","rect":[1153,649,142,102],"offset":[0,0],"originalSize":[142,102]}},{"__type__":"cc.SpriteFrame","content":{"name":"CG_huan_01","texture":"25Si/Ki+hMlqF2yaosCl7I","rect":[712,423,440,440],"offset":[0,0],"originalSize":[440,440]}},{"__type__":"cc.SpriteFrame","content":{"name":"CG_tank_lvdai04","texture":"0c0Po/48ROEpzcz7uf6jDS","rect":[977,3,31,9],"offset":[0,0],"originalSize":[31,9]}},{"__type__":"cc.SpriteFrame","content":{"name":"CG_Logo","texture":"25Si/Ki+hMlqF2yaosCl7I","rect":[1453,3,568,291],"offset":[0,0],"originalSize":[568,291]}},{"__type__":"cc.SpriteFrame","content":{"name":"shareBG","texture":"5f2BaCmQ1CnYPuCD1/rLg9","rect":[672,94,346,194],"offset":[0,0],"originalSize":[346,194]}},{"__type__":"cc.SpriteFrame","content":{"name":"_0011_back","texture":"aeQf/v2d5GzL/fTdnhZUd6","rect":[921,824,100,58],"offset":[0,0],"originalSize":[100,58]}},{"__type__":"cc.SpriteFrame","content":{"name":"default_btn_disabled","texture":"71VhFCTINJM6/Ky3oX9nBT","rect":[0,0,40,40],"offset":[0,0],"originalSize":[40,40],"capInsets":[15,7,15,9]}},{"__type__":"cc.SpriteFrame","content":{"name":"CG_tank_shenti","texture":"25Si/Ki+hMlqF2yaosCl7I","rect":[1153,423,174,102],"offset":[0,0],"originalSize":[174,102]}},{"__type__":"cc.SpriteFrame","content":{"name":"glow1","texture":"20wkx7r05LO5L2PvQg5zW3","rect":[958,138,62,62],"offset":[0,0],"originalSize":[64,64]}},{"__type__":"cc.SpriteFrame","content":{"name":"CG_huan_02","texture":"25Si/Ki+hMlqF2yaosCl7I","rect":[3,445,432,510],"offset":[0,0],"originalSize":[432,510]}},{"__type__":"cc.SpriteFrame","content":{"name":"shareLabel","texture":"5f2BaCmQ1CnYPuCD1/rLg9","rect":[3,3,806,54],"offset":[0,0],"originalSize":[806,54]}},[{"__type__":"cc.Prefab","_name":"shareUI","data":{"__id__":1},"asyncLoadAssets":false},{"__type__":"cc.Node","_name":"shareUI","_children":[{"__id__":2},{"__id__":38},{"__id__":39},{"__id__":40}],"_components":[{"__type__":"cc.Widget","node":{"__id__":1},"_alignFlags":45},{"__type__":"cc.Sprite","node":{"__id__":1},"_spriteFrame":{"__uuid__":"12AnlJItdPKbbLZ8KswJ/b"},"_sizeMode":0},{"__type__":"30fadyBBMJMoKtkJvlDf3HI","node":{"__id__":1},"goBackBtn":{"__id__":40}}],"_prefab":{"__type__":"cc.PrefabInfo","root":{"__id__":1},"asset":{"__uuid__":"5d6ABYbAJOd5F9uVe+MpfC"},"fileId":"d1LuOnGjhEpYdQNQzxh4CQ"},"_contentSize":{"__type__":"cc.Size","width":1344,"height":750},"_position":{"__type__":"cc.Vec2","x":672,"y":375}},{"__type__":"cc.Node","_name":"N_Logo_All","_parent":{"__id__":1},"_children":[{"__id__":3},{"__id__":10},{"__id__":31}],"_components":[{"__type__":"cc.Widget","node":{"__id__":2},"_alignFlags":1,"_left":667,"_right":667,"_top":35,"_bottom":375}],"_prefab":{"__type__":"cc.PrefabInfo","root":{"__id__":1},"asset":{"__uuid__":"5d6ABYbAJOd5F9uVe+MpfC"},"fileId":"93xA2vt35PPL7yH8ra83I/"},"_contentSize":{"__type__":"cc.Size","width":600,"height":700},"_position":{"__type__":"cc.Vec2","x":-250,"y":-10}},{"__type__":"cc.Node","_name":"N_Logo_qiu_G","_parent":{"__id__":2},"_children":[{"__id__":4}],"_prefab":{"__type__":"cc.PrefabInfo","root":{"__id__":1},"asset":{"__uuid__":"5d6ABYbAJOd5F9uVe+MpfC"},"fileId":"fcpjqo9T1KWaP89OHkBSL1"},"_position":{"__type__":"cc.Vec2","y":80}},{"__type__":"cc.Node","_name":"N_Logo_qiu_Ani","_parent":{"__id__":3},"_children":[{"__id__":5},{"__id__":9}],"_prefab":{"__type__":"cc.PrefabInfo","root":{"__id__":1},"asset":{"__uuid__":"5d6ABYbAJOd5F9uVe+MpfC"},"fileId":"07cf+KRchJ+p8RUhaDmfpt"}},{"__type__":"cc.Node","_name":"qiu_g","_parent":{"__id__":4},"_children":[{"__id__":6},{"__id__":7},{"__id__":8}],"_prefab":{"__type__":"cc.PrefabInfo","root":{"__id__":1},"asset":{"__uuid__":"5d6ABYbAJOd5F9uVe+MpfC"},"fileId":"b5k15Tuw9GR4nAGa1wFTUC"},"_position":{"__type__":"cc.Vec2","y":-5}},{"__type__":"cc.Node","_name":"qiu","_parent":{"__id__":5},"_components":[{"__type__":"cc.Sprite","node":{"__id__":6},"_spriteFrame":{"__uuid__":"96wtBNuAZPvLxppqo6JjuN"}}],"_prefab":{"__type__":"cc.PrefabInfo","root":{"__id__":1},"asset":{"__uuid__":"5d6ABYbAJOd5F9uVe+MpfC"},"fileId":"65vWiUm6dN14U+6r0Yk7Dt"},"_contentSize":{"__type__":"cc.Size","width":416,"height":416}},{"__type__":"cc.Node","_name":"waihuan","_parent":{"__id__":5},"_components":[{"__type__":"cc.Sprite","node":{"__id__":7},"_spriteFrame":{"__uuid__":"51qbbfTchNcKvh7Z/daNm9"}}],"_prefab":{"__type__":"cc.PrefabInfo","root":{"__id__":1},"asset":{"__uuid__":"5d6ABYbAJOd5F9uVe+MpfC"},"fileId":"8fO6kN0hNOiKgA0dwO1fIv"},"_anchorPoint":{"__type__":"cc.Vec2","x":0.66,"y":0.44},"_contentSize":{"__type__":"cc.Size","width":432,"height":510}},{"__type__":"cc.Node","_name":"neihuan","_parent":{"__id__":5},"_components":[{"__type__":"cc.Sprite","node":{"__id__":8},"_spriteFrame":{"__uuid__":"09GUfeVYNMJIrVBDb4hl5G"}}],"_prefab":{"__type__":"cc.PrefabInfo","root":{"__id__":1},"asset":{"__uuid__":"5d6ABYbAJOd5F9uVe+MpfC"},"fileId":"23cQNCIlNNU6ZwYVdLZA84"},"_contentSize":{"__type__":"cc.Size","width":440,"height":440}},{"__type__":"cc.Node","_name":"touying","_parent":{"__id__":4},"_components":[{"__type__":"cc.Sprite","node":{"__id__":9},"_spriteFrame":{"__uuid__":"b67iCQV+lLdZnJNC6vXdq6"}}],"_prefab":{"__type__":"cc.PrefabInfo","root":{"__id__":1},"asset":{"__uuid__":"5d6ABYbAJOd5F9uVe+MpfC"},"fileId":"b4LicIK69EVYdnPRBMsFLf"},"_contentSize":{"__type__":"cc.Size","width":618,"height":86},"_position":{"__type__":"cc.Vec2","y":-280}},{"__type__":"cc.Node","_name":"N_Logo_tank_G","_parent":{"__id__":2},"_children":[{"__id__":11},{"__id__":16}],"_prefab":{"__type__":"cc.PrefabInfo","root":{"__id__":1},"asset":{"__uuid__":"5d6ABYbAJOd5F9uVe+MpfC"},"fileId":"59zHIYzxFIALwrGEhs8kYw"},"_position":{"__type__":"cc.Vec2","x":133,"y":143}},{"__type__":"cc.Node","_name":"Yan_G","_parent":{"__id__":10},"_children":[{"__id__":12},{"__id__":13},{"__id__":14},{"__id__":15}],"_prefab":{"__type__":"cc.PrefabInfo","root":{"__id__":1},"asset":{"__uuid__":"5d6ABYbAJOd5F9uVe+MpfC"},"fileId":"11K2tM2nxO6IyS6ZtCjjDN"}},{"__type__":"cc.Node","_name":"yan_01","_parent":{"__id__":11},"_components":[{"__type__":"cc.Sprite","node":{"__id__":12},"_spriteFrame":{"__uuid__":"79w8FR3rZBcJ9MIicho6dx"}}],"_prefab":{"__type__":"cc.PrefabInfo","root":{"__id__":1},"asset":{"__uuid__":"5d6ABYbAJOd5F9uVe+MpfC"},"fileId":"6e9mSt425EG6TUz+3MufZ+"},"_contentSize":{"__type__":"cc.Size","width":64,"height":62}},{"__type__":"cc.Node","_name":"yan_02","_parent":{"__id__":11},"_components":[{"__type__":"cc.Sprite","node":{"__id__":13},"_spriteFrame":{"__uuid__":"79w8FR3rZBcJ9MIicho6dx"}}],"_prefab":{"__type__":"cc.PrefabInfo","root":{"__id__":1},"asset":{"__uuid__":"5d6ABYbAJOd5F9uVe+MpfC"},"fileId":"bdzcqZbW1HC6PHbQsWgHFb"},"_contentSize":{"__type__":"cc.Size","width":64,"height":62}},{"__type__":"cc.Node","_name":"yan_03","_parent":{"__id__":11},"_components":[{"__type__":"cc.Sprite","node":{"__id__":14},"_spriteFrame":{"__uuid__":"79w8FR3rZBcJ9MIicho6dx"}}],"_prefab":{"__type__":"cc.PrefabInfo","root":{"__id__":1},"asset":{"__uuid__":"5d6ABYbAJOd5F9uVe+MpfC"},"fileId":"0cXV33EXpFOLVusoxVkUDH"},"_contentSize":{"__type__":"cc.Size","width":64,"height":62}},{"__type__":"cc.Node","_name":"yan_04","_parent":{"__id__":11},"_components":[{"__type__":"cc.Sprite","node":{"__id__":15},"_spriteFrame":{"__uuid__":"79w8FR3rZBcJ9MIicho6dx"}}],"_prefab":{"__type__":"cc.PrefabInfo","root":{"__id__":1},"asset":{"__uuid__":"5d6ABYbAJOd5F9uVe+MpfC"},"fileId":"08cfEq5GJN3ZeURtHsUMvr"},"_contentSize":{"__type__":"cc.Size","width":64,"height":62}},{"__type__":"cc.Node","_name":"N_Logo_tank_Ani","_parent":{"__id__":10},"_children":[{"__id__":17},{"__id__":19},{"__id__":24},{"__id__":25}],"_prefab":{"__type__":"cc.PrefabInfo","root":{"__id__":1},"asset":{"__uuid__":"5d6ABYbAJOd5F9uVe+MpfC"},"fileId":"df2uPPsuRK8a2IBpFV0Rp9"}},{"__type__":"cc.Node","_name":"N_Logo_tanke_shang","_parent":{"__id__":16},"_children":[{"__id__":18}],"_components":[{"__type__":"cc.Sprite","node":{"__id__":17},"_spriteFrame":{"__uuid__":"76ZjsPB21C94rrF4e6VF0t"}}],"_prefab":{"__type__":"cc.PrefabInfo","root":{"__id__":1},"asset":{"__uuid__":"5d6ABYbAJOd5F9uVe+MpfC"},"fileId":"36K6ajWaZNtIhyWcAfA4Ax"},"_contentSize":{"__type__":"cc.Size","width":157,"height":63},"_scaleX":1.009472000000853,"_scaleY":0.990527999999147,"_position":{"__type__":"cc.Vec2","x":6.7,"y":30}},{"__type__":"cc.Node","_name":"N_Logo_tanke_pao","_parent":{"__id__":17},"_components":[{"__type__":"cc.Sprite","node":{"__id__":18},"_spriteFrame":{"__uuid__":"d4o4j7yRFC/bDifhJn3Vw5"}}],"_prefab":{"__type__":"cc.PrefabInfo","root":{"__id__":1},"asset":{"__uuid__":"5d6ABYbAJOd5F9uVe+MpfC"},"fileId":"48yQ+Pmk9KTq0ygqBMHnIu"},"_contentSize":{"__type__":"cc.Size","width":126,"height":95},"_position":{"__type__":"cc.Vec2","x":76.5,"y":38.9}},{"__type__":"cc.Node","_name":"N_Logo_tanke_lvdaiR01","_parent":{"__id__":16},"_children":[{"__id__":20},{"__id__":21},{"__id__":22},{"__id__":23}],"_components":[{"__type__":"cc.Sprite","node":{"__id__":19},"_spriteFrame":{"__uuid__":"00hLKVYNhBkK9m5TYUvR+u"}}],"_prefab":{"__type__":"cc.PrefabInfo","root":{"__id__":1},"asset":{"__uuid__":"5d6ABYbAJOd5F9uVe+MpfC"},"fileId":"f8wgW141NPg6OTyFX1PGlI"},"_contentSize":{"__type__":"cc.Size","width":98,"height":79},"_position":{"__type__":"cc.Vec2","x":93,"y":-37}},{"__type__":"cc.Node","_name":"N_Logo_tanke_lvdaiR02","_parent":{"__id__":19},"_components":[{"__type__":"cc.Sprite","node":{"__id__":20},"_spriteFrame":{"__uuid__":"69PEqjLM9IS4tu/qpaezfd"}}],"_prefab":{"__type__":"cc.PrefabInfo","root":{"__id__":1},"asset":{"__uuid__":"5d6ABYbAJOd5F9uVe+MpfC"},"fileId":"0f8fO52iZDpKV+ZbOde87O"},"_contentSize":{"__type__":"cc.Size","width":20,"height":8},"_rotationX":0.7104000000639799,"_rotationY":0.7104000000639799,"_position":{"__type__":"cc.Vec2","x":24.457129795707363,"y":3.941146122227531}},{"__type__":"cc.Node","_name":"N_Logo_tanke_lvdaiR03","_parent":{"__id__":19},"_components":[{"__type__":"cc.Sprite","node":{"__id__":21},"_spriteFrame":{"__uuid__":"69PEqjLM9IS4tu/qpaezfd"}}],"_prefab":{"__type__":"cc.PrefabInfo","root":{"__id__":1},"asset":{"__uuid__":"5d6ABYbAJOd5F9uVe+MpfC"},"fileId":"1fR2ADyoVCUoMdbpiOCRW/"},"_contentSize":{"__type__":"cc.Size","width":20,"height":8},"_rotationX":0.8743384616172061,"_rotationY":0.8743384616172061,"_position":{"__type__":"cc.Vec2","x":19.45673806424205,"y":-2.629940645389141}},{"__type__":"cc.Node","_name":"N_Logo_tanke_lvdaiR04","_parent":{"__id__":19},"_components":[{"__type__":"cc.Sprite","node":{"__id__":22},"_spriteFrame":{"__uuid__":"69PEqjLM9IS4tu/qpaezfd"}}],"_prefab":{"__type__":"cc.PrefabInfo","root":{"__id__":1},"asset":{"__uuid__":"5d6ABYbAJOd5F9uVe+MpfC"},"fileId":"c8PJ+3SSxJVIq+K/vC0QbZ"},"_contentSize":{"__type__":"cc.Size","width":20,"height":8},"_rotationX":1.9597241381075305,"_rotationY":1.9597241381075305,"_position":{"__type__":"cc.Vec2","x":13.373151999736404,"y":-9.117536000181703}},{"__type__":"cc.Node","_name":"N_Logo_tanke_lvdaiR05","_parent":{"__id__":19},"_components":[{"__type__":"cc.Sprite","node":{"__id__":23},"_spriteFrame":{"__uuid__":"69PEqjLM9IS4tu/qpaezfd"}}],"_prefab":{"__type__":"cc.PrefabInfo","root":{"__id__":1},"asset":{"__uuid__":"5d6ABYbAJOd5F9uVe+MpfC"},"fileId":"685HIShhlCA6/+TWDAh8a0"},"_contentSize":{"__type__":"cc.Size","width":20,"height":8},"_rotationX":3.1573333336176876,"_rotationY":3.1573333336176876,"_scaleY":0.28959999993602004,"_position":{"__type__":"cc.Vec2","x":2.576959999673703,"y":-16.999520000243127}},{"__type__":"cc.Node","_name":"N_Logo_tanke_shengti","_parent":{"__id__":16},"_components":[{"__type__":"cc.Sprite","node":{"__id__":24},"_spriteFrame":{"__uuid__":"43Yc80R3xNN4RgdBLMbuZh"}}],"_prefab":{"__type__":"cc.PrefabInfo","root":{"__id__":1},"asset":{"__uuid__":"5d6ABYbAJOd5F9uVe+MpfC"},"fileId":"1fkkuiy2pL7pM93OHEeNV2"},"_contentSize":{"__type__":"cc.Size","width":174,"height":102},"_position":{"__type__":"cc.Vec2","x":14,"y":-26.64167272724946}},{"__type__":"cc.Node","_name":"N_Logo_tanke_lvdaiL01","_parent":{"__id__":16},"_children":[{"__id__":26},{"__id__":27},{"__id__":28},{"__id__":29},{"__id__":30}],"_components":[{"__type__":"cc.Sprite","node":{"__id__":25},"_spriteFrame":{"__uuid__":"06PljV0jxEa6+Orl9g8MAp"}}],"_prefab":{"__type__":"cc.PrefabInfo","root":{"__id__":1},"asset":{"__uuid__":"5d6ABYbAJOd5F9uVe+MpfC"},"fileId":"0aJu6FAoVOIab1BntjUes0"},"_contentSize":{"__type__":"cc.Size","width":142,"height":102},"_position":{"__type__":"cc.Vec2","x":-43,"y":-27.52080000012796}},{"__type__":"cc.Node","_name":"N_Logo_tanke_lvdaiL02","_parent":{"__id__":25},"_components":[{"__type__":"cc.Sprite","node":{"__id__":26},"_spriteFrame":{"__uuid__":"0dD8KNXqBB4JrNqRqhZcGC"}}],"_prefab":{"__type__":"cc.PrefabInfo","root":{"__id__":1},"asset":{"__uuid__":"5d6ABYbAJOd5F9uVe+MpfC"},"fileId":"99OBDvgZNI7ZD5yw4jKW+l"},"_contentSize":{"__type__":"cc.Size","width":31,"height":9},"_rotationX":1.0723018868890262,"_rotationY":1.0723018868890262,"_scaleY":0.8907076922978493,"_position":{"__type__":"cc.Vec2","x":46.50626285701733,"y":1.6923885710946576}},{"__type__":"cc.Node","_name":"N_Logo_tanke_lvdaiL03","_parent":{"__id__":25},"_components":[{"__type__":"cc.Sprite","node":{"__id__":27},"_spriteFrame":{"__uuid__":"0dD8KNXqBB4JrNqRqhZcGC"}}],"_prefab":{"__type__":"cc.PrefabInfo","root":{"__id__":1},"asset":{"__uuid__":"5d6ABYbAJOd5F9uVe+MpfC"},"fileId":"104RTP0dNKMLQMy5f0BRed"},"_contentSize":{"__type__":"cc.Size","width":31,"height":9},"_rotationX":0.8118857143588342,"_rotationY":0.8118857143588342,"_scaleX":0.81,"_scaleY":0.6977221463313515,"_position":{"__type__":"cc.Vec2","x":47.375359999817654,"y":-7.323040000326298}},{"__type__":"cc.Node","_name":"N_Logo_tanke_lvdaiL04","_parent":{"__id__":25},"_components":[{"__type__":"cc.Sprite","node":{"__id__":28},"_spriteFrame":{"__uuid__":"0dD8KNXqBB4JrNqRqhZcGC"}}],"_prefab":{"__type__":"cc.PrefabInfo","root":{"__id__":1},"asset":{"__uuid__":"5d6ABYbAJOd5F9uVe+MpfC"},"fileId":"fbeb74Ll5KFIs3e5C3DGHa"},"_contentSize":{"__type__":"cc.Size","width":31,"height":9},"_rotationX":1.7221818183369209,"_rotationY":1.7221818183369209,"_position":{"__type__":"cc.Vec2","x":42.12671999979526,"y":-14.364045714597694}},{"__type__":"cc.Node","_name":"N_Logo_tanke_lvdaiL05","_parent":{"__id__":25},"_components":[{"__type__":"cc.Sprite","node":{"__id__":29},"_spriteFrame":{"__uuid__":"0dD8KNXqBB4JrNqRqhZcGC"}}],"_prefab":{"__type__":"cc.PrefabInfo","root":{"__id__":1},"asset":{"__uuid__":"5d6ABYbAJOd5F9uVe+MpfC"},"fileId":"0eynl6GeJBS6ASw94AjWXk"},"_contentSize":{"__type__":"cc.Size","width":31,"height":9},"_rotationX":3.5520000003198997,"_rotationY":3.5520000003198997,"_scaleY":0.28959999993602004,"_position":{"__type__":"cc.Vec2","x":33.40543999991043,"y":-29.1809600003135}},{"__type__":"cc.Node","_name":"N_Logo_tanke_lvdaiL06","_parent":{"__id__":25},"_components":[{"__type__":"cc.Sprite","node":{"__id__":30},"_spriteFrame":{"__uuid__":"0dD8KNXqBB4JrNqRqhZcGC"}}],"_prefab":{"__type__":"cc.PrefabInfo","root":{"__id__":1},"asset":{"__uuid__":"5d6ABYbAJOd5F9uVe+MpfC"},"fileId":"508FxHK69BU7wG3Pa7CvdQ"},"_contentSize":{"__type__":"cc.Size","width":31,"height":9},"_rotationX":2.1650285716235578,"_rotationY":2.1650285716235578,"_position":{"__type__":"cc.Vec2","x":38.68447999986351,"y":-21.288800000341226}},{"__type__":"cc.Node","_name":"N_Logo_logo_G","_parent":{"__id__":2},"_children":[{"__id__":32}],"_prefab":{"__type__":"cc.PrefabInfo","root":{"__id__":1},"asset":{"__uuid__":"5d6ABYbAJOd5F9uVe+MpfC"},"fileId":"25QXaCugNJIYVjBP27hu46"},"_position":{"__type__":"cc.Vec2","x":-14,"y":38}},{"__type__":"cc.Node","_name":"N_Logo_logo_Ani","_parent":{"__id__":31},"_children":[{"__id__":33},{"__id__":34},{"__id__":37}],"_prefab":{"__type__":"cc.PrefabInfo","root":{"__id__":1},"asset":{"__uuid__":"5d6ABYbAJOd5F9uVe+MpfC"},"fileId":"4frv3KjshG1LnSsRUnSKYM"}},{"__type__":"cc.Node","_name":"Logo_zhu_xuying","_parent":{"__id__":32},"_components":[{"__type__":"cc.Sprite","node":{"__id__":33},"_spriteFrame":{"__uuid__":"11JJ50aX5KW4y+nHqHo0VM"}}],"_prefab":{"__type__":"cc.PrefabInfo","root":{"__id__":1},"asset":{"__uuid__":"5d6ABYbAJOd5F9uVe+MpfC"},"fileId":"f5ig6+jLdPYYCwBo187Y7I"},"_opacity":81.60000000000001,"_contentSize":{"__type__":"cc.Size","width":568,"height":291}},{"__type__":"cc.Node","_name":"Logo_zhu","_parent":{"__id__":32},"_children":[{"__id__":35},{"__id__":36}],"_components":[{"__type__":"cc.Sprite","node":{"__id__":34},"_spriteFrame":{"__uuid__":"11JJ50aX5KW4y+nHqHo0VM"}}],"_prefab":{"__type__":"cc.PrefabInfo","root":{"__id__":1},"asset":{"__uuid__":"5d6ABYbAJOd5F9uVe+MpfC"},"fileId":"f8u34HwihBCrtpz/TqPbkf"},"_contentSize":{"__type__":"cc.Size","width":568,"height":291}},{"__type__":"cc.Node","_name":"weixin","_parent":{"__id__":34},"_components":[{"__type__":"cc.Sprite","node":{"__id__":35},"_spriteFrame":{"__uuid__":"f8At+RB41JBIdZPMFK3uDH"}}],"_prefab":{"__type__":"cc.PrefabInfo","root":{"__id__":1},"asset":{"__uuid__":"5d6ABYbAJOd5F9uVe+MpfC"},"fileId":"ac9g9aaHlLJakDmu5USJk5"},"_anchorPoint":{"__type__":"cc.Vec2","x":0.5,"y":0.75},"_contentSize":{"__type__":"cc.Size","width":249,"height":64},"_position":{"__type__":"cc.Vec2","x":96.8,"y":-104.7}},{"__type__":"cc.Node","_name":"gaoguang","_parent":{"__id__":34},"_components":[{"__type__":"cc.Sprite","node":{"__id__":36},"_spriteFrame":{"__uuid__":"f4S0MIPoRJHrvH0v7Kd9W4"},"_dstBlendFactor":1}],"_prefab":{"__type__":"cc.PrefabInfo","root":{"__id__":1},"asset":{"__uuid__":"5d6ABYbAJOd5F9uVe+MpfC"},"fileId":"8cdlyM+GdEm47f3awK0R84"},"_contentSize":{"__type__":"cc.Size","width":285,"height":82},"_position":{"__type__":"cc.Vec2","x":22.2,"y":19.4}},{"__type__":"cc.Node","_name":"guangxiao_02","_parent":{"__id__":32},"_components":[{"__type__":"cc.Sprite","node":{"__id__":37},"_spriteFrame":{"__uuid__":"43qfi+hJVNd4FdjRtQMoB4"},"_dstBlendFactor":1}],"_prefab":{"__type__":"cc.PrefabInfo","root":{"__id__":1},"asset":{"__uuid__":"5d6ABYbAJOd5F9uVe+MpfC"},"fileId":"027q826NJCrbOpvM4Uk6Dv"},"_opacity":0,"_contentSize":{"__type__":"cc.Size","width":62,"height":62}},{"__type__":"cc.Node","_name":"tips","_parent":{"__id__":1},"_components":[{"__type__":"cc.Sprite","node":{"__id__":38},"_spriteFrame":{"__uuid__":"5axnvFHj9F2IRG9XY2Vyi2"}},{"__type__":"cc.Widget","node":{"__id__":38},"_alignFlags":4,"_bottom":40}],"_prefab":{"__type__":"cc.PrefabInfo","root":{"__id__":1},"asset":{"__uuid__":"5d6ABYbAJOd5F9uVe+MpfC"},"fileId":"fcF8HoONVN+KO2VL85lccJ"},"_contentSize":{"__type__":"cc.Size","width":806,"height":54},"_position":{"__type__":"cc.Vec2","y":-308}},{"__type__":"cc.Node","_name":"QRCode","_parent":{"__id__":1},"_components":[{"__type__":"cc.Sprite","node":{"__id__":39},"_spriteFrame":{"__uuid__":"d4VZq1r8JFRbqy5NwOgJDp"}},{"__type__":"cc.Widget","node":{"__id__":39},"_alignFlags":1,"_top":90}],"_prefab":{"__type__":"cc.PrefabInfo","root":{"__id__":1},"asset":{"__uuid__":"5d6ABYbAJOd5F9uVe+MpfC"},"fileId":"83kDJgzZxDD4rUYJr/xj/7"},"_contentSize":{"__type__":"cc.Size","width":416,"height":416},"_position":{"__type__":"cc.Vec2","x":320,"y":77}},{"__type__":"cc.Node","_name":"GoBack","_parent":{"__id__":1},"_children":[{"__id__":41}],"_components":[{"__type__":"cc.Sprite","node":{"__id__":40},"_spriteFrame":{"__uuid__":"220iHabAVM0o5fC/dX8u1H"},"_type":1,"_sizeMode":0},{"__type__":"cc.Button","node":{"__id__":40},"transition":3,"pressedColor":{"__type__":"cc.Color","r":255,"g":255,"b":255},"pressedSprite":{"__uuid__":"e97GVMl6JHh5Ml5qEDdSGa"},"hoverSprite":{"__uuid__":"e97GVMl6JHh5Ml5qEDdSGa"},"clickEvents":[{"__type__":"cc.ClickEvent","target":{"__id__":1},"component":"ShareUI","handler":"onGoBack"}],"_N$normalColor":{"__type__":"cc.Color","r":255,"g":255,"b":255},"_N$disabledColor":{"__type__":"cc.Color","r":255,"g":255,"b":255},"_N$normalSprite":{"__uuid__":"220iHabAVM0o5fC/dX8u1H"},"_N$disabledSprite":{"__uuid__":"29FYIk+N1GYaeWH/q1NxQO"},"_N$target":{"__id__":40}},{"__type__":"cc.Widget","node":{"__id__":40},"_alignFlags":9}],"_prefab":{"__type__":"cc.PrefabInfo","root":{"__id__":1},"asset":{"__uuid__":"5d6ABYbAJOd5F9uVe+MpfC"},"fileId":"c61kghE2JIKLCW3emJSdSP"},"_contentSize":{"__type__":"cc.Size","width":100,"height":58},"_position":{"__type__":"cc.Vec2","x":-622,"y":346}},{"__type__":"cc.Node","_name":"Label","_parent":{"__id__":40},"_components":[{"__type__":"cc.Label","node":{"__id__":41},"_useOriginalSize":false,"_actualFontSize":20,"_fontSize":20,"_enableWrapText":false,"_N$string":"","_N$horizontalAlign":1,"_N$verticalAlign":1,"_N$overflow":1}],"_prefab":{"__type__":"cc.PrefabInfo","root":{"__id__":1},"asset":{"__uuid__":"5d6ABYbAJOd5F9uVe+MpfC"},"fileId":"43yioSTn9KgrtO/D1+1T3A"},"_color":{"__type__":"cc.Color"},"_contentSize":{"__type__":"cc.Size","width":100,"height":40}}],{"__type__":"cc.SpriteFrame","content":{"name":"CG_tank_lvdai03","texture":"0c0Po/48ROEpzcz7uf6jDS","rect":[977,44,20,8],"offset":[0,0],"originalSize":[20,8]}},{"__type__":"cc.SpriteFrame","content":{"name":"CG_tank_shang","texture":"25Si/Ki+hMlqF2yaosCl7I","rect":[1153,585,157,63],"offset":[0,0],"originalSize":[157,63]}},{"__type__":"cc.SpriteFrame","content":{"name":"shouji12","texture":"20wkx7r05LO5L2PvQg5zW3","rect":[190,961,64,62],"offset":[0,0],"originalSize":[64,64]}},{"__type__":"cc.SpriteFrame","content":{"name":"CG_qiu","texture":"25Si/Ki+hMlqF2yaosCl7I","rect":[1397,808,416,416],"offset":[0,0],"originalSize":[416,416]}},{"__type__":"cc.SpriteFrame","content":{"name":"CG_touying","texture":"25Si/Ki+hMlqF2yaosCl7I","rect":[774,336,618,86],"offset":[0,0],"originalSize":[618,86]}},{"__type__":"cc.SpriteFrame","content":{"name":"erweima","texture":"5f2BaCmQ1CnYPuCD1/rLg9","rect":[3,478,416,416],"offset":[0,0],"originalSize":[416,416]}},{"__type__":"cc.SpriteFrame","content":{"name":"CG_tank_pao","texture":"25Si/Ki+hMlqF2yaosCl7I","rect":[1311,629,126,95],"offset":[0,0],"originalSize":[126,95]}},{"__type__":"cc.SpriteFrame","content":{"name":"default_btn_pressed","texture":"b4P/PCArtIdIH38t6mlw8Y","rect":[0,0,40,40],"offset":[0,0],"originalSize":[40,40],"capInsets":[11,11,11,7]}},{"__type__":"cc.SpriteFrame","content":{"name":"CG_light01","texture":"5f2BaCmQ1CnYPuCD1/rLg9","rect":[465,876,285,82],"offset":[0,0],"originalSize":[285,82]}},{"__type__":"cc.SpriteFrame","content":{"name":"CG_weixin","texture":"25Si/Ki+hMlqF2yaosCl7I","rect":[462,376,249,64],"offset":[0,0],"originalSize":[249,64]}}]