[{"__type__":"cc.SpriteFrame","content":{"name":"Logo_xl13","texture":"92Sm5Njr5DmbN6OVcGgpwj","rect":[739,864,183,330],"offset":[-1,0],"originalSize":[185,330]}},{"__type__":"cc.SpriteFrame","content":{"name":"Logo_xl16","texture":"92Sm5Njr5DmbN6OVcGgpwj","rect":[187,163,183,330],"offset":[-1,0],"originalSize":[185,330]}},{"__type__":"cc.SpriteFrame","content":{"name":"Logo_xl03","texture":"92Sm5Njr5DmbN6OVcGgpwj","rect":[923,904,83,110],"offset":[-26,-110],"originalSize":[185,330]}},{"__type__":"cc.SpriteFrame","content":{"name":"Logo_xl07","texture":"92Sm5Njr5DmbN6OVcGgpwj","rect":[3,825,183,270],"offset":[-1,-30],"originalSize":[185,330]}},{"__type__":"cc.SpriteFrame","content":{"name":"tittleTWO","texture":"92Sm5Njr5DmbN6OVcGgpwj","rect":[3,3,578,58],"offset":[0,0],"originalSize":[578,58]}},{"__type__":"cc.SpriteFrame","content":{"name":"singleColor","texture":"92Sm5Njr5DmbN6OVcGgpwj","rect":[813,167,32,32],"offset":[0,0],"originalSize":[32,32]}},{"__type__":"cc.SpriteFrame","content":{"name":"Logo_xl09","texture":"92Sm5Njr5DmbN6OVcGgpwj","rect":[555,867,183,330],"offset":[-1,0],"originalSize":[185,330]}},{"__type__":"cc.SpriteFrame","content":{"name":"Logo_xl19","texture":"92Sm5Njr5DmbN6OVcGgpwj","rect":[581,205,183,330],"offset":[-1,0],"originalSize":[185,330]}},{"__type__":"cc.SpriteAtlas","_name":"LQLogoUI.plist","_spriteFrames":{"Logo_banquan":{"__uuid__":"cdxTw3jq1NpLa9CnTwwYGs"},"Logo_gong":{"__uuid__":"c1G9YBJMNGuIywZXiZ59iS"},"Logo_guangzi":{"__uuid__":"d6SSR/8VlE8oVx+wIwY68U"},"Logo_qiu":{"__uuid__":"673Ir5cqlAkbPzE3jhpC/V"},"Logo_qun":{"__uuid__":"dalGBogtRD66Gtu4hcf+C/"},"Logo_shi":{"__uuid__":"a6TUjy2khCXr2IKOSQQSO5"},"Logo_xl01":{"__uuid__":"a8zAxEgb9Gh6m7kXiIGkKu"},"Logo_xl02":{"__uuid__":"e4j1t8bpFB24ntENtf7tLC"},"Logo_xl03":{"__uuid__":"06+y5vdLhFzYhxo3Gs1y7N"},"Logo_xl04":{"__uuid__":"f8JdKme9hNM4Y3n+sr9Xtw"},"Logo_xl05":{"__uuid__":"79an+7fK5LHIOdxyepyd2A"},"Logo_xl06":{"__uuid__":"fcC8zyA2lJDLxBMjdXmRFd"},"Logo_xl07":{"__uuid__":"12eOc3JMRKG4T1oPovugfo"},"Logo_xl08":{"__uuid__":"d8fjqzIABLe57zD5jf2jbU"},"Logo_xl09":{"__uuid__":"43nXnYXj5I1o02NGVXYLcb"},"Logo_xl10":{"__uuid__":"ed2lOOOUhLBYyFUSkVkQoT"},"Logo_xl11":{"__uuid__":"a0iD6rlxhLa6nwViQ9zW02"},"Logo_xl12":{"__uuid__":"68M1G+gnJJU7jjZgE9TaB/"},"Logo_xl13":{"__uuid__":"02fAe+C6BHj5WO4GATB8G0"},"Logo_xl14":{"__uuid__":"c0NsS5k0dBS62JFPvEz4po"},"Logo_xl15":{"__uuid__":"6aPEAJQLhAVLQR5lZIzrTG"},"Logo_xl16":{"__uuid__":"03IIcbOlBLhbSIkwwg/AVS"},"Logo_xl17":{"__uuid__":"acUxu7Oz9Icrxxv4KDXhBp"},"Logo_xl18":{"__uuid__":"e19Pv/qc5IDLDhnmY5zHSL"},"Logo_xl19":{"__uuid__":"58XAwJdwxBg52Swssw1CR+"},"Logo_xl20":{"__uuid__":"c6y9yn/qxO8o4ZefX9Pm6X"},"Logo_yingwen":{"__uuid__":"d2lhGbMHZIHoqxSR6Lac9B"},"Logo_zuo":{"__uuid__":"e3kLoWhoJAfpT+5l1qUAlx"},"btn":{"__uuid__":"a8NSY3gJRDUbYx1a+PPEtk"},"diban":{"__uuid__":"e8Ype96LhE/I42VKm4Z/X8"},"singleColor":{"__uuid__":"22P39XottLqYfnK9ODyxEn"},"title":{"__uuid__":"85ZCLxUiBAl7E2FJvCL3Lm"},"tittleTWO":{"__uuid__":"15FsH88o1MubjEHEmzFZJp"}}},{"__type__":"cc.SpriteFrame","content":{"name":"Logo_qiu","texture":"92Sm5Njr5DmbN6OVcGgpwj","rect":[814,122,25,25],"offset":[0,0],"originalSize":[25,25]}},{"__type__":"cc.SpriteFrame","content":{"name":"Logo_xl12","texture":"92Sm5Njr5DmbN6OVcGgpwj","rect":[3,494,183,330],"offset":[-1,0],"originalSize":[185,330]}},{"__type__":"cc.SpriteFrame","content":{"name":"Logo_xl15","texture":"92Sm5Njr5DmbN6OVcGgpwj","rect":[371,280,183,330],"offset":[-1,0],"originalSize":[185,330]}},{"__type__":"cc.SpriteFrame","content":{"name":"Logo_xl05","texture":"92Sm5Njr5DmbN6OVcGgpwj","rect":[846,3,163,198],"offset":[-11,-66],"originalSize":[185,330]}},{"__type__":"cc.SpriteFrame","content":{"name":"title","texture":"92Sm5Njr5DmbN6OVcGgpwj","rect":[3,62,506,58],"offset":[0,0],"originalSize":[506,58]}},{"__type__":"cc.SpriteFrame","content":{"name":"Logo_xl11","texture":"92Sm5Njr5DmbN6OVcGgpwj","rect":[187,494,183,330],"offset":[-1,0],"originalSize":[185,330]}},{"__type__":"cc.SpriteFrame","content":{"name":"Logo_shi","texture":"92Sm5Njr5DmbN6OVcGgpwj","rect":[510,62,40,41],"offset":[0,0],"originalSize":[42,41]}},{"__type__":"cc.SpriteFrame","content":{"name":"btn","texture":"92Sm5Njr5DmbN6OVcGgpwj","rect":[371,942,176,74],"offset":[0,0],"originalSize":[176,74]}},{"__type__":"cc.SpriteFrame","content":{"name":"Logo_xl01","texture":"92Sm5Njr5DmbN6OVcGgpwj","rect":[814,89,29,32],"offset":[-53,-149],"originalSize":[185,330]}},{"__type__":"cc.SpriteFrame","content":{"name":"Logo_xl17","texture":"92Sm5Njr5DmbN6OVcGgpwj","rect":[3,163,183,330],"offset":[-1,0],"originalSize":[185,330]}},{"__type__":"cc.SpriteFrame","content":{"name":"Logo_xl14","texture":"92Sm5Njr5DmbN6OVcGgpwj","rect":[555,536,183,330],"offset":[-1,0],"originalSize":[185,330]}},{"__type__":"cc.SpriteFrame","content":{"name":"Logo_gong","texture":"92Sm5Njr5DmbN6OVcGgpwj","rect":[771,131,42,35],"offset":[0,-1],"originalSize":[42,41]}},{"__type__":"cc.SpriteFrame","content":{"name":"Logo_xl20","texture":"92Sm5Njr5DmbN6OVcGgpwj","rect":[813,202,183,330],"offset":[-1,0],"originalSize":[185,330]}},{"__type__":"cc.SpriteFrame","content":{"name":"Logo_banquan","texture":"92Sm5Njr5DmbN6OVcGgpwj","rect":[3,121,443,41],"offset":[0,0],"originalSize":[445,45]}},{"__type__":"cc.SpriteFrame","content":{"name":"Logo_yingwen","texture":"92Sm5Njr5DmbN6OVcGgpwj","rect":[582,3,263,12],"offset":[0,0],"originalSize":[263,12]}},{"__type__":"cc.SpriteFrame","content":{"name":"Logo_guangzi","texture":"92Sm5Njr5DmbN6OVcGgpwj","rect":[923,864,84,39],"offset":[0,0],"originalSize":[84,41]}},{"__type__":"cc.SpriteFrame","content":{"name":"Logo_xl08","texture":"92Sm5Njr5DmbN6OVcGgpwj","rect":[739,1195,183,304],"offset":[-1,-13],"originalSize":[185,330]}},{"__type__":"cc.SpriteFrame","content":{"name":"Logo_qun","texture":"92Sm5Njr5DmbN6OVcGgpwj","rect":[771,89,42,41],"offset":[0,0],"originalSize":[42,41]}},{"__type__":"cc.SpriteFrame","content":{"name":"Logo_xl18","texture":"92Sm5Njr5DmbN6OVcGgpwj","rect":[765,533,183,330],"offset":[-1,0],"originalSize":[185,330]}},{"__type__":"cc.SpriteFrame","content":{"name":"Logo_zuo","texture":"92Sm5Njr5DmbN6OVcGgpwj","rect":[771,167,41,41],"offset":[0,0],"originalSize":[43,41]}},{"__type__":"cc.SpriteFrame","content":{"name":"Logo_xl02","texture":"92Sm5Njr5DmbN6OVcGgpwj","rect":[771,16,57,72],"offset":[-40,-129],"originalSize":[185,330]}},{"__type__":"cc.SpriteFrame","content":{"name":"diban","texture":"92Sm5Njr5DmbN6OVcGgpwj","rect":[582,16,188,188],"offset":[0,0],"originalSize":[188,188],"capInsets":[71,30,65,54]}},{"__type__":"cc.SpriteFrame","content":{"name":"Logo_xl10","texture":"92Sm5Njr5DmbN6OVcGgpwj","rect":[371,611,183,330],"offset":[-1,0],"originalSize":[185,330]}},{"__type__":"cc.SpriteFrame","content":{"name":"Logo_xl04","texture":"92Sm5Njr5DmbN6OVcGgpwj","rect":[447,121,133,158],"offset":[-24,-86],"originalSize":[185,330]}},{"__type__":"cc.SpriteFrame","content":{"name":"Logo_xl06","texture":"92Sm5Njr5DmbN6OVcGgpwj","rect":[187,825,183,236],"offset":[-1,-47],"originalSize":[185,330]}}]