[[{"__type__":"cc.Prefab","_name":"BulletIconUI","data":{"__id__":1},"asyncLoadAssets":false},{"__type__":"cc.Node","_name":"BulletIconUI","_children":[{"__id__":2}],"_components":[{"__type__":"cc.Sprite","node":{"__id__":1},"_spriteFrame":{"__uuid__":"eaEh7SdT9HQpNjDRUrFEaC"},"_sizeMode":2,"_isTrimmedMode":false},{"__type__":"5cf89WkMaBOzo5W3WuWIVUR","node":{"__id__":1},"ValueSprite":{"__id__":3}}],"_prefab":{"__type__":"cc.PrefabInfo","root":{"__id__":1},"asset":{"__uuid__":"35SV/f7CpFLaGlubMl3UNR"},"fileId":"17rTbbRvtIm4eqEHoJjqbw"},"_contentSize":{"__type__":"cc.Size","width":26,"height":32}},{"__type__":"cc.Node","_name":"Value","_parent":{"__id__":1},"_components":[{"__id__":3}],"_prefab":{"__type__":"cc.PrefabInfo","root":{"__id__":1},"asset":{"__uuid__":"35SV/f7CpFLaGlubMl3UNR"},"fileId":"69X5Fo5JNPmaR9AX1vuHqI"},"_contentSize":{"__type__":"cc.Size","width":26,"height":32}},{"__type__":"cc.Sprite","node":{"__id__":2},"_spriteFrame":{"__uuid__":"695c8S8o5IcrYO1yAUUd+M"},"_type":3,"_sizeMode":2,"_fillType":1,"_fillRange":1,"_isTrimmedMode":false}],{"__type__":"cc.SpriteFrame","content":{"name":"_0018_zidanjianbian","texture":"20wkx7r05LO5L2PvQg5zW3","rect":[307,369,26,32],"offset":[0,0],"originalSize":[26,32]}},{"__type__":"cc.SpriteFrame","content":{"name":"_0019_zidanditu","texture":"20wkx7r05LO5L2PvQg5zW3","rect":[309,265,24,32],"offset":[0,0],"originalSize":[26,32]}}]