[{"__type__":"cc.SpriteFrame","content":{"name":"BrickBg","texture":"96v2cfPGRMrK08a9XaXlj/","rect":[3,206,202,202],"offset":[0,0],"originalSize":[202,202]}},[{"__type__":"cc.Prefab","_name":"GroundPrefab","data":{"__id__":1},"asyncLoadAssets":false},{"__type__":"cc.Node","_name":"GroundPrefab","_children":[{"__id__":2}],"_components":[{"__type__":"7ff54edPXdNMqP43DZE7iFT","node":{"__id__":1},"SpAtlas":{"__uuid__":"0dybIr3kNFYrJo5LVNQ/d2"},"EntityType":2,"Stripes":{"__id__":3}}],"_prefab":{"__type__":"cc.PrefabInfo","root":{"__id__":1},"asset":{"__uuid__":"37VAFayMhOa6Gl1thO83Zg"},"fileId":"ea6rnKfrVOvIh3ChWPr5NO"},"_anchorPoint":{"__type__":"cc.Vec2"},"_contentSize":{"__type__":"cc.Size","width":200,"height":200}},{"__type__":"cc.Node","_name":"Stripes1","_parent":{"__id__":1},"_components":[{"__id__":3}],"_prefab":{"__type__":"cc.PrefabInfo","root":{"__id__":1},"asset":{"__uuid__":"37VAFayMhOa6Gl1thO83Zg"},"fileId":"bbcsg2T6VAcLg2qQr66ZXY"},"_anchorPoint":{"__type__":"cc.Vec2"},"_contentSize":{"__type__":"cc.Size","width":200,"height":200}},{"__type__":"cc.Sprite","node":{"__id__":2},"_spriteFrame":{"__uuid__":"306+cqs2NOn70ktNyE8JqX"},"_type":2,"_sizeMode":0,"_isTrimmedMode":false}]]