[{"__type__":"cc.SpriteFrame","content":{"name":"_0003_diban","texture":"aeQf/v2d5GzL/fTdnhZUd6","rect":[780,1159,188,188],"offset":[0,0],"originalSize":[188,188],"capInsets":[50,40,50,40]}},{"__type__":"cc.SpriteFrame","content":{"name":"default_btn_disabled","texture":"71VhFCTINJM6/Ky3oX9nBT","rect":[0,0,40,40],"offset":[0,0],"originalSize":[40,40],"capInsets":[15,7,15,9]}},{"__type__":"cc.SpriteFrame","content":{"name":"_0002_titletwo","texture":"aeQf/v2d5GzL/fTdnhZUd6","rect":[3,754,578,58],"offset":[0,0],"originalSize":[578,58]}},{"__type__":"cc.SpriteFrame","content":{"name":"_0007_orangebutton","texture":"661XjWfv1BOayrl/asTWcd","rect":[823,89,176,74],"offset":[0,0],"originalSize":[176,74]}},[{"__type__":"cc.Prefab","_name":"CommonMsgBoxUI","data":{"__id__":1},"asyncLoadAssets":false},{"__type__":"cc.Node","_name":"CommonMsgBoxUI","_children":[{"__id__":2},{"__id__":3},{"__id__":9}],"_components":[{"__type__":"cc.Widget","node":{"__id__":1},"isAlignOnce":false,"_alignFlags":45},{"__type__":"08238Ni0mNE66YBGjLScHbJ","node":{"__id__":1},"ContentLabel":{"__id__":8},"ConfirmBtn":{"__id__":15},"CancelBtn":{"__id__":12}}],"_prefab":{"__type__":"cc.PrefabInfo","root":{"__id__":1},"asset":{"__uuid__":"4b1nhcNw5CDKDV1PEQhROt"},"fileId":"e5HYHBLKhAWa7WsF6g6Umt"},"_contentSize":{"__type__":"cc.Size","width":1334,"height":750},"_position":{"__type__":"cc.Vec2","x":667,"y":375}},{"__type__":"cc.Node","_name":"Mask","_parent":{"__id__":1},"_components":[{"__type__":"cc.Button","node":{"__id__":2},"pressedColor":{"__type__":"cc.Color","r":255,"g":255,"b":255},"pressedSprite":{"__uuid__":"e97GVMl6JHh5Ml5qEDdSGa"},"hoverSprite":{"__uuid__":"e97GVMl6JHh5Ml5qEDdSGa"},"_N$normalColor":{"__type__":"cc.Color","r":255,"g":255,"b":255},"_N$disabledColor":{"__type__":"cc.Color","r":255,"g":255,"b":255},"_N$normalSprite":{"__uuid__":"f0BIwQ8D5Ml7nTNQbh1YlS"},"_N$disabledSprite":{"__uuid__":"29FYIk+N1GYaeWH/q1NxQO"},"_N$target":{"__id__":2}},{"__type__":"cc.Widget","node":{"__id__":2},"_alignFlags":45,"_originalWidth":100,"_originalHeight":40}],"_prefab":{"__type__":"cc.PrefabInfo","root":{"__id__":1},"asset":{"__uuid__":"4b1nhcNw5CDKDV1PEQhROt"},"fileId":"e8A/qiDeNCHIMFZfSE3kv4"},"_opacity":0,"_contentSize":{"__type__":"cc.Size","width":1334,"height":750}},{"__type__":"cc.Node","_name":"Bk2","_parent":{"__id__":1},"_children":[{"__id__":4},{"__id__":5},{"__id__":6},{"__id__":7}],"_components":[{"__type__":"cc.Sprite","node":{"__id__":3},"_spriteFrame":{"__uuid__":"05f4uDmUFIEYBRjc0VzC2a"},"_type":1,"_sizeMode":0}],"_prefab":{"__type__":"cc.PrefabInfo","root":{"__id__":1},"asset":{"__uuid__":"4b1nhcNw5CDKDV1PEQhROt"},"fileId":"f0lhilnFBPdKybN7ZdrgKH"},"_anchorPoint":{"__type__":"cc.Vec2","x":0.5,"y":1},"_contentSize":{"__type__":"cc.Size","width":690,"height":400},"_position":{"__type__":"cc.Vec2","x":4,"y":205}},{"__type__":"cc.Node","_name":"_0002_titletwo","_parent":{"__id__":3},"_components":[{"__type__":"cc.Sprite","node":{"__id__":4},"_spriteFrame":{"__uuid__":"30/J0ASWZE07VgyW9GICpv"},"_sizeMode":0}],"_prefab":{"__type__":"cc.PrefabInfo","root":{"__id__":1},"asset":{"__uuid__":"4b1nhcNw5CDKDV1PEQhROt"},"fileId":"5bprQfyqtEVp7pKCWHFxDz"},"_anchorPoint":{"__type__":"cc.Vec2","x":0.5,"y":1},"_contentSize":{"__type__":"cc.Size","width":680,"height":70},"_position":{"__type__":"cc.Vec2","y":2}},{"__type__":"cc.Node","_name":"_0001_title","_parent":{"__id__":3},"_components":[{"__type__":"cc.Sprite","node":{"__id__":5},"_spriteFrame":{"__uuid__":"c6N8GMjTJHU5feYrw+82Gx"},"_sizeMode":0}],"_prefab":{"__type__":"cc.PrefabInfo","root":{"__id__":1},"asset":{"__uuid__":"4b1nhcNw5CDKDV1PEQhROt"},"fileId":"fa2rEWAeRPHp3DuxvtPkPD"},"_anchorPoint":{"__type__":"cc.Vec2","x":0.5,"y":1},"_contentSize":{"__type__":"cc.Size","width":600,"height":62},"_position":{"__type__":"cc.Vec2","x":-40,"y":-14.4}},{"__type__":"cc.Node","_name":"Title","_parent":{"__id__":3},"_components":[{"__type__":"cc.Label","node":{"__id__":6},"_useOriginalSize":false,"_actualFontSize":22,"_fontSize":22,"_N$string":"提示","_N$horizontalAlign":1,"_N$verticalAlign":1}],"_prefab":{"__type__":"cc.PrefabInfo","root":{"__id__":1},"asset":{"__uuid__":"4b1nhcNw5CDKDV1PEQhROt"},"fileId":"3d9TcGr89EDb3vShw+u/7r"},"_color":{"__type__":"cc.Color","r":115,"g":59,"b":36},"_contentSize":{"__type__":"cc.Size","width":44,"height":40},"_position":{"__type__":"cc.Vec2","y":-45}},{"__type__":"cc.Node","_name":"Content","_parent":{"__id__":3},"_components":[{"__id__":8}],"_prefab":{"__type__":"cc.PrefabInfo","root":{"__id__":1},"asset":{"__uuid__":"4b1nhcNw5CDKDV1PEQhROt"},"fileId":"42g3TJpptKOpcb5JTVTuih"},"_color":{"__type__":"cc.Color","r":115,"g":59,"b":36},"_contentSize":{"__type__":"cc.Size","width":600,"height":180},"_position":{"__type__":"cc.Vec2","x":1,"y":-171}},{"__type__":"cc.Label","node":{"__id__":7},"_useOriginalSize":false,"_actualFontSize":22,"_fontSize":22,"_N$string":"","_N$horizontalAlign":1,"_N$verticalAlign":1,"_N$overflow":2},{"__type__":"cc.Node","_name":"BtnList","_parent":{"__id__":1},"_children":[{"__id__":10},{"__id__":13}],"_components":[{"__type__":"cc.Layout","node":{"__id__":9},"_layoutSize":{"__type__":"cc.Size","width":402,"height":200},"_resize":1,"_N$layoutType":1,"_N$paddingLeft":20,"_N$paddingRight":20,"_N$spacingX":10}],"_prefab":{"__type__":"cc.PrefabInfo","root":{"__id__":1},"asset":{"__uuid__":"4b1nhcNw5CDKDV1PEQhROt"},"fileId":"b6fUbKfWVNloMI2nxTG4nz"},"_contentSize":{"__type__":"cc.Size","width":402,"height":200}},{"__type__":"cc.Node","_name":"CancelBtn","_parent":{"__id__":9},"_children":[{"__id__":11}],"_components":[{"__type__":"cc.Sprite","node":{"__id__":10},"_spriteFrame":{"__uuid__":"7bVXuX55VM36mljrwl8dF/"},"_type":1,"_sizeMode":0},{"__id__":12},{"__type__":"583e37tDMZOyrHYOPD8BB3O","node":{"__id__":10},"pressedScale":1.2,"transDuration":0.1},{"__type__":"cc.Layout","node":{"__id__":10},"_layoutSize":{"__type__":"cc.Size","width":176,"height":80},"_resize":1,"_N$layoutType":1,"_N$paddingLeft":60,"_N$paddingRight":60,"_N$spacingX":30}],"_prefab":{"__type__":"cc.PrefabInfo","root":{"__id__":1},"asset":{"__uuid__":"4b1nhcNw5CDKDV1PEQhROt"},"fileId":"2bPf6K5ZFJDZeW6REVVYpt"},"_contentSize":{"__type__":"cc.Size","width":176,"height":80},"_position":{"__type__":"cc.Vec2","x":-93,"y":-120}},{"__type__":"cc.Node","_name":"New Label","_parent":{"__id__":10},"_components":[{"__type__":"cc.Label","node":{"__id__":11},"_useOriginalSize":false,"_actualFontSize":28,"_fontSize":28,"_N$string":"取消","_N$horizontalAlign":1,"_N$verticalAlign":1}],"_prefab":{"__type__":"cc.PrefabInfo","root":{"__id__":1},"asset":{"__uuid__":"4b1nhcNw5CDKDV1PEQhROt"},"fileId":"91hpSpHQ1LaoGgFc2veAYW"},"_color":{"__type__":"cc.Color"},"_contentSize":{"__type__":"cc.Size","width":56,"height":40},"_position":{"__type__":"cc.Vec2","y":5}},{"__type__":"cc.Button","node":{"__id__":10},"clickEvents":[{"__type__":"cc.ClickEvent","target":{"__id__":1},"component":"CommonMsgBoxUI","handler":"OnCanelBtnClick"}],"_N$target":{"__id__":10}},{"__type__":"cc.Node","_name":"SureBtn","_parent":{"__id__":9},"_children":[{"__id__":14}],"_components":[{"__type__":"cc.Sprite","node":{"__id__":13},"_spriteFrame":{"__uuid__":"39KPZzUXNForAFpo8GD/Wn"},"_type":1,"_sizeMode":0},{"__id__":15},{"__type__":"583e37tDMZOyrHYOPD8BB3O","node":{"__id__":13},"pressedScale":1.2,"transDuration":0.1},{"__type__":"cc.Layout","node":{"__id__":13},"_layoutSize":{"__type__":"cc.Size","width":176,"height":80},"_resize":1,"_N$layoutType":1,"_N$paddingLeft":60,"_N$paddingRight":60,"_N$spacingX":30}],"_prefab":{"__type__":"cc.PrefabInfo","root":{"__id__":1},"asset":{"__uuid__":"4b1nhcNw5CDKDV1PEQhROt"},"fileId":"6daU1ciuJPf4Y/QWqWRoSD"},"_contentSize":{"__type__":"cc.Size","width":176,"height":80},"_position":{"__type__":"cc.Vec2","x":93,"y":-120}},{"__type__":"cc.Node","_name":"New Label","_parent":{"__id__":13},"_components":[{"__type__":"cc.Label","node":{"__id__":14},"_useOriginalSize":false,"_actualFontSize":28,"_fontSize":28,"_N$string":"确定","_N$horizontalAlign":1,"_N$verticalAlign":1}],"_prefab":{"__type__":"cc.PrefabInfo","root":{"__id__":1},"asset":{"__uuid__":"4b1nhcNw5CDKDV1PEQhROt"},"fileId":"daVIL6Uh1JUbLSPzAfJvPL"},"_color":{"__type__":"cc.Color"},"_contentSize":{"__type__":"cc.Size","width":56,"height":40},"_position":{"__type__":"cc.Vec2","y":5}},{"__type__":"cc.Button","node":{"__id__":13},"clickEvents":[{"__type__":"cc.ClickEvent","target":{"__id__":1},"component":"CommonMsgBoxUI","handler":"OnConfirmBtnClick"}],"_N$target":{"__id__":13}}],{"__type__":"cc.SpriteFrame","content":{"name":"_0006_button","texture":"661XjWfv1BOayrl/asTWcd","rect":[823,164,176,74],"offset":[0,0],"originalSize":[176,74]}},{"__type__":"cc.SpriteFrame","content":{"name":"_0001_title","texture":"aeQf/v2d5GzL/fTdnhZUd6","rect":[3,813,506,58],"offset":[0,0],"originalSize":[506,58]}},{"__type__":"cc.SpriteFrame","content":{"name":"default_btn_pressed","texture":"b4P/PCArtIdIH38t6mlw8Y","rect":[0,0,40,40],"offset":[0,0],"originalSize":[40,40],"capInsets":[11,11,11,7]}},{"__type__":"cc.SpriteFrame","content":{"name":"default_btn_normal","texture":"e8Ueib+qJEhL6mXAHdnwbi","rect":[0,0,40,40],"offset":[0,0],"originalSize":[40,40],"capInsets":[8,11,7,9]}}]