{
	"groups":[
	{
		"keys":"uiPlist_png,uiPlist_plist,boomAction_json,clickAction_json,disappearAction_json,dropAction_json,forceheffect_json,ghostdropAction_json,ghosteffects_json,ghosteffectscom1_1_json,ghosteffectscom1_2_json,ghosteffectscom2_1_json,ghosteffectscom2_2_json,ghostelemwnt_json,glassclickAction_json,glassdropAction_json,noseclickAction_json,nosedropAction_json,windboomeffectAction_json,windveffectAction_json,failed_json,success_json,conveyerin1_json,conveyerin2_json,conveyerout1_json,conveyerout2_json,cloud_json,backgroung1_json,backgroung2_json,exchange_json,hammer_json,rearrange_json,starflow_json,boomeffects_json,lastpang_json,rewardeffects_json,guideplayer_json,guideeffects_json,guidehand_1_json,guidehand_2_json,finishstar_json,add5steps1_json,add5steps2_json,add5steps3_json,guideplayer5steps_json,guideplayer10steps_json,Plist1_plist,Plist1_png,Plist2_plist,Plist2_png,Plist3_plist,Plist3_png,Plist6_plist,Plist6_png,glassboomAction_json,ghostandghosteffectscom_json,bukesiyi_json,chaozan_json,chushenruhua_json,gandepiaoliang_json,lihai_json,shuang_json,wasai_json,wuyilunbi_json,jingcaijuelun_json,cloudPlist_plist,cloudPlist_png,Plist1_2_plist,Plist1_2_png,Prop_plist,Prop_png,challenge_mode_tips_png",
		"name":"MainGamePageRes"
	},
	{
		"keys":"bg_fail_jpg,gameFail_plist,gameFail_png,failedbudget_json",
		"name":"GameFailRes"
	},
	{
		"keys":"bg_success_jpg,gameSuccessPlist_plist,gameSuccessPlist_png,circlelight_json,successbudgetelement_json,successbudgetelement2_json,ghost01_png,ghost05_png,ghost3_png,soccerstarpalur1_plist,soccerstarpalur2_plist,soccerstarpalur3_plist,gameSuccess_flaunt_btn_png",
		"name":"GameSuccessRes"
	},
	{
		"keys":"topGoldBar_plist,topGoldBar_png,AllStage_plist,AllStage_png,commonPlist_plist,commonPlist_png,avatar_panel_plist,avatar_panel_png,map_bg_0_jpg,map_bg_1_jpg,number_white_fnt,number_blue_fnt,number_brown_fnt,number_gold_fnt,number_shallow_gold_fnt,number_plist,number_png,number_gold_big_fnt,point10_png,number_stage_w_fnt,number_stage_y_fnt,number_white_blue_fnt,tb_heart_circle_png",
		"name":"AllStage"
	},
	{
		"keys":"bg_game_1_jpg,bg_game_2_jpg,bg_game_3_jpg",
		"name":"GameBgRes"
	},
	{
		"keys":"Plist5_plist,Plist5_png,loading1_json,loading2_json,loginUI_plist,loginUI_png,mask_png,default_plist,default_png,preResPlist_plist,preResPlist_png,default_effect_json,logo_jpg",
		"name":"PreLoadRes"
	},
	{
		"keys":"exchange_plist,exchange_png",
		"name":"ExchangeRes"
	},
	{
		"keys":"heart_json,Plist4_plist,Plist4_png,Prop_plist,Prop_png,giftdiscoveraction1_json,giftdiscoveraction2_json,giftdiscover_json",
		"name":"PropSelectRes"
	},
	{
		"keys":"stageDetail_plist,stageDetail_png",
		"name":"StageDetailRes"
	},
	{
		"keys":"setting_plist,setting_png,about_us_bg_jpg,send_heart_bg_png,send_heart_off_png,send_heart_on_png,send_heart_select_png,RankList_plist,RankList_png",
		"name":"SettingRes"
	},
	{
		"keys":"RankList_plist,RankList_png",
		"name":"RankListRes"
	},
	{
		"keys":"Email_plist,Email_png,Prop_plist,Prop_png,bearCry_png,bearCry_plist,nomessage_json,message_json",
		"name":"EmailRes"
	},
	{
		"keys":"successbudget1_json,successbudget2_json,successbudget3_json",
		"name":"GameSuccessStar"
	},
	{
		"keys":"lock_json,mapcloud_json,cloudPlist_png,cloudPlist_plist",
		"name":"CloudRes"
	},
	{
		"keys":"mmMap_plist,mmMap_png,cloudmask_json,cloudPlist_plist,cloudPlist_png,map_conf_bin_json,MapStarRewardPool_bin_json,giftget_json,giftlight_json,PlistReward_plist,PlistReward_png,giftshine_json,Prop_plist,Prop_png",
		"name":"MiniMapRes"
	},
	{
		"keys":"loginReward_plist,loginReward_png,Prop_plist,Prop_png,CommRewardPool_json,month_sign_reward_conf_json,giftget_json,giftlight_json,PlistReward_plist,PlistReward_png,giftshine_json,giftup_json",
		"name":"LoginRewardRes"
	},
	{
		"keys":"newmap11_json,newmap12_json,newmap1_plist,newmap1_png",
		"name":"MapEffectRes1"
	},
	{
		"keys":"newmap2_plist,newmap2_png,newmap21_json,newmap22_json",
		"name":"MapEffectRes2"
	},
	{
		"keys":"newmap31_json,newmap32_json,newmap3_plist,newmap3_png",
		"name":"MapEffectRes3"
	},
	{
		"keys":"newmap4_plist,newmap4_png,newmap41_json,newmap42_json",
		"name":"MapEffectRes4"
	},
	{
		"keys":"StarRewardPreview_plist,StarRewardPreview_png",
		"name":"StarRewardPreviewRes"
	},
	{
		"keys":"buyProp_plist,buyProp_png",
		"name":"BuyPropRes"
	},
	{
		"keys":"iceAction1_json",
		"name":"Ice1Res"
	},
	{
		"keys":"balloonfly_json,balloonget1_json,balloonhold_json,arrow_json",
		"name":"BalloonRes"
	},
	{
		"keys":"boxAction1_json",
		"name":"Box1Res"
	},
	{
		"keys":"boxAction2_json,boxAction1_json",
		"name":"Box2Res"
	},
	{
		"keys":"boxAction3_json,boxAction1_json,boxAction2_json",
		"name":"Box3Res"
	},
	{
		"keys":"boxAction4_json,boxAction1_json,boxAction2_json,boxAction3_json",
		"name":"Box4Res"
	},
	{
		"keys":"bubblefly_json,bubbleget_json,bubblehold_json,bubblebroken_json,bubbleclick_json,waveebubbleffects_json,waveeffectstop1_json,waveeffectstop2_json,wavePlist_plist,wavePlist_png",
		"name":"BubbleRes"
	},
	{
		"keys":"candybroken_json",
		"name":"DonutsBombRes"
	},
	{
		"keys":"sofainin_json",
		"name":"Chongdong1Res"
	},
	{
		"keys":"sofainout_json",
		"name":"Chongdong2Res"
	},
	{
		"keys":"iceAction1_json,iceAction2_json",
		"name":"Ice2Res"
	},
	{
		"keys":"lawn_json",
		"name":"BlueberryRes"
	},
	{
		"keys":"lockAction_json",
		"name":"Cage1Res"
	},
	{
		"keys":"cookiesbroken_json",
		"name":"ClodSo1Res"
	},
	{
		"keys":"cookiesbroken2_json,cookiesbroken_json",
		"name":"ClodSo2Res"
	},
	{
		"keys":"bottleaction2_json,bottlecandyfly_json,bottlecandyget_json,bottlehold_json,bottleaction1_json,arrow2_json",
		"name":"CandyRes"
	},
	{
		"keys":"jelly3_json,jelly4_json,jelly1_json,jelly2_json",
		"name":"Jelly4Res"
	},
	{
		"keys":"hellokittyget_json,hellokittyaction_json",
		"name":"IceBearRes"
	},
	{
		"keys":"jelly3_json,jelly1_json,jelly2_json",
		"name":"Jelly3Res"
	},
	{
		"keys":"jelly1_json,jelly2_json",
		"name":"Jelly2Res"
	},
	{
		"keys":"jelly1_json",
		"name":"Jelly1Res"
	},
	{
		"keys":"n_m_bkg_1_jpg",
		"name":"mapBkgImgRes1"
	},
	{
		"keys":"n_m_bkg_2_jpg",
		"name":"mapBkgImgRes2"
	},
	{
		"keys":"n_m_bkg_3_jpg",
		"name":"mapBkgImgRes3"
	},
	{
		"keys":"n_m_bkg_4_jpg",
		"name":"mapBkgImgRes4"
	},
	{
		"keys":"n_m_bkg_5_jpg",
		"name":"mapBkgImgRes5"
	},
	{
		"keys":"n_m_bkg_6_jpg",
		"name":"mapBkgImgRes6"
	},
	{
		"keys":"n_m_bkg_7_jpg",
		"name":"mapBkgImgRes7"
	},
	{
		"keys":"n_m_bkg_8_jpg",
		"name":"mapBkgImgRes8"
	},
	{
		"keys":"newbieGift_png,NewUserPool_json,newbieGift_plist,Prop_plist,Prop_png",
		"name":"newBieGiftRes"
	},
	{
		"keys":"cloudface1move_json,cloudface1broken1_json,cloudface1broken2_json,cloudface1hold_json,cloudface2broken_json,cloudface2hold_json,cloudface2move_json",
		"name":"Cloud2Res"
	},
	{
		"keys":"cloudface2broken_json,cloudface2hold_json,cloudface2move_json",
		"name":"Cloud1Res"
	},
	{
		"keys":"guideeffects_json,guidehand_1_json",
		"name":"ClickTipRes"
	},
	{
		"keys":"shareGift_png,shareGift_plist,Prop_png,Prop_plist,message_json,share_conf_bin_json",
		"name":"ShareGiftRes"
	},
	{
		"keys":"mushroomlbroken_json,mushroomlbulid_json,mushroomlhold_json",
		"name":"Mushroom1Res"
	},
	{
		"keys":"mushroomlbroken_json,mushroomlbulid_json,mushroomlhold_json,mushroom1action_json,mushroom1broken_json,mushroom1hold_json,mushroom2action_json,mushroom2broken_json,mushroom2hold_json,mushroom3action_json,mushroom3broken_json,mushroom3hold_json,mushroom4broken_json",
		"name":"Mushroom2Res"
	},
	{
		"keys":"soccerstarpalur1_plist,soccerstarpalur2_plist,soccerstarpalur3_plist,flauntPlist_png,flauntPlist_plist,giftget_json,giftshine_json,giftlight_json,number_gold_big_fnt,number_png,number_plist,flaunt3wuyulunbi_json,flaunt2qiadaohaochu_json,flaunt1chushenruhua_json",
		"name":"FlauntRes"
	},
	{
		"keys":"newmapelament1_json",
		"name":"NewMapCloudRes"
	},
	{
		"keys":"waveelemennt_json,wavePlist_plist,wavePlist_png",
		"name":"newElementWave"
	},
	{
		"keys":"number_brown_big_fnt,number_brown_small_fnt,miaowanresultcircle_json,miaowanresultcloud_json,miaowanresult_json,CommRewardPool_json,Prop_plist,Prop_png,miaowancomplete_json,ghost01_png,ghost05_png,ghost3_png,soccerstarpalur1_plist,soccerstarpalur2_plist,soccerstarpalur3_plist,weekMatch_plist,weekMatch_png,weekmatch_rank_reward_conf_bin_json",
		"name":"WeekMatchCommonRes"
	},
	{
		"keys":"guideDesktop_plist,guideDesktop_png,Prop_plist,Prop_png",
		"name":"GuideDesktopRes"
	},
	{
		"keys":"TaskCenter_plist,TaskCenter_png,Prop_plist,Prop_png,ActQuestConf_bin_json,ActQuestElementConf_bin_json,ActQuestRewardPool_bin_json,giftlight_json,giftshine_json,giftget_json,PlistReward_png,PlistReward_plist",
		"name":"taskCenterRes"
	},
	{
		"keys":"taskView_plist,taskView_png,EverydayActivityQuestElementConf_bin_json,EverydayActivityQuestRewardPool_bin_json,giftget_json,giftlight_json,PlistReward_plist,PlistReward_png,giftshine_json,Prop_plist,Prop_png",
		"name":"taskRes"
	},
	{
		"keys":"Prop_png,Prop_plist,1yuan_png,1yuan_plist",
		"name":"Yuan1Res"
	},
	{
		"keys":"addCount_plist,addCount_png",
		"name":"WeekMatchCountRes"
	},
	{
		"keys":"notifyGoOnline_plist,notifyGoOnline_png",
		"name":"NotifyGoOnlineRes"
	},
	{
		"keys":"dialog_bg_merged_rule_png",
		"name":"MergedRuleRes"
	},
	{
		"keys":"dialog_png,dialog_plist",
		"name":"DialogRes"
	},
	{
		"keys":"Prop_png,Prop_plist,giftget_json,giftlight_json,giftshine_json,number_plist,number_png,number_gold_big_fnt,message_json",
		"name":"DialogRewardBoxRes"
	},
	{
		"keys":"jumppass1_json,jumppass2_json,jumpStage_png,jumpStage_plist,jumppass3_json",
		"name":"JumpStageRes"
	},
	{
		"keys":"Prop_plist,Prop_png,weekMatchReward_plist,weekMatchReward_png",
		"name":"WeekMatchRewardRes"
	},
	{
		"keys":"bomb2click_json,bomb2drop_json,bomb2hold_json,bombbroken_json,bomb1clearup_json,bomb1click_json,bomb1drop_json,bomb1hold_json,bomb2clearup_json,Plist1_plist,Plist1_png",
		"name":"ChessTickBombRes"
	},
	{
		"keys":"stepscounterbroken_json,stepscounterfly_json",
		"name":"StepBonusRes"
	},
	{
		"keys":"conveyerin1_json,conveyerin2_json,conveyerout1_json,conveyerout2_json,conveyerin3_json,conveyerout3_json",
		"name":"ConveyerRes"
	},
	{
		"keys":"un_ss_title_jpg,ss_title_jpg,un_ss_text_hex_jpg,ss_text_hex_jpg",
		"name":"WeekMatchHexSubscribeRes"
	},
	{
		"keys":"dialog_bg_hex_crush_rule_png",
		"name":"HexCrushRuleRes"
	},
	{
		"keys":"hexCrushWeekMatch_plist,hexCrushWeekMatch_png",
		"name":"HexCrushWeekMatchRes"
	},
	{
		"keys":"mergedWeekMatch_plist,mergedWeekMatch_png",
		"name":"MergedWeekMatchRes"
	},
	{
		"keys":"un_ss_title_jpg,ss_title_jpg,ss_text_merged_jpg,un_ss_text_merged_jpg",
		"name":"WeekMatchMergedSubscribeRes"
	},
	{
		"keys":"jelly3_json,jelly4_json,jelly1_json,jelly2_json",
		"name":"Jelly5Res"
	},
	{
		"keys":"Plist1_plist,Plist1_png,Plist3_plist,Plist3_png,ghosteffectscom1_2_json,ghosteffectscom1_1_json,forceheffect_json,dropAction_json,nosedropAction_json,boomAction_json,disappearAction_json,ghosteffectscom2_2_json,ghosteffectscom2_1_json,glassboomAction_json,glassdropAction_json,ghostdropAction_json,ghostandghosteffectscom_json,ghosteffects_json,ghostelemwnt_json,windboomeffectAction_json,clickAction_json,noseclickAction_json,windveffectAction_json,glassclickAction_json",
		"name":"PreLoadGameRes"
	},
	{
		"keys":"stageProp_png,stageProp_plist",
		"name":"StagePropRes"
	},
	{
		"keys":"rank-group-guide-bg_png,rank-group-guide-btn_png,rank-group-guide-starbg_png,rank-group-guide-title_png,number_white_big_0_png,number_white_big_fnt",
		"name":"rankGroupGuide"
	},
	{
		"keys":"miaowanresultcircle_json,miaowanresultcloud_json,miaowanresult_json,PlistReward_plist,PlistReward_png,bg_success_jpg,number_brown_big_fnt,number_brown_small_fnt,mr_words_djjx_png",
		"name":"RingMatchResultRes"
	},
	{
		"keys":"pkrank_plist,pkrank_png,pkrank_bg_jpg,number_white_big_fnt,number_white_big_0_png",
		"name":"PKRankRes"
	}],
	"resources":[
	{
		"name":"number_white_fnt",
		"type":"font",
		"url":"number/number_white.fnt"
	},
	{
		"name":"number_blue_fnt",
		"type":"font",
		"url":"number/number_blue.fnt"
	},
	{
		"name":"number_brown_fnt",
		"type":"font",
		"url":"number/number_brown.fnt"
	},
	{
		"name":"number_gold_fnt",
		"type":"font",
		"url":"number/number_gold.fnt"
	},
	{
		"name":"number_shallow_gold_fnt",
		"type":"font",
		"url":"number/number_shallow_gold.fnt"
	},
	{
		"name":"mask_png",
		"type":"image",
		"url":"mask.png"
	},
	{
		"name":"bg_fail_jpg",
		"type":"image",
		"url":"pages/gameFail/bg_fail.jpg"
	},
	{
		"name":"bg_success_jpg",
		"type":"image",
		"url":"pages/gameSuccess/bg_success.jpg"
	},
	{
		"name":"uiPlist_png",
		"type":"image",
		"url":"pages/mainGame/uiPlist.png"
	},
	{
		"name":"uiPlist_plist",
		"type":"bin",
		"url":"pages/mainGame/uiPlist.plist"
	},
	{
		"name":"gameSuccessPlist_plist",
		"type":"bin",
		"url":"pages/gameSuccess/gameSuccessPlist.plist"
	},
	{
		"name":"gameSuccessPlist_png",
		"type":"image",
		"url":"pages/gameSuccess/gameSuccessPlist.png"
	},
	{
		"name":"commonPlist_plist",
		"type":"bin",
		"url":"pages/common/commonPlist.plist"
	},
	{
		"name":"commonPlist_png",
		"type":"image",
		"url":"pages/common/commonPlist.png"
	},
	{
		"name":"gameFail_plist",
		"type":"bin",
		"url":"pages/gameFail/gameFail.plist"
	},
	{
		"name":"gameFail_png",
		"type":"image",
		"url":"pages/gameFail/gameFail.png"
	},
	{
		"name":"bg_game_1_jpg",
		"type":"image",
		"url":"pages/mainGame/bg/bg_game_1.jpg"
	},
	{
		"name":"bg_game_2_jpg",
		"type":"image",
		"url":"pages/mainGame/bg/bg_game_2.jpg"
	},
	{
		"name":"bg_game_3_jpg",
		"type":"image",
		"url":"pages/mainGame/bg/bg_game_3.jpg"
	},
	{
		"name":"logo_jpg",
		"type":"image",
		"url":"pages/logo/logo.jpg"
	},
	{
		"name":"boomAction_json",
		"type":"json",
		"url":"effect/chess/boomAction.json"
	},
	{
		"name":"clickAction_json",
		"type":"json",
		"url":"effect/chess/clickAction.json"
	},
	{
		"name":"disappearAction_json",
		"type":"json",
		"url":"effect/chess/disappearAction.json"
	},
	{
		"name":"dropAction_json",
		"type":"json",
		"url":"effect/chess/dropAction.json"
	},
	{
		"name":"forceheffect_json",
		"type":"json",
		"url":"effect/chess/forceheffect.json"
	},
	{
		"name":"ghostdropAction_json",
		"type":"json",
		"url":"effect/chess/ghostdropAction.json"
	},
	{
		"name":"ghosteffects_json",
		"type":"json",
		"url":"effect/chess/ghosteffects.json"
	},
	{
		"name":"ghosteffectscom1_1_json",
		"type":"json",
		"url":"effect/chess/ghosteffectscom1_1.json"
	},
	{
		"name":"ghosteffectscom1_2_json",
		"type":"json",
		"url":"effect/chess/ghosteffectscom1_2.json"
	},
	{
		"name":"ghosteffectscom2_1_json",
		"type":"json",
		"url":"effect/chess/ghosteffectscom2_1.json"
	},
	{
		"name":"ghosteffectscom2_2_json",
		"type":"json",
		"url":"effect/chess/ghosteffectscom2_2.json"
	},
	{
		"name":"ghostelemwnt_json",
		"type":"json",
		"url":"effect/chess/ghostelemwnt.json"
	},
	{
		"name":"glassclickAction_json",
		"type":"json",
		"url":"effect/chess/glassclickAction.json"
	},
	{
		"name":"glassdropAction_json",
		"type":"json",
		"url":"effect/chess/glassdropAction.json"
	},
	{
		"name":"noseclickAction_json",
		"type":"json",
		"url":"effect/chess/noseclickAction.json"
	},
	{
		"name":"nosedropAction_json",
		"type":"json",
		"url":"effect/chess/nosedropAction.json"
	},
	{
		"name":"windboomeffectAction_json",
		"type":"json",
		"url":"effect/chess/windboomeffectAction.json"
	},
	{
		"name":"windveffectAction_json",
		"type":"json",
		"url":"effect/chess/windveffectAction.json"
	},
	{
		"name":"failed_json",
		"type":"json",
		"url":"effect/gameResult/failed.json"
	},
	{
		"name":"success_json",
		"type":"json",
		"url":"effect/gameResult/success.json"
	},
	{
		"name":"circlelight_json",
		"type":"json",
		"url":"effect/gameSettlement/circlelight.json"
	},
	{
		"name":"failedbudget_json",
		"type":"json",
		"url":"effect/gameSettlement/failedbudget.json"
	},
	{
		"name":"successbudget1_json",
		"type":"json",
		"url":"effect/gameSettlement/successbudget1.json"
	},
	{
		"name":"successbudget2_json",
		"type":"json",
		"url":"effect/gameSettlement/successbudget2.json"
	},
	{
		"name":"successbudget3_json",
		"type":"json",
		"url":"effect/gameSettlement/successbudget3.json"
	},
	{
		"name":"balloonfly_json",
		"type":"json",
		"url":"effect/obstacle/balloonfly.json"
	},
	{
		"name":"balloonget1_json",
		"type":"json",
		"url":"effect/obstacle/balloonget1.json"
	},
	{
		"name":"balloonhold_json",
		"type":"json",
		"url":"effect/obstacle/balloonhold.json"
	},
	{
		"name":"boxAction1_json",
		"type":"json",
		"url":"effect/obstacle/boxAction1.json"
	},
	{
		"name":"conveyerin1_json",
		"type":"json",
		"url":"effect/obstacle/conveyerin1.json"
	},
	{
		"name":"conveyerin2_json",
		"type":"json",
		"url":"effect/obstacle/conveyerin2.json"
	},
	{
		"name":"conveyerout1_json",
		"type":"json",
		"url":"effect/obstacle/conveyerout1.json"
	},
	{
		"name":"conveyerout2_json",
		"type":"json",
		"url":"effect/obstacle/conveyerout2.json"
	},
	{
		"name":"iceAction1_json",
		"type":"json",
		"url":"effect/obstacle/iceAction1.json"
	},
	{
		"name":"lockAction_json",
		"type":"json",
		"url":"effect/obstacle/lockAction.json"
	},
	{
		"name":"sofainin_json",
		"type":"json",
		"url":"effect/obstacle/sofainin.json"
	},
	{
		"name":"sofainout_json",
		"type":"json",
		"url":"effect/obstacle/sofainout.json"
	},
	{
		"name":"cloud_json",
		"type":"json",
		"url":"effect/passCondition/cloud.json"
	},
	{
		"name":"Plist1_plist",
		"type":"bin",
		"url":"effect/plist/Plist1.plist"
	},
	{
		"name":"Plist1_png",
		"type":"image",
		"url":"effect/plist/Plist1.png"
	},
	{
		"name":"Plist2_plist",
		"type":"bin",
		"url":"effect/plist/Plist2.plist"
	},
	{
		"name":"Plist2_png",
		"type":"image",
		"url":"effect/plist/Plist2.png"
	},
	{
		"name":"Plist3_plist",
		"type":"bin",
		"url":"effect/plist/Plist3.plist"
	},
	{
		"name":"Plist3_png",
		"type":"image",
		"url":"effect/plist/Plist3.png"
	},
	{
		"name":"Plist4_plist",
		"type":"bin",
		"url":"effect/plist/Plist4.plist"
	},
	{
		"name":"Plist4_png",
		"type":"image",
		"url":"effect/plist/Plist4.png"
	},
	{
		"name":"arrow_json",
		"type":"json",
		"url":"effect/prop/arrow.json"
	},
	{
		"name":"backgroung1_json",
		"type":"json",
		"url":"effect/prop/backgroung1.json"
	},
	{
		"name":"backgroung2_json",
		"type":"json",
		"url":"effect/prop/backgroung2.json"
	},
	{
		"name":"exchange_json",
		"type":"json",
		"url":"effect/prop/exchange.json"
	},
	{
		"name":"hammer_json",
		"type":"json",
		"url":"effect/prop/hammer.json"
	},
	{
		"name":"rearrange_json",
		"type":"json",
		"url":"effect/prop/rearrange.json"
	},
	{
		"name":"starflow_json",
		"type":"json",
		"url":"effect/prop/starflow.json"
	},
	{
		"name":"boomeffects_json",
		"type":"json",
		"url":"effect/lastpang/boomeffects.json"
	},
	{
		"name":"lastpang_json",
		"type":"json",
		"url":"effect/lastpang/lastpang.json"
	},
	{
		"name":"rewardeffects_json",
		"type":"json",
		"url":"effect/lastpang/rewardeffects.json"
	},
	{
		"name":"buyProp_plist",
		"type":"bin",
		"url":"pages/buyProp/buyProp.plist"
	},
	{
		"name":"buyProp_png",
		"type":"image",
		"url":"pages/buyProp/buyProp.png"
	},
	{
		"name":"topGoldBar_plist",
		"type":"bin",
		"url":"pages/allStage/topGoldBar.plist"
	},
	{
		"name":"topGoldBar_png",
		"type":"image",
		"url":"pages/allStage/topGoldBar.png"
	},
	{
		"name":"AllStage_plist",
		"type":"bin",
		"url":"pages/allStage/AllStage.plist"
	},
	{
		"name":"AllStage_png",
		"type":"image",
		"url":"pages/allStage/AllStage.png"
	},
	{
		"name":"ex_bg_dialog_png",
		"type":"image",
		"url":"pages/allStage/ex_bg_dialog.png"
	},
	{
		"name":"exchange_plist",
		"type":"bin",
		"url":"pages/allStage/exchange.plist"
	},
	{
		"name":"exchange_png",
		"type":"image",
		"url":"pages/allStage/exchange.png"
	},
	{
		"name":"Plist5_plist",
		"type":"bin",
		"url":"effect/plist/Plist5.plist"
	},
	{
		"name":"Plist5_png",
		"type":"image",
		"url":"effect/plist/Plist5.png"
	},
	{
		"name":"loading1_json",
		"type":"json",
		"url":"effect/loading/loading1.json"
	},
	{
		"name":"loading2_json",
		"type":"json",
		"url":"effect/loading/loading2.json"
	},
	{
		"name":"Email_plist",
		"type":"bin",
		"url":"pages/allStage/Email.plist"
	},
	{
		"name":"Email_png",
		"type":"image",
		"url":"pages/allStage/Email.png"
	},
	{
		"name":"loginUI_plist",
		"type":"bin",
		"url":"pages/login/loginUI.plist"
	},
	{
		"name":"loginUI_png",
		"type":"image",
		"url":"pages/login/loginUI.png"
	},
	{
		"name":"Plist6_plist",
		"type":"bin",
		"url":"effect/plist/Plist6.plist"
	},
	{
		"name":"Plist6_png",
		"type":"image",
		"url":"effect/plist/Plist6.png"
	},
	{
		"name":"guideeffects_json",
		"type":"json",
		"url":"effect/guide/guideeffects.json"
	},
	{
		"name":"guidehand_1_json",
		"type":"json",
		"url":"effect/guide/guidehand_1.json"
	},
	{
		"name":"guidehand_2_json",
		"type":"json",
		"url":"effect/guide/guidehand_2.json"
	},
	{
		"name":"guideplayer_json",
		"type":"json",
		"url":"effect/guide/guideplayer.json"
	},
	{
		"name":"avatar_panel_plist",
		"type":"bin",
		"url":"pages/allStage/avatar_panel.plist"
	},
	{
		"name":"avatar_panel_png",
		"type":"image",
		"url":"pages/allStage/avatar_panel.png"
	},
	{
		"name":"finishstar_json",
		"type":"json",
		"url":"effect/prop/finishstar.json"
	},
	{
		"name":"add5steps1_json",
		"type":"json",
		"url":"effect/obstacle/add5steps1.json"
	},
	{
		"name":"add5steps2_json",
		"type":"json",
		"url":"effect/obstacle/add5steps2.json"
	},
	{
		"name":"add5steps3_json",
		"type":"json",
		"url":"effect/obstacle/add5steps3.json"
	},
	{
		"name":"guideplayer5steps_json",
		"type":"json",
		"url":"effect/guide/guideplayer5steps.json"
	},
	{
		"name":"guideplayer10steps_json",
		"type":"json",
		"url":"effect/guide/guideplayer10steps.json"
	},
	{
		"name":"successbudgetelement_json",
		"type":"json",
		"url":"effect/gameSettlement/successbudgetelement.json"
	},
	{
		"name":"Prop_plist",
		"type":"bin",
		"url":"pages/prop/Prop.plist"
	},
	{
		"name":"Prop_png",
		"type":"image",
		"url":"pages/prop/Prop.png"
	},
	{
		"name":"default_plist",
		"type":"bin",
		"url":"default.plist"
	},
	{
		"name":"default_png",
		"type":"image",
		"url":"default.png"
	},
	{
		"name":"message_json",
		"type":"json",
		"url":"effect/platform/message.json"
	},
	{
		"name":"number_plist",
		"type":"bin",
		"url":"number/number.plist"
	},
	{
		"name":"number_png",
		"type":"image",
		"url":"number/number.png"
	},
	{
		"name":"heart_json",
		"type":"json",
		"url":"effect/platform/heart.json"
	},
	{
		"name":"nomessage_json",
		"type":"json",
		"url":"effect/platform/nomessage.json"
	},
	{
		"name":"bearCry_png",
		"type":"image",
		"url":"effect/plist/bearCry.png"
	},
	{
		"name":"bearCry_plist",
		"type":"bin",
		"url":"effect/plist/bearCry.plist"
	},
	{
		"name":"setting_plist",
		"type":"bin",
		"url":"pages/setting/setting.plist"
	},
	{
		"name":"setting_png",
		"type":"image",
		"url":"pages/setting/setting.png"
	},
	{
		"name":"lock_json",
		"type":"json",
		"url":"effect/map/lock.json"
	},
	{
		"name":"map_bg_0_jpg",
		"type":"image",
		"url":"pages/allStage/map_bg_0.jpg"
	},
	{
		"name":"map_bg_1_jpg",
		"type":"image",
		"url":"pages/allStage/map_bg_1.jpg"
	},
	{
		"name":"about_us_bg_jpg",
		"type":"image",
		"url":"pages/setting/about_us_bg.jpg"
	},
	{
		"name":"mapcloud_json",
		"type":"json",
		"url":"effect/map/mapcloud.json"
	},
	{
		"name":"preResPlist_plist",
		"type":"bin",
		"url":"pages/preRes/preResPlist.plist"
	},
	{
		"name":"preResPlist_png",
		"type":"image",
		"url":"pages/preRes/preResPlist.png"
	},
	{
		"name":"cloudPlist_plist",
		"type":"bin",
		"url":"effect/plist/cloudPlist.plist"
	},
	{
		"name":"cloudPlist_png",
		"type":"image",
		"url":"effect/plist/cloudPlist.png"
	},
	{
		"name":"ghost01_png",
		"type":"image",
		"url":"particle/ghost01.png"
	},
	{
		"name":"ghost05_png",
		"type":"image",
		"url":"particle/ghost05.png"
	},
	{
		"name":"ghost3_png",
		"type":"image",
		"url":"particle/ghost3.png"
	},
	{
		"name":"soccerstarpalur1_plist",
		"type":"bin",
		"url":"particle/soccerstarpalur1.plist"
	},
	{
		"name":"soccerstarpalur2_plist",
		"type":"bin",
		"url":"particle/soccerstarpalur2.plist"
	},
	{
		"name":"soccerstarpalur3_plist",
		"type":"bin",
		"url":"particle/soccerstarpalur3.plist"
	},
	{
		"name":"glassboomAction_json",
		"type":"json",
		"url":"effect/chess/glassboomAction.json"
	},
	{
		"name":"ghostandghosteffectscom_json",
		"type":"json",
		"url":"effect/chess/ghostandghosteffectscom.json"
	},
	{
		"name":"bukesiyi_json",
		"type":"json",
		"url":"effect/title/bukesiyi.json"
	},
	{
		"name":"chaozan_json",
		"type":"json",
		"url":"effect/title/chaozan.json"
	},
	{
		"name":"chushenruhua_json",
		"type":"json",
		"url":"effect/title/chushenruhua.json"
	},
	{
		"name":"gandepiaoliang_json",
		"type":"json",
		"url":"effect/title/gandepiaoliang.json"
	},
	{
		"name":"lihai_json",
		"type":"json",
		"url":"effect/title/lihai.json"
	},
	{
		"name":"shuang_json",
		"type":"json",
		"url":"effect/title/shuang.json"
	},
	{
		"name":"wasai_json",
		"type":"json",
		"url":"effect/title/wasai.json"
	},
	{
		"name":"wuyilunbi_json",
		"type":"json",
		"url":"effect/title/wuyilunbi.json"
	},
	{
		"name":"jingcaijuelun_json",
		"type":"json",
		"url":"effect/title/jingcaijuelun.json"
	},
	{
		"name":"successbudgetelement2_json",
		"type":"json",
		"url":"effect/gameSettlement/successbudgetelement2.json"
	},
	{
		"name":"default_effect_json",
		"type":"json",
		"url":"effect/default_effect.json"
	},
	{
		"name":"RankList_plist",
		"type":"bin",
		"url":"pages/allStage/RankList.plist"
	},
	{
		"name":"RankList_png",
		"type":"image",
		"url":"pages/allStage/RankList.png"
	},
	{
		"name":"clickeffects_json",
		"type":"json",
		"url":"effect/platform/clickeffects.json"
	},
	{
		"name":"popup_0_bg_png",
		"type":"image",
		"url":"pages/guide/popup_0_bg.png"
	},
	{
		"name":"popup_1_bg_png",
		"type":"image",
		"url":"pages/guide/popup_1_bg.png"
	},
	{
		"name":"popup_2_bg_png",
		"type":"image",
		"url":"pages/guide/popup_2_bg.png"
	},
	{
		"name":"popup_3_bg_png",
		"type":"image",
		"url":"pages/guide/popup_3_bg.png"
	},
	{
		"name":"popup_4_bg_png",
		"type":"image",
		"url":"pages/guide/popup_4_bg.png"
	},
	{
		"name":"popup_5_bg_png",
		"type":"image",
		"url":"pages/guide/popup_5_bg.png"
	},
	{
		"name":"popup_6_bg_png",
		"type":"image",
		"url":"pages/guide/popup_6_bg.png"
	},
	{
		"name":"popup_7_bg_png",
		"type":"image",
		"url":"pages/guide/popup_7_bg.png"
	},
	{
		"name":"popup_8_bg_png",
		"type":"image",
		"url":"pages/guide/popup_8_bg.png"
	},
	{
		"name":"popup_9_bg_png",
		"type":"image",
		"url":"pages/guide/popup_9_bg.png"
	},
	{
		"name":"popup_10_bg_png",
		"type":"image",
		"url":"pages/guide/popup_10_bg.png"
	},
	{
		"name":"popup_11_bg_png",
		"type":"image",
		"url":"pages/guide/popup_11_bg.png"
	},
	{
		"name":"waveeffectstop1_json",
		"type":"json",
		"url":"effect/obstacle/waveeffectstop1.json"
	},
	{
		"name":"waveeffectstop2_json",
		"type":"json",
		"url":"effect/obstacle/waveeffectstop2.json"
	},
	{
		"name":"wavePlist_plist",
		"type":"bin",
		"url":"effect/plist/wavePlist.plist"
	},
	{
		"name":"wavePlist_png",
		"type":"image",
		"url":"effect/plist/wavePlist.png"
	},
	{
		"name":"mmMap_plist",
		"type":"bin",
		"url":"pages/allStage/mmMap.plist"
	},
	{
		"name":"mmMap_png",
		"type":"image",
		"url":"pages/allStage/mmMap.png"
	},
	{
		"name":"waveebubbleffects_json",
		"type":"json",
		"url":"effect/obstacle/waveebubbleffects.json"
	},
	{
		"name":"number_gold_big_fnt",
		"type":"font",
		"url":"number/number_gold_big.fnt"
	},
	{
		"name":"point10_png",
		"type":"image",
		"url":"effect/common/point10.png"
	},
	{
		"name":"bubblefly_json",
		"type":"json",
		"url":"effect/obstacle/bubblefly.json"
	},
	{
		"name":"bubbleget_json",
		"type":"json",
		"url":"effect/obstacle/bubbleget.json"
	},
	{
		"name":"bubblehold_json",
		"type":"json",
		"url":"effect/obstacle/bubblehold.json"
	},
	{
		"name":"bubblebroken_json",
		"type":"json",
		"url":"effect/obstacle/bubblebroken.json"
	},
	{
		"name":"bubbleclick_json",
		"type":"json",
		"url":"effect/obstacle/bubbleclick.json"
	},
	{
		"name":"loginReward_plist",
		"type":"bin",
		"url":"pages/loginReward/loginReward.plist"
	},
	{
		"name":"loginReward_png",
		"type":"image",
		"url":"pages/loginReward/loginReward.png"
	},
	{
		"name":"CommRewardPool_json",
		"type":"json",
		"url":"config/CommRewardPool.bin.json"
	},
	{
		"name":"month_sign_reward_conf_json",
		"type":"json",
		"url":"config/month_sign_reward_conf.bin.json"
	},
	{
		"name":"iceAction2_json",
		"type":"json",
		"url":"effect/obstacle/iceAction2.json"
	},
	{
		"name":"boxAction2_json",
		"type":"json",
		"url":"effect/obstacle/boxAction2.json"
	},
	{
		"name":"boxAction3_json",
		"type":"json",
		"url":"effect/obstacle/boxAction3.json"
	},
	{
		"name":"boxAction4_json",
		"type":"json",
		"url":"effect/obstacle/boxAction4.json"
	},
	{
		"name":"giftget_json",
		"type":"json",
		"url":"effect/platform/giftget.json"
	},
	{
		"name":"giftlight_json",
		"type":"json",
		"url":"effect/platform/giftlight.json"
	},
	{
		"name":"PlistReward_plist",
		"type":"bin",
		"url":"effect/plist/PlistReward.plist"
	},
	{
		"name":"PlistReward_png",
		"type":"image",
		"url":"effect/plist/PlistReward.png"
	},
	{
		"name":"giftshine_json",
		"type":"json",
		"url":"effect/platform/giftshine.json"
	},
	{
		"name":"candybroken_json",
		"type":"json",
		"url":"effect/obstacle/candybroken.json"
	},
	{
		"name":"cookiesbroken_json",
		"type":"json",
		"url":"effect/obstacle/cookiesbroken.json"
	},
	{
		"name":"giftup_json",
		"type":"json",
		"url":"effect/platform/giftup.json"
	},
	{
		"name":"lawn_json",
		"type":"json",
		"url":"effect/obstacle/lawn.json"
	},
	{
		"name":"cloudmask_json",
		"type":"json",
		"url":"effect/map/cloudmask.json"
	},
	{
		"name":"StarRewardPreview_plist",
		"type":"bin",
		"url":"pages/allStage/StarRewardPreview.plist"
	},
	{
		"name":"StarRewardPreview_png",
		"type":"image",
		"url":"pages/allStage/StarRewardPreview.png"
	},
	{
		"name":"map_conf_bin_json",
		"type":"json",
		"url":"config/map_conf.bin.json"
	},
	{
		"name":"MapStarRewardPool_bin_json",
		"type":"json",
		"url":"config/MapStarRewardPool.bin.json"
	},
	{
		"name":"send_heart_bg_png",
		"type":"image",
		"url":"pages/setting/send_heart_bg.png"
	},
	{
		"name":"send_heart_off_png",
		"type":"image",
		"url":"pages/setting/send_heart_off.png"
	},
	{
		"name":"send_heart_on_png",
		"type":"image",
		"url":"pages/setting/send_heart_on.png"
	},
	{
		"name":"send_heart_select_png",
		"type":"image",
		"url":"pages/setting/send_heart_select.png"
	},
	{
		"name":"cookiesbroken2_json",
		"type":"json",
		"url":"effect/obstacle/cookiesbroken2.json"
	},
	{
		"name":"Plist1_2_plist",
		"type":"bin",
		"url":"effect/plist/Plist1_2.plist"
	},
	{
		"name":"Plist1_2_png",
		"type":"image",
		"url":"effect/plist/Plist1_2.png"
	},
	{
		"name":"bottleaction2_json",
		"type":"json",
		"url":"effect/obstacle/bottleaction2.json"
	},
	{
		"name":"bottlecandyfly_json",
		"type":"json",
		"url":"effect/obstacle/bottlecandyfly.json"
	},
	{
		"name":"bottlecandyget_json",
		"type":"json",
		"url":"effect/obstacle/bottlecandyget.json"
	},
	{
		"name":"bottlehold_json",
		"type":"json",
		"url":"effect/obstacle/bottlehold.json"
	},
	{
		"name":"bottleaction1_json",
		"type":"json",
		"url":"effect/obstacle/bottleaction1.json"
	},
	{
		"name":"jelly3_json",
		"type":"json",
		"url":"effect/obstacle/jelly3.json"
	},
	{
		"name":"jelly4_json",
		"type":"json",
		"url":"effect/obstacle/jelly4.json"
	},
	{
		"name":"jelly1_json",
		"type":"json",
		"url":"effect/obstacle/jelly1.json"
	},
	{
		"name":"jelly2_json",
		"type":"json",
		"url":"effect/obstacle/jelly2.json"
	},
	{
		"name":"hellokittyget_json",
		"type":"json",
		"url":"effect/obstacle/hellokittyget.json"
	},
	{
		"name":"hellokittyaction_json",
		"type":"json",
		"url":"effect/obstacle/hellokittyaction.json"
	},
	{
		"name":"newbieGift_png",
		"type":"image",
		"url":"pages/newbieGift/newbieGift.png"
	},
	{
		"name":"NewUserPool_json",
		"type":"json",
		"url":"config/NewUserPool.bin.json"
	},
	{
		"name":"newbieGift_plist",
		"type":"bin",
		"url":"pages/newbieGift/newbieGift.plist"
	},
	{
		"name":"cloudface1move_json",
		"type":"json",
		"url":"effect/obstacle/cloudface1move.json"
	},
	{
		"name":"cloudface2broken_json",
		"type":"json",
		"url":"effect/obstacle/cloudface2broken.json"
	},
	{
		"name":"cloudface2hold_json",
		"type":"json",
		"url":"effect/obstacle/cloudface2hold.json"
	},
	{
		"name":"cloudface2move_json",
		"type":"json",
		"url":"effect/obstacle/cloudface2move.json"
	},
	{
		"name":"cloudface1broken1_json",
		"type":"json",
		"url":"effect/obstacle/cloudface1broken1.json"
	},
	{
		"name":"cloudface1broken2_json",
		"type":"json",
		"url":"effect/obstacle/cloudface1broken2.json"
	},
	{
		"name":"cloudface1hold_json",
		"type":"json",
		"url":"effect/obstacle/cloudface1hold.json"
	},
	{
		"name":"giftdiscoveraction1_json",
		"type":"json",
		"url":"effect/platform/giftdiscoveraction1.json"
	},
	{
		"name":"giftdiscoveraction2_json",
		"type":"json",
		"url":"effect/platform/giftdiscoveraction2.json"
	},
	{
		"name":"giftdiscover_json",
		"type":"json",
		"url":"effect/platform/giftdiscover.json"
	},
	{
		"name":"shareGift_png",
		"type":"image",
		"url":"pages/allStage/shareGift.png"
	},
	{
		"name":"shareGift_plist",
		"type":"bin",
		"url":"pages/allStage/shareGift.plist"
	},
	{
		"name":"newmap41_json",
		"type":"json",
		"url":"effect/map/newmap41.json"
	},
	{
		"name":"newmap42_json",
		"type":"json",
		"url":"effect/map/newmap42.json"
	},
	{
		"name":"newmap11_json",
		"type":"json",
		"url":"effect/map/newmap11.json"
	},
	{
		"name":"newmap12_json",
		"type":"json",
		"url":"effect/map/newmap12.json"
	},
	{
		"name":"newmap21_json",
		"type":"json",
		"url":"effect/map/newmap21.json"
	},
	{
		"name":"newmap22_json",
		"type":"json",
		"url":"effect/map/newmap22.json"
	},
	{
		"name":"newmap31_json",
		"type":"json",
		"url":"effect/map/newmap31.json"
	},
	{
		"name":"newmap32_json",
		"type":"json",
		"url":"effect/map/newmap32.json"
	},
	{
		"name":"newmap4_png",
		"type":"image",
		"url":"effect/plist/newmap4.png"
	},
	{
		"name":"newmap1_plist",
		"type":"bin",
		"url":"effect/plist/newmap1.plist"
	},
	{
		"name":"newmap1_png",
		"type":"image",
		"url":"effect/plist/newmap1.png"
	},
	{
		"name":"newmap2_plist",
		"type":"bin",
		"url":"effect/plist/newmap2.plist"
	},
	{
		"name":"newmap2_png",
		"type":"image",
		"url":"effect/plist/newmap2.png"
	},
	{
		"name":"newmap3_plist",
		"type":"bin",
		"url":"effect/plist/newmap3.plist"
	},
	{
		"name":"newmap3_png",
		"type":"image",
		"url":"effect/plist/newmap3.png"
	},
	{
		"name":"newmap4_plist",
		"type":"bin",
		"url":"effect/plist/newmap4.plist"
	},
	{
		"name":"mushroomlbroken_json",
		"type":"json",
		"url":"effect/obstacle/mushroomlbroken.json"
	},
	{
		"name":"mushroomlbulid_json",
		"type":"json",
		"url":"effect/obstacle/mushroomlbulid.json"
	},
	{
		"name":"mushroomlhold_json",
		"type":"json",
		"url":"effect/obstacle/mushroomlhold.json"
	},
	{
		"name":"mushroom1action_json",
		"type":"json",
		"url":"effect/obstacle/mushroom1action.json"
	},
	{
		"name":"mushroom1broken_json",
		"type":"json",
		"url":"effect/obstacle/mushroom1broken.json"
	},
	{
		"name":"mushroom1hold_json",
		"type":"json",
		"url":"effect/obstacle/mushroom1hold.json"
	},
	{
		"name":"mushroom2action_json",
		"type":"json",
		"url":"effect/obstacle/mushroom2action.json"
	},
	{
		"name":"mushroom2broken_json",
		"type":"json",
		"url":"effect/obstacle/mushroom2broken.json"
	},
	{
		"name":"mushroom2hold_json",
		"type":"json",
		"url":"effect/obstacle/mushroom2hold.json"
	},
	{
		"name":"mushroom3action_json",
		"type":"json",
		"url":"effect/obstacle/mushroom3action.json"
	},
	{
		"name":"mushroom3broken_json",
		"type":"json",
		"url":"effect/obstacle/mushroom3broken.json"
	},
	{
		"name":"mushroom3hold_json",
		"type":"json",
		"url":"effect/obstacle/mushroom3hold.json"
	},
	{
		"name":"mushroom4broken_json",
		"type":"json",
		"url":"effect/obstacle/mushroom4broken.json"
	},
	{
		"name":"newmapelament1_json",
		"type":"json",
		"url":"effect/map/newmapelament1.json"
	},
	{
		"name":"n_m_bkg_1_jpg",
		"type":"image",
		"url":"pages/allStage/newAllBkgImg/n_m_bkg_1.jpg"
	},
	{
		"name":"n_m_bkg_2_jpg",
		"type":"image",
		"url":"pages/allStage/newAllBkgImg/n_m_bkg_2.jpg"
	},
	{
		"name":"n_m_bkg_3_jpg",
		"type":"image",
		"url":"pages/allStage/newAllBkgImg/n_m_bkg_3.jpg"
	},
	{
		"name":"n_m_bkg_4_jpg",
		"type":"image",
		"url":"pages/allStage/newAllBkgImg/n_m_bkg_4.jpg"
	},
	{
		"name":"n_m_bkg_5_jpg",
		"type":"image",
		"url":"pages/allStage/newAllBkgImg/n_m_bkg_5.jpg"
	},
	{
		"name":"n_m_bkg_6_jpg",
		"type":"image",
		"url":"pages/allStage/newAllBkgImg/n_m_bkg_6.jpg"
	},
	{
		"name":"n_m_bkg_7_jpg",
		"type":"image",
		"url":"pages/allStage/newAllBkgImg/n_m_bkg_7.jpg"
	},
	{
		"name":"n_m_bkg_8_jpg",
		"type":"image",
		"url":"pages/allStage/newAllBkgImg/n_m_bkg_8.jpg"
	},
	{
		"name":"flauntPlist_plist",
		"type":"bin",
		"url":"pages/flaunt/flauntPlist.plist"
	},
	{
		"name":"flauntPlist_png",
		"type":"image",
		"url":"pages/flaunt/flauntPlist.png"
	},
	{
		"name":"waveelemennt_json",
		"type":"json",
		"url":"effect/obstacle/waveelemennt.json"
	},
	{
		"name":"number_stage_w_fnt",
		"type":"font",
		"url":"number/number_stage_w.fnt"
	},
	{
		"name":"number_stage_y_fnt",
		"type":"font",
		"url":"number/number_stage_y.fnt"
	},
	{
		"name":"arrow2_json",
		"type":"json",
		"url":"effect/prop/arrow2.json"
	},
	{
		"name":"guideDesktop_plist",
		"type":"bin",
		"url":"pages/guideDesktop/guideDesktop.plist"
	},
	{
		"name":"guideDesktop_png",
		"type":"image",
		"url":"pages/guideDesktop/guideDesktop.png"
	},
	{
		"name":"TaskCenter_plist",
		"type":"bin",
		"url":"pages/allStage/TaskCenter.plist"
	},
	{
		"name":"TaskCenter_png",
		"type":"image",
		"url":"pages/allStage/TaskCenter.png"
	},
	{
		"name":"taskView_plist",
		"type":"bin",
		"url":"pages/allStage/taskView.plist"
	},
	{
		"name":"taskView_png",
		"type":"image",
		"url":"pages/allStage/taskView.png"
	},
	{
		"name":"1yuan_plist",
		"type":"bin",
		"url":"pages/1yuan/1yuan.plist"
	},
	{
		"name":"1yuan_png",
		"type":"image",
		"url":"pages/1yuan/1yuan.png"
	},
	{
		"name":"EverydayActivityQuestElementConf_bin_json",
		"type":"json",
		"url":"config/EverydayActivityQuestElementConf.bin.json"
	},
	{
		"name":"EverydayActivityQuestRewardPool_bin_json",
		"type":"json",
		"url":"config/EverydayActivityQuestRewardPool.bin.json"
	},
	{
		"name":"ActQuestConf_bin_json",
		"type":"json",
		"url":"config/ActQuestConf.bin.json"
	},
	{
		"name":"ActQuestElementConf_bin_json",
		"type":"json",
		"url":"config/ActQuestElementConf.bin.json"
	},
	{
		"name":"ActQuestRewardPool_bin_json",
		"type":"json",
		"url":"config/ActQuestRewardPool.bin.json"
	},
	{
		"name":"number_brown_big_fnt",
		"type":"font",
		"url":"number/number_brown_big.fnt"
	},
	{
		"name":"number_brown_small_fnt",
		"type":"font",
		"url":"number/number_brown_small.fnt"
	},
	{
		"name":"miaowanresultcircle_json",
		"type":"json",
		"url":"effect/platform/miaowanresultcircle.json"
	},
	{
		"name":"miaowanresultcloud_json",
		"type":"json",
		"url":"effect/platform/miaowanresultcloud.json"
	},
	{
		"name":"miaowanresult_json",
		"type":"json",
		"url":"effect/platform/miaowanresult.json"
	},
	{
		"name":"dialog_plist",
		"type":"bin",
		"url":"pages/common/dialog.plist"
	},
	{
		"name":"dialog_png",
		"type":"image",
		"url":"pages/common/dialog.png"
	},
	{
		"name":"jumppass1_json",
		"type":"json",
		"url":"effect/platform/jumppass1.json"
	},
	{
		"name":"jumppass2_json",
		"type":"json",
		"url":"effect/platform/jumppass2.json"
	},
	{
		"name":"miaowancomplete_json",
		"type":"json",
		"url":"effect/platform/miaowancomplete.json"
	},
	{
		"name":"jumpStage_plist",
		"type":"bin",
		"url":"pages/jumpStage/jumpStage.plist"
	},
	{
		"name":"jumpStage_png",
		"type":"image",
		"url":"pages/jumpStage/jumpStage.png"
	},
	{
		"name":"flaunt1chushenruhua_json",
		"type":"json",
		"url":"effect/platform/flaunt1chushenruhua.json"
	},
	{
		"name":"flaunt2qiadaohaochu_json",
		"type":"json",
		"url":"effect/platform/flaunt2qiadaohaochu.json"
	},
	{
		"name":"flaunt3wuyulunbi_json",
		"type":"json",
		"url":"effect/platform/flaunt3wuyulunbi.json"
	},
	{
		"name":"number_white_blue_fnt",
		"type":"font",
		"url":"number/number_white_blue.fnt"
	},
	{
		"name":"jumppass3_json",
		"type":"json",
		"url":"effect/platform/jumppass3.json"
	},
	{
		"name":"weekMatchReward_plist",
		"type":"bin",
		"url":"pages/ativity/weekMatchReward.plist"
	},
	{
		"name":"weekMatchReward_png",
		"type":"image",
		"url":"pages/ativity/weekMatchReward.png"
	},
	{
		"name":"dialog_bg_merged_rule_png",
		"type":"image",
		"url":"pages/ativity/merged/dialog_bg_merged_rule.png"
	},
	{
		"name":"addCount_plist",
		"type":"bin",
		"url":"pages/ativity/addCount.plist"
	},
	{
		"name":"addCount_png",
		"type":"image",
		"url":"pages/ativity/addCount.png"
	},
	{
		"name":"weekMatch_plist",
		"type":"bin",
		"url":"pages/ativity/weekMatch.plist"
	},
	{
		"name":"weekMatch_png",
		"type":"image",
		"url":"pages/ativity/weekMatch.png"
	},
	{
		"name":"notifyGoOnline_plist",
		"type":"bin",
		"url":"pages/ativity/notifyGoOnline.plist"
	},
	{
		"name":"notifyGoOnline_png",
		"type":"image",
		"url":"pages/ativity/notifyGoOnline.png"
	},
	{
		"name":"share_conf_bin_json",
		"type":"json",
		"url":"config/share_conf.bin.json"
	},
	{
		"name":"flaunt_conf_bin_json",
		"type":"json",
		"url":"config/flaunt_conf.bin.json"
	},
	{
		"name":"FlauntRewardPool_bin_json",
		"type":"json",
		"url":"config/FlauntRewardPool.bin.json"
	},
	{
		"name":"OneyuanRewardPool_bin_json",
		"type":"json",
		"url":"config/OneyuanRewardPool.bin.json"
	},
	{
		"name":"bomb2click_json",
		"type":"json",
		"url":"effect/obstacle/bomb2click.json"
	},
	{
		"name":"bomb2drop_json",
		"type":"json",
		"url":"effect/obstacle/bomb2drop.json"
	},
	{
		"name":"bomb2hold_json",
		"type":"json",
		"url":"effect/obstacle/bomb2hold.json"
	},
	{
		"name":"bombbroken_json",
		"type":"json",
		"url":"effect/obstacle/bombbroken.json"
	},
	{
		"name":"bomb1clearup_json",
		"type":"json",
		"url":"effect/obstacle/bomb1clearup.json"
	},
	{
		"name":"bomb1click_json",
		"type":"json",
		"url":"effect/obstacle/bomb1click.json"
	},
	{
		"name":"bomb1drop_json",
		"type":"json",
		"url":"effect/obstacle/bomb1drop.json"
	},
	{
		"name":"bomb1hold_json",
		"type":"json",
		"url":"effect/obstacle/bomb1hold.json"
	},
	{
		"name":"bomb2clearup_json",
		"type":"json",
		"url":"effect/obstacle/bomb2clearup.json"
	},
	{
		"name":"stepscounterbroken_json",
		"type":"json",
		"url":"effect/obstacle/stepscounterbroken.json"
	},
	{
		"name":"stepscounterfly_json",
		"type":"json",
		"url":"effect/obstacle/stepscounterfly.json"
	},
	{
		"name":"conveyerin3_json",
		"type":"json",
		"url":"effect/obstacle/conveyerin3.json"
	},
	{
		"name":"conveyerout3_json",
		"type":"json",
		"url":"effect/obstacle/conveyerout3.json"
	},
	{
		"name":"ss_text_merged_jpg",
		"type":"image",
		"url":"pages/ativity/merged/ss_text_merged.jpg"
	},
	{
		"name":"un_ss_text_merged_jpg",
		"type":"image",
		"url":"pages/ativity/merged/un_ss_text_merged.jpg"
	},
	{
		"name":"EntranceGuideRewardPool_json",
		"type":"json",
		"url":"config/EntranceGuideRewardPool.json"
	},
	{
		"name":"weekmatch_rank_reward_conf_bin_json",
		"type":"json",
		"url":"config/weekmatch_rank_reward_conf.bin.json"
	},
	{
		"name":"dialog_bg_hex_crush_rule_png",
		"type":"image",
		"url":"pages/ativity/hexCrush/dialog_bg_hex_crush_rule.png"
	},
	{
		"name":"mergedWeekMatch_plist",
		"type":"bin",
		"url":"pages/ativity/merged/mergedWeekMatch.plist"
	},
	{
		"name":"mergedWeekMatch_png",
		"type":"image",
		"url":"pages/ativity/merged/mergedWeekMatch.png"
	},
	{
		"name":"hexCrushWeekMatch_plist",
		"type":"bin",
		"url":"pages/ativity/hexCrush/hexCrushWeekMatch.plist"
	},
	{
		"name":"hexCrushWeekMatch_png",
		"type":"image",
		"url":"pages/ativity/hexCrush/hexCrushWeekMatch.png"
	},
	{
		"name":"un_ss_title_jpg",
		"type":"image",
		"url":"pages/ativity/un_ss_title.jpg"
	},
	{
		"name":"ss_title_jpg",
		"type":"image",
		"url":"pages/ativity/ss_title.jpg"
	},
	{
		"name":"un_ss_text_hex_jpg",
		"type":"image",
		"url":"pages/ativity/hexCrush/un_ss_text_hex.jpg"
	},
	{
		"name":"ss_text_hex_jpg",
		"type":"image",
		"url":"pages/ativity/hexCrush/ss_text_hex.jpg"
	},
	{
		"name":"n_m_elem_9_png",
		"type":"image",
		"url":"pages/allStage/newElement/n_m_elem_9.png"
	},
	{
		"name":"n_m_elem_21_png",
		"type":"image",
		"url":"pages/allStage/newElement/n_m_elem_21.png"
	},
	{
		"name":"n_m_elem_41_png",
		"type":"image",
		"url":"pages/allStage/newElement/n_m_elem_41.png"
	},
	{
		"name":"n_m_elem_61_png",
		"type":"image",
		"url":"pages/allStage/newElement/n_m_elem_61.png"
	},
	{
		"name":"n_m_elem_71_png",
		"type":"image",
		"url":"pages/allStage/newElement/n_m_elem_71.png"
	},
	{
		"name":"n_m_elem_91_png",
		"type":"image",
		"url":"pages/allStage/newElement/n_m_elem_91.png"
	},
	{
		"name":"n_m_elem_99_png",
		"type":"image",
		"url":"pages/allStage/newElement/n_m_elem_99.png"
	},
	{
		"name":"n_m_elem_131_png",
		"type":"image",
		"url":"pages/allStage/newElement/n_m_elem_131.png"
	},
	{
		"name":"n_m_elem_151_png",
		"type":"image",
		"url":"pages/allStage/newElement/n_m_elem_151.png"
	},
	{
		"name":"n_m_elem_164_png",
		"type":"image",
		"url":"pages/allStage/newElement/n_m_elem_164.png"
	},
	{
		"name":"n_m_elem_181_png",
		"type":"image",
		"url":"pages/allStage/newElement/n_m_elem_181.png"
	},
	{
		"name":"n_m_elem_187_png",
		"type":"image",
		"url":"pages/allStage/newElement/n_m_elem_187.png"
	},
	{
		"name":"n_m_elem_204_png",
		"type":"image",
		"url":"pages/allStage/newElement/n_m_elem_204.png"
	},
	{
		"name":"n_m_elem_246_png",
		"type":"image",
		"url":"pages/allStage/newElement/n_m_elem_246.png"
	},
	{
		"name":"n_m_elem_258_png",
		"type":"image",
		"url":"pages/allStage/newElement/n_m_elem_258.png"
	},
	{
		"name":"n_m_elem_263_png",
		"type":"image",
		"url":"pages/allStage/newElement/n_m_elem_263.png"
	},
	{
		"name":"n_m_elem_342_png",
		"type":"image",
		"url":"pages/allStage/newElement/n_m_elem_342.png"
	},
	{
		"name":"new_element_panel_png",
		"type":"image",
		"url":"pages/allStage/newElement/new_element_panel.png"
	},
	{
		"name":"stageDetail_plist",
		"type":"bin",
		"url":"pages/allStage/stageDetail.plist"
	},
	{
		"name":"stageDetail_png",
		"type":"image",
		"url":"pages/allStage/stageDetail.png"
	},
	{
		"name":"gameSuccess_flaunt_btn_png",
		"type":"image",
		"url":"pages/gameSuccess/gameSuccess_flaunt_btn.png"
	},
	{
		"name":"stageProp_png",
		"type":"image",
		"url":"pages/allStage/stageProp.png"
	},
	{
		"name":"stageProp_plist",
		"type":"bin",
		"url":"pages/allStage/stageProp.plist"
	},
	{
		"name":"rank-group-guide-bg_png",
		"type":"image",
		"url":"pages/rankGroupGuide/rank-group-guide-bg.png"
	},
	{
		"name":"rank-group-guide-btn_png",
		"type":"image",
		"url":"pages/rankGroupGuide/rank-group-guide-btn.png"
	},
	{
		"name":"rank-group-guide-starbg_png",
		"type":"image",
		"url":"pages/rankGroupGuide/rank-group-guide-starbg.png"
	},
	{
		"name":"rank-group-guide-title_png",
		"type":"image",
		"url":"pages/rankGroupGuide/rank-group-guide-title.png"
	},
	{
		"name":"number_white_big_0_png",
		"type":"image",
		"url":"number/number_white_big_0.png"
	},
	{
		"name":"number_white_big_fnt",
		"type":"font",
		"url":"number/number_white_big.fnt"
	},
	{
		"name":"tb_heart_circle_png",
		"type":"image",
		"url":"pages/allStage/tb_heart_circle.png"
	},
	{
		"name":"pkrank_plist",
		"type":"bin",
		"url":"pages/pkrank/pkrank.plist"
	},
	{
		"name":"pkrank_png",
		"type":"image",
		"url":"pages/pkrank/pkrank.png"
	},
	{
		"name":"pkrank_bg_jpg",
		"type":"image",
		"url":"pages/pkrank/pkrank_bg.jpg"
	},
	{
		"name":"mr_words_djjx_png",
		"type":"image",
		"url":"pages/ringMatchResult/mr_words_djjx.png"
	},
	{
		"name":"challenge_mode_tips_png",
		"type":"image",
		"url":"pages/mainGame/challenge_mode_tips.png"
	}]
}