{"__type__":"cc.AnimationClip","_name":"Tank_Lvdai_idle01","_duration":0.6333333333333333,"sample":30,"wrapMode":2,"curveData":{"paths":{"Tank_henxian01":{"props":{"y":[{"frame":0,"value":23.4},{"frame":0.1,"value":32.4},{"frame":0.13333333333333333,"value":-31.2},{"frame":0.23333333333333334,"value":-23.1},{"frame":0.6333333333333333,"value":23.4}],"scaleY":[{"frame":0,"value":1},{"frame":0.1,"value":0.1},{"frame":0.23333333333333334,"value":1},{"frame":0.6333333333333333,"value":1}]}},"Tank_henxian02":{"props":{"y":[{"frame":0,"value":13.4},{"frame":0.1,"value":23.4},{"frame":0.2,"value":31.7},{"frame":0.23333333333333334,"value":-31.5},{"frame":0.3333333333333333,"value":-23.5},{"frame":0.6333333333333333,"value":13.4}],"scaleY":[{"frame":0,"value":1},{"frame":0.1,"value":1},{"frame":0.2,"value":0.1},{"frame":0.23333333333333334,"value":0.1},{"frame":0.3333333333333333,"value":1}]}},"Tank_henxian03":{"props":{"y":[{"frame":0,"value":1.3},{"frame":0.2,"value":23.4},{"frame":0.3,"value":31.7},{"frame":0.3333333333333333,"value":-31.8},{"frame":0.43333333333333335,"value":-23.4},{"frame":0.6333333333333333,"value":1.3}],"scaleY":[{"frame":0,"value":1},{"frame":0.2,"value":1},{"frame":0.3,"value":0.1},{"frame":0.3333333333333333,"value":0.1},{"frame":0.43333333333333335,"value":1}]}},"Tank_henxian04":{"props":{"y":[{"frame":0,"value":-10.5},{"frame":0.3,"value":23.4},{"frame":0.4,"value":31.8},{"frame":0.43333333333333335,"value":-31.5},{"frame":0.5333333333333333,"value":-24.9},{"frame":0.6333333333333333,"value":-10.5}],"scaleY":[{"frame":0,"value":1},{"frame":0.1,"value":0.5},{"frame":0.3,"value":1},{"frame":0.4,"value":0.1},{"frame":0.43333333333333335,"value":0.1},{"frame":0.5333333333333333,"value":1},{"frame":0.6333333333333333,"value":1}]}},"Tank_henxian05":{"props":{"scaleY":[{"frame":0,"value":1},{"frame":0.4,"value":1},{"frame":0.5,"value":0.1},{"frame":0.5333333333333333,"value":0.1},{"frame":0.6333333333333333,"value":1}],"y":[{"frame":0,"value":-21.5},{"frame":0.4,"value":23.4},{"frame":0.5,"value":31.9},{"frame":0.5333333333333333,"value":-31.7},{"frame":0.6333333333333333,"value":-21.5}]}},"Tank_henxian06":{"props":{"scaleY":[{"frame":0,"value":0.1},{"frame":0.1,"value":1},{"frame":0.5,"value":1},{"frame":0.6,"value":0.1},{"frame":0.6333333333333333,"value":0.1}],"y":[{"frame":0,"value":-31.5},{"frame":0.1,"value":-23.2},{"frame":0.5,"value":22.2},{"frame":0.6,"value":31.7},{"frame":0.6333333333333333,"value":-31.3}]}},"Tank_di_G":{"props":{}}}}}