{"__type__":"cc.AnimationClip","_name":"zidan_q","_duration":0.37,"sample":30,"wrapMode":2,"curveData":{"paths":{"tuowei":{"props":{"scaleY":[{"frame":0,"value":3.81},{"frame":0.1,"value":2.7},{"frame":0.16666666666666666,"value":3.81},{"frame":0.26666666666666666,"value":2.68},{"frame":0.36666666666666664,"value":3.81}],"scaleX":[{"frame":0,"value":1.02},{"frame":0.1,"value":1.14},{"frame":0.16666666666666666,"value":1.02},{"frame":0.26666666666666666,"value":1.14},{"frame":0.36666666666666664,"value":1.02}],"x":[{"frame":0.3333333333333333,"value":0}],"y":[{"frame":0.3333333333333333,"value":-13.5}]}},"zidan":{"props":{}},"tuowei2":{"props":{"scaleX":[{"frame":0,"value":1.55},{"frame":0.06666666666666667,"value":1.29},{"frame":0.16666666666666666,"value":1.55},{"frame":0.26666666666666666,"value":1.29},{"frame":0.36666666666666664,"value":1.55}],"scaleY":[{"frame":0,"value":1.55},{"frame":0.06666666666666667,"value":1.23},{"frame":0.16666666666666666,"value":1.55},{"frame":0.26666666666666666,"value":1.23},{"frame":0.36666666666666664,"value":1.55}],"y":[{"frame":0,"value":-55},{"frame":0.06666666666666667,"value":-44.2},{"frame":0.16666666666666666,"value":-55},{"frame":0.26666666666666666,"value":-44.2},{"frame":0.3333333333333333,"value":-47.8},{"frame":0.36666666666666664,"value":-55}],"x":[{"frame":0,"value":-0.9},{"frame":0.16666666666666666,"value":-0.9},{"frame":0.3333333333333333,"value":-0.9},{"frame":0.36666666666666664,"value":-0.9}]}},"tuowei3":{"props":{"scaleY":[{"frame":0,"value":1.16},{"frame":0.1,"value":1.32},{"frame":0.16666666666666666,"value":1.16},{"frame":0.3,"value":1.32},{"frame":0.36666666666666664,"value":1.16}],"scaleX":[{"frame":0,"value":1.1},{"frame":0.1,"value":1.25},{"frame":0.16666666666666666,"value":1.1},{"frame":0.3,"value":1.25},{"frame":0.36666666666666664,"value":1.1}],"opacity":[{"frame":0,"value":180},{"frame":0.1,"value":220},{"frame":0.16666666666666666,"value":180},{"frame":0.3,"value":220},{"frame":0.36666666666666664,"value":180}]}},"xing":{"props":{"x":[{"frame":0,"value":-3},{"frame":0.13333333333333333,"value":-7.8}],"y":[{"frame":0,"value":-40.3},{"frame":0.13333333333333333,"value":-97.6}],"scaleX":[{"frame":0,"value":0.85},{"frame":0.13333333333333333,"value":0.61}],"scaleY":[{"frame":0,"value":0.9},{"frame":0.13333333333333333,"value":0.64}],"opacity":[{"frame":0,"value":0},{"frame":0.03333333333333333,"value":255},{"frame":0.1,"value":255},{"frame":0.13333333333333333,"value":0}],"rotation":[{"frame":0.1,"value":67}]}},"xing1":{"props":{"rotation":[{"frame":0.13333333333333333,"value":175}],"scaleX":[{"frame":0.13333333333333333,"value":0.67},{"frame":0.3,"value":0.5}],"scaleY":[{"frame":0.13333333333333333,"value":0.71},{"frame":0.3,"value":0.53}],"x":[{"frame":0.13333333333333333,"value":1.2},{"frame":0.3,"value":1.8}],"y":[{"frame":0.13333333333333333,"value":-22.3},{"frame":0.3,"value":-108.9}],"opacity":[{"frame":0.13333333333333333,"value":0},{"frame":0.2,"value":255},{"frame":0.26666666666666666,"value":255},{"frame":0.3,"value":0}]}}},"props":{}}}