{"__type__":"cc.AnimationClip","_name":"jiaxue_2","_duration":1.1833333333333333,"wrapMode":0,"curveData":{"paths":{"jiaxue":{"props":{"scaleX":[{"frame":0.11666666666666667,"value":0.49},{"frame":0.3,"value":1.88},{"frame":0.9166666666666666,"value":2.3}],"scaleY":[{"frame":0.11666666666666667,"value":0.49},{"frame":0.3,"value":1.88},{"frame":0.9166666666666666,"value":2.3}],"opacity":[{"frame":0.11666666666666667,"value":0},{"frame":0.3,"value":253},{"frame":0.9166666666666666,"value":0}]}},"jiaxue2":{"props":{"scaleY":[{"frame":0.08333333333333333,"value":0.4},{"frame":0.3,"value":0.6},{"frame":1.05,"value":0.29}],"scaleX":[{"frame":0.08333333333333333,"value":0.4},{"frame":0.3,"value":0.6},{"frame":1.05,"value":0.29}],"y":[{"frame":0.08333333333333333,"value":-16},{"frame":0.3,"value":12},{"frame":1.05,"value":43}],"x":[{"frame":0.08333333333333333,"value":-23},{"frame":0.3,"value":-28},{"frame":1.05,"value":-29}],"opacity":[{"frame":0.08333333333333333,"value":0},{"frame":0.1,"value":255},{"frame":1.05,"value":255},{"frame":1.0833333333333333,"value":0}]}},"jiaxue3":{"props":{"scaleX":[{"frame":0.05,"value":2.4},{"frame":0.23333333333333334,"value":2.64},{"frame":0.7833333333333333,"value":3.04},{"frame":0.7833333333333333,"value":1.91}],"scaleY":[{"frame":0.05,"value":2.4},{"frame":0.23333333333333334,"value":2.64},{"frame":0.7833333333333333,"value":3.04},{"frame":0.7833333333333333,"value":1.91}],"opacity":[{"frame":0.016666666666666666,"value":0},{"frame":0.05,"value":56},{"frame":0.23333333333333334,"value":100},{"frame":0.7833333333333333,"value":0}]}},"jiaxue4":{"props":{"scaleX":[{"frame":0.15,"value":0.36},{"frame":0.43333333333333335,"value":0.55},{"frame":1.05,"value":0.44}],"scaleY":[{"frame":0.15,"value":0.36},{"frame":0.43333333333333335,"value":0.55},{"frame":1.05,"value":0.44}],"y":[{"frame":0.15,"value":-16},{"frame":0.43333333333333335,"value":4},{"frame":1.05,"value":26}],"x":[{"frame":0.15,"value":30},{"frame":0.43333333333333335,"value":35},{"frame":1.05,"value":30}],"opacity":[{"frame":0.11666666666666667,"value":0},{"frame":0.15,"value":255},{"frame":1.0333333333333334,"value":255},{"frame":1.0833333333333333,"value":0}]}},"jiaxue5":{"props":{"scaleY":[{"frame":0.38333333333333336,"value":0.96},{"frame":1.15,"value":0.38}],"scaleX":[{"frame":0.38333333333333336,"value":0.96},{"frame":1.15,"value":0.38}],"x":[{"frame":0.21666666666666667,"value":-2},{"frame":0.38333333333333336,"value":-2},{"frame":0.6,"value":-2},{"frame":1.15,"value":-2}],"y":[{"frame":0.21666666666666667,"value":-22},{"frame":0.38333333333333336,"value":3},{"frame":0.6,"value":20.105263157894733},{"frame":1.15,"value":53}],"opacity":[{"frame":0.2,"value":0},{"frame":0.23333333333333334,"value":255},{"frame":1.15,"value":255},{"frame":1.1833333333333333,"value":0}]}}}}}