[{"__type__":"cc.Prefab","_name":"Tank_Y","data":{"__id__":1},"asyncLoadAssets":false},{"__type__":"cc.Node","_name":"Tank_Y","_children":[{"__id__":2}],"_components":[{"__type__":"cc.Animation","node":{"__id__":1},"_defaultClip":{"__uuid__":"f36ysosrRK47uCOraPea33"},"_clips":[{"__uuid__":"eaIFxZgZFISosIIoKPhGfh"},{"__uuid__":"f36ysosrRK47uCOraPea33"}],"playOnLoad":true}],"_prefab":{"__type__":"cc.PrefabInfo","root":{"__id__":1},"asset":{"__uuid__":"7b+zTujMRFn5JWmO72Tegh"},"fileId":"e0M1goa+tLJL11MrdWV/oW"}},{"__type__":"cc.Node","_name":"Tank_group","_parent":{"__id__":1},"_children":[{"__id__":3},{"__id__":4}],"_prefab":{"__type__":"cc.PrefabInfo","root":{"__id__":1},"asset":{"__uuid__":"7b+zTujMRFn5JWmO72Tegh"},"fileId":"d9F9aQWM1Odp0VGlM2DAzL"},"_position":{"__type__":"cc.Vec2","y":-3.8}},{"__type__":"cc.Node","_name":"Tank_pao","_parent":{"__id__":2},"_components":[{"__type__":"cc.Sprite","node":{"__id__":3}}],"_prefab":{"__type__":"cc.PrefabInfo","root":{"__id__":1},"asset":{"__uuid__":"7b+zTujMRFn5JWmO72Tegh"},"fileId":"f451Qs629D8LdPZ0mD0Xqm"},"_anchorPoint":{"__type__":"cc.Vec2","x":0.5},"_contentSize":{"__type__":"cc.Size","width":17,"height":26},"_position":{"__type__":"cc.Vec2","y":23}},{"__type__":"cc.Node","_name":"Tank_gaizi","_parent":{"__id__":2},"_components":[{"__type__":"cc.Sprite","node":{"__id__":4}}],"_prefab":{"__type__":"cc.PrefabInfo","root":{"__id__":1},"asset":{"__uuid__":"7b+zTujMRFn5JWmO72Tegh"},"fileId":"30guy8EQ9FFIK87jP7RZEO"},"_contentSize":{"__type__":"cc.Size","width":47,"height":53},"_position":{"__type__":"cc.Vec2","y":3.8}}]