{"__type__":"cc.AnimationClip","_name":"Logo_yun_ani01","_duration":4,"wrapMode":2,"curveData":{"paths":{"N_Logo_yuna04":{"props":{"x":[{"frame":0,"value":149},{"frame":1.9833333333333334,"value":141.3},{"frame":4,"value":149}],"y":[{"frame":0,"value":13},{"frame":1,"value":16.4},{"frame":1.9833333333333334,"value":13.9},{"frame":3,"value":11.4},{"frame":4,"value":13}]}},"N_Logo_yuna02":{"props":{"x":[{"frame":0,"value":345},{"frame":1,"value":352},{"frame":2,"value":345},{"frame":3,"value":337},{"frame":4,"value":345}],"y":[{"frame":0,"value":-65},{"frame":1,"value":-55},{"frame":2,"value":-45},{"frame":3,"value":-55},{"frame":4,"value":-65}]}},"N_Logo_yuna01":{"props":{"x":[{"frame":0,"value":-28},{"frame":2,"value":-13},{"frame":4,"value":-28}],"y":[{"frame":0,"value":188},{"frame":1,"value":196},{"frame":3,"value":181},{"frame":4,"value":188}]}},"N_Logo_yuna03":{"props":{"x":[{"frame":0,"value":44},{"frame":2,"value":44},{"frame":4,"value":44}],"y":[{"frame":0,"value":137},{"frame":1.0166666666666666,"value":142},{"frame":2,"value":147},{"frame":3,"value":142},{"frame":4,"value":137}]}},"N_Logo_yunb01":{"props":{"x":[{"frame":0,"value":1196},{"frame":1.9833333333333334,"value":1180},{"frame":4,"value":1196}],"y":[{"frame":0,"value":280},{"frame":1,"value":271},{"frame":1.9833333333333334,"value":280},{"frame":3,"value":294},{"frame":4,"value":280}]}},"N_Logo_yunb02":{"props":{"x":[{"frame":0,"value":1323},{"frame":1,"value":1315},{"frame":3,"value":1333},{"frame":4,"value":1323}],"y":[{"frame":0,"value":312},{"frame":1.9833333333333334,"value":291},{"frame":4,"value":312}]}},"N_Logo_yunb03":{"props":{"x":[{"frame":0,"value":1326},{"frame":1,"value":1320},{"frame":3,"value":1332},{"frame":4,"value":1326}],"y":[{"frame":0,"value":219},{"frame":1.9833333333333334,"value":239},{"frame":4,"value":219}]}},"N_Logo_yunb05":{"props":{"x":[{"frame":0,"value":1168},{"frame":1,"value":1180},{"frame":3,"value":1162},{"frame":4,"value":1168}],"y":[{"frame":0,"value":124},{"frame":1.9833333333333334,"value":139},{"frame":4,"value":124}]}},"N_Logo_yunb04":{"props":{"x":[{"frame":0,"value":1056},{"frame":1,"value":1074},{"frame":3,"value":1041},{"frame":4,"value":1056}],"y":[{"frame":0,"value":-9},{"frame":1.9833333333333334,"value":-25},{"frame":4,"value":-9}]}}}}}