[{"__type__":"cc.SpriteFrame","content":{"name":"jiaxue02","texture":"20wkx7r05LO5L2PvQg5zW3","rect":[609,447,44,44],"offset":[0,0],"originalSize":[44,44]}},{"__type__":"cc.SpriteFrame","content":{"name":"glow1","texture":"20wkx7r05LO5L2PvQg5zW3","rect":[958,138,62,62],"offset":[0,0],"originalSize":[64,64]}},[{"__type__":"cc.Prefab","_name":"jiaxue_2","data":{"__id__":1},"asyncLoadAssets":false},{"__type__":"cc.Node","_name":"jiaxue_2","_children":[{"__id__":2},{"__id__":3},{"__id__":4},{"__id__":5},{"__id__":6}],"_components":[{"__id__":7},{"__type__":"5f78867I45Ho4XUIjr0GHcB","node":{"__id__":1},"animationCtrl":{"__id__":7}}],"_prefab":{"__type__":"cc.PrefabInfo","root":{"__id__":1},"asset":{"__uuid__":"8ejYsh0I1FWaB18SRhJkT7"},"fileId":"a8c3KgdGlHv4fkefZJuDC2"}},{"__type__":"cc.Node","_name":"jiaxue","_parent":{"__id__":1},"_components":[{"__type__":"cc.Sprite","node":{"__id__":2},"_spriteFrame":{"__uuid__":"3eUcydxTJMCrwfBgQyg7gN"}}],"_prefab":{"__type__":"cc.PrefabInfo","root":{"__id__":1},"asset":{"__uuid__":"8ejYsh0I1FWaB18SRhJkT7"},"fileId":"4cTza+TGFIX7IUXFDCkc0q"},"_contentSize":{"__type__":"cc.Size","width":44,"height":44}},{"__type__":"cc.Node","_name":"jiaxue2","_parent":{"__id__":1},"_components":[{"__type__":"cc.Sprite","node":{"__id__":3},"_spriteFrame":{"__uuid__":"3eUcydxTJMCrwfBgQyg7gN"}}],"_prefab":{"__type__":"cc.PrefabInfo","root":{"__id__":1},"asset":{"__uuid__":"8ejYsh0I1FWaB18SRhJkT7"},"fileId":"be2JFwXzpAUaSOAXWujvJn"},"_contentSize":{"__type__":"cc.Size","width":44,"height":44}},{"__type__":"cc.Node","_name":"jiaxue4","_parent":{"__id__":1},"_components":[{"__type__":"cc.Sprite","node":{"__id__":4},"_spriteFrame":{"__uuid__":"3eUcydxTJMCrwfBgQyg7gN"}}],"_prefab":{"__type__":"cc.PrefabInfo","root":{"__id__":1},"asset":{"__uuid__":"8ejYsh0I1FWaB18SRhJkT7"},"fileId":"5fD9eyGgNGHLi6BoFSPb62"},"_contentSize":{"__type__":"cc.Size","width":44,"height":44}},{"__type__":"cc.Node","_name":"jiaxue5","_parent":{"__id__":1},"_components":[{"__type__":"cc.Sprite","node":{"__id__":5},"_spriteFrame":{"__uuid__":"3eUcydxTJMCrwfBgQyg7gN"}}],"_prefab":{"__type__":"cc.PrefabInfo","root":{"__id__":1},"asset":{"__uuid__":"8ejYsh0I1FWaB18SRhJkT7"},"fileId":"489rkn98tMeYSg5U5rn4XB"},"_contentSize":{"__type__":"cc.Size","width":44,"height":44}},{"__type__":"cc.Node","_name":"jiaxue3","_parent":{"__id__":1},"_components":[{"__type__":"cc.Sprite","node":{"__id__":6},"_spriteFrame":{"__uuid__":"43qfi+hJVNd4FdjRtQMoB4"}}],"_prefab":{"__type__":"cc.PrefabInfo","root":{"__id__":1},"asset":{"__uuid__":"8ejYsh0I1FWaB18SRhJkT7"},"fileId":"5cKx5KlTND1Lecffw/7Jmj"},"_color":{"__type__":"cc.Color","r":255,"g":212,"b":120},"_contentSize":{"__type__":"cc.Size","width":62,"height":62},"_scaleX":2.33,"_scaleY":2.33},{"__type__":"cc.Animation","node":{"__id__":1},"_defaultClip":{"__uuid__":"7bhhtJICVEgak4KFt7EZZk"},"_clips":[{"__uuid__":"7bhhtJICVEgak4KFt7EZZk"}]}]]