[{"__type__":"cc.SpriteFrame","content":{"name":"UI_fire02_3","texture":"20wkx7r05LO5L2PvQg5zW3","rect":[328,886,101,39],"offset":[-1,-1],"originalSize":[113,45]}},[{"__type__":"cc.Prefab","_name":"Fire02_M","data":{"__id__":1},"asyncLoadAssets":false},{"__type__":"cc.Node","_name":"Fire02_M","_children":[{"__id__":2}],"_components":[{"__type__":"5f78867I45Ho4XUIjr0GHcB","node":{"__id__":1},"positionNode":{"__id__":1}}],"_prefab":{"__type__":"cc.PrefabInfo","root":{"__id__":1},"asset":{"__uuid__":"62kpgsRspCGaZkGi0OSuT3"},"fileId":"5bNPSbnXRFpaUKUfapuxyb"}},{"__type__":"cc.Node","_name":"Fire02UI","_parent":{"__id__":1},"_children":[{"__id__":3}],"_prefab":{"__type__":"cc.PrefabInfo","root":{"__id__":1},"asset":{"__uuid__":"62kpgsRspCGaZkGi0OSuT3"},"fileId":"4b1IYXxgtPEa4w9dnyxdIC"},"_scaleX":1.3,"_scaleY":1.3,"_position":{"__type__":"cc.Vec2","y":106}},{"__type__":"cc.Node","_name":"3","_parent":{"__id__":2},"_components":[{"__type__":"cc.Sprite","node":{"__id__":3},"_spriteFrame":{"__uuid__":"57/KsPms1Jnr3PuO4tlWhf"}}],"_prefab":{"__type__":"cc.PrefabInfo","root":{"__id__":1},"asset":{"__uuid__":"62kpgsRspCGaZkGi0OSuT3"},"fileId":"b2gqGpaHtL96W1Muu+bnKy"},"_contentSize":{"__type__":"cc.Size","width":101,"height":39},"_position":{"__type__":"cc.Vec2","y":2.3}}]]