[[{"__type__":"cc.Prefab","_name":"Player_yinshen_L","data":{"__id__":1},"asyncLoadAssets":false},{"__type__":"cc.Node","_name":"Player_yinshen_L","_components":[{"__type__":"cc.Sprite","node":{"__id__":1},"_spriteFrame":{"__uuid__":"691Erz3zdG+44bQMT/uDxW"}},{"__type__":"5f78867I45Ho4XUIjr0GHcB","node":{"__id__":1},"rotationFlow":true}],"_prefab":{"__type__":"cc.PrefabInfo","root":{"__id__":1},"asset":{"__uuid__":"1bc+OpowVGDL2H5Nq81ZIU"},"fileId":"8b8eaQjwNDgLXsoqF4BUc0"},"_opacity":50,"_contentSize":{"__type__":"cc.Size","width":73,"height":82},"_position":{"__type__":"cc.Vec2","y":4}}],{"__type__":"cc.SpriteFrame","content":{"name":"yinshen","texture":"20wkx7r05LO5L2PvQg5zW3","rect":[428,1111,73,82],"offset":[0,0],"originalSize":[81,88]}}]