[{"__type__":"cc.SpriteFrame","content":{"name":"tittleTWO","texture":"92Sm5Njr5DmbN6OVcGgpwj","rect":[3,3,578,58],"offset":[0,0],"originalSize":[578,58]}},{"__type__":"cc.SpriteFrame","content":{"name":"singleColor","texture":"92Sm5Njr5DmbN6OVcGgpwj","rect":[813,167,32,32],"offset":[0,0],"originalSize":[32,32]}},{"__type__":"cc.SpriteFrame","content":{"name":"Logo_qiu","texture":"92Sm5Njr5DmbN6OVcGgpwj","rect":[814,122,25,25],"offset":[0,0],"originalSize":[25,25]}},{"__type__":"cc.SpriteFrame","content":{"name":"title","texture":"92Sm5Njr5DmbN6OVcGgpwj","rect":[3,62,506,58],"offset":[0,0],"originalSize":[506,58]}},{"__type__":"cc.SpriteFrame","content":{"name":"Logo_shi","texture":"92Sm5Njr5DmbN6OVcGgpwj","rect":[510,62,40,41],"offset":[0,0],"originalSize":[42,41]}},{"__type__":"cc.SpriteFrame","content":{"name":"btn","texture":"92Sm5Njr5DmbN6OVcGgpwj","rect":[371,942,176,74],"offset":[0,0],"originalSize":[176,74]}},{"__type__":"cc.SpriteFrame","content":{"name":"Logo_xl01","texture":"92Sm5Njr5DmbN6OVcGgpwj","rect":[814,89,29,32],"offset":[-53,-149],"originalSize":[185,330]}},{"__type__":"cc.SpriteFrame","content":{"name":"Logo_gong","texture":"92Sm5Njr5DmbN6OVcGgpwj","rect":[771,131,42,35],"offset":[0,-1],"originalSize":[42,41]}},{"__type__":"cc.SpriteFrame","content":{"name":"Logo_banquan","texture":"92Sm5Njr5DmbN6OVcGgpwj","rect":[3,121,443,41],"offset":[0,0],"originalSize":[445,45]}},{"__type__":"cc.SpriteFrame","content":{"name":"Logo_yingwen","texture":"92Sm5Njr5DmbN6OVcGgpwj","rect":[582,3,263,12],"offset":[0,0],"originalSize":[263,12]}},{"__type__":"cc.SpriteFrame","content":{"name":"Logo_guangzi","texture":"92Sm5Njr5DmbN6OVcGgpwj","rect":[923,864,84,39],"offset":[0,0],"originalSize":[84,41]}},{"__type__":"cc.SpriteFrame","content":{"name":"Logo_qun","texture":"92Sm5Njr5DmbN6OVcGgpwj","rect":[771,89,42,41],"offset":[0,0],"originalSize":[42,41]}},{"__type__":"cc.SpriteFrame","content":{"name":"Logo_zuo","texture":"92Sm5Njr5DmbN6OVcGgpwj","rect":[771,167,41,41],"offset":[0,0],"originalSize":[43,41]}},{"__type__":"cc.SpriteFrame","content":{"name":"diban","texture":"92Sm5Njr5DmbN6OVcGgpwj","rect":[582,16,188,188],"offset":[0,0],"originalSize":[188,188],"capInsets":[71,30,65,54]}},[{"__type__":"cc.SceneAsset","_name":"ResUpdateScene","scene":{"__id__":1},"asyncLoadAssets":false},{"__type__":"cc.Scene","_name":"New Node","_children":[{"__id__":2}],"_anchorPoint":{"__type__":"cc.Vec2"},"autoReleaseAssets":false},{"__type__":"cc.Node","_name":"ResUpdateCanvas","_parent":{"__id__":1},"_children":[{"__id__":3},{"__id__":5},{"__id__":15}],"_components":[{"__type__":"cc.Canvas","node":{"__id__":2},"_designResolution":{"__type__":"cc.Size","width":1344,"height":750},"_fitWidth":true,"_fitHeight":false},{"__type__":"690a61aHrdF2ZCaG5/EvC5j","node":{"__id__":2},"Title":{"__id__":4},"CDTime":2.7,"studioBg":{"__uuid__":"2e2ADTfx5AIJsXLmt9tB3h"},"tipsMsgBox":{"__id__":25}},{"__id__":25}],"_id":"c2McSwYNJE8ZPSGppoOA+v","_contentSize":{"__type__":"cc.Size","width":1344,"height":750},"_position":{"__type__":"cc.Vec2","x":672,"y":375}},{"__type__":"cc.Node","_name":"Title","_parent":{"__id__":2},"_components":[{"__id__":4}],"_contentSize":{"__type__":"cc.Size","width":200,"height":60},"_position":{"__type__":"cc.Vec2","x":2,"y":17}},{"__type__":"cc.Label","node":{"__id__":3},"_useOriginalSize":false,"_lineHeight":60,"_N$string":"资源检查中","_N$horizontalAlign":1,"_N$verticalAlign":1},{"__type__":"cc.Node","_name":"LQLogoUI","_parent":{"__id__":2},"_children":[{"__id__":6},{"__id__":7},{"__id__":8},{"__id__":9},{"__id__":10},{"__id__":11},{"__id__":12},{"__id__":13},{"__id__":14}],"_components":[{"__type__":"cc.Animation","node":{"__id__":5},"_defaultClip":{"__uuid__":"88TXE+HMhNiL4wTaWl8Oqq"},"_clips":[{"__uuid__":"88TXE+HMhNiL4wTaWl8Oqq"}],"playOnLoad":true},{"__type__":"cc.Widget","node":{"__id__":5},"_alignFlags":45,"_left":-20,"_right":-20,"_top":-20,"_bottom":-20},{"__type__":"cc.Sprite","node":{"__id__":5},"_spriteFrame":{"__uuid__":"22P39XottLqYfnK9ODyxEn"},"_sizeMode":0}],"_contentSize":{"__type__":"cc.Size","width":1384,"height":790}},{"__type__":"cc.Node","_name":"Logo_banquan","_parent":{"__id__":5},"_components":[{"__type__":"cc.Sprite","node":{"__id__":6},"_spriteFrame":{"__uuid__":"cdxTw3jq1NpLa9CnTwwYGs"}}],"_contentSize":{"__type__":"cc.Size","width":443,"height":41},"_position":{"__type__":"cc.Vec2","x":2,"y":-303}},{"__type__":"cc.Node","_name":"Logo_yingwen","_parent":{"__id__":5},"_components":[{"__type__":"cc.Sprite","node":{"__id__":7},"_spriteFrame":{"__uuid__":"d2lhGbMHZIHoqxSR6Lac9B"}}],"_contentSize":{"__type__":"cc.Size","width":263,"height":12},"_position":{"__type__":"cc.Vec2","x":3,"y":-190}},{"__type__":"cc.Node","_name":"Logo_guangzi","_parent":{"__id__":5},"_components":[{"__type__":"cc.Sprite","node":{"__id__":8},"_spriteFrame":{"__uuid__":"d6SSR/8VlE8oVx+wIwY68U"}}],"_contentSize":{"__type__":"cc.Size","width":84,"height":39},"_position":{"__type__":"cc.Vec2","x":-80,"y":-151}},{"__type__":"cc.Node","_name":"Logo_gong","_parent":{"__id__":5},"_components":[{"__type__":"cc.Sprite","node":{"__id__":9},"_spriteFrame":{"__uuid__":"c1G9YBJMNGuIywZXiZ59iS"}}],"_contentSize":{"__type__":"cc.Size","width":42,"height":35},"_position":{"__type__":"cc.Vec2","x":-18,"y":-152}},{"__type__":"cc.Node","_name":"Logo_zuo","_parent":{"__id__":5},"_components":[{"__type__":"cc.Sprite","node":{"__id__":10},"_spriteFrame":{"__uuid__":"e3kLoWhoJAfpT+5l1qUAlx"}}],"_contentSize":{"__type__":"cc.Size","width":41,"height":41},"_position":{"__type__":"cc.Vec2","x":24,"y":-151}},{"__type__":"cc.Node","_name":"Logo_shi","_parent":{"__id__":5},"_components":[{"__type__":"cc.Sprite","node":{"__id__":11},"_spriteFrame":{"__uuid__":"a6TUjy2khCXr2IKOSQQSO5"}}],"_contentSize":{"__type__":"cc.Size","width":40,"height":41},"_position":{"__type__":"cc.Vec2","x":66,"y":-151}},{"__type__":"cc.Node","_name":"Logo_qun","_parent":{"__id__":5},"_components":[{"__type__":"cc.Sprite","node":{"__id__":12},"_spriteFrame":{"__uuid__":"dalGBogtRD66Gtu4hcf+C/"}}],"_contentSize":{"__type__":"cc.Size","width":42,"height":41},"_position":{"__type__":"cc.Vec2","x":108,"y":-151}},{"__type__":"cc.Node","_name":"Logo_qiu","_parent":{"__id__":5},"_components":[{"__type__":"cc.Sprite","node":{"__id__":13},"_spriteFrame":{"__uuid__":"673Ir5cqlAkbPzE3jhpC/V"}}],"_contentSize":{"__type__":"cc.Size","width":25,"height":25},"_position":{"__type__":"cc.Vec2","x":-70,"y":-86}},{"__type__":"cc.Node","_name":"Logo_XL","_parent":{"__id__":5},"_components":[{"__type__":"cc.Sprite","node":{"__id__":14},"_spriteFrame":{"__uuid__":"a8zAxEgb9Gh6m7kXiIGkKu"},"_sizeMode":2,"_isTrimmedMode":false}],"_contentSize":{"__type__":"cc.Size","width":185,"height":330},"_position":{"__type__":"cc.Vec2","x":5.6,"y":98.4}},{"__type__":"cc.Node","_name":"TipsMsgBox","_parent":{"__id__":2},"_children":[{"__id__":16},{"__id__":22}],"_components":[{"__type__":"cc.Widget","node":{"__id__":15},"isAlignOnce":false,"_alignFlags":45}],"_contentSize":{"__type__":"cc.Size","width":1344,"height":750}},{"__type__":"cc.Node","_name":"Bk2","_parent":{"__id__":15},"_children":[{"__id__":17},{"__id__":18},{"__id__":19},{"__id__":20}],"_components":[{"__type__":"cc.Sprite","node":{"__id__":16},"_spriteFrame":{"__uuid__":"e8Ype96LhE/I42VKm4Z/X8"},"_type":1,"_sizeMode":0}],"_anchorPoint":{"__type__":"cc.Vec2","x":0.5,"y":1},"_contentSize":{"__type__":"cc.Size","width":690,"height":400},"_position":{"__type__":"cc.Vec2","x":4,"y":205}},{"__type__":"cc.Node","_name":"_0002_titletwo","_parent":{"__id__":16},"_components":[{"__type__":"cc.Sprite","node":{"__id__":17},"_spriteFrame":{"__uuid__":"15FsH88o1MubjEHEmzFZJp"},"_sizeMode":0}],"_anchorPoint":{"__type__":"cc.Vec2","x":0.5,"y":1},"_contentSize":{"__type__":"cc.Size","width":680,"height":70},"_position":{"__type__":"cc.Vec2","y":2}},{"__type__":"cc.Node","_name":"_0001_title","_parent":{"__id__":16},"_components":[{"__type__":"cc.Sprite","node":{"__id__":18},"_spriteFrame":{"__uuid__":"85ZCLxUiBAl7E2FJvCL3Lm"},"_sizeMode":0}],"_anchorPoint":{"__type__":"cc.Vec2","x":0.5,"y":1},"_contentSize":{"__type__":"cc.Size","width":600,"height":62},"_position":{"__type__":"cc.Vec2","x":-40,"y":-14.4}},{"__type__":"cc.Node","_name":"Title","_parent":{"__id__":16},"_components":[{"__type__":"cc.Label","node":{"__id__":19},"_useOriginalSize":false,"_actualFontSize":22,"_fontSize":22,"_N$string":"提示","_N$horizontalAlign":1,"_N$verticalAlign":1},{"__type__":"cc.LabelOutline","node":{"__id__":19},"_color":{"__type__":"cc.Color","r":115,"g":59,"b":36},"_width":0.5}],"_color":{"__type__":"cc.Color","r":115,"g":59,"b":36},"_contentSize":{"__type__":"cc.Size","width":45,"height":40},"_position":{"__type__":"cc.Vec2","y":-45}},{"__type__":"cc.Node","_name":"Content","_parent":{"__id__":16},"_components":[{"__id__":21}],"_color":{"__type__":"cc.Color","r":115,"g":59,"b":36},"_contentSize":{"__type__":"cc.Size","width":600,"height":50},"_position":{"__type__":"cc.Vec2","y":-166}},{"__type__":"cc.RichText","node":{"__id__":20},"_N$string":"提示信息","_N$fontSize":24,"_N$maxWidth":600,"_N$lineHeight":50},{"__type__":"cc.Node","_name":"BtnList","_parent":{"__id__":15},"_children":[{"__id__":23}],"_components":[{"__type__":"cc.Layout","node":{"__id__":22},"_layoutSize":{"__type__":"cc.Size","width":176,"height":200},"_resize":1,"_N$layoutType":1,"_N$spacingX":30}],"_contentSize":{"__type__":"cc.Size","width":176,"height":200}},{"__type__":"cc.Node","_name":"SureBtn","_parent":{"__id__":22},"_children":[{"__id__":24}],"_components":[{"__type__":"cc.Sprite","node":{"__id__":23},"_spriteFrame":{"__uuid__":"a8NSY3gJRDUbYx1a+PPEtk"},"_type":1,"_sizeMode":0},{"__type__":"cc.Button","node":{"__id__":23},"clickEvents":[{"__type__":"cc.ClickEvent","target":{"__id__":2},"component":"TipsMsgBox","handler":"btnClicked"}],"_N$target":{"__id__":23}},{"__type__":"583e37tDMZOyrHYOPD8BB3O","node":{"__id__":23},"pressedScale":1.2,"transDuration":0.1},{"__type__":"cc.Layout","node":{"__id__":23},"_layoutSize":{"__type__":"cc.Size","width":176,"height":80},"_resize":1,"_N$layoutType":1,"_N$paddingLeft":60,"_N$paddingRight":60,"_N$spacingX":30}],"_contentSize":{"__type__":"cc.Size","width":176,"height":80},"_position":{"__type__":"cc.Vec2","y":-120}},{"__type__":"cc.Node","_name":"New Label","_parent":{"__id__":23},"_components":[{"__type__":"cc.Label","node":{"__id__":24},"_useOriginalSize":false,"_actualFontSize":28,"_fontSize":28,"_N$string":"确定","_N$horizontalAlign":1,"_N$verticalAlign":1}],"_color":{"__type__":"cc.Color"},"_contentSize":{"__type__":"cc.Size","width":56,"height":40},"_position":{"__type__":"cc.Vec2","y":5}},{"__type__":"b1310KCn4RN24/Dl0Pp2/4z","node":{"__id__":2},"boxRoot":{"__id__":15},"contentLabel":{"__id__":21}}]]