[[{"__type__":"cc.Prefab","_name":"dianji_H","data":{"__id__":1},"asyncLoadAssets":false},{"__type__":"cc.Node","_name":"dianji_H","_children":[{"__id__":2},{"__id__":3}],"_components":[{"__type__":"cc.Animation","node":{"__id__":1},"_defaultClip":{"__uuid__":"99aRqyHVZAhIvyskyFu8ud"},"_clips":[{"__uuid__":"99aRqyHVZAhIvyskyFu8ud"}]}],"_prefab":{"__type__":"cc.PrefabInfo","root":{"__id__":1},"asset":{"__uuid__":"70hyfLEyVPZ6NWElh0pUs0"},"fileId":"6bjVcTqo1HopznJ50WDGN/"}},{"__type__":"cc.Node","_name":"gh","_parent":{"__id__":1},"_components":[{"__type__":"cc.Sprite","node":{"__id__":2},"_spriteFrame":{"__uuid__":"e2XSAED0pDkbINuffYEcKe"}}],"_prefab":{"__type__":"cc.PrefabInfo","root":{"__id__":1},"asset":{"__uuid__":"70hyfLEyVPZ6NWElh0pUs0"},"fileId":"2ck/IC1n9GIqW9zjjovqv8"},"_contentSize":{"__type__":"cc.Size","width":98,"height":98}},{"__type__":"cc.Node","_name":"gh2","_parent":{"__id__":1},"_components":[{"__type__":"cc.Sprite","node":{"__id__":3},"_spriteFrame":{"__uuid__":"e2XSAED0pDkbINuffYEcKe"}}],"_prefab":{"__type__":"cc.PrefabInfo","root":{"__id__":1},"asset":{"__uuid__":"70hyfLEyVPZ6NWElh0pUs0"},"fileId":"aeyzfYkbJN2ouyBmyMBO74"},"_contentSize":{"__type__":"cc.Size","width":98,"height":98}}],{"__type__":"cc.AnimationClip","_name":"dianji_H","_duration":0.35,"curveData":{"paths":{"gh":{"props":{"scaleX":[{"frame":0,"value":1},{"frame":0.16666666666666666,"value":2.75},{"frame":0.35,"value":3.25}],"scaleY":[{"frame":0,"value":1},{"frame":0.16666666666666666,"value":2.75},{"frame":0.35,"value":3.25}],"opacity":[{"frame":0,"value":100},{"frame":0.35,"value":0}]}},"gh2":{"props":{"scaleX":[{"frame":0,"value":0.75},{"frame":0.16666666666666666,"value":2.25},{"frame":0.25,"value":2.5}],"scaleY":[{"frame":0,"value":0.75},{"frame":0.16666666666666666,"value":2.25},{"frame":0.25,"value":2.5}],"opacity":[{"frame":0,"value":255},{"frame":0.08333333333333333,"value":255},{"frame":0.25,"value":0}]}}},"props":{"opacity":[{"frame":0,"value":255}]}}},{"__type__":"cc.SpriteFrame","content":{"name":"shouji16","texture":"20wkx7r05LO5L2PvQg5zW3","rect":[831,901,98,98],"offset":[0,0],"originalSize":[100,100]}}]