[{"__type__":"cc.SpriteFrame","content":{"name":"tk__0008","texture":"20wkx7r05LO5L2PvQg5zW3","rect":[958,73,62,64],"offset":[-1,0],"originalSize":[64,64]}},{"__type__":"cc.SpriteFrame","content":{"name":"shouji25","texture":"20wkx7r05LO5L2PvQg5zW3","rect":[927,1009,94,94],"offset":[0,0],"originalSize":[94,94]}},{"__type__":"cc.SpriteFrame","content":{"name":"shouji22","texture":"20wkx7r05LO5L2PvQg5zW3","rect":[152,1273,40,40],"offset":[0,0],"originalSize":[40,40]}},[{"__type__":"cc.Prefab","_name":"JD_boom_H","data":{"__id__":1},"asyncLoadAssets":false},{"__type__":"cc.Node","_name":"JD_boom_H","_children":[{"__id__":2},{"__id__":3},{"__id__":4},{"__id__":5},{"__id__":6},{"__id__":7},{"__id__":8},{"__id__":9},{"__id__":10},{"__id__":11},{"__id__":12},{"__id__":13},{"__id__":14},{"__id__":15},{"__id__":16},{"__id__":17}],"_components":[{"__id__":18},{"__type__":"3f6973JHftFpKTMspSNwhiz","node":{"__id__":1},"animationCtrl":{"__id__":18}}],"_prefab":{"__type__":"cc.PrefabInfo","root":{"__id__":1},"asset":{"__uuid__":"2arWAKqSZFSbZqt3qu1F/b"},"fileId":"d0J1kvLzhLgI4JPBWRQ3oI"},"_scaleX":1.8,"_scaleY":1.8},{"__type__":"cc.Node","_name":"glow","_parent":{"__id__":1},"_components":[{"__type__":"cc.Sprite","node":{"__id__":2},"_spriteFrame":{"__uuid__":"26pZqkuotC368n4/ZSEb56"}}],"_prefab":{"__type__":"cc.PrefabInfo","root":{"__id__":1},"asset":{"__uuid__":"2arWAKqSZFSbZqt3qu1F/b"},"fileId":"a0pjNbbsBJvJ0AqMsGsfgG"},"_opacity":0,"_contentSize":{"__type__":"cc.Size","width":40,"height":40},"_scaleX":3.56,"_scaleY":3.56},{"__type__":"cc.Node","_name":"ci","_parent":{"__id__":1},"_components":[{"__type__":"cc.Sprite","node":{"__id__":3},"_spriteFrame":{"__uuid__":"fe13UDv5RHLYi5hxZTyaVK"}}],"_prefab":{"__type__":"cc.PrefabInfo","root":{"__id__":1},"asset":{"__uuid__":"2arWAKqSZFSbZqt3qu1F/b"},"fileId":"02O7KSWVFJiJS4yFso4mVI"},"_opacity":0,"_contentSize":{"__type__":"cc.Size","width":9,"height":29},"_rotationX":-41,"_rotationY":-41,"_scaleX":1.36,"_scaleY":1.36,"_position":{"__type__":"cc.Vec2","x":-19.6,"y":22}},{"__type__":"cc.Node","_name":"ci2","_parent":{"__id__":1},"_components":[{"__type__":"cc.Sprite","node":{"__id__":4},"_spriteFrame":{"__uuid__":"fe13UDv5RHLYi5hxZTyaVK"}}],"_prefab":{"__type__":"cc.PrefabInfo","root":{"__id__":1},"asset":{"__uuid__":"2arWAKqSZFSbZqt3qu1F/b"},"fileId":"89zldyRGdEY7IP0+aeH6gi"},"_opacity":0,"_contentSize":{"__type__":"cc.Size","width":9,"height":29},"_rotationX":63,"_rotationY":63,"_scaleX":1.72,"_scaleY":1.72,"_position":{"__type__":"cc.Vec2","x":26,"y":11.3}},{"__type__":"cc.Node","_name":"ci3","_parent":{"__id__":1},"_components":[{"__type__":"cc.Sprite","node":{"__id__":5},"_spriteFrame":{"__uuid__":"fe13UDv5RHLYi5hxZTyaVK"}}],"_prefab":{"__type__":"cc.PrefabInfo","root":{"__id__":1},"asset":{"__uuid__":"2arWAKqSZFSbZqt3qu1F/b"},"fileId":"8d1jivgapG8I19OrIv+OAn"},"_opacity":0,"_contentSize":{"__type__":"cc.Size","width":9,"height":29},"_rotationX":-138,"_rotationY":-138,"_scaleX":2.33,"_scaleY":2.33,"_position":{"__type__":"cc.Vec2","x":-34,"y":-43}},{"__type__":"cc.Node","_name":"sprite2","_parent":{"__id__":1},"_components":[{"__type__":"cc.Sprite","node":{"__id__":6},"_spriteFrame":{"__uuid__":"4bbZRLwOBKooalsfw6FOCT"}}],"_prefab":{"__type__":"cc.PrefabInfo","root":{"__id__":1},"asset":{"__uuid__":"2arWAKqSZFSbZqt3qu1F/b"},"fileId":"85/kGo+/FLqpBhFtfhjkE1"},"_opacity":0,"_contentSize":{"__type__":"cc.Size","width":80,"height":74},"_rotationX":67,"_rotationY":67,"_scaleX":0.69,"_scaleY":0.69},{"__type__":"cc.Node","_name":"quan","_parent":{"__id__":1},"_components":[{"__type__":"cc.Sprite","node":{"__id__":7},"_spriteFrame":{"__uuid__":"aaf+ObgLJOhL7MOzxja6jD"}}],"_prefab":{"__type__":"cc.PrefabInfo","root":{"__id__":1},"asset":{"__uuid__":"2arWAKqSZFSbZqt3qu1F/b"},"fileId":"2fIhPhTSFLfadS3U6D7m6Y"},"_contentSize":{"__type__":"cc.Size","width":122,"height":122}},{"__type__":"cc.Node","_name":"quan2","_parent":{"__id__":1},"_components":[{"__type__":"cc.Sprite","node":{"__id__":8},"_spriteFrame":{"__uuid__":"5fhu1h86VFbZ2CRJqTBJcx"}}],"_prefab":{"__type__":"cc.PrefabInfo","root":{"__id__":1},"asset":{"__uuid__":"2arWAKqSZFSbZqt3qu1F/b"},"fileId":"1e6MmYdKBG+ZzqmjiOJU2d"},"_opacity":0,"_contentSize":{"__type__":"cc.Size","width":128,"height":128},"_scaleX":0.39,"_scaleY":0.39},{"__type__":"cc.Node","_name":"quan3","_parent":{"__id__":1},"_components":[{"__type__":"cc.Sprite","node":{"__id__":9},"_spriteFrame":{"__uuid__":"09tpKjMpVA3Zv4JLwA2fZu"}}],"_prefab":{"__type__":"cc.PrefabInfo","root":{"__id__":1},"asset":{"__uuid__":"2arWAKqSZFSbZqt3qu1F/b"},"fileId":"30uSRsTxNKvryn++ztcxLP"},"_opacity":0,"_contentSize":{"__type__":"cc.Size","width":62,"height":64},"_scaleX":1.91,"_scaleY":1.91,"_position":{"__type__":"cc.Vec2","x":-7,"y":-4}},{"__type__":"cc.Node","_name":"wu","_parent":{"__id__":1},"_components":[{"__type__":"cc.Sprite","node":{"__id__":10},"_spriteFrame":{"__uuid__":"79w8FR3rZBcJ9MIicho6dx"}}],"_prefab":{"__type__":"cc.PrefabInfo","root":{"__id__":1},"asset":{"__uuid__":"2arWAKqSZFSbZqt3qu1F/b"},"fileId":"0c9lTv9rRMEadbibq0haz3"},"_opacity":0,"_contentSize":{"__type__":"cc.Size","width":64,"height":62},"_scaleX":1.77,"_scaleY":1.77,"_position":{"__type__":"cc.Vec2","x":3}},{"__type__":"cc.Node","_name":"lizi","_parent":{"__id__":1},"_components":[{"__type__":"cc.Sprite","node":{"__id__":11},"_spriteFrame":{"__uuid__":"2b7YJVl15BQ7hRXFkdTzan"}}],"_prefab":{"__type__":"cc.PrefabInfo","root":{"__id__":1},"asset":{"__uuid__":"2arWAKqSZFSbZqt3qu1F/b"},"fileId":"604mG51LdEiocZe/w317aH"},"_opacity":0,"_contentSize":{"__type__":"cc.Size","width":26,"height":18},"_scaleX":3.18,"_scaleY":3.18,"_position":{"__type__":"cc.Vec2","x":-22.9,"y":2.2}},{"__type__":"cc.Node","_name":"lizi2","_parent":{"__id__":1},"_components":[{"__type__":"cc.Sprite","node":{"__id__":12},"_spriteFrame":{"__uuid__":"edB3rr/TBAfJe80h9zvper"}}],"_prefab":{"__type__":"cc.PrefabInfo","root":{"__id__":1},"asset":{"__uuid__":"2arWAKqSZFSbZqt3qu1F/b"},"fileId":"05F2mOGtlFOqQI0bhs3q+R"},"_opacity":0,"_contentSize":{"__type__":"cc.Size","width":24,"height":26},"_scaleX":3.34,"_scaleY":3.34,"_position":{"__type__":"cc.Vec2","x":23.3,"y":27.2}},{"__type__":"cc.Node","_name":"lizi3","_parent":{"__id__":1},"_components":[{"__type__":"cc.Sprite","node":{"__id__":13},"_spriteFrame":{"__uuid__":"5fIYYBbUdAiL/vzVmuBgB/"}}],"_prefab":{"__type__":"cc.PrefabInfo","root":{"__id__":1},"asset":{"__uuid__":"2arWAKqSZFSbZqt3qu1F/b"},"fileId":"481t8wofpNC4+I7I44ButL"},"_opacity":0,"_contentSize":{"__type__":"cc.Size","width":20,"height":28},"_scaleX":4.4,"_scaleY":4.4,"_position":{"__type__":"cc.Vec2","x":23.7,"y":-29}},{"__type__":"cc.Node","_name":"sprite5","_parent":{"__id__":1},"_components":[{"__type__":"cc.Sprite","node":{"__id__":14},"_spriteFrame":{"__uuid__":"91EZJvUgVMNLNfqktjkUIu"}}],"_prefab":{"__type__":"cc.PrefabInfo","root":{"__id__":1},"asset":{"__uuid__":"2arWAKqSZFSbZqt3qu1F/b"},"fileId":"1c5WiEm15Kt4EF5KAra8g6"},"_contentSize":{"__type__":"cc.Size","width":80,"height":80},"_scaleX":3.93,"_scaleY":3.93},{"__type__":"cc.Node","_name":"sprite4","_parent":{"__id__":1},"_components":[{"__type__":"cc.Sprite","node":{"__id__":15},"_spriteFrame":{"__uuid__":"0eaWLkyPlGtLAXbU3SxmVz"}}],"_prefab":{"__type__":"cc.PrefabInfo","root":{"__id__":1},"asset":{"__uuid__":"2arWAKqSZFSbZqt3qu1F/b"},"fileId":"07T4UOfc5BCZBxt11Jl4nM"},"_opacity":0,"_contentSize":{"__type__":"cc.Size","width":94,"height":94},"_rotationX":67,"_rotationY":67,"_scaleX":0.82,"_scaleY":0.82},{"__type__":"cc.Node","_name":"wu2","_parent":{"__id__":1},"_components":[{"__type__":"cc.Sprite","node":{"__id__":16},"_spriteFrame":{"__uuid__":"79w8FR3rZBcJ9MIicho6dx"}}],"_prefab":{"__type__":"cc.PrefabInfo","root":{"__id__":1},"asset":{"__uuid__":"2arWAKqSZFSbZqt3qu1F/b"},"fileId":"8dPGIPLrxCHqGyL8g+S4Bz"},"_opacity":0,"_contentSize":{"__type__":"cc.Size","width":64,"height":62},"_scaleX":1.13,"_scaleY":1.13,"_position":{"__type__":"cc.Vec2","x":-15,"y":-3}},{"__type__":"cc.Node","_name":"quan4","_parent":{"__id__":1},"_components":[{"__type__":"cc.Sprite","node":{"__id__":17},"_spriteFrame":{"__uuid__":"aaf+ObgLJOhL7MOzxja6jD"}}],"_prefab":{"__type__":"cc.PrefabInfo","root":{"__id__":1},"asset":{"__uuid__":"2arWAKqSZFSbZqt3qu1F/b"},"fileId":"53aL7pfrREL67AExD9Ck5W"},"_contentSize":{"__type__":"cc.Size","width":122,"height":122},"_scaleX":0.73,"_scaleY":0.73},{"__type__":"cc.Animation","node":{"__id__":1},"_defaultClip":{"__uuid__":"d207bZq2NCIZVWnf8peVu7"},"_clips":[{"__uuid__":"d207bZq2NCIZVWnf8peVu7"}]}],{"__type__":"cc.SpriteFrame","content":{"name":"tuowei_01","texture":"20wkx7r05LO5L2PvQg5zW3","rect":[307,402,26,18],"offset":[1,7],"originalSize":[32,32]}},{"__type__":"cc.SpriteFrame","content":{"name":"shouji21","texture":"20wkx7r05LO5L2PvQg5zW3","rect":[84,1092,80,74],"offset":[0,-2],"originalSize":[80,80]}},{"__type__":"cc.SpriteFrame","content":{"name":"tuowei_03","texture":"20wkx7r05LO5L2PvQg5zW3","rect":[143,469,20,28],"offset":[0,2],"originalSize":[32,32]}},{"__type__":"cc.SpriteFrame","content":{"name":"yanchen_c03","texture":"20wkx7r05LO5L2PvQg5zW3","rect":[458,659,128,128],"offset":[0,0],"originalSize":[128,128]}},{"__type__":"cc.SpriteFrame","content":{"name":"shouji12","texture":"20wkx7r05LO5L2PvQg5zW3","rect":[190,961,64,62],"offset":[0,0],"originalSize":[64,64]}},{"__type__":"cc.SpriteFrame","content":{"name":"shouji24","texture":"20wkx7r05LO5L2PvQg5zW3","rect":[3,1060,80,80],"offset":[0,0],"originalSize":[80,80]}},{"__type__":"cc.SpriteFrame","content":{"name":"ring01","texture":"20wkx7r05LO5L2PvQg5zW3","rect":[132,838,122,122],"offset":[0,0],"originalSize":[128,128]}},{"__type__":"cc.SpriteFrame","content":{"name":"tuowei_02","texture":"20wkx7r05LO5L2PvQg5zW3","rect":[309,298,24,26],"offset":[0,3],"originalSize":[32,32]}},{"__type__":"cc.SpriteFrame","content":{"name":"shouji23","texture":"20wkx7r05LO5L2PvQg5zW3","rect":[320,547,9,29],"offset":[0,0],"originalSize":[9,29]}}]