[{"__type__":"cc.SpriteFrame","content":{"name":"TopBG","texture":"fcJS4K3v9B9LpajzpsNm+D","rect":[1724,456,320,68],"offset":[0,0],"originalSize":[320,68],"capInsets":[120,15,120,30]}},{"__type__":"cc.SpriteFrame","content":{"name":"singleColor","texture":"fcJS4K3v9B9LpajzpsNm+D","rect":[972,760,32,32],"offset":[0,0],"originalSize":[32,32]}},{"__type__":"cc.SpriteFrame","content":{"name":"CountDowm_51","texture":"fcJS4K3v9B9LpajzpsNm+D","rect":[1403,760,18,25],"offset":[0,0],"originalSize":[22,25]}},{"__type__":"cc.SpriteFrame","content":{"name":"CountDowm_55","texture":"fcJS4K3v9B9LpajzpsNm+D","rect":[1361,760,20,25],"offset":[-1,0],"originalSize":[22,25]}},{"__type__":"cc.SpriteFrame","content":{"name":"CountDowm_50","texture":"fcJS4K3v9B9LpajzpsNm+D","rect":[1422,760,18,25],"offset":[0,0],"originalSize":[22,25]}},{"__type__":"cc.SpriteFrame","content":{"name":"_0011_back","texture":"aeQf/v2d5GzL/fTdnhZUd6","rect":[921,824,100,58],"offset":[0,0],"originalSize":[100,58]}},{"__type__":"cc.SpriteFrame","content":{"name":"JSTXBG1","texture":"20wkx7r05LO5L2PvQg5zW3","rect":[951,339,70,70],"offset":[0,0],"originalSize":[70,70]}},{"__type__":"cc.SpriteFrame","content":{"name":"default_btn_disabled","texture":"71VhFCTINJM6/Ky3oX9nBT","rect":[0,0,40,40],"offset":[0,0],"originalSize":[40,40],"capInsets":[15,7,15,9]}},{"__type__":"cc.SpriteFrame","content":{"name":"CountDowm_54","texture":"fcJS4K3v9B9LpajzpsNm+D","rect":[2027,617,18,25],"offset":[0,0],"originalSize":[22,25]}},{"__type__":"cc.SpriteFrame","content":{"name":"bluedaojish","texture":"fcJS4K3v9B9LpajzpsNm+D","rect":[1195,161,52,52],"offset":[0,0],"originalSize":[52,52]}},{"__type__":"cc.SpriteFrame","content":{"name":"zhuzaibisai","texture":"fcJS4K3v9B9LpajzpsNm+D","rect":[3,751,400,251],"offset":[0,0],"originalSize":[400,251]}},{"__type__":"cc.SpriteFrame","content":{"name":"4","texture":"fcJS4K3v9B9LpajzpsNm+D","rect":[671,366,68,85],"offset":[0,0],"originalSize":[68,85]}},{"__type__":"cc.SpriteFrame","content":{"name":"red","texture":"fcJS4K3v9B9LpajzpsNm+D","rect":[1238,215,54,62],"offset":[0,0],"originalSize":[54,62]}},{"__type__":"cc.SpriteFrame","content":{"name":"CountDowm_57","texture":"fcJS4K3v9B9LpajzpsNm+D","rect":[2027,591,18,25],"offset":[0,0],"originalSize":[22,25]}},{"__type__":"cc.SpriteFrame","content":{"name":"xianrufengkuang","texture":"fcJS4K3v9B9LpajzpsNm+D","rect":[415,3,358,210],"offset":[0,0],"originalSize":[358,210]}},{"__type__":"cc.SpriteFrame","content":{"name":"shibukedang","texture":"fcJS4K3v9B9LpajzpsNm+D","rect":[774,3,358,210],"offset":[0,0],"originalSize":[358,210]}},{"__type__":"cc.SpriteFrame","content":{"name":"firstBlood","texture":"fcJS4K3v9B9LpajzpsNm+D","rect":[799,794,358,210],"offset":[0,0],"originalSize":[358,210]}},{"__type__":"cc.SpriteFrame","content":{"name":"arrow","texture":"fcJS4K3v9B9LpajzpsNm+D","rect":[620,275,26,22],"offset":[0,0],"originalSize":[26,22]}},{"__type__":"cc.SpriteFrame","content":{"name":"CountDowm_56","texture":"fcJS4K3v9B9LpajzpsNm+D","rect":[1340,760,20,25],"offset":[0,0],"originalSize":[22,25]}},{"__type__":"cc.SpriteFrame","content":{"name":"TXWS","texture":"fcJS4K3v9B9LpajzpsNm+D","rect":[404,751,394,251],"offset":[0,0],"originalSize":[394,251]}},{"__type__":"cc.SpriteFrame","content":{"name":"angry","texture":"fcJS4K3v9B9LpajzpsNm+D","rect":[1165,288,72,72],"offset":[0,0],"originalSize":[72,72]}},{"__type__":"cc.SpriteFrame","content":{"name":"_0004_cuihuidifangjididitu","texture":"fcJS4K3v9B9LpajzpsNm+D","rect":[1265,743,74,42],"offset":[0,0],"originalSize":[74,42],"capInsets":[20,0,20,0]}},{"__type__":"cc.SpriteFrame","content":{"name":"kill","texture":"fcJS4K3v9B9LpajzpsNm+D","rect":[1771,683,226,76],"offset":[5,1],"originalSize":[352,114]}},{"__type__":"cc.SpriteFrame","content":{"name":"_0024_huisedaojishiditu","texture":"fcJS4K3v9B9LpajzpsNm+D","rect":[1248,161,52,52],"offset":[0,0],"originalSize":[52,52]}},{"__type__":"cc.AnimationClip","_name":"ShutDownUI","_duration":1.4333333333333333,"sample":30,"curveData":{"paths":{"LeftName":{"props":{"x":[{"frame":0,"value":-610},{"frame":0.13333333333333333,"value":-267},{"frame":0.26666666666666666,"value":-150}],"scaleX":[{"frame":0.26666666666666666,"value":1}],"scaleY":[{"frame":0.26666666666666666,"value":1}],"opacity":[{"frame":0,"value":0},{"frame":0.13333333333333333,"value":200},{"frame":0.26666666666666666,"value":255}]}},"RightName":{"props":{"x":[{"frame":0,"value":606},{"frame":0.13333333333333333,"value":282},{"frame":0.26666666666666666,"value":150}],"scaleY":[{"frame":0.26666666666666666,"value":1}],"scaleX":[{"frame":0.26666666666666666,"value":1}],"opacity":[{"frame":0,"value":0},{"frame":0.13333333333333333,"value":200},{"frame":0.26666666666666666,"value":255}]}},"RightIcon":{"props":{"scaleX":[{"frame":0,"value":2},{"frame":0.13333333333333333,"value":2},{"frame":0.23333333333333334,"value":1},{"frame":0.3333333333333333,"value":1.05},{"frame":0.5,"value":1}],"scaleY":[{"frame":0,"value":2},{"frame":0.13333333333333333,"value":2},{"frame":0.23333333333333334,"value":1},{"frame":0.3333333333333333,"value":1.05},{"frame":0.5,"value":1}],"opacity":[{"frame":0.03333333333333333,"value":0},{"frame":0.13333333333333333,"value":0},{"frame":0.23333333333333334,"value":255}]}},"LeftIcon":{"props":{"scaleX":[{"frame":0,"value":2},{"frame":0.13333333333333333,"value":2},{"frame":0.23333333333333334,"value":1},{"frame":0.3,"value":1.05},{"frame":0.43333333333333335,"value":1}],"opacity":[{"frame":0.03333333333333333,"value":0},{"frame":0.13333333333333333,"value":0},{"frame":0.23333333333333334,"value":255}],"scaleY":[{"frame":0,"value":2},{"frame":0.13333333333333333,"value":2},{"frame":0.23333333333333334,"value":1},{"frame":0.3,"value":1.05},{"frame":0.43333333333333335,"value":1}]}},"ShutDownTitle":{"props":{"scaleX":[{"frame":0.1,"value":1.64},{"frame":0.13333333333333333,"value":1.4},{"frame":0.23333333333333334,"value":0.95},{"frame":0.3,"value":1.1},{"frame":0.4666666666666667,"value":1}],"scaleY":[{"frame":0.1,"value":1.64},{"frame":0.13333333333333333,"value":1.4},{"frame":0.23333333333333334,"value":0.95},{"frame":0.3,"value":1.1},{"frame":0.4666666666666667,"value":1}],"opacity":[{"frame":0,"value":0},{"frame":0.1,"value":0},{"frame":0.2,"value":200},{"frame":0.23333333333333334,"value":255}]}},"Hongcha":{"props":{"opacity":[{"frame":0.26666666666666666,"value":0},{"frame":0.4666666666666667,"value":255},{"frame":0.6333333333333333,"value":255}]}}},"props":{"opacity":[{"frame":0,"value":255},{"frame":0.26666666666666666,"value":255},{"frame":1,"value":255},{"frame":1.4333333333333333,"value":0}]}}},[{"__type__":"cc.Prefab","_name":"BattleUI","data":{"__id__":1},"asyncLoadAssets":false},{"__type__":"cc.Node","_name":"BattleUI","_children":[{"__id__":2},{"__id__":4},{"__id__":29},{"__id__":83},{"__id__":84},{"__id__":85},{"__id__":165},{"__id__":194},{"__id__":148},{"__id__":195},{"__id__":196},{"__id__":197}],"_components":[{"__type__":"cc.Widget","node":{"__id__":1},"isAlignOnce":false,"_alignFlags":45},{"__type__":"48fc0SBtwRKVYLjZSSLeVkq","node":{"__id__":1},"GameTime":{"__id__":34},"SelfKill":{"__id__":39},"EnemyKill":{"__id__":43},"JoystickSettingBtn":{"__id__":46},"ShanHongAnimation":{"__id__":82},"PVPShanHongAnimation":{"__id__":67},"HideAttackRing":{"__id__":195},"AttackRingBtnSprite":[{"__uuid__":"ffQhOzyzFKbrWp5o/D9d8d"},{"__uuid__":"8e+iDWcZJC8Zh9gkoWH0yk"}],"CameraXFlow":{"__id__":196},"BackBtnNode":{"__id__":197},"GMBtn":{"__id__":2}}],"_prefab":{"__type__":"cc.PrefabInfo","root":{"__id__":1},"asset":{"__uuid__":"7cHdOumfNH6qRME2m6dIX1"},"fileId":"0fVXxknUxIqrk5m1063IgP"},"_contentSize":{"__type__":"cc.Size","width":1344,"height":750},"_position":{"__type__":"cc.Vec2","x":672,"y":375}},{"__type__":"cc.Node","_name":"GMBtn","_parent":{"__id__":1},"_children":[{"__id__":3}],"_components":[{"__type__":"cc.Sprite","node":{"__id__":2},"_spriteFrame":{"__uuid__":"f0BIwQ8D5Ml7nTNQbh1YlS"},"_type":1,"_sizeMode":0},{"__type__":"cc.Button","node":{"__id__":2},"transition":3,"pressedColor":{"__type__":"cc.Color","r":255,"g":255,"b":255},"pressedSprite":{"__uuid__":"e97GVMl6JHh5Ml5qEDdSGa"},"hoverSprite":{"__uuid__":"e97GVMl6JHh5Ml5qEDdSGa"},"_N$normalColor":{"__type__":"cc.Color","r":255,"g":255,"b":255},"_N$disabledColor":{"__type__":"cc.Color","r":255,"g":255,"b":255},"_N$normalSprite":{"__uuid__":"f0BIwQ8D5Ml7nTNQbh1YlS"},"_N$disabledSprite":{"__uuid__":"29FYIk+N1GYaeWH/q1NxQO"},"_N$target":{"__id__":2}}],"_prefab":{"__type__":"cc.PrefabInfo","root":{"__id__":1},"asset":{"__uuid__":"7cHdOumfNH6qRME2m6dIX1"},"fileId":"2ahcDykG1K8rgV/ARnuIK+"},"_contentSize":{"__type__":"cc.Size","width":100,"height":40},"_position":{"__type__":"cc.Vec2","x":-376,"y":340}},{"__type__":"cc.Node","_name":"Label","_parent":{"__id__":2},"_components":[{"__type__":"cc.Label","node":{"__id__":3},"_useOriginalSize":false,"_actualFontSize":20,"_fontSize":20,"_enableWrapText":false,"_N$string":"GM指令","_N$horizontalAlign":1,"_N$verticalAlign":1,"_N$overflow":1}],"_prefab":{"__type__":"cc.PrefabInfo","root":{"__id__":1},"asset":{"__uuid__":"7cHdOumfNH6qRME2m6dIX1"},"fileId":"51vm+SdBpKd7yuPiBZIs0E"},"_color":{"__type__":"cc.Color"},"_contentSize":{"__type__":"cc.Size","width":100,"height":40}},{"__type__":"cc.Node","_name":"DirectionUI","_parent":{"__id__":1},"_children":[{"__id__":5},{"__id__":8},{"__id__":11},{"__id__":14},{"__id__":17},{"__id__":20},{"__id__":23},{"__id__":26}],"_components":[{"__type__":"cc.Widget","node":{"__id__":4},"isAlignOnce":false,"_alignFlags":45},{"__type__":"237fdThkH1IIY2XfLTLvBbQ","node":{"__id__":4},"HeadIconList":[{"__id__":5},{"__id__":8},{"__id__":11},{"__id__":14},{"__id__":17},{"__id__":20},{"__id__":23},{"__id__":26}],"HeadSpriteList":[{"__id__":7},{"__id__":10},{"__id__":13},{"__id__":16},{"__id__":19},{"__id__":22},{"__id__":25},{"__id__":28}]}],"_prefab":{"__type__":"cc.PrefabInfo","root":{"__id__":1},"asset":{"__uuid__":"7cHdOumfNH6qRME2m6dIX1"},"fileId":"b9hM8I/uBHLKKK/+A6STwz"},"_anchorPoint":{"__type__":"cc.Vec2"},"_contentSize":{"__type__":"cc.Size","width":1344,"height":750},"_position":{"__type__":"cc.Vec2","x":-672,"y":-375}},{"__type__":"cc.Node","_name":"DirectionHeadItem","_parent":{"__id__":4},"_children":[{"__id__":6}],"_components":[{"__type__":"cc.Sprite","node":{"__id__":5},"_spriteFrame":{"__uuid__":"d5K4qgW+dEEJPhMQRmT/rP"},"_sizeMode":2}],"_prefab":{"__type__":"cc.PrefabInfo","root":{"__id__":1},"asset":{"__uuid__":"7cHdOumfNH6qRME2m6dIX1"},"fileId":"dccFaEupZKfoh0M7wP78qa"},"_contentSize":{"__type__":"cc.Size","width":54,"height":62},"_position":{"__type__":"cc.Vec2","x":-144,"y":-52}},{"__type__":"cc.Node","_name":"HeadIcon","_parent":{"__id__":5},"_components":[{"__id__":7},{"__type__":"69d31orU6xIDajXGNN3s022","node":{"__id__":6}}],"_prefab":{"__type__":"cc.PrefabInfo","root":{"__id__":1},"asset":{"__uuid__":"7cHdOumfNH6qRME2m6dIX1"},"fileId":"38JB39WwdFbqw6BmZgVOPU"},"_contentSize":{"__type__":"cc.Size","width":40,"height":40},"_position":{"__type__":"cc.Vec2","y":-3.4}},{"__type__":"cc.Sprite","node":{"__id__":6},"_sizeMode":0},{"__type__":"cc.Node","_name":"DirectionHeadItem","_parent":{"__id__":4},"_children":[{"__id__":9}],"_components":[{"__type__":"cc.Sprite","node":{"__id__":8},"_spriteFrame":{"__uuid__":"d5K4qgW+dEEJPhMQRmT/rP"},"_sizeMode":2}],"_prefab":{"__type__":"cc.PrefabInfo","root":{"__id__":1},"asset":{"__uuid__":"7cHdOumfNH6qRME2m6dIX1"},"fileId":"5bd60/8XZHXp4+ivr8+Xed"},"_contentSize":{"__type__":"cc.Size","width":54,"height":62},"_position":{"__type__":"cc.Vec2","x":-144,"y":-52}},{"__type__":"cc.Node","_name":"HeadIcon","_parent":{"__id__":8},"_components":[{"__id__":10},{"__type__":"69d31orU6xIDajXGNN3s022","node":{"__id__":9}}],"_prefab":{"__type__":"cc.PrefabInfo","root":{"__id__":1},"asset":{"__uuid__":"7cHdOumfNH6qRME2m6dIX1"},"fileId":"938iqT1HtNa4gPbmoq3vAF"},"_contentSize":{"__type__":"cc.Size","width":40,"height":40},"_position":{"__type__":"cc.Vec2","y":-3.4}},{"__type__":"cc.Sprite","node":{"__id__":9},"_sizeMode":0},{"__type__":"cc.Node","_name":"DirectionHeadItem","_parent":{"__id__":4},"_children":[{"__id__":12}],"_components":[{"__type__":"cc.Sprite","node":{"__id__":11},"_spriteFrame":{"__uuid__":"d5K4qgW+dEEJPhMQRmT/rP"},"_sizeMode":2}],"_prefab":{"__type__":"cc.PrefabInfo","root":{"__id__":1},"asset":{"__uuid__":"7cHdOumfNH6qRME2m6dIX1"},"fileId":"6czC6Gg8BIBJXYV5Y0H85R"},"_contentSize":{"__type__":"cc.Size","width":54,"height":62},"_position":{"__type__":"cc.Vec2","x":-144,"y":-52}},{"__type__":"cc.Node","_name":"HeadIcon","_parent":{"__id__":11},"_components":[{"__id__":13},{"__type__":"69d31orU6xIDajXGNN3s022","node":{"__id__":12}}],"_prefab":{"__type__":"cc.PrefabInfo","root":{"__id__":1},"asset":{"__uuid__":"7cHdOumfNH6qRME2m6dIX1"},"fileId":"c2afDkOVdO35JZSLtY9pe9"},"_contentSize":{"__type__":"cc.Size","width":40,"height":40},"_position":{"__type__":"cc.Vec2","y":-3.4}},{"__type__":"cc.Sprite","node":{"__id__":12},"_sizeMode":0},{"__type__":"cc.Node","_name":"DirectionHeadItem","_parent":{"__id__":4},"_children":[{"__id__":15}],"_components":[{"__type__":"cc.Sprite","node":{"__id__":14},"_spriteFrame":{"__uuid__":"3fo4wK0hRJHKGUBscAWuvV"},"_sizeMode":2}],"_prefab":{"__type__":"cc.PrefabInfo","root":{"__id__":1},"asset":{"__uuid__":"7cHdOumfNH6qRME2m6dIX1"},"fileId":"61yatpatJGpIj2Zsu4RYt5"},"_contentSize":{"__type__":"cc.Size","width":54,"height":62},"_position":{"__type__":"cc.Vec2","x":-144,"y":-52}},{"__type__":"cc.Node","_name":"HeadIcon","_parent":{"__id__":14},"_components":[{"__id__":16},{"__type__":"69d31orU6xIDajXGNN3s022","node":{"__id__":15}}],"_prefab":{"__type__":"cc.PrefabInfo","root":{"__id__":1},"asset":{"__uuid__":"7cHdOumfNH6qRME2m6dIX1"},"fileId":"24AeloEbZC+Yuj4nFUQc2X"},"_contentSize":{"__type__":"cc.Size","width":33,"height":33},"_position":{"__type__":"cc.Vec2","y":-3.4}},{"__type__":"cc.Sprite","node":{"__id__":15},"_sizeMode":0},{"__type__":"cc.Node","_name":"DirectionHeadItem","_parent":{"__id__":4},"_children":[{"__id__":18}],"_components":[{"__type__":"cc.Sprite","node":{"__id__":17},"_spriteFrame":{"__uuid__":"3fo4wK0hRJHKGUBscAWuvV"},"_sizeMode":2}],"_prefab":{"__type__":"cc.PrefabInfo","root":{"__id__":1},"asset":{"__uuid__":"7cHdOumfNH6qRME2m6dIX1"},"fileId":"92q+YVWXhKH7i1Z+TEQMdJ"},"_contentSize":{"__type__":"cc.Size","width":54,"height":62},"_position":{"__type__":"cc.Vec2","x":-144,"y":-52}},{"__type__":"cc.Node","_name":"HeadIcon","_parent":{"__id__":17},"_components":[{"__id__":19},{"__type__":"69d31orU6xIDajXGNN3s022","node":{"__id__":18}}],"_prefab":{"__type__":"cc.PrefabInfo","root":{"__id__":1},"asset":{"__uuid__":"7cHdOumfNH6qRME2m6dIX1"},"fileId":"c0lRqLoY5NMrc0Y2btSyrT"},"_contentSize":{"__type__":"cc.Size","width":40,"height":40},"_position":{"__type__":"cc.Vec2","y":-3.4}},{"__type__":"cc.Sprite","node":{"__id__":18},"_sizeMode":0},{"__type__":"cc.Node","_name":"DirectionHeadItem","_parent":{"__id__":4},"_children":[{"__id__":21}],"_components":[{"__type__":"cc.Sprite","node":{"__id__":20},"_spriteFrame":{"__uuid__":"3fo4wK0hRJHKGUBscAWuvV"},"_sizeMode":2}],"_prefab":{"__type__":"cc.PrefabInfo","root":{"__id__":1},"asset":{"__uuid__":"7cHdOumfNH6qRME2m6dIX1"},"fileId":"75ahdwcilIho7zONyiTKRa"},"_contentSize":{"__type__":"cc.Size","width":54,"height":62},"_position":{"__type__":"cc.Vec2","x":-144,"y":-52}},{"__type__":"cc.Node","_name":"HeadIcon","_parent":{"__id__":20},"_components":[{"__id__":22},{"__type__":"69d31orU6xIDajXGNN3s022","node":{"__id__":21}}],"_prefab":{"__type__":"cc.PrefabInfo","root":{"__id__":1},"asset":{"__uuid__":"7cHdOumfNH6qRME2m6dIX1"},"fileId":"f79J18NZRL65wsMAt73KEj"},"_contentSize":{"__type__":"cc.Size","width":40,"height":40},"_position":{"__type__":"cc.Vec2","y":-3.4}},{"__type__":"cc.Sprite","node":{"__id__":21},"_sizeMode":0},{"__type__":"cc.Node","_name":"DirectionHeadItem","_parent":{"__id__":4},"_children":[{"__id__":24}],"_components":[{"__type__":"cc.Sprite","node":{"__id__":23},"_spriteFrame":{"__uuid__":"3fo4wK0hRJHKGUBscAWuvV"},"_sizeMode":2}],"_prefab":{"__type__":"cc.PrefabInfo","root":{"__id__":1},"asset":{"__uuid__":"7cHdOumfNH6qRME2m6dIX1"},"fileId":"20JYSgN/dF4plZEpvqUagM"},"_contentSize":{"__type__":"cc.Size","width":54,"height":62},"_position":{"__type__":"cc.Vec2","x":-144,"y":-52}},{"__type__":"cc.Node","_name":"HeadIcon","_parent":{"__id__":23},"_components":[{"__id__":25},{"__type__":"69d31orU6xIDajXGNN3s022","node":{"__id__":24}}],"_prefab":{"__type__":"cc.PrefabInfo","root":{"__id__":1},"asset":{"__uuid__":"7cHdOumfNH6qRME2m6dIX1"},"fileId":"14pHDr8BxPJptWDllr1UrF"},"_contentSize":{"__type__":"cc.Size","width":40,"height":40},"_position":{"__type__":"cc.Vec2","y":-3.4}},{"__type__":"cc.Sprite","node":{"__id__":24},"_sizeMode":0},{"__type__":"cc.Node","_name":"DirectionHeadItem","_parent":{"__id__":4},"_children":[{"__id__":27}],"_components":[{"__type__":"cc.Sprite","node":{"__id__":26},"_spriteFrame":{"__uuid__":"3fo4wK0hRJHKGUBscAWuvV"},"_sizeMode":2}],"_prefab":{"__type__":"cc.PrefabInfo","root":{"__id__":1},"asset":{"__uuid__":"7cHdOumfNH6qRME2m6dIX1"},"fileId":"e4a66i809Dgqc1M9zZyEHk"},"_contentSize":{"__type__":"cc.Size","width":54,"height":62},"_position":{"__type__":"cc.Vec2","x":-144,"y":-52}},{"__type__":"cc.Node","_name":"HeadIcon","_parent":{"__id__":26},"_components":[{"__id__":28},{"__type__":"69d31orU6xIDajXGNN3s022","node":{"__id__":27}}],"_prefab":{"__type__":"cc.PrefabInfo","root":{"__id__":1},"asset":{"__uuid__":"7cHdOumfNH6qRME2m6dIX1"},"fileId":"d0t3gW8NZCdaC20OrTp7RK"},"_contentSize":{"__type__":"cc.Size","width":40,"height":40},"_position":{"__type__":"cc.Vec2","y":-3.4}},{"__type__":"cc.Sprite","node":{"__id__":27},"_sizeMode":0},{"__type__":"cc.Node","_name":"TopBar","_parent":{"__id__":1},"_children":[{"__id__":30},{"__id__":31},{"__id__":35},{"__id__":36},{"__id__":40},{"__id__":44},{"__id__":45},{"__id__":47},{"__type__":"cc.Node","_name":"SelfDead","_parent":{"__id__":29},"_prefab":{"__type__":"cc.PrefabInfo","root":{"__id__":1},"asset":{"__uuid__":"7cHdOumfNH6qRME2m6dIX1"},"fileId":"c72T1YSBlFa4Vyhom6jdAR"},"_position":{"__type__":"cc.Vec2","x":146,"y":-11}},{"__id__":48},{"__id__":49},{"__id__":68}],"_components":[{"__type__":"cc.Widget","node":{"__id__":29},"_alignFlags":41}],"_prefab":{"__type__":"cc.PrefabInfo","root":{"__id__":1},"asset":{"__uuid__":"7cHdOumfNH6qRME2m6dIX1"},"fileId":"35LrUu8KRNtIEudrkS5jG4"},"_contentSize":{"__type__":"cc.Size","width":1344,"height":80},"_position":{"__type__":"cc.Vec2","y":335}},{"__type__":"cc.Node","_name":"TimeBg","_parent":{"__id__":29},"_components":[{"__type__":"cc.Sprite","node":{"__id__":30},"_spriteFrame":{"__uuid__":"0273o8ob5NcaNUNf0i8Tzp"},"_type":1,"_sizeMode":0}],"_prefab":{"__type__":"cc.PrefabInfo","root":{"__id__":1},"asset":{"__uuid__":"7cHdOumfNH6qRME2m6dIX1"},"fileId":"36Haw7bvJAHa1XUTiIAlbO"},"_anchorPoint":{"__type__":"cc.Vec2","x":0.5,"y":1},"_contentSize":{"__type__":"cc.Size","width":320,"height":68},"_position":{"__type__":"cc.Vec2","y":40}},{"__type__":"cc.Node","_name":"ZD_Word","_parent":{"__id__":29},"_children":[{"__id__":32}],"_components":[{"__id__":34}],"_prefab":{"__type__":"cc.PrefabInfo","root":{"__id__":1},"asset":{"__uuid__":"7cHdOumfNH6qRME2m6dIX1"},"fileId":"5fYSxJkrJONLYg1RSy0zKn"},"_anchorPoint":{"__type__":"cc.Vec2","x":0.5,"y":1},"_position":{"__type__":"cc.Vec2","y":-18}},{"__type__":"cc.Node","_name":"Template","_parent":{"__id__":31},"_active":false,"_components":[{"__id__":33}],"_prefab":{"__type__":"cc.PrefabInfo","root":{"__id__":1},"asset":{"__uuid__":"7cHdOumfNH6qRME2m6dIX1"},"fileId":"04eUOlCFFNcImclDCNFduB"},"_contentSize":{"__type__":"cc.Size","width":14,"height":17},"_scaleX":0.9,"_scaleY":0.9},{"__type__":"cc.Sprite","node":{"__id__":32},"_spriteFrame":{"__uuid__":"d7MnG4kxpKpK8pCaujFtXl"},"_sizeMode":0,"_isTrimmedMode":false},{"__type__":"16798xaPnVLdZwNbixFe2cV","node":{"__id__":31},"LabelAtlas":{"__uuid__":"7bRXkNrzhKoJqYv3aEXya7"},"LabelStr":"0123456789:","ResFormat":"CountDowm_","Template":{"__id__":33},"LayoutType":2},{"__type__":"cc.Node","_name":"SelfScoreNum","_parent":{"__id__":29},"_active":false,"_components":[{"__type__":"cc.Label","node":{"__id__":35},"_useOriginalSize":false,"_actualFontSize":38,"_fontSize":38,"_lineHeight":50,"_N$string":"0","_N$verticalAlign":1}],"_prefab":{"__type__":"cc.PrefabInfo","root":{"__id__":1},"asset":{"__uuid__":"7cHdOumfNH6qRME2m6dIX1"},"fileId":"d6VNhICWdKvaWD1CjUn9v/"},"_color":{"__type__":"cc.Color","r":41,"g":103,"b":188},"_contentSize":{"__type__":"cc.Size","width":21.13,"height":50},"_position":{"__type__":"cc.Vec2","x":-65}},{"__type__":"cc.Node","_name":"Battle_Self_Word","_parent":{"__id__":29},"_children":[{"__id__":37}],"_components":[{"__id__":39}],"_prefab":{"__type__":"cc.PrefabInfo","root":{"__id__":1},"asset":{"__uuid__":"7cHdOumfNH6qRME2m6dIX1"},"fileId":"15nRUX+XNPQq7bNnRsBL6T"},"_position":{"__type__":"cc.Vec2","x":-88,"y":20}},{"__type__":"cc.Node","_name":"Template","_parent":{"__id__":36},"_active":false,"_components":[{"__id__":38}],"_prefab":{"__type__":"cc.PrefabInfo","root":{"__id__":1},"asset":{"__uuid__":"7cHdOumfNH6qRME2m6dIX1"},"fileId":"fbJs575ZBPtaTUzG/I3JBn"},"_contentSize":{"__type__":"cc.Size","width":22,"height":40}},{"__type__":"cc.Sprite","node":{"__id__":37},"_spriteFrame":{"__uuid__":"d1gGTKdqVOmKQ1nNFToSLZ"},"_sizeMode":0,"_isTrimmedMode":false},{"__type__":"16798xaPnVLdZwNbixFe2cV","node":{"__id__":36},"LabelAtlas":{"__uuid__":"64k/npa81EH6oKnC7vnPVr"},"LabelStr":"0123456789","ResFormat":"Self_","Template":{"__id__":38},"LayoutType":2},{"__type__":"cc.Node","_name":"Battle_Enemy_Word","_parent":{"__id__":29},"_children":[{"__id__":41}],"_components":[{"__id__":43}],"_prefab":{"__type__":"cc.PrefabInfo","root":{"__id__":1},"asset":{"__uuid__":"7cHdOumfNH6qRME2m6dIX1"},"fileId":"e6YpBDw6pM37DhjI3waYuB"},"_position":{"__type__":"cc.Vec2","x":88,"y":20}},{"__type__":"cc.Node","_name":"Template","_parent":{"__id__":40},"_active":false,"_components":[{"__id__":42}],"_prefab":{"__type__":"cc.PrefabInfo","root":{"__id__":1},"asset":{"__uuid__":"7cHdOumfNH6qRME2m6dIX1"},"fileId":"ebzKNScoRN9bub6nOHP86H"},"_contentSize":{"__type__":"cc.Size","width":22,"height":40}},{"__type__":"cc.Sprite","node":{"__id__":41},"_spriteFrame":{"__uuid__":"d1gGTKdqVOmKQ1nNFToSLZ"},"_sizeMode":0,"_isTrimmedMode":false},{"__type__":"16798xaPnVLdZwNbixFe2cV","node":{"__id__":40},"LabelAtlas":{"__uuid__":"64k/npa81EH6oKnC7vnPVr"},"LabelStr":"0123456789","ResFormat":"Enemy_","Template":{"__id__":42},"isToRightGrow":false,"LayoutType":2},{"__type__":"cc.Node","_name":"EnimyScoreNum","_parent":{"__id__":29},"_active":false,"_components":[{"__type__":"cc.Label","node":{"__id__":44},"_useOriginalSize":false,"_actualFontSize":38,"_fontSize":38,"_lineHeight":50,"_N$string":"0","_N$verticalAlign":1}],"_prefab":{"__type__":"cc.PrefabInfo","root":{"__id__":1},"asset":{"__uuid__":"7cHdOumfNH6qRME2m6dIX1"},"fileId":"b06zdb53tOeqRi8qpHcqQb"},"_color":{"__type__":"cc.Color","r":155,"g":47,"b":47},"_contentSize":{"__type__":"cc.Size","width":21.13,"height":50},"_position":{"__type__":"cc.Vec2","x":65}},{"__type__":"cc.Node","_name":"JoystickSettings","_parent":{"__id__":29},"_active":false,"_components":[{"__type__":"cc.Sprite","node":{"__id__":45},"_spriteFrame":{"__uuid__":"a18wvB+KRIj69H6umIvZtn"},"_type":1,"_sizeMode":0},{"__id__":46}],"_prefab":{"__type__":"cc.PrefabInfo","root":{"__id__":1},"asset":{"__uuid__":"7cHdOumfNH6qRME2m6dIX1"},"fileId":"04HQBMyK5D+5AG7EU7jAib"},"_contentSize":{"__type__":"cc.Size","width":54,"height":54},"_position":{"__type__":"cc.Vec2","x":-351}},{"__type__":"cc.Button","node":{"__id__":45},"transition":2,"pressedColor":{"__type__":"cc.Color","r":255,"g":255,"b":255},"clickEvents":[{"__type__":"cc.ClickEvent","target":{"__id__":1},"component":"BattleUI","handler":"OnShowJoystickSetting"}],"_N$normalColor":{"__type__":"cc.Color","r":255,"g":255,"b":255},"_N$disabledColor":{"__type__":"cc.Color","r":255,"g":255,"b":255},"_N$normalSprite":{"__uuid__":"a18wvB+KRIj69H6umIvZtn"},"_N$disabledSprite":{"__uuid__":"a18wvB+KRIj69H6umIvZtn"},"_N$target":{"__id__":45}},{"__type__":"cc.Node","_name":"GlobalSettings","_parent":{"__id__":29},"_active":false,"_components":[{"__type__":"cc.Sprite","node":{"__id__":47},"_spriteFrame":{"__uuid__":"a18wvB+KRIj69H6umIvZtn"},"_type":1,"_sizeMode":0},{"__type__":"cc.Button","node":{"__id__":47},"transition":2,"pressedColor":{"__type__":"cc.Color","r":255,"g":255,"b":255},"clickEvents":[{"__type__":"cc.ClickEvent","target":{"__id__":1},"component":"BattleUI","handler":"OnShowGlobalSetting"}],"_N$normalColor":{"__type__":"cc.Color","r":255,"g":255,"b":255},"_N$disabledColor":{"__type__":"cc.Color","r":255,"g":255,"b":255},"_N$normalSprite":{"__uuid__":"a18wvB+KRIj69H6umIvZtn"},"_N$disabledSprite":{"__uuid__":"a18wvB+KRIj69H6umIvZtn"},"_N$target":{"__id__":47}}],"_prefab":{"__type__":"cc.PrefabInfo","root":{"__id__":1},"asset":{"__uuid__":"7cHdOumfNH6qRME2m6dIX1"},"fileId":"17SRQyLwtFFJ8INfNbqk9Y"},"_contentSize":{"__type__":"cc.Size","width":54,"height":54},"_position":{"__type__":"cc.Vec2","x":500}},{"__type__":"cc.Node","_name":"clock","_parent":{"__id__":29},"_components":[{"__type__":"cc.Sprite","node":{"__id__":48},"_spriteFrame":{"__uuid__":"9bsWayJcpGe78xi8otVqBj"}}],"_prefab":{"__type__":"cc.PrefabInfo","root":{"__id__":1},"asset":{"__uuid__":"7cHdOumfNH6qRME2m6dIX1"},"fileId":"45Te2IhyhK849crGJVkjNi"},"_anchorPoint":{"__type__":"cc.Vec2","x":0.5,"y":1},"_contentSize":{"__type__":"cc.Size","width":16,"height":20},"_position":{"__type__":"cc.Vec2","x":-35,"y":-7}},{"__type__":"cc.Node","_name":"30MDJS","_parent":{"__id__":29},"_children":[{"__id__":50},{"__id__":54},{"__id__":57},{"__id__":58},{"__id__":59},{"__id__":60},{"__id__":61},{"__id__":62},{"__id__":63},{"__id__":64},{"__id__":65},{"__id__":66}],"_components":[{"__id__":67}],"_prefab":{"__type__":"cc.PrefabInfo","root":{"__id__":1},"asset":{"__uuid__":"7cHdOumfNH6qRME2m6dIX1"},"fileId":"69WiA7gPxF64pbSd02swLi"},"_opacity":0,"_scaleX":1.3,"_scaleY":1.3,"_position":{"__type__":"cc.Vec2","y":-18}},{"__type__":"cc.Node","_name":"New Node","_parent":{"__id__":49},"_children":[{"__id__":51},{"__id__":52},{"__id__":53}],"_prefab":{"__type__":"cc.PrefabInfo","root":{"__id__":1},"asset":{"__uuid__":"7cHdOumfNH6qRME2m6dIX1"},"fileId":"aatoE9P8VJtJZKfIpI/0+m"}},{"__type__":"cc.Node","_name":"3","_parent":{"__id__":50},"_components":[{"__type__":"cc.Sprite","node":{"__id__":51},"_spriteFrame":{"__uuid__":"0eMoyyCOBKfY3fa3GfhaIb"}}],"_prefab":{"__type__":"cc.PrefabInfo","root":{"__id__":1},"asset":{"__uuid__":"7cHdOumfNH6qRME2m6dIX1"},"fileId":"5cMProE65LHqixNs8y2KLf"},"_contentSize":{"__type__":"cc.Size","width":18,"height":25},"_position":{"__type__":"cc.Vec2","x":-11}},{"__type__":"cc.Node","_name":"2","_parent":{"__id__":50},"_components":[{"__type__":"cc.Sprite","node":{"__id__":52},"_spriteFrame":{"__uuid__":"20RsN6zCFDVZOPLOfGXpCF"}}],"_prefab":{"__type__":"cc.PrefabInfo","root":{"__id__":1},"asset":{"__uuid__":"7cHdOumfNH6qRME2m6dIX1"},"fileId":"0232uRbwFD/KCS8j/bTI79"},"_contentSize":{"__type__":"cc.Size","width":18,"height":25},"_position":{"__type__":"cc.Vec2","x":-11}},{"__type__":"cc.Node","_name":"1","_parent":{"__id__":50},"_components":[{"__type__":"cc.Sprite","node":{"__id__":53},"_spriteFrame":{"__uuid__":"99HsF2fcRIHrZ/zTYTC4r9"}}],"_prefab":{"__type__":"cc.PrefabInfo","root":{"__id__":1},"asset":{"__uuid__":"7cHdOumfNH6qRME2m6dIX1"},"fileId":"11oM01FnZKgLY2iPeNoRkI"},"_contentSize":{"__type__":"cc.Size","width":12,"height":25},"_position":{"__type__":"cc.Vec2","x":-11}},{"__type__":"cc.Node","_name":"10","_parent":{"__id__":49},"_children":[{"__id__":55},{"__id__":56}],"_prefab":{"__type__":"cc.PrefabInfo","root":{"__id__":1},"asset":{"__uuid__":"7cHdOumfNH6qRME2m6dIX1"},"fileId":"81WQvH/VxN+JIFQax6FPmR"},"_position":{"__type__":"cc.Vec2","x":11}},{"__type__":"cc.Node","_name":"10_1","_parent":{"__id__":54},"_components":[{"__type__":"cc.Sprite","node":{"__id__":55},"_spriteFrame":{"__uuid__":"99HsF2fcRIHrZ/zTYTC4r9"}}],"_prefab":{"__type__":"cc.PrefabInfo","root":{"__id__":1},"asset":{"__uuid__":"7cHdOumfNH6qRME2m6dIX1"},"fileId":"45/bGK5V1Mt7kKASiOKgDn"},"_contentSize":{"__type__":"cc.Size","width":12,"height":25}},{"__type__":"cc.Node","_name":"10_0","_parent":{"__id__":54},"_components":[{"__type__":"cc.Sprite","node":{"__id__":56},"_spriteFrame":{"__uuid__":"d7MnG4kxpKpK8pCaujFtXl"}}],"_prefab":{"__type__":"cc.PrefabInfo","root":{"__id__":1},"asset":{"__uuid__":"7cHdOumfNH6qRME2m6dIX1"},"fileId":"45e5eHRNFOcbfNcK5XQxWQ"},"_contentSize":{"__type__":"cc.Size","width":20,"height":25}},{"__type__":"cc.Node","_name":"9","_parent":{"__id__":49},"_components":[{"__type__":"cc.Sprite","node":{"__id__":57},"_spriteFrame":{"__uuid__":"4axUfEgxZLU4WHVdbQFhrw"}}],"_prefab":{"__type__":"cc.PrefabInfo","root":{"__id__":1},"asset":{"__uuid__":"7cHdOumfNH6qRME2m6dIX1"},"fileId":"14/evTNGVEDrIUlrrKO7sS"},"_contentSize":{"__type__":"cc.Size","width":18,"height":25},"_position":{"__type__":"cc.Vec2","x":11,"y":5.684341886080802e-14}},{"__type__":"cc.Node","_name":"8","_parent":{"__id__":49},"_components":[{"__type__":"cc.Sprite","node":{"__id__":58},"_spriteFrame":{"__uuid__":"5drszDf99IHKAnchAofpCT"}}],"_prefab":{"__type__":"cc.PrefabInfo","root":{"__id__":1},"asset":{"__uuid__":"7cHdOumfNH6qRME2m6dIX1"},"fileId":"2fB+q1ssNH4rV7Sc3M/1It"},"_contentSize":{"__type__":"cc.Size","width":20,"height":25},"_position":{"__type__":"cc.Vec2","x":11,"y":5.684341886080802e-14}},{"__type__":"cc.Node","_name":"7","_parent":{"__id__":49},"_components":[{"__type__":"cc.Sprite","node":{"__id__":59},"_spriteFrame":{"__uuid__":"20B7ikWMNNEa6MKnLw8T8M"}}],"_prefab":{"__type__":"cc.PrefabInfo","root":{"__id__":1},"asset":{"__uuid__":"7cHdOumfNH6qRME2m6dIX1"},"fileId":"95ltsrPmxNS6P0P/epZbOO"},"_contentSize":{"__type__":"cc.Size","width":20,"height":25},"_position":{"__type__":"cc.Vec2","x":11,"y":5.684341886080802e-14}},{"__type__":"cc.Node","_name":"6","_parent":{"__id__":49},"_components":[{"__type__":"cc.Sprite","node":{"__id__":60},"_spriteFrame":{"__uuid__":"2d/POR/VdIRpD9exLOpiS8"}}],"_prefab":{"__type__":"cc.PrefabInfo","root":{"__id__":1},"asset":{"__uuid__":"7cHdOumfNH6qRME2m6dIX1"},"fileId":"f8UnPHT/pNJpRlCzoChGCy"},"_contentSize":{"__type__":"cc.Size","width":18,"height":25},"_position":{"__type__":"cc.Vec2","x":11,"y":5.684341886080802e-14}},{"__type__":"cc.Node","_name":"5","_parent":{"__id__":49},"_components":[{"__type__":"cc.Sprite","node":{"__id__":61},"_spriteFrame":{"__uuid__":"aeRxA7cbZDbpTVj4Jt75UW"}}],"_prefab":{"__type__":"cc.PrefabInfo","root":{"__id__":1},"asset":{"__uuid__":"7cHdOumfNH6qRME2m6dIX1"},"fileId":"6f7pjBPEtJ4Jgu/WcHFJj+"},"_contentSize":{"__type__":"cc.Size","width":18,"height":25},"_position":{"__type__":"cc.Vec2","x":11,"y":5.684341886080802e-14}},{"__type__":"cc.Node","_name":"4","_parent":{"__id__":49},"_components":[{"__type__":"cc.Sprite","node":{"__id__":62},"_spriteFrame":{"__uuid__":"7e7OrpKEZJpYZLsdweWYiy"}}],"_prefab":{"__type__":"cc.PrefabInfo","root":{"__id__":1},"asset":{"__uuid__":"7cHdOumfNH6qRME2m6dIX1"},"fileId":"beqwEKrNRAIqOWWM946Uu6"},"_contentSize":{"__type__":"cc.Size","width":22,"height":25},"_position":{"__type__":"cc.Vec2","x":11,"y":5.684341886080802e-14}},{"__type__":"cc.Node","_name":"3","_parent":{"__id__":49},"_components":[{"__type__":"cc.Sprite","node":{"__id__":63},"_spriteFrame":{"__uuid__":"0eMoyyCOBKfY3fa3GfhaIb"}}],"_prefab":{"__type__":"cc.PrefabInfo","root":{"__id__":1},"asset":{"__uuid__":"7cHdOumfNH6qRME2m6dIX1"},"fileId":"25/VepVLJDAZxP9jZkGFaY"},"_contentSize":{"__type__":"cc.Size","width":18,"height":25},"_position":{"__type__":"cc.Vec2","x":11,"y":5.684341886080802e-14}},{"__type__":"cc.Node","_name":"2","_parent":{"__id__":49},"_components":[{"__type__":"cc.Sprite","node":{"__id__":64},"_spriteFrame":{"__uuid__":"20RsN6zCFDVZOPLOfGXpCF"}}],"_prefab":{"__type__":"cc.PrefabInfo","root":{"__id__":1},"asset":{"__uuid__":"7cHdOumfNH6qRME2m6dIX1"},"fileId":"1arwa0FPBOF4G3bK+cZ3Ki"},"_contentSize":{"__type__":"cc.Size","width":18,"height":25},"_position":{"__type__":"cc.Vec2","x":11,"y":5.684341886080802e-14}},{"__type__":"cc.Node","_name":"1","_parent":{"__id__":49},"_components":[{"__type__":"cc.Sprite","node":{"__id__":65},"_spriteFrame":{"__uuid__":"99HsF2fcRIHrZ/zTYTC4r9"}}],"_prefab":{"__type__":"cc.PrefabInfo","root":{"__id__":1},"asset":{"__uuid__":"7cHdOumfNH6qRME2m6dIX1"},"fileId":"f2LIiP4AtAOZpLYsSiqzWp"},"_contentSize":{"__type__":"cc.Size","width":12,"height":25},"_position":{"__type__":"cc.Vec2","x":11,"y":5.684341886080802e-14}},{"__type__":"cc.Node","_name":"0","_parent":{"__id__":49},"_components":[{"__type__":"cc.Sprite","node":{"__id__":66},"_spriteFrame":{"__uuid__":"d7MnG4kxpKpK8pCaujFtXl"}}],"_prefab":{"__type__":"cc.PrefabInfo","root":{"__id__":1},"asset":{"__uuid__":"7cHdOumfNH6qRME2m6dIX1"},"fileId":"57kPe9z1xKQqCYP9bZxxJd"},"_contentSize":{"__type__":"cc.Size","width":20,"height":25},"_position":{"__type__":"cc.Vec2","x":11,"y":5.684341886080802e-14}},{"__type__":"cc.Animation","node":{"__id__":49},"_defaultClip":{"__uuid__":"8cldPkz/xDFr2+NFEy6OA+"},"_clips":[{"__uuid__":"8cldPkz/xDFr2+NFEy6OA+"}]},{"__type__":"cc.Node","_name":"10MDJS","_parent":{"__id__":29},"_children":[{"__id__":69},{"__id__":72},{"__id__":73},{"__id__":74},{"__id__":75},{"__id__":76},{"__id__":77},{"__id__":78},{"__id__":79},{"__id__":80},{"__id__":81}],"_components":[{"__id__":82}],"_prefab":{"__type__":"cc.PrefabInfo","root":{"__id__":1},"asset":{"__uuid__":"7cHdOumfNH6qRME2m6dIX1"},"fileId":"5da7beufZMF6wT4pkf6WAt"},"_opacity":0,"_scaleX":1.3,"_scaleY":1.3,"_position":{"__type__":"cc.Vec2","y":-18}},{"__type__":"cc.Node","_name":"10","_parent":{"__id__":68},"_children":[{"__id__":70},{"__id__":71}],"_prefab":{"__type__":"cc.PrefabInfo","root":{"__id__":1},"asset":{"__uuid__":"7cHdOumfNH6qRME2m6dIX1"},"fileId":"b3gd+Z39xHrpu0sARM/bS0"}},{"__type__":"cc.Node","_name":"10_1","_parent":{"__id__":69},"_components":[{"__type__":"cc.Sprite","node":{"__id__":70},"_spriteFrame":{"__uuid__":"99HsF2fcRIHrZ/zTYTC4r9"}}],"_prefab":{"__type__":"cc.PrefabInfo","root":{"__id__":1},"asset":{"__uuid__":"7cHdOumfNH6qRME2m6dIX1"},"fileId":"e6sMHm9zRHUolqLQbXrfoq"},"_contentSize":{"__type__":"cc.Size","width":12,"height":25}},{"__type__":"cc.Node","_name":"10_0","_parent":{"__id__":69},"_components":[{"__type__":"cc.Sprite","node":{"__id__":71},"_spriteFrame":{"__uuid__":"d7MnG4kxpKpK8pCaujFtXl"}}],"_prefab":{"__type__":"cc.PrefabInfo","root":{"__id__":1},"asset":{"__uuid__":"7cHdOumfNH6qRME2m6dIX1"},"fileId":"baxoiztQdFU55gnhslbMkx"},"_contentSize":{"__type__":"cc.Size","width":20,"height":25}},{"__type__":"cc.Node","_name":"9","_parent":{"__id__":68},"_components":[{"__type__":"cc.Sprite","node":{"__id__":72},"_spriteFrame":{"__uuid__":"4axUfEgxZLU4WHVdbQFhrw"}}],"_prefab":{"__type__":"cc.PrefabInfo","root":{"__id__":1},"asset":{"__uuid__":"7cHdOumfNH6qRME2m6dIX1"},"fileId":"d0lJlGo5tGy4maJNgGp9+B"},"_contentSize":{"__type__":"cc.Size","width":18,"height":25}},{"__type__":"cc.Node","_name":"8","_parent":{"__id__":68},"_components":[{"__type__":"cc.Sprite","node":{"__id__":73},"_spriteFrame":{"__uuid__":"5drszDf99IHKAnchAofpCT"}}],"_prefab":{"__type__":"cc.PrefabInfo","root":{"__id__":1},"asset":{"__uuid__":"7cHdOumfNH6qRME2m6dIX1"},"fileId":"0aucyf6ONO4ZbBWbAkX+R3"},"_contentSize":{"__type__":"cc.Size","width":20,"height":25}},{"__type__":"cc.Node","_name":"7","_parent":{"__id__":68},"_components":[{"__type__":"cc.Sprite","node":{"__id__":74},"_spriteFrame":{"__uuid__":"20B7ikWMNNEa6MKnLw8T8M"}}],"_prefab":{"__type__":"cc.PrefabInfo","root":{"__id__":1},"asset":{"__uuid__":"7cHdOumfNH6qRME2m6dIX1"},"fileId":"d9AdJd4j5NA5R8vQKlXrWD"},"_contentSize":{"__type__":"cc.Size","width":20,"height":25}},{"__type__":"cc.Node","_name":"6","_parent":{"__id__":68},"_components":[{"__type__":"cc.Sprite","node":{"__id__":75},"_spriteFrame":{"__uuid__":"2d/POR/VdIRpD9exLOpiS8"}}],"_prefab":{"__type__":"cc.PrefabInfo","root":{"__id__":1},"asset":{"__uuid__":"7cHdOumfNH6qRME2m6dIX1"},"fileId":"3fRoBUIXpJz696UQcymcR+"},"_contentSize":{"__type__":"cc.Size","width":18,"height":25}},{"__type__":"cc.Node","_name":"5","_parent":{"__id__":68},"_components":[{"__type__":"cc.Sprite","node":{"__id__":76},"_spriteFrame":{"__uuid__":"aeRxA7cbZDbpTVj4Jt75UW"}}],"_prefab":{"__type__":"cc.PrefabInfo","root":{"__id__":1},"asset":{"__uuid__":"7cHdOumfNH6qRME2m6dIX1"},"fileId":"8dVL5rjHRFsbQwmaM2sAXA"},"_contentSize":{"__type__":"cc.Size","width":18,"height":25}},{"__type__":"cc.Node","_name":"4","_parent":{"__id__":68},"_components":[{"__type__":"cc.Sprite","node":{"__id__":77},"_spriteFrame":{"__uuid__":"7e7OrpKEZJpYZLsdweWYiy"}}],"_prefab":{"__type__":"cc.PrefabInfo","root":{"__id__":1},"asset":{"__uuid__":"7cHdOumfNH6qRME2m6dIX1"},"fileId":"ddVoeCPJxBvp76Jw2v+n0F"},"_contentSize":{"__type__":"cc.Size","width":22,"height":25}},{"__type__":"cc.Node","_name":"3","_parent":{"__id__":68},"_components":[{"__type__":"cc.Sprite","node":{"__id__":78},"_spriteFrame":{"__uuid__":"0eMoyyCOBKfY3fa3GfhaIb"}}],"_prefab":{"__type__":"cc.PrefabInfo","root":{"__id__":1},"asset":{"__uuid__":"7cHdOumfNH6qRME2m6dIX1"},"fileId":"d8r7BnQ8dGJJeHKJjgihY4"},"_contentSize":{"__type__":"cc.Size","width":18,"height":25}},{"__type__":"cc.Node","_name":"2","_parent":{"__id__":68},"_components":[{"__type__":"cc.Sprite","node":{"__id__":79},"_spriteFrame":{"__uuid__":"20RsN6zCFDVZOPLOfGXpCF"}}],"_prefab":{"__type__":"cc.PrefabInfo","root":{"__id__":1},"asset":{"__uuid__":"7cHdOumfNH6qRME2m6dIX1"},"fileId":"c5yne2D25IZIQynUr+bbgi"},"_contentSize":{"__type__":"cc.Size","width":18,"height":25}},{"__type__":"cc.Node","_name":"1","_parent":{"__id__":68},"_components":[{"__type__":"cc.Sprite","node":{"__id__":80},"_spriteFrame":{"__uuid__":"99HsF2fcRIHrZ/zTYTC4r9"}}],"_prefab":{"__type__":"cc.PrefabInfo","root":{"__id__":1},"asset":{"__uuid__":"7cHdOumfNH6qRME2m6dIX1"},"fileId":"a3qaFaV7xMVJAtiiuL1e2X"},"_contentSize":{"__type__":"cc.Size","width":12,"height":25}},{"__type__":"cc.Node","_name":"0","_parent":{"__id__":68},"_components":[{"__type__":"cc.Sprite","node":{"__id__":81},"_spriteFrame":{"__uuid__":"d7MnG4kxpKpK8pCaujFtXl"}}],"_prefab":{"__type__":"cc.PrefabInfo","root":{"__id__":1},"asset":{"__uuid__":"7cHdOumfNH6qRME2m6dIX1"},"fileId":"43r0ZjSURFibGlG8QYpM46"},"_contentSize":{"__type__":"cc.Size","width":20,"height":25}},{"__type__":"cc.Animation","node":{"__id__":68},"_defaultClip":{"__uuid__":"edeTWuq6tGeqI/+H729wrs"},"_clips":[{"__uuid__":"edeTWuq6tGeqI/+H729wrs"}]},{"__type__":"cc.Node","_name":"LeftEdgeBk","_parent":{"__id__":1},"_active":false,"_components":[{"__type__":"cc.Sprite","node":{"__id__":83},"_spriteFrame":{"__uuid__":"08L+cdXZZHS59r32etsaNM"},"_sizeMode":0},{"__type__":"cc.Widget","node":{"__id__":83},"_alignFlags":13,"_top":-25,"_bottom":-25,"_originalHeight":36}],"_prefab":{"__type__":"cc.PrefabInfo","root":{"__id__":1},"asset":{"__uuid__":"7cHdOumfNH6qRME2m6dIX1"},"fileId":"30WH5FvxFGeYYvGwk58B3y"},"_opacity":180,"_color":{"__type__":"cc.Color"},"_anchorPoint":{"__type__":"cc.Vec2","y":0.5},"_contentSize":{"__type__":"cc.Size","width":50,"height":800},"_position":{"__type__":"cc.Vec2","x":-667}},{"__type__":"cc.Node","_name":"RightEdgeBk","_parent":{"__id__":1},"_active":false,"_components":[{"__type__":"cc.Sprite","node":{"__id__":84},"_spriteFrame":{"__uuid__":"08L+cdXZZHS59r32etsaNM"},"_sizeMode":0},{"__type__":"cc.Widget","node":{"__id__":84},"_alignFlags":37,"_top":-25,"_bottom":-25,"_originalHeight":36}],"_prefab":{"__type__":"cc.PrefabInfo","root":{"__id__":1},"asset":{"__uuid__":"7cHdOumfNH6qRME2m6dIX1"},"fileId":"93AU7HtqlL05EhdJ5VBqDA"},"_opacity":180,"_color":{"__type__":"cc.Color"},"_anchorPoint":{"__type__":"cc.Vec2","x":1,"y":0.5},"_contentSize":{"__type__":"cc.Size","width":50,"height":800},"_position":{"__type__":"cc.Vec2","x":667}},{"__type__":"cc.Node","_name":"FuHuoRoot","_parent":{"__id__":1},"_children":[{"__id__":86},{"__id__":117}],"_components":[{"__type__":"8f43d7dcD9AqId+CatrhIKt","node":{"__id__":85},"preSelfItemList":[{"__id__":87},{"__id__":97},{"__id__":107}],"preEnemyItemList":[{"__id__":118},{"__id__":128},{"__id__":138}],"SelfFuhuoNode":{"__id__":86},"EnemyFuhuoNode":{"__id__":117},"ReBornMask":{"__id__":148},"CountDownNode":{"__id__":150},"CountDownNumberSprite0":{"__id__":154},"CountDownNumberSprite1":{"__id__":156},"DiamondLabel":{"__id__":161},"DiamondBtn":{"__id__":162},"PVPLabel":{"__id__":157},"SingleLabel":{"__id__":163},"SelfRootNode":{"__id__":86},"EnemyRootNode":{"__id__":117},"ShopBtn":{"__id__":157},"NumberSpriteFrameList":[{"__uuid__":"b5xJKPJ5hJdqd8kwjzTmHG"},{"__uuid__":"becWc+XTdOVK05BHtBOomc"},{"__uuid__":"89i8AOb+BIdrLRqAN6jdLj"},{"__uuid__":"3bEfn+W81Dyaf4L/n0BH8a"},{"__uuid__":"851XEo3atNjaYDfSOi6lEz"}],"LeftEdgeBk":{"__id__":83},"RightEdgeBk":{"__id__":84}}],"_prefab":{"__type__":"cc.PrefabInfo","root":{"__id__":1},"asset":{"__uuid__":"7cHdOumfNH6qRME2m6dIX1"},"fileId":"83APa3/TRGO7lRQq+c00iU"},"_contentSize":{"__type__":"cc.Size","width":1334},"_position":{"__type__":"cc.Vec2","y":275}},{"__type__":"cc.Node","_name":"FuHuo","_parent":{"__id__":85},"_children":[{"__id__":87},{"__id__":97},{"__id__":107}],"_components":[{"__type__":"cc.Sprite","node":{"__id__":86},"_spriteFrame":{"__uuid__":"f5lOyLklVN8qcbjOo/YB8o"},"_type":1,"_sizeMode":0},{"__type__":"cc.Layout","node":{"__id__":86},"_layoutSize":{"__type__":"cc.Size","width":60,"height":176},"_resize":1,"_N$layoutType":2,"_N$paddingLeft":3,"_N$paddingRight":20,"_N$paddingTop":5,"_N$paddingBottom":5,"_N$spacingX":5,"_N$spacingY":5},{"__type__":"cc.Widget","node":{"__id__":86},"_alignFlags":8,"_left":22.5,"_top":-83.5}],"_prefab":{"__type__":"cc.PrefabInfo","root":{"__id__":1},"asset":{"__uuid__":"7cHdOumfNH6qRME2m6dIX1"},"fileId":"d38vYtkmxHQLbeUJPg2SFn"},"_anchorPoint":{"__type__":"cc.Vec2","x":0.5,"y":1},"_contentSize":{"__type__":"cc.Size","width":60,"height":176},"_position":{"__type__":"cc.Vec2","x":-614.5,"y":-45}},{"__type__":"cc.Node","_name":"SelfFuHuoItem","_parent":{"__id__":86},"_children":[{"__id__":88},{"__id__":90},{"__id__":93}],"_components":[{"__type__":"cc.Sprite","node":{"__id__":87},"_spriteFrame":{"__uuid__":"70s447/0ZOUZRVPhyzJ5dm"},"_sizeMode":2},{"__type__":"28aabZjs1FNmZzcWNpfcW6w","node":{"__id__":87},"ValueSprite":{"__id__":89},"Mask":{"__id__":93},"HeadImageSprite":{"__id__":95},"SimpleRound":{"__id__":96}}],"_prefab":{"__type__":"cc.PrefabInfo","root":{"__id__":1},"asset":{"__uuid__":"7cHdOumfNH6qRME2m6dIX1"},"fileId":"8cvOe3269EQ4xaEwWxcWdk"},"_contentSize":{"__type__":"cc.Size","width":52,"height":52},"_position":{"__type__":"cc.Vec2","y":-31}},{"__type__":"cc.Node","_name":"Value","_parent":{"__id__":87},"_components":[{"__id__":89}],"_prefab":{"__type__":"cc.PrefabInfo","root":{"__id__":1},"asset":{"__uuid__":"7cHdOumfNH6qRME2m6dIX1"},"fileId":"7dzQU1fsROj45XQV9j3fZL"},"_contentSize":{"__type__":"cc.Size","width":52,"height":52},"_rotationX":270,"_rotationY":270,"_scaleY":-1},{"__type__":"cc.Sprite","node":{"__id__":88},"_spriteFrame":{"__uuid__":"34oiGB9MdII7TU4NlcxLAM"},"_type":3,"_sizeMode":2,"_fillType":2,"_fillCenter":{"__type__":"cc.Vec2","x":0.5,"y":0.5}},{"__type__":"cc.Node","_name":"EmoticonBk","_parent":{"__id__":87},"_children":[{"__id__":91},{"__id__":92}],"_prefab":{"__type__":"cc.PrefabInfo","root":{"__id__":1},"asset":{"__uuid__":"7cHdOumfNH6qRME2m6dIX1"},"fileId":"20jjp6dvdIe7Rj60RTEQGX"},"_opacity":0,"_contentSize":{"__type__":"cc.Size","width":26,"height":22},"_position":{"__type__":"cc.Vec2","x":70}},{"__type__":"cc.Node","_name":"Arrow","_parent":{"__id__":90},"_components":[{"__type__":"cc.Sprite","node":{"__id__":91},"_spriteFrame":{"__uuid__":"58LiTPViZPKrHZe9c7BvC8"},"_sizeMode":0}],"_prefab":{"__type__":"cc.PrefabInfo","root":{"__id__":1},"asset":{"__uuid__":"7cHdOumfNH6qRME2m6dIX1"},"fileId":"13JInPoapCy4DnkvVe9MO9"},"_contentSize":{"__type__":"cc.Size","width":26,"height":22},"_rotationX":-60,"_rotationY":-60,"_scaleX":0.6,"_scaleY":0.6,"_position":{"__type__":"cc.Vec2","x":-37.6,"y":12}},{"__type__":"cc.Node","_name":"EmoticonSprite","_parent":{"__id__":90},"_components":[{"__type__":"cc.Sprite","node":{"__id__":92},"_spriteFrame":{"__uuid__":"60jCGiFNBHVLwSIBvVw3nh"},"_sizeMode":0}],"_prefab":{"__type__":"cc.PrefabInfo","root":{"__id__":1},"asset":{"__uuid__":"7cHdOumfNH6qRME2m6dIX1"},"fileId":"71tV4NitNC+JSIoGpr72cd"},"_contentSize":{"__type__":"cc.Size","width":72,"height":72},"_scaleX":0.6,"_scaleY":0.6,"_position":{"__type__":"cc.Vec2","x":-15}},{"__type__":"cc.Node","_name":"Mask","_parent":{"__id__":87},"_children":[{"__id__":94}],"_prefab":{"__type__":"cc.PrefabInfo","root":{"__id__":1},"asset":{"__uuid__":"7cHdOumfNH6qRME2m6dIX1"},"fileId":"7eLOd0X5hGtYZWrXpv4RCr"},"_color":{"__type__":"cc.Color"},"_contentSize":{"__type__":"cc.Size","width":52,"height":52}},{"__type__":"cc.Node","_name":"HeadIcon","_parent":{"__id__":93},"_components":[{"__id__":95},{"__id__":96}],"_prefab":{"__type__":"cc.PrefabInfo","root":{"__id__":1},"asset":{"__uuid__":"7cHdOumfNH6qRME2m6dIX1"},"fileId":"e8zY1lxhFKN7lZgTjbZKEk"},"_contentSize":{"__type__":"cc.Size","width":44,"height":44},"_position":{"__type__":"cc.Vec2","y":1.4210854715202004e-14}},{"__type__":"cc.Sprite","node":{"__id__":94},"_sizeMode":0},{"__type__":"69d31orU6xIDajXGNN3s022","node":{"__id__":94}},{"__type__":"cc.Node","_name":"SelfFuHuoItem","_parent":{"__id__":86},"_children":[{"__id__":98},{"__id__":100},{"__id__":103}],"_components":[{"__type__":"cc.Sprite","node":{"__id__":97},"_spriteFrame":{"__uuid__":"70s447/0ZOUZRVPhyzJ5dm"},"_sizeMode":2},{"__type__":"28aabZjs1FNmZzcWNpfcW6w","node":{"__id__":97},"ValueSprite":{"__id__":99},"Mask":{"__id__":103},"HeadImageSprite":{"__id__":105},"SimpleRound":{"__id__":106}}],"_prefab":{"__type__":"cc.PrefabInfo","root":{"__id__":1},"asset":{"__uuid__":"7cHdOumfNH6qRME2m6dIX1"},"fileId":"dcmPkQ/XFAZZYkQp3b8M9E"},"_contentSize":{"__type__":"cc.Size","width":52,"height":52},"_position":{"__type__":"cc.Vec2","y":-88}},{"__type__":"cc.Node","_name":"Value","_parent":{"__id__":97},"_components":[{"__id__":99}],"_prefab":{"__type__":"cc.PrefabInfo","root":{"__id__":1},"asset":{"__uuid__":"7cHdOumfNH6qRME2m6dIX1"},"fileId":"9dTlqmKy1FZ6t6KESs5mXn"},"_contentSize":{"__type__":"cc.Size","width":52,"height":52},"_rotationX":270,"_rotationY":270,"_scaleY":-1},{"__type__":"cc.Sprite","node":{"__id__":98},"_spriteFrame":{"__uuid__":"34oiGB9MdII7TU4NlcxLAM"},"_type":3,"_sizeMode":2,"_fillType":2,"_fillCenter":{"__type__":"cc.Vec2","x":0.5,"y":0.5}},{"__type__":"cc.Node","_name":"EmoticonBk","_parent":{"__id__":97},"_children":[{"__id__":101},{"__id__":102}],"_prefab":{"__type__":"cc.PrefabInfo","root":{"__id__":1},"asset":{"__uuid__":"7cHdOumfNH6qRME2m6dIX1"},"fileId":"bbn1fwYgRDfa/5RbyX++c9"},"_opacity":0,"_contentSize":{"__type__":"cc.Size","width":70,"height":70},"_position":{"__type__":"cc.Vec2","x":70}},{"__type__":"cc.Node","_name":"Arrow","_parent":{"__id__":100},"_components":[{"__type__":"cc.Sprite","node":{"__id__":101},"_spriteFrame":{"__uuid__":"58LiTPViZPKrHZe9c7BvC8"},"_sizeMode":0}],"_prefab":{"__type__":"cc.PrefabInfo","root":{"__id__":1},"asset":{"__uuid__":"7cHdOumfNH6qRME2m6dIX1"},"fileId":"d8Clcsa+lPs59ve1cOe/SF"},"_contentSize":{"__type__":"cc.Size","width":26,"height":22},"_rotationX":-60,"_rotationY":-60,"_position":{"__type__":"cc.Vec2","x":-37.5,"y":12}},{"__type__":"cc.Node","_name":"EmoticonSprite","_parent":{"__id__":100},"_components":[{"__type__":"cc.Sprite","node":{"__id__":102},"_spriteFrame":{"__uuid__":"60jCGiFNBHVLwSIBvVw3nh"},"_sizeMode":0}],"_prefab":{"__type__":"cc.PrefabInfo","root":{"__id__":1},"asset":{"__uuid__":"7cHdOumfNH6qRME2m6dIX1"},"fileId":"0auLSWehVLjo9wL0fyuE9r"},"_contentSize":{"__type__":"cc.Size","width":72,"height":72},"_scaleX":0.6,"_scaleY":0.6,"_position":{"__type__":"cc.Vec2","x":-15}},{"__type__":"cc.Node","_name":"Mask","_parent":{"__id__":97},"_children":[{"__id__":104}],"_prefab":{"__type__":"cc.PrefabInfo","root":{"__id__":1},"asset":{"__uuid__":"7cHdOumfNH6qRME2m6dIX1"},"fileId":"7c2r2NbOVAu4xXD2r0JKsd"},"_color":{"__type__":"cc.Color"},"_contentSize":{"__type__":"cc.Size","width":52,"height":52}},{"__type__":"cc.Node","_name":"HeadIcon","_parent":{"__id__":103},"_components":[{"__id__":105},{"__id__":106}],"_prefab":{"__type__":"cc.PrefabInfo","root":{"__id__":1},"asset":{"__uuid__":"7cHdOumfNH6qRME2m6dIX1"},"fileId":"16jlNl3kZFF5Afj+KfgI8S"},"_contentSize":{"__type__":"cc.Size","width":44,"height":44}},{"__type__":"cc.Sprite","node":{"__id__":104},"_sizeMode":0},{"__type__":"69d31orU6xIDajXGNN3s022","node":{"__id__":104}},{"__type__":"cc.Node","_name":"SelfFuHuoItem","_parent":{"__id__":86},"_children":[{"__id__":108},{"__id__":110},{"__id__":113}],"_components":[{"__type__":"cc.Sprite","node":{"__id__":107},"_spriteFrame":{"__uuid__":"70s447/0ZOUZRVPhyzJ5dm"},"_sizeMode":2},{"__type__":"28aabZjs1FNmZzcWNpfcW6w","node":{"__id__":107},"ValueSprite":{"__id__":109},"Mask":{"__id__":113},"HeadImageSprite":{"__id__":115},"SimpleRound":{"__id__":116}}],"_prefab":{"__type__":"cc.PrefabInfo","root":{"__id__":1},"asset":{"__uuid__":"7cHdOumfNH6qRME2m6dIX1"},"fileId":"3a7wvQoBtM/KKQ2ARrbV7t"},"_contentSize":{"__type__":"cc.Size","width":52,"height":52},"_position":{"__type__":"cc.Vec2","y":-145}},{"__type__":"cc.Node","_name":"Value","_parent":{"__id__":107},"_components":[{"__id__":109}],"_prefab":{"__type__":"cc.PrefabInfo","root":{"__id__":1},"asset":{"__uuid__":"7cHdOumfNH6qRME2m6dIX1"},"fileId":"24Qr/qpHVOlKES3El2JmDa"},"_contentSize":{"__type__":"cc.Size","width":52,"height":52},"_rotationX":270,"_rotationY":270,"_scaleY":-1},{"__type__":"cc.Sprite","node":{"__id__":108},"_spriteFrame":{"__uuid__":"34oiGB9MdII7TU4NlcxLAM"},"_type":3,"_sizeMode":2,"_fillType":2,"_fillCenter":{"__type__":"cc.Vec2","x":0.5,"y":0.5}},{"__type__":"cc.Node","_name":"EmoticonBk","_parent":{"__id__":107},"_children":[{"__id__":111},{"__id__":112}],"_prefab":{"__type__":"cc.PrefabInfo","root":{"__id__":1},"asset":{"__uuid__":"7cHdOumfNH6qRME2m6dIX1"},"fileId":"49U/WPwm5PboGpggGkXi30"},"_opacity":0,"_contentSize":{"__type__":"cc.Size","width":70,"height":70},"_position":{"__type__":"cc.Vec2","x":70}},{"__type__":"cc.Node","_name":"Arrow","_parent":{"__id__":110},"_components":[{"__type__":"cc.Sprite","node":{"__id__":111},"_spriteFrame":{"__uuid__":"58LiTPViZPKrHZe9c7BvC8"}}],"_prefab":{"__type__":"cc.PrefabInfo","root":{"__id__":1},"asset":{"__uuid__":"7cHdOumfNH6qRME2m6dIX1"},"fileId":"ddyKBz1HtFYL74xumUN5Xf"},"_contentSize":{"__type__":"cc.Size","width":26,"height":22},"_rotationX":-60,"_rotationY":-60,"_position":{"__type__":"cc.Vec2","x":-37.5,"y":12}},{"__type__":"cc.Node","_name":"EmoticonSprite","_parent":{"__id__":110},"_components":[{"__type__":"cc.Sprite","node":{"__id__":112},"_spriteFrame":{"__uuid__":"60jCGiFNBHVLwSIBvVw3nh"},"_sizeMode":0}],"_prefab":{"__type__":"cc.PrefabInfo","root":{"__id__":1},"asset":{"__uuid__":"7cHdOumfNH6qRME2m6dIX1"},"fileId":"c93kZEChRLr47GO1GtyKFU"},"_contentSize":{"__type__":"cc.Size","width":72,"height":72},"_scaleX":0.6,"_scaleY":0.6,"_position":{"__type__":"cc.Vec2","x":-15}},{"__type__":"cc.Node","_name":"Mask","_parent":{"__id__":107},"_children":[{"__id__":114}],"_prefab":{"__type__":"cc.PrefabInfo","root":{"__id__":1},"asset":{"__uuid__":"7cHdOumfNH6qRME2m6dIX1"},"fileId":"a5nAhjgu9AcoA6Br+dNgSe"},"_color":{"__type__":"cc.Color"},"_contentSize":{"__type__":"cc.Size","width":52,"height":52}},{"__type__":"cc.Node","_name":"HeadIcon","_parent":{"__id__":113},"_components":[{"__id__":115},{"__id__":116}],"_prefab":{"__type__":"cc.PrefabInfo","root":{"__id__":1},"asset":{"__uuid__":"7cHdOumfNH6qRME2m6dIX1"},"fileId":"2a7D6EpH5AM5gmtTo5QOoH"},"_contentSize":{"__type__":"cc.Size","width":44,"height":44}},{"__type__":"cc.Sprite","node":{"__id__":114},"_sizeMode":0},{"__type__":"69d31orU6xIDajXGNN3s022","node":{"__id__":114}},{"__type__":"cc.Node","_name":"FuHuo","_parent":{"__id__":85},"_children":[{"__id__":118},{"__id__":128},{"__id__":138}],"_components":[{"__type__":"cc.Sprite","node":{"__id__":117},"_spriteFrame":{"__uuid__":"f5lOyLklVN8qcbjOo/YB8o"},"_type":1,"_sizeMode":0},{"__type__":"cc.Layout","node":{"__id__":117},"_layoutSize":{"__type__":"cc.Size","width":60,"height":176},"_resize":1,"_N$layoutType":2,"_N$paddingLeft":20,"_N$paddingRight":3,"_N$paddingTop":5,"_N$paddingBottom":5,"_N$spacingX":5,"_N$spacingY":5},{"__type__":"cc.Widget","node":{"__id__":117},"_alignFlags":32,"_right":22.5}],"_prefab":{"__type__":"cc.PrefabInfo","root":{"__id__":1},"asset":{"__uuid__":"7cHdOumfNH6qRME2m6dIX1"},"fileId":"cdZWPN/mBMFru/J+SldR/Q"},"_anchorPoint":{"__type__":"cc.Vec2","x":0.5,"y":1},"_contentSize":{"__type__":"cc.Size","width":60,"height":176},"_position":{"__type__":"cc.Vec2","x":614.5,"y":-45}},{"__type__":"cc.Node","_name":"EnenyFuHuoItem","_parent":{"__id__":117},"_children":[{"__id__":119},{"__id__":121},{"__id__":124}],"_components":[{"__type__":"cc.Sprite","node":{"__id__":118},"_spriteFrame":{"__uuid__":"70s447/0ZOUZRVPhyzJ5dm"},"_sizeMode":2},{"__type__":"28aabZjs1FNmZzcWNpfcW6w","node":{"__id__":118},"ValueSprite":{"__id__":120},"Mask":{"__id__":124},"HeadImageSprite":{"__id__":126},"SimpleRound":{"__id__":127}}],"_prefab":{"__type__":"cc.PrefabInfo","root":{"__id__":1},"asset":{"__uuid__":"7cHdOumfNH6qRME2m6dIX1"},"fileId":"65T6LgIbxI35H0w+quuEIi"},"_contentSize":{"__type__":"cc.Size","width":52,"height":52},"_position":{"__type__":"cc.Vec2","y":-31}},{"__type__":"cc.Node","_name":"Value","_parent":{"__id__":118},"_components":[{"__id__":120}],"_prefab":{"__type__":"cc.PrefabInfo","root":{"__id__":1},"asset":{"__uuid__":"7cHdOumfNH6qRME2m6dIX1"},"fileId":"c5wnnTZqtI+bals7QenToa"},"_contentSize":{"__type__":"cc.Size","width":52,"height":52},"_rotationX":270,"_rotationY":270,"_scaleY":-1},{"__type__":"cc.Sprite","node":{"__id__":119},"_spriteFrame":{"__uuid__":"a58YQw4IRLyKiu+0KcNiDx"},"_type":3,"_sizeMode":2,"_fillType":2,"_fillCenter":{"__type__":"cc.Vec2","x":0.5,"y":0.5}},{"__type__":"cc.Node","_name":"EmoticonBk","_parent":{"__id__":118},"_children":[{"__id__":122},{"__id__":123}],"_prefab":{"__type__":"cc.PrefabInfo","root":{"__id__":1},"asset":{"__uuid__":"7cHdOumfNH6qRME2m6dIX1"},"fileId":"adNK647wdFYJKNWx9wy6SB"},"_opacity":0,"_contentSize":{"__type__":"cc.Size","width":70,"height":70},"_position":{"__type__":"cc.Vec2","x":-70}},{"__type__":"cc.Node","_name":"Arrow","_parent":{"__id__":121},"_components":[{"__type__":"cc.Sprite","node":{"__id__":122},"_spriteFrame":{"__uuid__":"58LiTPViZPKrHZe9c7BvC8"}}],"_prefab":{"__type__":"cc.PrefabInfo","root":{"__id__":1},"asset":{"__uuid__":"7cHdOumfNH6qRME2m6dIX1"},"fileId":"8bysYDTGJAq6r6s/4LmnE1"},"_contentSize":{"__type__":"cc.Size","width":26,"height":22},"_rotationX":60,"_rotationY":60,"_scaleX":0.6,"_scaleY":0.6,"_position":{"__type__":"cc.Vec2","x":37.6,"y":12}},{"__type__":"cc.Node","_name":"EmoticonSprite","_parent":{"__id__":121},"_components":[{"__type__":"cc.Sprite","node":{"__id__":123},"_spriteFrame":{"__uuid__":"60jCGiFNBHVLwSIBvVw3nh"},"_sizeMode":0}],"_prefab":{"__type__":"cc.PrefabInfo","root":{"__id__":1},"asset":{"__uuid__":"7cHdOumfNH6qRME2m6dIX1"},"fileId":"41Gm/+ArdGV6KmrThDU4Bo"},"_contentSize":{"__type__":"cc.Size","width":72,"height":72},"_scaleX":0.6,"_scaleY":0.6,"_position":{"__type__":"cc.Vec2","x":15}},{"__type__":"cc.Node","_name":"Mask","_parent":{"__id__":118},"_children":[{"__id__":125}],"_prefab":{"__type__":"cc.PrefabInfo","root":{"__id__":1},"asset":{"__uuid__":"7cHdOumfNH6qRME2m6dIX1"},"fileId":"3aS1I8Y/VP9Y31eTy16fat"},"_color":{"__type__":"cc.Color"},"_contentSize":{"__type__":"cc.Size","width":52,"height":52}},{"__type__":"cc.Node","_name":"HeadIcon","_parent":{"__id__":124},"_components":[{"__id__":126},{"__id__":127}],"_prefab":{"__type__":"cc.PrefabInfo","root":{"__id__":1},"asset":{"__uuid__":"7cHdOumfNH6qRME2m6dIX1"},"fileId":"84Hy9hElRM25IEnUz3VHkk"},"_contentSize":{"__type__":"cc.Size","width":44,"height":44}},{"__type__":"cc.Sprite","node":{"__id__":125},"_sizeMode":0},{"__type__":"69d31orU6xIDajXGNN3s022","node":{"__id__":125}},{"__type__":"cc.Node","_name":"EnenyFuHuoItem","_parent":{"__id__":117},"_children":[{"__id__":129},{"__id__":131},{"__id__":134}],"_components":[{"__type__":"cc.Sprite","node":{"__id__":128},"_spriteFrame":{"__uuid__":"70s447/0ZOUZRVPhyzJ5dm"},"_sizeMode":2},{"__type__":"28aabZjs1FNmZzcWNpfcW6w","node":{"__id__":128},"ValueSprite":{"__id__":130},"Mask":{"__id__":134},"HeadImageSprite":{"__id__":136},"SimpleRound":{"__id__":137}}],"_prefab":{"__type__":"cc.PrefabInfo","root":{"__id__":1},"asset":{"__uuid__":"7cHdOumfNH6qRME2m6dIX1"},"fileId":"e6dGXq2ZNOT5mV3JUWK+0I"},"_contentSize":{"__type__":"cc.Size","width":52,"height":52},"_position":{"__type__":"cc.Vec2","y":-88}},{"__type__":"cc.Node","_name":"Value","_parent":{"__id__":128},"_components":[{"__id__":130}],"_prefab":{"__type__":"cc.PrefabInfo","root":{"__id__":1},"asset":{"__uuid__":"7cHdOumfNH6qRME2m6dIX1"},"fileId":"adjBoTNjZMPJ27+MhmkZ6y"},"_contentSize":{"__type__":"cc.Size","width":52,"height":52},"_rotationX":270,"_rotationY":270,"_scaleY":-1},{"__type__":"cc.Sprite","node":{"__id__":129},"_spriteFrame":{"__uuid__":"a58YQw4IRLyKiu+0KcNiDx"},"_type":3,"_sizeMode":2,"_fillType":2,"_fillCenter":{"__type__":"cc.Vec2","x":0.5,"y":0.5}},{"__type__":"cc.Node","_name":"EmoticonBk","_parent":{"__id__":128},"_children":[{"__id__":132},{"__id__":133}],"_prefab":{"__type__":"cc.PrefabInfo","root":{"__id__":1},"asset":{"__uuid__":"7cHdOumfNH6qRME2m6dIX1"},"fileId":"6cS4sxVxdPcosN4RpjTRBs"},"_opacity":0,"_contentSize":{"__type__":"cc.Size","width":70,"height":70},"_position":{"__type__":"cc.Vec2","x":-70}},{"__type__":"cc.Node","_name":"Arrow","_parent":{"__id__":131},"_components":[{"__type__":"cc.Sprite","node":{"__id__":132},"_spriteFrame":{"__uuid__":"58LiTPViZPKrHZe9c7BvC8"}}],"_prefab":{"__type__":"cc.PrefabInfo","root":{"__id__":1},"asset":{"__uuid__":"7cHdOumfNH6qRME2m6dIX1"},"fileId":"5dTQYIvD5JwbVIZdrzFpYo"},"_contentSize":{"__type__":"cc.Size","width":26,"height":22},"_rotationX":60,"_rotationY":60,"_scaleX":0.6,"_scaleY":0.6,"_position":{"__type__":"cc.Vec2","x":37.6,"y":12}},{"__type__":"cc.Node","_name":"EmoticonSprite","_parent":{"__id__":131},"_components":[{"__type__":"cc.Sprite","node":{"__id__":133},"_spriteFrame":{"__uuid__":"60jCGiFNBHVLwSIBvVw3nh"},"_sizeMode":0}],"_prefab":{"__type__":"cc.PrefabInfo","root":{"__id__":1},"asset":{"__uuid__":"7cHdOumfNH6qRME2m6dIX1"},"fileId":"e2PMe46xNJ1LnSM6v/X9dL"},"_contentSize":{"__type__":"cc.Size","width":72,"height":72},"_scaleX":0.6,"_scaleY":0.6,"_position":{"__type__":"cc.Vec2","x":15}},{"__type__":"cc.Node","_name":"Mask","_parent":{"__id__":128},"_children":[{"__id__":135}],"_prefab":{"__type__":"cc.PrefabInfo","root":{"__id__":1},"asset":{"__uuid__":"7cHdOumfNH6qRME2m6dIX1"},"fileId":"c2oGDP1T1FmJ5C2IYwflwE"},"_color":{"__type__":"cc.Color"},"_contentSize":{"__type__":"cc.Size","width":52,"height":52}},{"__type__":"cc.Node","_name":"HeadIcon","_parent":{"__id__":134},"_components":[{"__id__":136},{"__id__":137}],"_prefab":{"__type__":"cc.PrefabInfo","root":{"__id__":1},"asset":{"__uuid__":"7cHdOumfNH6qRME2m6dIX1"},"fileId":"0eZALf3VVGgbIUqhU///ls"},"_contentSize":{"__type__":"cc.Size","width":44,"height":44}},{"__type__":"cc.Sprite","node":{"__id__":135},"_sizeMode":0},{"__type__":"69d31orU6xIDajXGNN3s022","node":{"__id__":135}},{"__type__":"cc.Node","_name":"EnenyFuHuoItem","_parent":{"__id__":117},"_children":[{"__id__":139},{"__id__":141},{"__id__":144}],"_components":[{"__type__":"cc.Sprite","node":{"__id__":138},"_spriteFrame":{"__uuid__":"70s447/0ZOUZRVPhyzJ5dm"},"_sizeMode":2},{"__type__":"28aabZjs1FNmZzcWNpfcW6w","node":{"__id__":138},"ValueSprite":{"__id__":140},"Mask":{"__id__":144},"HeadImageSprite":{"__id__":146},"SimpleRound":{"__id__":147}}],"_prefab":{"__type__":"cc.PrefabInfo","root":{"__id__":1},"asset":{"__uuid__":"7cHdOumfNH6qRME2m6dIX1"},"fileId":"c6y6YPf+hJPYubnuS6iwDo"},"_contentSize":{"__type__":"cc.Size","width":52,"height":52},"_position":{"__type__":"cc.Vec2","y":-145}},{"__type__":"cc.Node","_name":"Value","_parent":{"__id__":138},"_components":[{"__id__":140}],"_prefab":{"__type__":"cc.PrefabInfo","root":{"__id__":1},"asset":{"__uuid__":"7cHdOumfNH6qRME2m6dIX1"},"fileId":"f6znx4QEhOV4cghZdjxNva"},"_contentSize":{"__type__":"cc.Size","width":52,"height":52},"_rotationX":270,"_rotationY":270,"_scaleY":-1},{"__type__":"cc.Sprite","node":{"__id__":139},"_spriteFrame":{"__uuid__":"a58YQw4IRLyKiu+0KcNiDx"},"_type":3,"_sizeMode":2,"_fillType":2,"_fillCenter":{"__type__":"cc.Vec2","x":0.5,"y":0.5}},{"__type__":"cc.Node","_name":"EmoticonBk","_parent":{"__id__":138},"_children":[{"__id__":142},{"__id__":143}],"_prefab":{"__type__":"cc.PrefabInfo","root":{"__id__":1},"asset":{"__uuid__":"7cHdOumfNH6qRME2m6dIX1"},"fileId":"d5rYZJJ6pBi7JzBm4oFyV4"},"_opacity":0,"_contentSize":{"__type__":"cc.Size","width":70,"height":70},"_position":{"__type__":"cc.Vec2","x":-70}},{"__type__":"cc.Node","_name":"Arrow","_parent":{"__id__":141},"_components":[{"__type__":"cc.Sprite","node":{"__id__":142},"_spriteFrame":{"__uuid__":"58LiTPViZPKrHZe9c7BvC8"}}],"_prefab":{"__type__":"cc.PrefabInfo","root":{"__id__":1},"asset":{"__uuid__":"7cHdOumfNH6qRME2m6dIX1"},"fileId":"54QhfWW49ISaiBOqejdMdl"},"_contentSize":{"__type__":"cc.Size","width":26,"height":22},"_rotationX":60,"_rotationY":60,"_scaleX":0.6,"_scaleY":0.6,"_position":{"__type__":"cc.Vec2","x":37.6,"y":12}},{"__type__":"cc.Node","_name":"EmoticonSprite","_parent":{"__id__":141},"_components":[{"__type__":"cc.Sprite","node":{"__id__":143},"_spriteFrame":{"__uuid__":"60jCGiFNBHVLwSIBvVw3nh"},"_sizeMode":0}],"_prefab":{"__type__":"cc.PrefabInfo","root":{"__id__":1},"asset":{"__uuid__":"7cHdOumfNH6qRME2m6dIX1"},"fileId":"59E7UhyW9DrLlv+0yi+2E5"},"_contentSize":{"__type__":"cc.Size","width":72,"height":72},"_scaleX":0.6,"_scaleY":0.6,"_position":{"__type__":"cc.Vec2","x":15}},{"__type__":"cc.Node","_name":"Mask","_parent":{"__id__":138},"_children":[{"__id__":145}],"_prefab":{"__type__":"cc.PrefabInfo","root":{"__id__":1},"asset":{"__uuid__":"7cHdOumfNH6qRME2m6dIX1"},"fileId":"e8ukrDm+dClq/EUJZqGNS1"},"_color":{"__type__":"cc.Color"},"_contentSize":{"__type__":"cc.Size","width":52,"height":52}},{"__type__":"cc.Node","_name":"HeadIcon","_parent":{"__id__":144},"_components":[{"__id__":146},{"__id__":147}],"_prefab":{"__type__":"cc.PrefabInfo","root":{"__id__":1},"asset":{"__uuid__":"7cHdOumfNH6qRME2m6dIX1"},"fileId":"0eimn3JG1IU4/agI2l7zk5"},"_contentSize":{"__type__":"cc.Size","width":44,"height":44}},{"__type__":"cc.Sprite","node":{"__id__":145},"_sizeMode":0},{"__type__":"69d31orU6xIDajXGNN3s022","node":{"__id__":145}},{"__type__":"cc.Node","_name":"ReBornMaskUI","_parent":{"__id__":1},"_children":[{"__id__":149},{"__id__":150},{"__id__":157},{"__id__":163}],"_components":[{"__type__":"cc.Widget","node":{"__id__":148},"isAlignOnce":false,"_alignFlags":45}],"_prefab":{"__type__":"cc.PrefabInfo","root":{"__id__":1},"asset":{"__uuid__":"7cHdOumfNH6qRME2m6dIX1"},"fileId":"f3zN5w7PZGbbmYGWG//2uM"},"_opacity":0,"_anchorPoint":{"__type__":"cc.Vec2"},"_contentSize":{"__type__":"cc.Size","width":1344,"height":750},"_position":{"__type__":"cc.Vec2","x":-672,"y":-375}},{"__type__":"cc.Node","_name":"Mask","_parent":{"__id__":148},"_components":[{"__type__":"cc.Sprite","node":{"__id__":149},"_spriteFrame":{"__uuid__":"a2MjXRFdtLlYQ5ouAFv/+R"},"_sizeMode":0},{"__type__":"cc.Widget","node":{"__id__":149},"_alignFlags":45,"_originalWidth":100,"_originalHeight":100}],"_prefab":{"__type__":"cc.PrefabInfo","root":{"__id__":1},"asset":{"__uuid__":"7cHdOumfNH6qRME2m6dIX1"},"fileId":"beiQfHcQVHyJ9E4TaDM+qY"},"_opacity":150,"_color":{"__type__":"cc.Color"},"_contentSize":{"__type__":"cc.Size","width":1344,"height":750},"_position":{"__type__":"cc.Vec2","x":672,"y":375}},{"__type__":"cc.Node","_name":"DJSUI","_parent":{"__id__":148},"_children":[{"__id__":151},{"__id__":152},{"__id__":153},{"__id__":155}],"_components":[{"__type__":"cc.Animation","node":{"__id__":150},"_defaultClip":{"__uuid__":"f6VLQij4REdKkDkWDGPLLA"},"_clips":[{"__uuid__":"f6VLQij4REdKkDkWDGPLLA"}]}],"_prefab":{"__type__":"cc.PrefabInfo","root":{"__id__":1},"asset":{"__uuid__":"7cHdOumfNH6qRME2m6dIX1"},"fileId":"1044yNHm5MUZ2XSoL456UT"},"_position":{"__type__":"cc.Vec2","x":667,"y":375}},{"__type__":"cc.Node","_name":"BG","_parent":{"__id__":150},"_components":[{"__type__":"cc.Sprite","node":{"__id__":151},"_spriteFrame":{"__uuid__":"e6aLBPp0VDGIOyJXt6EAyr"}}],"_prefab":{"__type__":"cc.PrefabInfo","root":{"__id__":1},"asset":{"__uuid__":"7cHdOumfNH6qRME2m6dIX1"},"fileId":"7ehJ3DSmRFw7bMxmnxDVDG"},"_contentSize":{"__type__":"cc.Size","width":211,"height":211}},{"__type__":"cc.Node","_name":"BGADD","_parent":{"__id__":150},"_components":[{"__type__":"cc.Sprite","node":{"__id__":152},"_spriteFrame":{"__uuid__":"e6aLBPp0VDGIOyJXt6EAyr"},"_dstBlendFactor":0}],"_prefab":{"__type__":"cc.PrefabInfo","root":{"__id__":1},"asset":{"__uuid__":"7cHdOumfNH6qRME2m6dIX1"},"fileId":"9daSKfwxBCipc1AbgjGnAe"},"_contentSize":{"__type__":"cc.Size","width":211,"height":211}},{"__type__":"cc.Node","_name":"SZ","_parent":{"__id__":150},"_components":[{"__id__":154}],"_prefab":{"__type__":"cc.PrefabInfo","root":{"__id__":1},"asset":{"__uuid__":"7cHdOumfNH6qRME2m6dIX1"},"fileId":"41ocWuc5ZByJbEvCdymclH"},"_contentSize":{"__type__":"cc.Size","width":65,"height":85}},{"__type__":"cc.Sprite","node":{"__id__":153},"_spriteFrame":{"__uuid__":"851XEo3atNjaYDfSOi6lEz"}},{"__type__":"cc.Node","_name":"SZADD","_parent":{"__id__":150},"_components":[{"__id__":156}],"_prefab":{"__type__":"cc.PrefabInfo","root":{"__id__":1},"asset":{"__uuid__":"7cHdOumfNH6qRME2m6dIX1"},"fileId":"bcAiTDzw5LUIPnPEOhrWj0"},"_contentSize":{"__type__":"cc.Size","width":65,"height":85}},{"__type__":"cc.Sprite","node":{"__id__":155},"_spriteFrame":{"__uuid__":"851XEo3atNjaYDfSOi6lEz"},"_srcBlendFactor":0},{"__type__":"cc.Node","_name":"PVPLabel","_parent":{"__id__":148},"_children":[{"__id__":158}],"_components":[{"__type__":"cc.Sprite","node":{"__id__":157},"_spriteFrame":{"__uuid__":"e6W7Q+P7lJpr+EboiXCklY"}},{"__id__":162},{"__type__":"cc.Layout","node":{"__id__":157}}],"_prefab":{"__type__":"cc.PrefabInfo","root":{"__id__":1},"asset":{"__uuid__":"7cHdOumfNH6qRME2m6dIX1"},"fileId":"915DpBmKFDBJVgXXLpdVhN"},"_contentSize":{"__type__":"cc.Size","width":246,"height":50},"_position":{"__type__":"cc.Vec2","x":667,"y":250}},{"__type__":"cc.Node","_name":"Diamond_Word","_parent":{"__id__":157},"_children":[{"__id__":159}],"_components":[{"__id__":161}],"_prefab":{"__type__":"cc.PrefabInfo","root":{"__id__":1},"asset":{"__uuid__":"7cHdOumfNH6qRME2m6dIX1"},"fileId":"5fYSxJkrJONLYg1RSy0zKn"},"_anchorPoint":{"__type__":"cc.Vec2","x":0.5,"y":1},"_position":{"__type__":"cc.Vec2","x":-50}},{"__type__":"cc.Node","_name":"Template","_parent":{"__id__":158},"_active":false,"_components":[{"__id__":160}],"_prefab":{"__type__":"cc.PrefabInfo","root":{"__id__":1},"asset":{"__uuid__":"7cHdOumfNH6qRME2m6dIX1"},"fileId":"04eUOlCFFNcImclDCNFduB"},"_contentSize":{"__type__":"cc.Size","width":14,"height":17}},{"__type__":"cc.Sprite","node":{"__id__":159},"_spriteFrame":{"__uuid__":"d7MnG4kxpKpK8pCaujFtXl"},"_sizeMode":0,"_isTrimmedMode":false},{"__type__":"16798xaPnVLdZwNbixFe2cV","node":{"__id__":158},"LabelAtlas":{"__uuid__":"7bRXkNrzhKoJqYv3aEXya7"},"LabelStr":"0123456789:X","ResFormat":"CountDowm_","Template":{"__id__":160}},{"__type__":"cc.Button","node":{"__id__":157},"_N$target":{"__id__":157}},{"__type__":"cc.Node","_name":"_0004_cuihuidifangjididitu","_parent":{"__id__":148},"_children":[{"__id__":164}],"_components":[{"__type__":"cc.Sprite","node":{"__id__":163},"_spriteFrame":{"__uuid__":"641mSjl3dLKJGZIhtO+SOe"},"_type":1,"_sizeMode":0},{"__type__":"cc.Layout","node":{"__id__":163},"_layoutSize":{"__type__":"cc.Size","width":300,"height":40},"_resize":1,"_N$layoutType":1,"_N$paddingLeft":20,"_N$paddingRight":20}],"_prefab":{"__type__":"cc.PrefabInfo","root":{"__id__":1},"asset":{"__uuid__":"7cHdOumfNH6qRME2m6dIX1"},"fileId":"67yed+G3VPSanZA/K8OTzE"},"_contentSize":{"__type__":"cc.Size","width":300,"height":40},"_position":{"__type__":"cc.Vec2","x":667,"y":250}},{"__type__":"cc.Node","_name":"SingelLabel","_parent":{"__id__":163},"_components":[{"__type__":"cc.Label","node":{"__id__":164},"_useOriginalSize":false,"_actualFontSize":20,"_fontSize":20,"_N$string":"坦克被击毁，即将重返战场！","_N$horizontalAlign":1,"_N$verticalAlign":1}],"_prefab":{"__type__":"cc.PrefabInfo","root":{"__id__":1},"asset":{"__uuid__":"7cHdOumfNH6qRME2m6dIX1"},"fileId":"2esm8lLNdJCpc6AOGjsykM"},"_color":{"__type__":"cc.Color","r":254,"g":205,"b":94},"_contentSize":{"__type__":"cc.Size","width":260,"height":40}},{"__type__":"cc.Node","_name":"ShutDownUI","_parent":{"__id__":1},"_children":[{"__id__":166},{"__id__":168},{"__id__":170},{"__id__":173},{"__id__":180},{"__id__":182},{"__id__":185},{"__id__":192}],"_components":[{"__type__":"a6f5d4hpkJCE5BnwGbC9xRe","node":{"__id__":165},"leftIcon":{"__id__":179},"centerWord":{"__id__":167},"rightIcon":{"__id__":191},"centerWordList":[{"__uuid__":"6dYypTPR9PFZp2q4N9MFev"},{"__uuid__":"53AS6VmShHuIHAxG9+jiow"},{"__uuid__":"a5R5Vij8xFt5Yj7mOJcWKG"},{"__uuid__":"f2NO5hwB1JZr+wT0fYGxKR"},{"__uuid__":"51JVMq6epDY5Vqq2IyIU3Q"},{"__uuid__":"529wV1/V5L3o+pr3SKqBzt"},{"__uuid__":"35gThKL9hAfZXPoZV3Vz54"},{"__uuid__":"60Ud9OnS5Ho6x/08x92OR7"}],"animationCtrl":{"__id__":193}},{"__id__":193}],"_prefab":{"__type__":"cc.PrefabInfo","root":{"__id__":1},"asset":{"__uuid__":"7cHdOumfNH6qRME2m6dIX1"},"fileId":"84uDLwKGFEhqbzqpxXLMAx"},"_opacity":0},{"__type__":"cc.Node","_name":"ShutDownTitle","_parent":{"__id__":165},"_components":[{"__id__":167}],"_prefab":{"__type__":"cc.PrefabInfo","root":{"__id__":1},"asset":{"__uuid__":"7cHdOumfNH6qRME2m6dIX1"},"fileId":"d7VmgeVU9AcJ/tLYjqMxJf"},"_contentSize":{"__type__":"cc.Size","width":400,"height":251},"_position":{"__type__":"cc.Vec2","x":-470,"y":28}},{"__type__":"cc.Sprite","node":{"__id__":166},"_spriteFrame":{"__uuid__":"35gThKL9hAfZXPoZV3Vz54"}},{"__type__":"cc.Node","_name":"LeftName","_parent":{"__id__":165},"_active":false,"_components":[{"__id__":169}],"_prefab":{"__type__":"cc.PrefabInfo","root":{"__id__":1},"asset":{"__uuid__":"7cHdOumfNH6qRME2m6dIX1"},"fileId":"a7PM+166hPqa0Q13iMoF83"},"_contentSize":{"__type__":"cc.Size","width":324,"height":42},"_position":{"__type__":"cc.Vec2","x":-150,"y":225}},{"__type__":"cc.Sprite","node":{"__id__":168}},{"__type__":"cc.Node","_name":"KillerNameBg1","_parent":{"__id__":165},"_children":[{"__id__":171}],"_active":false,"_components":[{"__type__":"cc.Sprite","node":{"__id__":170},"_spriteFrame":{"__uuid__":"baRxs4+QVEnINNmYLMeTD9"},"_type":1,"_sizeMode":0},{"__type__":"cc.Layout","node":{"__id__":170},"_layoutSize":{"__type__":"cc.Size","width":155.03,"height":70},"_resize":1,"_N$layoutType":1,"_N$paddingLeft":70,"_N$paddingRight":40}],"_prefab":{"__type__":"cc.PrefabInfo","root":{"__id__":1},"asset":{"__uuid__":"7cHdOumfNH6qRME2m6dIX1"},"fileId":"f0Kg5BC6ZE1oLbd4p1HLz6"},"_anchorPoint":{"__type__":"cc.Vec2","y":0.5},"_contentSize":{"__type__":"cc.Size","width":155.03,"height":70},"_position":{"__type__":"cc.Vec2","x":-340.5,"y":236.4}},{"__type__":"cc.Node","_name":"name","_parent":{"__id__":170},"_components":[{"__id__":172}],"_prefab":{"__type__":"cc.PrefabInfo","root":{"__id__":1},"asset":{"__uuid__":"7cHdOumfNH6qRME2m6dIX1"},"fileId":"20c8AmjXJBF66rLUdhy1Mv"},"_color":{"__type__":"cc.Color","g":135,"b":213},"_contentSize":{"__type__":"cc.Size","width":45.03,"height":30},"_position":{"__type__":"cc.Vec2","x":92.515,"y":12}},{"__type__":"cc.Label","node":{"__id__":171},"_useOriginalSize":false,"_actualFontSize":18,"_fontSize":18,"_lineHeight":30,"_N$string":"name","_N$verticalAlign":1},{"__type__":"cc.Node","_name":"LeftIcon","_parent":{"__id__":165},"_children":[{"__id__":174}],"_components":[{"__id__":178},{"__id__":179}],"_prefab":{"__type__":"cc.PrefabInfo","root":{"__id__":1},"asset":{"__uuid__":"7cHdOumfNH6qRME2m6dIX1"},"fileId":"f5Hl8G83NO8ZH08UCBhlcf"},"_contentSize":{"__type__":"cc.Size","width":70,"height":70},"_position":{"__type__":"cc.Vec2","x":-611,"y":29}},{"__type__":"cc.Node","_name":"Mask","_parent":{"__id__":173},"_children":[{"__id__":175}],"_components":[{"__type__":"cc.Mask","node":{"__id__":174},"_enabled":false,"_type":1,"_segements":15}],"_prefab":{"__type__":"cc.PrefabInfo","root":{"__id__":1},"asset":{"__uuid__":"7cHdOumfNH6qRME2m6dIX1"},"fileId":"7fXZtqeiVASaM7w8rRVftp"},"_contentSize":{"__type__":"cc.Size","width":65,"height":65}},{"__type__":"cc.Node","_name":"HeadIcon","_parent":{"__id__":174},"_components":[{"__id__":176},{"__id__":177}],"_prefab":{"__type__":"cc.PrefabInfo","root":{"__id__":1},"asset":{"__uuid__":"7cHdOumfNH6qRME2m6dIX1"},"fileId":"697rBSrvNGzamMVRFFqpt6"},"_contentSize":{"__type__":"cc.Size","width":65,"height":65}},{"__type__":"cc.Sprite","node":{"__id__":175},"_spriteFrame":{"__uuid__":"9fvW20ixFOh7Kkb3L1rN7I"},"_sizeMode":0},{"__type__":"69d31orU6xIDajXGNN3s022","node":{"__id__":175}},{"__type__":"cc.Sprite","node":{"__id__":173},"_spriteFrame":{"__uuid__":"2462ic0jxOd7iq4S5juDIY"},"_sizeMode":0},{"__type__":"21811l7HLBE34JUNj7DKw07","node":{"__id__":173},"headIcon":{"__id__":176},"headIconBG":{"__id__":178},"playerName":{"__id__":172},"nameBg":{"__id__":169},"SimpleRound":{"__id__":177}},{"__type__":"cc.Node","_name":"RightName","_parent":{"__id__":165},"_active":false,"_components":[{"__id__":181}],"_prefab":{"__type__":"cc.PrefabInfo","root":{"__id__":1},"asset":{"__uuid__":"7cHdOumfNH6qRME2m6dIX1"},"fileId":"129ZTWWaFMAoiU6H5P6PTs"},"_contentSize":{"__type__":"cc.Size","width":324,"height":42},"_position":{"__type__":"cc.Vec2","x":150,"y":225}},{"__type__":"cc.Sprite","node":{"__id__":180}},{"__type__":"cc.Node","_name":"KillerNameBg2","_parent":{"__id__":165},"_children":[{"__id__":183}],"_active":false,"_components":[{"__type__":"cc.Sprite","node":{"__id__":182},"_spriteFrame":{"__uuid__":"e8JSlAjPxM0awy6a5cWk+9"},"_type":1,"_sizeMode":0},{"__type__":"cc.Layout","node":{"__id__":182},"_layoutSize":{"__type__":"cc.Size","width":155.03,"height":70},"_resize":1,"_N$layoutType":1,"_N$paddingLeft":40,"_N$paddingRight":70,"_N$horizontalDirection":1}],"_prefab":{"__type__":"cc.PrefabInfo","root":{"__id__":1},"asset":{"__uuid__":"7cHdOumfNH6qRME2m6dIX1"},"fileId":"1b4SKSwKVDDIhcon26Goi3"},"_anchorPoint":{"__type__":"cc.Vec2","x":1,"y":0.5},"_contentSize":{"__type__":"cc.Size","width":155.03,"height":70},"_position":{"__type__":"cc.Vec2","x":343.8,"y":213.9}},{"__type__":"cc.Node","_name":"name","_parent":{"__id__":182},"_components":[{"__id__":184}],"_prefab":{"__type__":"cc.PrefabInfo","root":{"__id__":1},"asset":{"__uuid__":"7cHdOumfNH6qRME2m6dIX1"},"fileId":"adCRa8juxEz6Onp5mMHHuq"},"_color":{"__type__":"cc.Color","r":209},"_contentSize":{"__type__":"cc.Size","width":45.03,"height":20},"_position":{"__type__":"cc.Vec2","x":-92.515,"y":-10.7}},{"__type__":"cc.Label","node":{"__id__":183},"_useOriginalSize":false,"_actualFontSize":18,"_fontSize":18,"_lineHeight":20,"_N$string":"name","_N$horizontalAlign":2,"_N$verticalAlign":1},{"__type__":"cc.Node","_name":"RightIcon","_parent":{"__id__":165},"_children":[{"__id__":186}],"_components":[{"__id__":190},{"__id__":191}],"_prefab":{"__type__":"cc.PrefabInfo","root":{"__id__":1},"asset":{"__uuid__":"7cHdOumfNH6qRME2m6dIX1"},"fileId":"ca5dMSX0hGVa973AhKOt4F"},"_contentSize":{"__type__":"cc.Size","width":70,"height":70},"_position":{"__type__":"cc.Vec2","x":-323,"y":33}},{"__type__":"cc.Node","_name":"Mask","_parent":{"__id__":185},"_children":[{"__id__":187}],"_components":[{"__type__":"cc.Mask","node":{"__id__":186},"_enabled":false,"_type":1,"_segements":15}],"_prefab":{"__type__":"cc.PrefabInfo","root":{"__id__":1},"asset":{"__uuid__":"7cHdOumfNH6qRME2m6dIX1"},"fileId":"1aKQtyufFOxaSpwV4VfAiv"},"_contentSize":{"__type__":"cc.Size","width":65,"height":65}},{"__type__":"cc.Node","_name":"HeadIcon","_parent":{"__id__":186},"_components":[{"__id__":188},{"__id__":189}],"_prefab":{"__type__":"cc.PrefabInfo","root":{"__id__":1},"asset":{"__uuid__":"7cHdOumfNH6qRME2m6dIX1"},"fileId":"b7CFoAkUlF56u9WU2v1j7h"},"_contentSize":{"__type__":"cc.Size","width":65,"height":65}},{"__type__":"cc.Sprite","node":{"__id__":187},"_spriteFrame":{"__uuid__":"addPD+r6tDcoF5nlwTnvRg"},"_sizeMode":0},{"__type__":"69d31orU6xIDajXGNN3s022","node":{"__id__":187}},{"__type__":"cc.Sprite","node":{"__id__":185},"_spriteFrame":{"__uuid__":"9etAaFK51PZbrnMhIaP2ln"},"_sizeMode":0},{"__type__":"21811l7HLBE34JUNj7DKw07","node":{"__id__":185},"headIcon":{"__id__":188},"headIconBG":{"__id__":190},"playerName":{"__id__":184},"nameBg":{"__id__":181},"SimpleRound":{"__id__":189}},{"__type__":"cc.Node","_name":"Hongcha","_parent":{"__id__":165},"_components":[{"__type__":"cc.Sprite","node":{"__id__":192},"_spriteFrame":{"__uuid__":"a9oS6qJZJJioegUuarhqqa"}}],"_prefab":{"__type__":"cc.PrefabInfo","root":{"__id__":1},"asset":{"__uuid__":"7cHdOumfNH6qRME2m6dIX1"},"fileId":"8cOWW2WwNE67K8fheSldm7"},"_contentSize":{"__type__":"cc.Size","width":61,"height":71},"_position":{"__type__":"cc.Vec2","x":-323,"y":38}},{"__type__":"cc.Animation","node":{"__id__":165},"_defaultClip":{"__uuid__":"75XfLUf+RO1Kty6TpAsAoq"},"_clips":[{"__uuid__":"75XfLUf+RO1Kty6TpAsAoq"}]},{"__type__":"cc.Node","_name":"KillMessage","_parent":{"__id__":1},"_components":[{"__type__":"cc.Widget","node":{"__id__":194},"_alignFlags":9,"_left":30,"_right":30,"_top":0.53,"_isAbsTop":false},{"__type__":"5a71d8LybVJgaxxI122y5jS","node":{"__id__":194},"killNode":{"__uuid__":"0bAISKjThONKxbSdracQyt"}}],"_prefab":{"__type__":"cc.PrefabInfo","root":{"__id__":1},"asset":{"__uuid__":"7cHdOumfNH6qRME2m6dIX1"},"fileId":"2eFB7zrSFBELy3x84HaFEG"},"_anchorPoint":{"__type__":"cc.Vec2","y":0.5},"_contentSize":{"__type__":"cc.Size","width":200,"height":32},"_position":{"__type__":"cc.Vec2","x":-642,"y":-38.5}},{"__type__":"cc.Node","_name":"AttackRingBtn","_parent":{"__id__":1},"_components":[{"__type__":"cc.Sprite","node":{"__id__":195},"_spriteFrame":{"__uuid__":"ffQhOzyzFKbrWp5o/D9d8d"},"_sizeMode":2,"_isTrimmedMode":false},{"__type__":"cc.Widget","node":{"__id__":195},"_alignFlags":9,"_left":141,"_right":56,"_top":4,"_bottom":53,"_originalWidth":60},{"__type__":"cc.Button","node":{"__id__":195},"_N$target":{"__id__":195}},{"__type__":"583e37tDMZOyrHYOPD8BB3O","node":{"__id__":195},"pressedScale":1.05,"transDuration":0.1}],"_prefab":{"__type__":"cc.PrefabInfo","root":{"__id__":1},"asset":{"__uuid__":"7cHdOumfNH6qRME2m6dIX1"},"fileId":"a1KLrjWIZEHLucmXr2uYnM"},"_contentSize":{"__type__":"cc.Size","width":60,"height":66},"_position":{"__type__":"cc.Vec2","x":-501,"y":338}},{"__type__":"cc.Node","_name":"CameraBtn","_parent":{"__id__":1},"_active":false,"_components":[{"__type__":"cc.Sprite","node":{"__id__":196},"_spriteFrame":{"__uuid__":"ffQhOzyzFKbrWp5o/D9d8d"},"_sizeMode":2,"_isTrimmedMode":false},{"__type__":"cc.Widget","node":{"__id__":196},"_alignFlags":9,"_left":92.5,"_right":56,"_top":3,"_bottom":53,"_originalWidth":60},{"__type__":"cc.Button","node":{"__id__":196},"_N$target":{"__id__":196}},{"__type__":"583e37tDMZOyrHYOPD8BB3O","node":{"__id__":196},"pressedScale":1.05,"transDuration":0.1}],"_prefab":{"__type__":"cc.PrefabInfo","root":{"__id__":1},"asset":{"__uuid__":"7cHdOumfNH6qRME2m6dIX1"},"fileId":"dfl6BapcVIprU3+TqPRba2"},"_contentSize":{"__type__":"cc.Size","width":60,"height":66},"_position":{"__type__":"cc.Vec2","x":-544.5,"y":339}},{"__type__":"cc.Node","_name":"BackBtn","_parent":{"__id__":1},"_components":[{"__type__":"cc.Sprite","node":{"__id__":197},"_spriteFrame":{"__uuid__":"220iHabAVM0o5fC/dX8u1H"}},{"__type__":"cc.Widget","node":{"__id__":197},"_alignFlags":9},{"__type__":"cc.Button","node":{"__id__":197},"clickEvents":[{"__type__":"cc.ClickEvent","target":{"__id__":1},"component":"BattleUI","handler":"OnBackBtnClicked"}],"_N$target":{"__id__":197}}],"_prefab":{"__type__":"cc.PrefabInfo","root":{"__id__":1},"asset":{"__uuid__":"7cHdOumfNH6qRME2m6dIX1"},"fileId":"1dxxsMWzdGhriPgkU0O9in"},"_anchorPoint":{"__type__":"cc.Vec2","y":1},"_contentSize":{"__type__":"cc.Size","width":100,"height":58},"_position":{"__type__":"cc.Vec2","x":-672,"y":375}}],{"__type__":"cc.SpriteFrame","content":{"name":"CountDowm_52","texture":"fcJS4K3v9B9LpajzpsNm+D","rect":[2018,643,22,25],"offset":[0,0],"originalSize":[22,25]}},{"__type__":"cc.SpriteFrame","content":{"name":"5","texture":"fcJS4K3v9B9LpajzpsNm+D","rect":[740,366,65,85],"offset":[0,0],"originalSize":[65,85]}},{"__type__":"cc.SpriteFrame","content":{"name":"3","texture":"fcJS4K3v9B9LpajzpsNm+D","rect":[1870,927,61,85],"offset":[0,0],"originalSize":[61,85]}},{"__type__":"cc.SpriteFrame","content":{"name":"attackRingClose","texture":"fcJS4K3v9B9LpajzpsNm+D","rect":[1517,784,36,36],"offset":[4,8],"originalSize":[60,66]}},{"__type__":"cc.SpriteFrame","content":{"name":"CountDowm_49","texture":"fcJS4K3v9B9LpajzpsNm+D","rect":[2030,345,12,25],"offset":[-2,0],"originalSize":[22,25]}},{"__type__":"cc.SpriteFrame","content":{"name":"clock","texture":"fcJS4K3v9B9LpajzpsNm+D","rect":[1419,631,16,20],"offset":[0,0],"originalSize":[16,20]}},{"__type__":"cc.SpriteFrame","content":{"name":"JSTXBG1-1","texture":"20wkx7r05LO5L2PvQg5zW3","rect":[951,410,70,70],"offset":[0,0],"originalSize":[70,70]}},{"__type__":"cc.SpriteFrame","content":{"name":"Monster1","texture":"20wkx7r05LO5L2PvQg5zW3","rect":[148,1168,54,53],"offset":[0,0],"originalSize":[54,53]}},{"__type__":"cc.SpriteFrame","content":{"name":"_0005_shezhi","texture":"fcJS4K3v9B9LpajzpsNm+D","rect":[1922,760,54,52],"offset":[0,0],"originalSize":[54,52]}},{"__type__":"cc.SpriteFrame","content":{"name":"default_sprite_splash","texture":"02delMVqdBD70a/HSD99FK","rect":[0,0,2,2],"offset":[0,0],"originalSize":[2,2]}},{"__type__":"cc.SpriteFrame","content":{"name":"ShuangSha","texture":"fcJS4K3v9B9LpajzpsNm+D","rect":[1158,794,358,210],"offset":[0,0],"originalSize":[358,210]}},{"__type__":"cc.SpriteFrame","content":{"name":"reddaojishidi","texture":"fcJS4K3v9B9LpajzpsNm+D","rect":[1932,927,52,52],"offset":[0,0],"originalSize":[52,52]}},{"__type__":"cc.SpriteFrame","content":{"name":"X","texture":"fcJS4K3v9B9LpajzpsNm+D","rect":[1165,361,61,71],"offset":[0,0],"originalSize":[61,71]}},{"__type__":"cc.SpriteFrame","content":{"name":"Monster6","texture":"20wkx7r05LO5L2PvQg5zW3","rect":[775,738,55,55],"offset":[0,0],"originalSize":[55,55]}},{"__type__":"cc.SpriteFrame","content":{"name":"CountDowm_53","texture":"fcJS4K3v9B9LpajzpsNm+D","rect":[1998,683,18,25],"offset":[0,0],"originalSize":[22,25]}},{"__type__":"cc.SpriteFrame","content":{"name":"1","texture":"fcJS4K3v9B9LpajzpsNm+D","rect":[1998,709,43,84],"offset":[0,0],"originalSize":[43,84]}},{"__type__":"cc.SpriteFrame","content":{"name":"KillerNameBg1","texture":"5f2BaCmQ1CnYPuCD1/rLg9","rect":[420,565,141,70],"offset":[0,0],"originalSize":[141,70],"capInsets":[68,0,42,0]}},{"__type__":"cc.SpriteFrame","content":{"name":"2","texture":"fcJS4K3v9B9LpajzpsNm+D","rect":[1133,88,61,84],"offset":[0,0],"originalSize":[61,84]}},{"__type__":"cc.SpriteFrame","content":{"name":"BFSZ_48","texture":"fcJS4K3v9B9LpajzpsNm+D","rect":[1068,760,20,32],"offset":[0,0],"originalSize":[22,34]}},{"__type__":"cc.SpriteFrame","content":{"name":"blue","texture":"fcJS4K3v9B9LpajzpsNm+D","rect":[1238,278,54,62],"offset":[0,0],"originalSize":[54,62]}},{"__type__":"cc.SpriteFrame","content":{"name":"CountDowm_48","texture":"fcJS4K3v9B9LpajzpsNm+D","rect":[1382,760,20,25],"offset":[0,0],"originalSize":[22,25]}},{"__type__":"cc.SpriteFrame","content":{"name":"lijifuhuo","texture":"fcJS4K3v9B9LpajzpsNm+D","rect":[1771,632,246,50],"offset":[0,0],"originalSize":[246,50],"capInsets":[75,0,144,0]}},{"__type__":"cc.SpriteFrame","content":{"name":"NumBG","texture":"fcJS4K3v9B9LpajzpsNm+D","rect":[1551,3,211,211],"offset":[0,0],"originalSize":[211,211]}},{"__type__":"cc.SpriteFrame","content":{"name":"KillerNameBg2","texture":"5f2BaCmQ1CnYPuCD1/rLg9","rect":[420,494,141,70],"offset":[0,0],"originalSize":[141,70],"capInsets":[41,0,67,0]}},{"__type__":"cc.SpriteFrame","content":{"name":"default_btn_pressed","texture":"b4P/PCArtIdIH38t6mlw8Y","rect":[0,0,40,40],"offset":[0,0],"originalSize":[40,40],"capInsets":[11,11,11,7]}},{"__type__":"cc.AnimationClip","_name":"10MiaoDaoJiShi","_duration":11,"sample":30,"curveData":{"paths":{"0":{"props":{"color":[{"frame":0,"value":{"__type__":"cc.Color","r":255}}],"scaleX":[{"frame":10,"value":7},{"frame":10.133333333333333,"value":0.6},{"frame":10.266666666666667,"value":1.1},{"frame":10.4,"value":1},{"frame":10.733333333333333,"value":1},{"frame":11,"value":2}],"scaleY":[{"frame":10,"value":7},{"frame":10.133333333333333,"value":0.6},{"frame":10.266666666666667,"value":1.1},{"frame":10.4,"value":1},{"frame":10.733333333333333,"value":1},{"frame":11,"value":2}],"opacity":[{"frame":10,"value":0},{"frame":10.133333333333333,"value":255},{"frame":10.733333333333333,"value":255},{"frame":11,"value":0}]}},"1":{"props":{"color":[{"frame":0,"value":{"__type__":"cc.Color","r":255,"g":255,"b":255}}],"scaleX":[{"frame":9,"value":7},{"frame":9.133333333333333,"value":0.6},{"frame":9.266666666666667,"value":1.1},{"frame":9.4,"value":1},{"frame":9.733333333333333,"value":1},{"frame":10,"value":2}],"scaleY":[{"frame":9,"value":7},{"frame":9.133333333333333,"value":0.6},{"frame":9.266666666666667,"value":1.1},{"frame":9.4,"value":1},{"frame":9.733333333333333,"value":1},{"frame":10,"value":2}],"opacity":[{"frame":9,"value":0},{"frame":9.133333333333333,"value":255},{"frame":9.733333333333333,"value":255},{"frame":10,"value":0}]}},"2":{"props":{"color":[{"frame":0,"value":{"__type__":"cc.Color","r":255}}],"scaleX":[{"frame":8,"value":7},{"frame":8.133333333333333,"value":0.6},{"frame":8.266666666666667,"value":1.1},{"frame":8.4,"value":1},{"frame":8.733333333333333,"value":1},{"frame":9,"value":2}],"scaleY":[{"frame":8,"value":7},{"frame":8.133333333333333,"value":0.6},{"frame":8.266666666666667,"value":1.1},{"frame":8.4,"value":1},{"frame":8.733333333333333,"value":1},{"frame":9,"value":2}],"opacity":[{"frame":8,"value":0},{"frame":8.133333333333333,"value":255},{"frame":8.733333333333333,"value":255},{"frame":9,"value":0}]}},"3":{"props":{"color":[{"frame":0,"value":{"__type__":"cc.Color","r":255,"g":255,"b":255}}],"scaleX":[{"frame":7,"value":7},{"frame":7.133333333333334,"value":0.6},{"frame":7.266666666666667,"value":1.1},{"frame":7.4,"value":1},{"frame":7.733333333333333,"value":1},{"frame":8,"value":2}],"scaleY":[{"frame":7,"value":7},{"frame":7.133333333333334,"value":0.6},{"frame":7.266666666666667,"value":1.1},{"frame":7.4,"value":1},{"frame":7.733333333333333,"value":1},{"frame":8,"value":2}],"opacity":[{"frame":7,"value":0},{"frame":7.133333333333334,"value":255},{"frame":7.733333333333333,"value":255},{"frame":8,"value":0}]}},"4":{"props":{"color":[{"frame":0,"value":{"__type__":"cc.Color","r":255}}],"scaleX":[{"frame":6,"value":7},{"frame":6.133333333333334,"value":0.6},{"frame":6.266666666666667,"value":1.1},{"frame":6.4,"value":1},{"frame":6.733333333333333,"value":1},{"frame":7,"value":2}],"scaleY":[{"frame":6,"value":7},{"frame":6.133333333333334,"value":0.6},{"frame":6.266666666666667,"value":1.1},{"frame":6.4,"value":1},{"frame":6.733333333333333,"value":1},{"frame":7,"value":2}],"opacity":[{"frame":6,"value":0},{"frame":6.133333333333334,"value":255},{"frame":6.733333333333333,"value":255},{"frame":7,"value":0}]}},"5":{"props":{"color":[{"frame":0,"value":{"__type__":"cc.Color","r":255,"g":255,"b":255}}],"scaleX":[{"frame":5,"value":7},{"frame":5.133333333333334,"value":0.6},{"frame":5.266666666666667,"value":1.1},{"frame":5.4,"value":1},{"frame":5.733333333333333,"value":1},{"frame":6,"value":2}],"scaleY":[{"frame":5,"value":7},{"frame":5.133333333333334,"value":0.6},{"frame":5.266666666666667,"value":1.1},{"frame":5.4,"value":1},{"frame":5.733333333333333,"value":1},{"frame":6,"value":2}],"opacity":[{"frame":5,"value":0},{"frame":5.133333333333334,"value":255},{"frame":5.733333333333333,"value":255},{"frame":6,"value":0}]}},"6":{"props":{"color":[{"frame":0,"value":{"__type__":"cc.Color","r":255}}],"scaleX":[{"frame":4,"value":7},{"frame":4.133333333333334,"value":0.6},{"frame":4.266666666666667,"value":1.1},{"frame":4.4,"value":1},{"frame":4.733333333333333,"value":1},{"frame":5,"value":2}],"scaleY":[{"frame":4,"value":7},{"frame":4.133333333333334,"value":0.6},{"frame":4.266666666666667,"value":1.1},{"frame":4.4,"value":1},{"frame":4.733333333333333,"value":1},{"frame":5,"value":2}],"opacity":[{"frame":4,"value":0},{"frame":4.133333333333334,"value":255},{"frame":4.733333333333333,"value":255},{"frame":5,"value":0}]}},"7":{"props":{"color":[{"frame":0,"value":{"__type__":"cc.Color","r":255,"g":255,"b":255}}],"scaleX":[{"frame":3,"value":7},{"frame":3.1333333333333333,"value":0.6},{"frame":3.2666666666666666,"value":1.1},{"frame":3.4,"value":1},{"frame":3.7333333333333334,"value":1},{"frame":4,"value":2}],"scaleY":[{"frame":3,"value":7},{"frame":3.1333333333333333,"value":0.6},{"frame":3.2666666666666666,"value":1.1},{"frame":3.4,"value":1},{"frame":3.7333333333333334,"value":1},{"frame":4,"value":2}],"opacity":[{"frame":3,"value":0},{"frame":3.1333333333333333,"value":255},{"frame":3.7333333333333334,"value":255},{"frame":4,"value":0}]}},"8":{"props":{"color":[{"frame":0,"value":{"__type__":"cc.Color","r":255}}],"scaleX":[{"frame":2,"value":7},{"frame":2.1333333333333333,"value":0.6},{"frame":2.2666666666666666,"value":1.1},{"frame":2.4,"value":1},{"frame":2.7333333333333334,"value":1},{"frame":3,"value":2}],"scaleY":[{"frame":2,"value":7},{"frame":2.1333333333333333,"value":0.6},{"frame":2.2666666666666666,"value":1.1},{"frame":2.4,"value":1},{"frame":2.7333333333333334,"value":1},{"frame":3,"value":2}],"opacity":[{"frame":2,"value":0},{"frame":2.1333333333333333,"value":255},{"frame":2.7333333333333334,"value":255},{"frame":3,"value":0}]}},"9":{"props":{"color":[{"frame":0,"value":{"__type__":"cc.Color","r":255,"g":255,"b":255}}],"scaleX":[{"frame":1,"value":7},{"frame":1.1333333333333333,"value":0.6},{"frame":1.2666666666666666,"value":1.1},{"frame":1.4,"value":1},{"frame":1.7333333333333334,"value":1},{"frame":2,"value":2}],"scaleY":[{"frame":1,"value":7},{"frame":1.1333333333333333,"value":0.6},{"frame":1.2666666666666666,"value":1.1},{"frame":1.4,"value":1},{"frame":1.7333333333333334,"value":1},{"frame":2,"value":2}],"opacity":[{"frame":1,"value":0},{"frame":1.1333333333333333,"value":255},{"frame":1.7333333333333334,"value":255},{"frame":2,"value":0}]}},"10":{"props":{"scaleX":[{"frame":0,"value":7},{"frame":0.13333333333333333,"value":0.6},{"frame":0.26666666666666666,"value":1.1},{"frame":0.4,"value":1},{"frame":0.7333333333333333,"value":1},{"frame":1,"value":2}],"scaleY":[{"frame":0,"value":7},{"frame":0.13333333333333333,"value":0.6},{"frame":0.26666666666666666,"value":1.1},{"frame":0.4,"value":1},{"frame":0.7333333333333333,"value":1},{"frame":1,"value":2}],"opacity":[{"frame":0,"value":255},{"frame":0.13333333333333333,"value":255},{"frame":0.7333333333333333,"value":255},{"frame":1,"value":0}]}},"10/10_1":{"props":{"color":[{"frame":0,"value":{"__type__":"cc.Color","r":255}}],"x":[{"frame":0,"value":-13}]}},"10/10_0":{"props":{"color":[{"frame":0,"value":{"__type__":"cc.Color","r":255}}],"x":[{"frame":0,"value":4}]}}}}},{"__type__":"cc.SpriteFrame","content":{"name":"default_btn_normal","texture":"e8Ueib+qJEhL6mXAHdnwbi","rect":[0,0,40,40],"offset":[0,0],"originalSize":[40,40],"capInsets":[8,11,7,9]}},{"__type__":"cc.SpriteFrame","content":{"name":"DSSF","texture":"fcJS4K3v9B9LpajzpsNm+D","rect":[806,215,358,210],"offset":[0,0],"originalSize":[358,210]}},{"__type__":"cc.SpriteFrame","content":{"name":"PlayerBG","texture":"fcJS4K3v9B9LpajzpsNm+D","rect":[1985,794,60,78],"offset":[0,0],"originalSize":[60,78],"capInsets":[0,30,0,30]}},{"__type__":"cc.SpriteFrame","content":{"name":"attackRingOpen","texture":"fcJS4K3v9B9LpajzpsNm+D","rect":[1985,873,60,66],"offset":[0,0],"originalSize":[60,66]}}]