[{"__type__":"cc.SpriteFrame","content":{"name":"Water2","texture":"96v2cfPGRMrK08a9XaXlj/","rect":[333,3,102,102],"offset":[0,0],"originalSize":[102,102]}},[{"__type__":"cc.Prefab","_name":"WaterPrefab","data":{"__id__":1},"asyncLoadAssets":false},{"__type__":"cc.Node","_name":"WaterPrefab","_components":[{"__type__":"cc.Sprite","node":{"__id__":1},"_spriteFrame":{"__uuid__":"eeQYXjDq1JWp6Xz0PLMryP"},"_sizeMode":0},{"__type__":"cc.BoxCollider","node":{"__id__":1},"_enabled":false},{"__type__":"4b317PvQYBNv6oS4ZPK4rWP","node":{"__id__":1},"SpAtlas":{"__uuid__":"0dybIr3kNFYrJo5LVNQ/d2"},"EntityType":5}],"_prefab":{"__type__":"cc.PrefabInfo","root":{"__id__":1},"asset":{"__uuid__":"efuzllpyRM6oOo9Vc7THmb"},"fileId":"cb8l4u5clNFL68HJqcN7YC"},"_contentSize":{"__type__":"cc.Size","width":100,"height":100},"groupIndex":8}]]