[{"__type__":"cc.SpriteFrame","content":{"name":"zidan08","texture":"20wkx7r05LO5L2PvQg5zW3","rect":[3,1271,40,99],"offset":[0,1],"originalSize":[42,107]}},[{"__type__":"cc.Prefab","_name":"Bulletjiaxue_L","data":{"__id__":1},"asyncLoadAssets":false},{"__type__":"cc.Node","_name":"Bulletjiaxue_L","_components":[{"__id__":2},{"__type__":"cc.Sprite","node":{"__id__":1},"_spriteFrame":{"__uuid__":"29M1CBQq5KVKqLKNNE0oMU"}},{"__type__":"f4db7hX/9JG34obQhIL9xYo","node":{"__id__":1},"EntityType":12,"DeadPrefab":{"__uuid__":"53mLED2x9NG7+1xRzLqzNU"},"DeadPrefabName":"T_shouji_zhiliao_H","Body":{"__id__":1},"dieAnimationClip":"T_shouji_zhiliao_H","MyCollider":{"__id__":2},"tuoWeiSprite":{"__id__":1},"colorSpriteChange":[{"__id__":1}],"blueTeamColor":{"__type__":"cc.Color","r":252,"g":247,"b":247,"a":5},"redTeamColor":{"__type__":"cc.Color","r":241,"g":121,"b":121}}],"_prefab":{"__type__":"cc.PrefabInfo","root":{"__id__":1},"asset":{"__uuid__":"cdpcPhMF1Lrpq2JpusYWJd"},"fileId":"e3M+LxrNZIOoALCgTB4mfu"},"_contentSize":{"__type__":"cc.Size","width":40,"height":99},"_scaleX":0.9,"_scaleY":0.9,"groupIndex":6},{"__type__":"cc.BoxCollider","node":{"__id__":1},"_offset":{"__type__":"cc.Vec2","y":34},"_size":{"__type__":"cc.Size","width":30,"height":30}}]]