[{"__type__":"cc.SpriteFrame","content":{"name":"tuowei_06","texture":"20wkx7r05LO5L2PvQg5zW3","rect":[68,1230,52,31],"offset":[0,0],"originalSize":[60,31]}},[{"__type__":"cc.Prefab","_name":"T_guiji_L","data":{"__id__":1},"asyncLoadAssets":false},{"__type__":"cc.Node","_name":"T_guiji_L","_components":[{"__type__":"cc.Sprite","node":{"__id__":1},"_spriteFrame":{"__uuid__":"2fV5R6CmhOJLhxlkfuY1JJ"}}],"_prefab":{"__type__":"cc.PrefabInfo","root":{"__id__":1},"asset":{"__uuid__":"99MkjKhSVH9K9SLrr3BKfJ"},"fileId":"74wy/Wr+hONZ5eP4AA0hlC"},"_contentSize":{"__type__":"cc.Size","width":52,"height":31},"_scaleX":1.22,"_scaleY":1.22}]]