[[{"__type__":"cc.Prefab","_name":"Bullet1_L","data":{"__id__":1},"asyncLoadAssets":false},{"__type__":"cc.Node","_name":"Bullet1_L","_components":[{"__type__":"71a93I3hEVFh4S+mJpr7C/k","node":{"__id__":1},"EntityType":12,"DeadPrefab":{"__uuid__":"f4KY1w8bhI9LITCkEa8N5H"},"DeadPrefabName":"T_shouji_n_H","Body":{"__id__":1},"MyCollider":{"__id__":2},"tuoWeiSprite":{"__id__":1},"colorSpriteChange":[{"__id__":1}],"blueTeamColor":{"__type__":"cc.Color","r":255,"g":255,"b":255},"redTeamColor":{"__type__":"cc.Color","r":248,"g":139,"b":118}},{"__type__":"cc.Sprite","node":{"__id__":1},"_spriteFrame":{"__uuid__":"f9/W1sOmlOW4U8n/PVS6R+"},"_sizeMode":0},{"__id__":2}],"_prefab":{"__type__":"cc.PrefabInfo","root":{"__id__":1},"asset":{"__uuid__":"42u/87VYNFWZYCeLLN7edf"},"fileId":"5beIU49QFPqKTrLUdLeHka"},"_contentSize":{"__type__":"cc.Size","width":12,"height":15},"_scaleX":1.66,"_scaleY":2.59,"groupIndex":6},{"__type__":"cc.BoxCollider","node":{"__id__":1},"_offset":{"__type__":"cc.Vec2","y":2},"_size":{"__type__":"cc.Size","width":13,"height":8.5}}],{"__type__":"cc.SpriteFrame","content":{"name":"zidan01","texture":"20wkx7r05LO5L2PvQg5zW3","rect":[143,555,19,19],"offset":[0,0],"originalSize":[19,19]}}]