[[{"__type__":"cc.Prefab","_name":"GrassPrefab","data":{"__id__":1},"asyncLoadAssets":false},{"__type__":"cc.Node","_name":"GrassPrefab","_components":[{"__type__":"96c6fqII1BAUrbMLcHtJo+K","node":{"__id__":1},"SpAtlas":{"__uuid__":"0dybIr3kNFYrJo5LVNQ/d2"},"EntityType":6,"EnterExitAni":{"__id__":2},"EnterAniName":"Grass_Ani01","ExitAniName":"Grass_Ani01"},{"__id__":2},{"__type__":"cc.Sprite","node":{"__id__":1},"_spriteFrame":{"__uuid__":"f9TUnb8w1F55Hvsb5mNVay"}}],"_prefab":{"__type__":"cc.PrefabInfo","root":{"__id__":1},"asset":{"__uuid__":"58kOo3oHVEd5TkG0qVUy5c"},"fileId":"91XP7XnKZFYY3p3tuQl1MD"},"_contentSize":{"__type__":"cc.Size","width":102,"height":102}},{"__type__":"cc.Animation","node":{"__id__":1},"_defaultClip":{"__uuid__":"c98CEXlVVHyZGZD6kgjOAB"},"_clips":[{"__uuid__":"c98CEXlVVHyZGZD6kgjOAB"}]}],{"__type__":"cc.AnimationClip","_name":"Grass_Ani01","_duration":0.5333333333333333,"curveData":{"props":{"scaleX":[{"frame":0,"value":1},{"frame":0.1,"value":1.08},{"frame":0.25,"value":0.96},{"frame":0.5333333333333333,"value":1}],"scaleY":[{"frame":0,"value":1},{"frame":0.1,"value":1.08},{"frame":0.25,"value":0.96},{"frame":0.5333333333333333,"value":1}]}}},{"__type__":"cc.SpriteFrame","content":{"name":"border2","texture":"96v2cfPGRMrK08a9XaXlj/","rect":[333,106,102,102],"offset":[0,0],"originalSize":[102,102]}}]