[{"__type__":"cc.SpriteFrame","content":{"name":"shouji15","texture":"20wkx7r05LO5L2PvQg5zW3","rect":[958,262,58,76],"offset":[0,-7],"originalSize":[100,100]}},{"__type__":"cc.SpriteFrame","content":{"name":"shouji14","texture":"20wkx7r05LO5L2PvQg5zW3","rect":[527,995,96,96],"offset":[0,0],"originalSize":[100,100]}},[{"__type__":"cc.Prefab","_name":"T_yujing_red_H","data":{"__id__":1},"asyncLoadAssets":false},{"__type__":"cc.Node","_name":"T_yujing_red_H","_children":[{"__id__":2},{"__id__":3}],"_components":[{"__type__":"cc.Animation","node":{"__id__":1},"_defaultClip":{"__uuid__":"20t/wtziZIn6n1cnNtEJ5Y"},"_clips":[{"__uuid__":"20t/wtziZIn6n1cnNtEJ5Y"}]}],"_prefab":{"__type__":"cc.PrefabInfo","root":{"__id__":1},"asset":{"__uuid__":"d82K2wLGxGypwmokmT+Mzb"},"fileId":"88yyw5zTNJPpq8QK7sjXm+"},"_position":{"__type__":"cc.Vec2","x":134}},{"__type__":"cc.Node","_name":"New Sprite","_parent":{"__id__":1},"_components":[{"__type__":"cc.Sprite","node":{"__id__":2},"_spriteFrame":{"__uuid__":"55P/2bPBZF+pxrwDriv0zc"},"_dstBlendFactor":1}],"_prefab":{"__type__":"cc.PrefabInfo","root":{"__id__":1},"asset":{"__uuid__":"d82K2wLGxGypwmokmT+Mzb"},"fileId":"9ajJ5XnmFMR57xenmJOXZT"},"_color":{"__type__":"cc.Color","r":255},"_contentSize":{"__type__":"cc.Size","width":58,"height":76},"_position":{"__type__":"cc.Vec2","y":-9}},{"__type__":"cc.Node","_name":"New Sprite1","_parent":{"__id__":1},"_components":[{"__type__":"cc.Sprite","node":{"__id__":3},"_spriteFrame":{"__uuid__":"83h26G2GpNnIMLBaO4Iu30"},"_dstBlendFactor":1}],"_prefab":{"__type__":"cc.PrefabInfo","root":{"__id__":1},"asset":{"__uuid__":"d82K2wLGxGypwmokmT+Mzb"},"fileId":"06ZKx1ID5FKrkchEPh7QQY"},"_color":{"__type__":"cc.Color","r":255},"_contentSize":{"__type__":"cc.Size","width":96,"height":96}}]]