[{"__type__":"cc.AnimationClip","_name":"tuji","_duration":0.8333333333333334,"wrapMode":2,"curveData":{"paths":{"star":{"comps":{"cc.Sprite":{}},"props":{"scaleX":[{"frame":0,"value":1},{"frame":0.4166666666666667,"value":0.925},{"frame":0.8333333333333334,"value":1}],"scaleY":[{"frame":0,"value":1},{"frame":0.4166666666666667,"value":0.925},{"frame":0.8333333333333334,"value":1}]}},"quan":{"props":{"scaleX":[{"frame":0,"value":0.92},{"frame":0.4166666666666667,"value":0.85},{"frame":0.8333333333333334,"value":0.92}],"scaleY":[{"frame":0,"value":0.92},{"frame":0.4166666666666667,"value":0.85},{"frame":0.8333333333333334,"value":0.92}]}},"quan2":{"props":{"scaleX":[{"frame":0,"value":0.92},{"frame":0.3333333333333333,"value":1.04},{"frame":0.5666666666666667,"value":1.24}],"scaleY":[{"frame":0,"value":0.94},{"frame":0.3333333333333333,"value":1.07},{"frame":0.5666666666666667,"value":1.27}],"opacity":[{"frame":0,"value":255},{"frame":0.3333333333333333,"value":180},{"frame":0.5666666666666667,"value":0}]}},"quan3":{"props":{"scaleY":[{"frame":0,"value":1.05},{"frame":0.4166666666666667,"value":0.97},{"frame":0.8333333333333334,"value":1.05}],"scaleX":[{"frame":0,"value":1.29},{"frame":0.4166666666666667,"value":1.19},{"frame":0.8333333333333334,"value":1.29}]}}}}},[{"__type__":"cc.Prefab","_name":"tuji","data":{"__id__":1},"asyncLoadAssets":false},{"__type__":"cc.Node","_name":"tuji","_children":[{"__id__":2},{"__id__":7}],"_components":[{"__type__":"9bdf76vszFBEKWDAGyNctFy","node":{"__id__":1},"SpAtlas":{"__uuid__":"49hgYBWs5C0osUMDkiP1E1"},"Resid":1307,"EntityType":13,"DeadPrefab":{"__uuid__":"b93CiNZcJMRJDBtFIL71Nc"},"DeadPrefabName":"daojuxiaoshi_H","Body":{"__id__":2},"dieAnimationClip":"daojuxiaoshi","AvailableTime":15,"WarnAnimation":{"__id__":12},"WarnAnimationClip":"jiasu2_xiaoshi"},{"__type__":"cc.BoxCollider","node":{"__id__":1}}],"_prefab":{"__type__":"cc.PrefabInfo","root":{"__id__":1},"asset":{"__uuid__":"82kiIwMEVMFoYhgCDpoxo8"},"fileId":"33h5T64fBL6YYfMIEf1vAS"},"_contentSize":{"__type__":"cc.Size","width":100,"height":100},"groupIndex":4},{"__type__":"cc.Node","_name":"tuji","_parent":{"__id__":1},"_children":[{"__id__":3},{"__id__":4},{"__id__":5},{"__id__":6}],"_components":[{"__type__":"cc.Animation","node":{"__id__":2},"_defaultClip":{"__uuid__":"26LAM5msFEf5a5MI6tPwJH"},"_clips":[{"__uuid__":"26LAM5msFEf5a5MI6tPwJH"}],"playOnLoad":true}],"_prefab":{"__type__":"cc.PrefabInfo","root":{"__id__":1},"asset":{"__uuid__":"82kiIwMEVMFoYhgCDpoxo8"},"fileId":"0b424e27pCQ45zi8FrPHhG"}},{"__type__":"cc.Node","_name":"quan2","_parent":{"__id__":2},"_components":[{"__type__":"cc.Sprite","node":{"__id__":3},"_spriteFrame":{"__uuid__":"dengzrX7ZP8L8EQwjkCXSv"},"_sizeMode":0,"_dstBlendFactor":0}],"_prefab":{"__type__":"cc.PrefabInfo","root":{"__id__":1},"asset":{"__uuid__":"82kiIwMEVMFoYhgCDpoxo8"},"fileId":"97d5ExLQRC7o1oKLrdLDzC"},"_contentSize":{"__type__":"cc.Size","width":90,"height":90},"_scaleX":0.92,"_scaleY":0.94},{"__type__":"cc.Node","_name":"quan","_parent":{"__id__":2},"_components":[{"__type__":"cc.Sprite","node":{"__id__":4},"_spriteFrame":{"__uuid__":"dengzrX7ZP8L8EQwjkCXSv"},"_sizeMode":0,"_dstBlendFactor":0}],"_prefab":{"__type__":"cc.PrefabInfo","root":{"__id__":1},"asset":{"__uuid__":"82kiIwMEVMFoYhgCDpoxo8"},"fileId":"39pp80J8dHJ5SVaadyVcW4"},"_contentSize":{"__type__":"cc.Size","width":90,"height":90},"_scaleX":0.93,"_scaleY":0.93},{"__type__":"cc.Node","_name":"quan3","_parent":{"__id__":2},"_components":[{"__type__":"cc.Sprite","node":{"__id__":5},"_spriteFrame":{"__uuid__":"ddm1nAhg5OILRCPbQ/3i0c"},"_sizeMode":0,"_dstBlendFactor":0}],"_prefab":{"__type__":"cc.PrefabInfo","root":{"__id__":1},"asset":{"__uuid__":"82kiIwMEVMFoYhgCDpoxo8"},"fileId":"66hDs07yNAYaXTINBjUNWH"},"_contentSize":{"__type__":"cc.Size","width":90,"height":90},"_scaleX":1.29,"_scaleY":1.05},{"__type__":"cc.Node","_name":"star","_parent":{"__id__":2},"_components":[{"__type__":"cc.Sprite","node":{"__id__":6},"_spriteFrame":{"__uuid__":"9dxAHDNVpFZInS37vkK4HN"},"_isTrimmedMode":false,"_dstBlendFactor":0}],"_prefab":{"__type__":"cc.PrefabInfo","root":{"__id__":1},"asset":{"__uuid__":"82kiIwMEVMFoYhgCDpoxo8"},"fileId":"302//DVXZCTpnqcIRoAKPY"},"_contentSize":{"__type__":"cc.Size","width":53,"height":63}},{"__type__":"cc.Node","_name":"tuji_xiaoshi","_parent":{"__id__":1},"_children":[{"__id__":8},{"__id__":9},{"__id__":10},{"__id__":11}],"_active":false,"_components":[{"__id__":12}],"_prefab":{"__type__":"cc.PrefabInfo","root":{"__id__":1},"asset":{"__uuid__":"82kiIwMEVMFoYhgCDpoxo8"},"fileId":"75JRoDQHRFD7/BmggcPD1D"}},{"__type__":"cc.Node","_name":"quan2","_parent":{"__id__":7},"_components":[{"__type__":"cc.Sprite","node":{"__id__":8},"_spriteFrame":{"__uuid__":"dengzrX7ZP8L8EQwjkCXSv"},"_sizeMode":0,"_dstBlendFactor":0}],"_prefab":{"__type__":"cc.PrefabInfo","root":{"__id__":1},"asset":{"__uuid__":"82kiIwMEVMFoYhgCDpoxo8"},"fileId":"26/23KaBNNwbC4Ek6oho55"},"_contentSize":{"__type__":"cc.Size","width":90,"height":90},"_scaleX":0.92,"_scaleY":0.94},{"__type__":"cc.Node","_name":"quan","_parent":{"__id__":7},"_components":[{"__type__":"cc.Sprite","node":{"__id__":9},"_spriteFrame":{"__uuid__":"dengzrX7ZP8L8EQwjkCXSv"},"_sizeMode":0,"_dstBlendFactor":0}],"_prefab":{"__type__":"cc.PrefabInfo","root":{"__id__":1},"asset":{"__uuid__":"82kiIwMEVMFoYhgCDpoxo8"},"fileId":"38e9Xlx3JIzIq49mI/uYPB"},"_contentSize":{"__type__":"cc.Size","width":90,"height":90},"_scaleX":0.93,"_scaleY":0.93},{"__type__":"cc.Node","_name":"quan3","_parent":{"__id__":7},"_components":[{"__type__":"cc.Sprite","node":{"__id__":10},"_spriteFrame":{"__uuid__":"ddm1nAhg5OILRCPbQ/3i0c"},"_sizeMode":0,"_dstBlendFactor":0}],"_prefab":{"__type__":"cc.PrefabInfo","root":{"__id__":1},"asset":{"__uuid__":"82kiIwMEVMFoYhgCDpoxo8"},"fileId":"f9bGKTHhtPWZEXZHMT01ef"},"_contentSize":{"__type__":"cc.Size","width":90,"height":90},"_scaleX":1.29,"_scaleY":1.05},{"__type__":"cc.Node","_name":"star","_parent":{"__id__":7},"_components":[{"__type__":"cc.Sprite","node":{"__id__":11},"_spriteFrame":{"__uuid__":"9dxAHDNVpFZInS37vkK4HN"},"_isTrimmedMode":false,"_dstBlendFactor":0}],"_prefab":{"__type__":"cc.PrefabInfo","root":{"__id__":1},"asset":{"__uuid__":"82kiIwMEVMFoYhgCDpoxo8"},"fileId":"51Qx/gJzdKibRb9Xg7NZIx"},"_contentSize":{"__type__":"cc.Size","width":53,"height":63}},{"__type__":"cc.Animation","node":{"__id__":7},"_defaultClip":{"__uuid__":"d8GP73e0ZG86i952iBZcjb"},"_clips":[{"__uuid__":"d8GP73e0ZG86i952iBZcjb"}],"playOnLoad":true}],{"__type__":"cc.SpriteFrame","content":{"name":"tuji","texture":"20wkx7r05LO5L2PvQg5zW3","rect":[260,1197,53,63],"offset":[0,0],"originalSize":[53,63]}},{"__type__":"cc.AnimationClip","_name":"tuji_xiaoshi","_duration":0.8333333333333334,"wrapMode":2,"curveData":{"paths":{"star":{"comps":{"cc.Sprite":{}},"props":{"scaleX":[{"frame":0,"value":1},{"frame":0.4166666666666667,"value":0.925},{"frame":0.8333333333333334,"value":1}],"scaleY":[{"frame":0,"value":1},{"frame":0.4166666666666667,"value":0.925},{"frame":0.8333333333333334,"value":1}],"opacity":[{"frame":0,"value":50},{"frame":0.4166666666666667,"value":150},{"frame":0.8333333333333334,"value":50}]}},"quan":{"props":{"scaleX":[{"frame":0,"value":0.92},{"frame":0.4166666666666667,"value":0.85},{"frame":0.8333333333333334,"value":0.92}],"scaleY":[{"frame":0,"value":0.92},{"frame":0.4166666666666667,"value":0.85},{"frame":0.8333333333333334,"value":0.92}],"opacity":[{"frame":0,"value":50},{"frame":0.4166666666666667,"value":150},{"frame":0.8333333333333334,"value":50}]}},"quan2":{"props":{"scaleX":[{"frame":0,"value":0.92},{"frame":0.3333333333333333,"value":1.04},{"frame":0.5666666666666667,"value":1.24}],"scaleY":[{"frame":0,"value":0.94},{"frame":0.3333333333333333,"value":1.07},{"frame":0.5666666666666667,"value":1.27}],"opacity":[{"frame":0,"value":50},{"frame":0.3333333333333333,"value":50},{"frame":0.5666666666666667,"value":0}]}},"quan3":{"props":{"scaleY":[{"frame":0,"value":1.05},{"frame":0.4166666666666667,"value":0.97},{"frame":0.8333333333333334,"value":1.05}],"scaleX":[{"frame":0,"value":1.29},{"frame":0.4166666666666667,"value":1.19},{"frame":0.8333333333333334,"value":1.29}],"opacity":[{"frame":0,"value":50},{"frame":0.4166666666666667,"value":150},{"frame":0.8333333333333334,"value":50}]}}}}},{"__type__":"cc.SpriteFrame","content":{"name":"zhuanhuan_04_4","texture":"20wkx7r05LO5L2PvQg5zW3","rect":[834,690,113,99],"offset":[0,0],"originalSize":[113,99]}},{"__type__":"cc.SpriteFrame","content":{"name":"zhuanhuan_04_3","texture":"20wkx7r05LO5L2PvQg5zW3","rect":[942,808,79,89],"offset":[0,0],"originalSize":[79,89]}}]