{
	"RootTask":{
		"Type":"Selector",
		"ID":1,
		"abortType":0,
		"Children":[{
			"Type":"C_BattleElapseTime",
			"ID":2,
			"cmpType":2,
			"timeMS":1500,
			"returnFlag":0
		},{
			"Type":"Sequence",
			"ID":3,
			"abortType":0,
			"Children":[{
				"Type":"C_CheckUserVar",
				"ID":4,
				"varName":"moveToFirstGrid",
				"value":1,
				"returnFlag":3
			},{
				"Type":"C_BattleElapseTime",
				"ID":5,
				"cmpType":2,
				"timeMS":4000,
				"returnFlag":0
			},{
				"Type":"A_SetUserVar",
				"ID":6,
				"varName":"moveToFirstGrid",
				"value":1,
				"returnFlag":0
			},{
				"Type":"A_MoveToLineConfigPos",
				"ID":7,
				"camp_select":0,
				"line_select":1,
				"grids_select":1,
				"runningReachDest":true,
				"minRunningTimeMS":3100,
				"runningCheckMS":1000,
				"runningCheckPixel":50,
				"returnFlag":0
			}]
		},{
			"Type":"Sequence",
			"ID":8,
			"abortType":2,
			"Children":[{
				"Type":"ClearTargets",
				"ID":9,
				"returnFlag":0
			},{
				"Type":"Selector",
				"ID":10,
				"abortType":2,
				"Children":[{
					"Type":"C_LockTarget",
					"ID":11,
					"radius":325,
					"returnFlag":0
				},{
					"Type":"C_LockTargetNearbyMyBase",
					"ID":12,
					"radius":800,
					"returnFlag":0
				},{
					"Type":"C_LockAirdropBox",
					"ID":13,
					"radius_Pixel":200,
					"returnFlag":0
				},{
					"Type":"C_HasAnyGridAround",
					"ID":14,
					"camp_select":0,
					"line_select":0,
					"gridsName":"idiotAttackGrids",
					"returnFlag":0
				},{
					"Type":"C_HasAnyGridAround",
					"ID":15,
					"camp_select":1,
					"line_select":0,
					"gridsName":"firstDefendGrids",
					"returnFlag":0
				},{
					"Type":"C_HasAnyGridAround",
					"ID":16,
					"camp_select":1,
					"line_select":0,
					"gridsName":"secondDefendGrids",
					"returnFlag":0
				}]
			},{
				"Type":"Selector",
				"ID":17,
				"abortType":0,
				"Children":[{
					"Type":"Sequence",
					"ID":18,
					"abortType":0,
					"Children":[{
						"Type":"C_HasTarget",
						"ID":19,
						"returnFlag":3
					},{
						"Type":"Selector",
						"ID":20,
						"abortType":0,
						"Children":[{
							"Type":"Sequence",
							"ID":21,
							"abortType":0,
							"Children":[{
								"Type":"C_IsAllyInRange",
								"ID":22,
								"returnFlag":3
							},{
								"Type":"A_Attack",
								"ID":23,
								"angle":35,
								"returnFlag":0
							}]
						},{
							"Type":"LRandomSelector",
							"ID":24,
							"randomPrecent":[10,90],
							"abortType":0,
							"Children":[{
								"Type":"A_Idle",
								"ID":25,
								"minTime":600,
								"maxTime":600,
								"returnFlag":0
							},{
								"Type":"A_MoveToRandPos",
								"ID":26,
								"min_radius_smallgrid":2,
								"max_radius_smallgrid":6,
								"runningReachDest":true,
								"minRunningTimeMS":1000,
								"runningCheckMS":0,
								"runningCheckPixel":0,
								"returnFlag":0
							}]
						}]
					}]
				},{
					"Type":"Sequence",
					"ID":27,
					"abortType":0,
					"Children":[{
						"Type":"Selector",
						"ID":28,
						"abortType":3,
						"Children":[{
							"Type":"C_IsTargetInRange",
							"ID":29,
							"returnFlag":0
						},{
							"Type":"A_MoveToAreaWithTargetIn",
							"ID":30,
							"areaRadius":3,
							"runningReachDest":true,
							"minRunningTimeMS":1000,
							"runningCheckMS":1000,
							"runningCheckPixel":50,
							"returnFlag":1
						}]
					},{
						"Type":"Selector",
						"ID":31,
						"abortType":2,
						"Children":[{
							"Type":"C_IsAllyInRange",
							"ID":32,
							"returnFlag":3
						},{
							"Type":"LRandomSelector",
							"ID":33,
							"randomPrecent":[10,90],
							"abortType":0,
							"Children":[{
								"Type":"A_Idle",
								"ID":34,
								"minTime":600,
								"maxTime":600,
								"returnFlag":1
							},{
								"Type":"A_MoveToRandPos",
								"ID":35,
								"min_radius_smallgrid":2,
								"max_radius_smallgrid":6,
								"runningReachDest":true,
								"minRunningTimeMS":1000,
								"runningCheckMS":0,
								"runningCheckPixel":0,
								"returnFlag":1
							}]
						}]
					},{
						"Type":"LRandomSelector",
						"ID":36,
						"randomPrecent":[30,30,40],
						"abortType":0,
						"Children":[{
							"Type":"A_Idle",
							"ID":37,
							"minTime":100,
							"maxTime":300,
							"returnFlag":0
						},{
							"Type":"A_MoveToRandPos",
							"ID":38,
							"min_radius_smallgrid":1,
							"max_radius_smallgrid":1,
							"runningReachDest":false,
							"minRunningTimeMS":100,
							"runningCheckMS":0,
							"runningCheckPixel":0,
							"returnFlag":1
						},{
							"Type":"A_Attack",
							"ID":39,
							"angle":35,
							"returnFlag":0
						}]
					}]
				}]
			}]
		},{
			"Type":"Sequence",
			"ID":40,
			"abortType":0,
			"Children":[{
				"Type":"C_IsItemInRange",
				"ID":41,
				"radius_pixel":300,
				"returnFlag":0
			},{
				"Type":"A_MoveToItem",
				"ID":42,
				"runningReachDest":false,
				"minRunningTimeMS":1000,
				"runningCheckMS":1000,
				"runningCheckPixel":50,
				"returnFlag":0
			}]
		},{
			"Type":"A_MoveToCampConfigPos",
			"ID":43,
			"camp_select":0,
			"grids_select":4,
			"runningReachDest":false,
			"minRunningTimeMS":1000,
			"runningCheckMS":1000,
			"runningCheckPixel":50,
			"returnFlag":0
		}]
	}
}
