{
	"RootTask":{
		"Type":"Selector",
		"ID":1,
		"abortType":0,
		"Children":[{
			"Type":"C_BattleElapseTime",
			"ID":2,
			"cmpType":2,
			"timeMS":1500,
			"returnFlag":0
		},{
			"Type":"Sequence",
			"ID":3,
			"abortType":0,
			"Children":[{
				"Type":"C_CheckUserVar",
				"ID":4,
				"varName":"moveToFirstGrid",
				"value":1,
				"returnFlag":3
			},{
				"Type":"C_BattleElapseTime",
				"ID":5,
				"cmpType":2,
				"timeMS":4000,
				"returnFlag":0
			},{
				"Type":"A_SetUserVar",
				"ID":6,
				"varName":"moveToFirstGrid",
				"value":1,
				"returnFlag":0
			},{
				"Type":"A_MoveToLineConfigPos",
				"ID":7,
				"camp_select":0,
				"line_select":1,
				"grids_select":1,
				"runningReachDest":true,
				"minRunningTimeMS":3100,
				"runningCheckMS":1000,
				"runningCheckPixel":50,
				"returnFlag":0
			}]
		},{
			"Type":"Sequence",
			"ID":8,
			"abortType":2,
			"Children":[{
				"Type":"ClearTargets",
				"ID":9,
				"returnFlag":0
			},{
				"Type":"C_LockTargetNearbyMyBase",
				"ID":10,
				"radius":800,
				"returnFlag":0
			},{
				"Type":"Selector",
				"ID":11,
				"abortType":0,
				"Children":[{
					"Type":"Sequence",
					"ID":12,
					"abortType":0,
					"Children":[{
						"Type":"C_HasTarget",
						"ID":13,
						"returnFlag":3
					},{
						"Type":"Selector",
						"ID":14,
						"abortType":0,
						"Children":[{
							"Type":"Sequence",
							"ID":15,
							"abortType":0,
							"Children":[{
								"Type":"C_IsAllyInRange",
								"ID":16,
								"returnFlag":3
							},{
								"Type":"A_Attack",
								"ID":17,
								"angle":0,
								"returnFlag":0
							}]
						},{
							"Type":"LRandomSelector",
							"ID":18,
							"randomPrecent":[10,90],
							"abortType":0,
							"Children":[{
								"Type":"A_Idle",
								"ID":19,
								"minTime":600,
								"maxTime":600,
								"returnFlag":0
							},{
								"Type":"A_MoveToRandPos",
								"ID":20,
								"min_radius_smallgrid":2,
								"max_radius_smallgrid":6,
								"runningReachDest":true,
								"minRunningTimeMS":1000,
								"runningCheckMS":0,
								"runningCheckPixel":0,
								"returnFlag":0
							}]
						}]
					}]
				},{
					"Type":"Sequence",
					"ID":21,
					"abortType":0,
					"Children":[{
						"Type":"Selector",
						"ID":22,
						"abortType":3,
						"Children":[{
							"Type":"C_IsTargetInRange",
							"ID":23,
							"returnFlag":0
						},{
							"Type":"A_MoveToAreaWithTargetIn",
							"ID":24,
							"areaRadius":3,
							"runningReachDest":true,
							"minRunningTimeMS":1000,
							"runningCheckMS":1000,
							"runningCheckPixel":50,
							"returnFlag":1
						}]
					},{
						"Type":"Selector",
						"ID":25,
						"abortType":2,
						"Children":[{
							"Type":"C_IsAllyInRange",
							"ID":26,
							"returnFlag":3
						},{
							"Type":"LRandomSelector",
							"ID":27,
							"randomPrecent":[10,90],
							"abortType":0,
							"Children":[{
								"Type":"A_Idle",
								"ID":28,
								"minTime":600,
								"maxTime":600,
								"returnFlag":1
							},{
								"Type":"A_MoveToRandPos",
								"ID":29,
								"min_radius_smallgrid":2,
								"max_radius_smallgrid":6,
								"runningReachDest":true,
								"minRunningTimeMS":1000,
								"runningCheckMS":0,
								"runningCheckPixel":0,
								"returnFlag":1
							}]
						}]
					},{
						"Type":"A_Attack",
						"ID":30,
						"angle":0,
						"returnFlag":0
					}]
				}]
			}]
		},{
			"Type":"Sequence",
			"ID":31,
			"abortType":2,
			"Children":[{
				"Type":"ClearTargets",
				"ID":32,
				"returnFlag":0
			},{
				"Type":"Selector",
				"ID":33,
				"abortType":2,
				"Children":[{
					"Type":"C_LockTarget",
					"ID":34,
					"radius":325,
					"returnFlag":0
				},{
					"Type":"C_LockAirdropBox",
					"ID":35,
					"radius_Pixel":200,
					"returnFlag":0
				},{
					"Type":"C_HasAnyGridAround",
					"ID":36,
					"camp_select":0,
					"line_select":0,
					"gridsName":"idiotAttackGrids",
					"returnFlag":0
				},{
					"Type":"C_HasAnyGridAround",
					"ID":37,
					"camp_select":1,
					"line_select":0,
					"gridsName":"firstDefendGrids",
					"returnFlag":0
				},{
					"Type":"C_HasAnyGridAround",
					"ID":38,
					"camp_select":1,
					"line_select":0,
					"gridsName":"secondDefendGrids",
					"returnFlag":0
				}]
			},{
				"Type":"Selector",
				"ID":39,
				"abortType":0,
				"Children":[{
					"Type":"Sequence",
					"ID":40,
					"abortType":0,
					"Children":[{
						"Type":"C_HasTarget",
						"ID":41,
						"returnFlag":3
					},{
						"Type":"Selector",
						"ID":42,
						"abortType":0,
						"Children":[{
							"Type":"Sequence",
							"ID":43,
							"abortType":0,
							"Children":[{
								"Type":"C_IsAllyInRange",
								"ID":44,
								"returnFlag":3
							},{
								"Type":"A_Attack",
								"ID":45,
								"angle":20,
								"returnFlag":0
							}]
						},{
							"Type":"LRandomSelector",
							"ID":46,
							"randomPrecent":[10,90],
							"abortType":0,
							"Children":[{
								"Type":"A_Idle",
								"ID":47,
								"minTime":600,
								"maxTime":600,
								"returnFlag":0
							},{
								"Type":"A_MoveToRandPos",
								"ID":48,
								"min_radius_smallgrid":2,
								"max_radius_smallgrid":6,
								"runningReachDest":true,
								"minRunningTimeMS":1000,
								"runningCheckMS":0,
								"runningCheckPixel":0,
								"returnFlag":0
							}]
						}]
					}]
				},{
					"Type":"Sequence",
					"ID":49,
					"abortType":0,
					"Children":[{
						"Type":"Selector",
						"ID":50,
						"abortType":3,
						"Children":[{
							"Type":"C_IsTargetInRange",
							"ID":51,
							"returnFlag":0
						},{
							"Type":"A_MoveToAreaWithTargetIn",
							"ID":52,
							"areaRadius":3,
							"runningReachDest":true,
							"minRunningTimeMS":1000,
							"runningCheckMS":1000,
							"runningCheckPixel":50,
							"returnFlag":1
						}]
					},{
						"Type":"Selector",
						"ID":53,
						"abortType":2,
						"Children":[{
							"Type":"C_IsAllyInRange",
							"ID":54,
							"returnFlag":3
						},{
							"Type":"LRandomSelector",
							"ID":55,
							"randomPrecent":[10,90],
							"abortType":0,
							"Children":[{
								"Type":"A_Idle",
								"ID":56,
								"minTime":600,
								"maxTime":600,
								"returnFlag":1
							},{
								"Type":"A_MoveToRandPos",
								"ID":57,
								"min_radius_smallgrid":2,
								"max_radius_smallgrid":6,
								"runningReachDest":true,
								"minRunningTimeMS":1000,
								"runningCheckMS":0,
								"runningCheckPixel":0,
								"returnFlag":1
							}]
						}]
					},{
						"Type":"LRandomSelector",
						"ID":58,
						"randomPrecent":[20,20,60],
						"abortType":0,
						"Children":[{
							"Type":"A_Idle",
							"ID":59,
							"minTime":100,
							"maxTime":300,
							"returnFlag":0
						},{
							"Type":"A_MoveToRandPos",
							"ID":60,
							"min_radius_smallgrid":1,
							"max_radius_smallgrid":1,
							"runningReachDest":false,
							"minRunningTimeMS":100,
							"runningCheckMS":0,
							"runningCheckPixel":0,
							"returnFlag":1
						},{
							"Type":"A_Attack",
							"ID":61,
							"angle":20,
							"returnFlag":0
						}]
					}]
				}]
			}]
		},{
			"Type":"Sequence",
			"ID":62,
			"abortType":0,
			"Children":[{
				"Type":"C_IsItemInRange",
				"ID":63,
				"radius_pixel":300,
				"returnFlag":0
			},{
				"Type":"A_MoveToItem",
				"ID":64,
				"runningReachDest":false,
				"minRunningTimeMS":1000,
				"runningCheckMS":1000,
				"runningCheckPixel":50,
				"returnFlag":0
			}]
		},{
			"Type":"A_MoveToCampConfigPos",
			"ID":65,
			"camp_select":0,
			"grids_select":4,
			"runningReachDest":false,
			"minRunningTimeMS":1000,
			"runningCheckMS":1000,
			"runningCheckPixel":50,
			"returnFlag":0
		}]
	}
}
