{
	"RootTask":{
		"Type":"Selector",
		"ID":1,
		"abortType":0,
		"Children":[{
			"Type":"C_BattleElapseTime",
			"ID":2,
			"cmpType":2,
			"timeMS":1500,
			"returnFlag":0
		},{
			"Type":"Sequence",
			"ID":3,
			"abortType":0,
			"Children":[{
				"Type":"C_CheckUserVar",
				"ID":4,
				"varName":"moveToFirstGrid",
				"value":1,
				"returnFlag":3
			},{
				"Type":"C_BattleElapseTime",
				"ID":5,
				"cmpType":2,
				"timeMS":4000,
				"returnFlag":0
			},{
				"Type":"A_SetUserVar",
				"ID":6,
				"varName":"moveToFirstGrid",
				"value":1,
				"returnFlag":0
			},{
				"Type":"A_MoveToLineConfigPos",
				"ID":7,
				"camp_select":0,
				"line_select":2,
				"grids_select":1,
				"runningReachDest":true,
				"minRunningTimeMS":4000,
				"runningCheckMS":1000,
				"runningCheckPixel":50,
				"returnFlag":0
			}]
		},{
			"Type":"Sequence",
			"ID":8,
			"abortType":0,
			"Children":[{
				"Type":"C_IsBeingShooted",
				"ID":9,
				"returnFlag":0
			},{
				"Type":"A_Dodge",
				"ID":10,
				"runningReachDest":false,
				"minRunningTimeMS":1000,
				"runningCheckMS":1000,
				"runningCheckPixel":50,
				"returnFlag":0
			}]
		},{
			"Type":"Sequence",
			"ID":11,
			"abortType":2,
			"Children":[{
				"Type":"ClearTargets",
				"ID":12,
				"returnFlag":0
			},{
				"Type":"Selector",
				"ID":13,
				"abortType":2,
				"Children":[{
					"Type":"C_LockBase",
					"ID":14,
					"isEnemy":true,
					"radius_grid":12,
					"returnFlag":0
				},{
					"Type":"C_LockTargetNearbyMyBase",
					"ID":15,
					"radius":800,
					"returnFlag":0
				},{
					"Type":"C_LockTarget",
					"ID":16,
					"radius":450,
					"returnFlag":0
				},{
					"Type":"Sequence",
					"ID":17,
					"abortType":0,
					"Children":[{
						"Type":"C_HasBuf",
						"ID":18,
						"bufID":2,
						"returnFlag":0
					},{
						"Type":"C_HasAnyGridAround",
						"ID":19,
						"camp_select":1,
						"line_select":0,
						"gridsName":"steelDefendGrids",
						"returnFlag":0
					}]
				},{
					"Type":"C_HasAnyGridAround",
					"ID":20,
					"camp_select":1,
					"line_select":0,
					"gridsName":"firstDefendGrids",
					"returnFlag":0
				},{
					"Type":"C_HasAnyGridAround",
					"ID":21,
					"camp_select":1,
					"line_select":0,
					"gridsName":"secondDefendGrids",
					"returnFlag":0
				}]
			},{
				"Type":"Selector",
				"ID":22,
				"abortType":0,
				"Children":[{
					"Type":"Sequence",
					"ID":23,
					"abortType":0,
					"Children":[{
						"Type":"C_HasTarget",
						"ID":24,
						"returnFlag":3
					},{
						"Type":"Selector",
						"ID":25,
						"abortType":0,
						"Children":[{
							"Type":"Sequence",
							"ID":26,
							"abortType":0,
							"Children":[{
								"Type":"C_IsAllyInRange",
								"ID":27,
								"returnFlag":3
							},{
								"Type":"A_Attack",
								"ID":28,
								"angle":0,
								"returnFlag":0
							}]
						},{
							"Type":"LRandomSelector",
							"ID":29,
							"randomPrecent":[10,30],
							"abortType":0,
							"Children":[{
								"Type":"A_Idle",
								"ID":30,
								"minTime":600,
								"maxTime":600,
								"returnFlag":0
							},{
								"Type":"A_MoveToRandPos",
								"ID":31,
								"min_radius_smallgrid":2,
								"max_radius_smallgrid":6,
								"runningReachDest":true,
								"minRunningTimeMS":1000,
								"runningCheckMS":0,
								"runningCheckPixel":0,
								"returnFlag":0
							}]
						}]
					}]
				},{
					"Type":"Sequence",
					"ID":32,
					"abortType":0,
					"Children":[{
						"Type":"Selector",
						"ID":33,
						"abortType":3,
						"Children":[{
							"Type":"C_IsTargetInRange",
							"ID":34,
							"returnFlag":0
						},{
							"Type":"A_MoveToAreaWithTargetIn",
							"ID":35,
							"areaRadius":3,
							"runningReachDest":true,
							"minRunningTimeMS":1000,
							"runningCheckMS":1000,
							"runningCheckPixel":50,
							"returnFlag":1
						}]
					},{
						"Type":"Selector",
						"ID":36,
						"abortType":2,
						"Children":[{
							"Type":"C_IsAllyInRange",
							"ID":37,
							"returnFlag":3
						},{
							"Type":"LRandomSelector",
							"ID":38,
							"randomPrecent":[10,90],
							"abortType":0,
							"Children":[{
								"Type":"A_Idle",
								"ID":39,
								"minTime":600,
								"maxTime":600,
								"returnFlag":1
							},{
								"Type":"A_MoveToRandPos",
								"ID":40,
								"min_radius_smallgrid":2,
								"max_radius_smallgrid":6,
								"runningReachDest":true,
								"minRunningTimeMS":1000,
								"runningCheckMS":0,
								"runningCheckPixel":0,
								"returnFlag":1
							}]
						}]
					},{
						"Type":"A_Attack",
						"ID":41,
						"angle":0,
						"returnFlag":0
					}]
				}]
			}]
		},{
			"Type":"Sequence",
			"ID":42,
			"abortType":0,
			"Children":[{
				"Type":"C_IsItemInRange",
				"ID":43,
				"radius_pixel":300,
				"returnFlag":0
			},{
				"Type":"A_MoveToItem",
				"ID":44,
				"runningReachDest":false,
				"minRunningTimeMS":1000,
				"runningCheckMS":1000,
				"runningCheckPixel":50,
				"returnFlag":0
			}]
		},{
			"Type":"A_MoveToLineConfigPos",
			"ID":45,
			"camp_select":0,
			"line_select":2,
			"grids_select":2,
			"runningReachDest":true,
			"minRunningTimeMS":1000,
			"runningCheckMS":1000,
			"runningCheckPixel":50,
			"returnFlag":0
		}]
	}
}
