{"TResHeadAll":{"resHead":{"Count":"50 "}},"ResMapErase":[{"ID":"1 ","X":"5 ","Y":"0 ","Camp":"2 "},{"ID":"1 ","X":"5 ","Y":"1 ","Camp":"2 "},{"ID":"1 ","X":"5 ","Y":"17 ","Camp":"1 "},{"ID":"1 ","X":"5 ","Y":"18 ","Camp":"1 "},{"ID":"1 ","X":"6 ","Y":"1 ","Camp":"2 "},{"ID":"1 ","X":"6 ","Y":"17 ","Camp":"1 "},{"ID":"1 ","X":"7 ","Y":"0 ","Camp":"2 "},{"ID":"1 ","X":"7 ","Y":"1 ","Camp":"2 "},{"ID":"1 ","X":"7 ","Y":"17 ","Camp":"1 "},{"ID":"1 ","X":"7 ","Y":"18 ","Camp":"1 "},{"ID":"1001 ","X":"5 ","Y":"0 ","Camp":"2 "},{"ID":"1001 ","X":"5 ","Y":"1 ","Camp":"2 "},{"ID":"1001 ","X":"5 ","Y":"15 ","Camp":"1 "},{"ID":"1001 ","X":"5 ","Y":"16 ","Camp":"1 "},{"ID":"1001 ","X":"6 ","Y":"1 ","Camp":"2 "},{"ID":"1001 ","X":"6 ","Y":"15 ","Camp":"1 "},{"ID":"1001 ","X":"7 ","Y":"0 ","Camp":"2 "},{"ID":"1001 ","X":"7 ","Y":"1 ","Camp":"2 "},{"ID":"1001 ","X":"7 ","Y":"15 ","Camp":"1 "},{"ID":"1001 ","X":"7 ","Y":"16 ","Camp":"1 "},{"ID":"1002 ","X":"5 ","Y":"0 ","Camp":"2 "},{"ID":"1002 ","X":"5 ","Y":"1 ","Camp":"2 "},{"ID":"1002 ","X":"5 ","Y":"15 ","Camp":"1 "},{"ID":"1002 ","X":"5 ","Y":"16 ","Camp":"1 "},{"ID":"1002 ","X":"6 ","Y":"1 ","Camp":"2 "},{"ID":"1002 ","X":"6 ","Y":"15 ","Camp":"1 "},{"ID":"1002 ","X":"7 ","Y":"0 ","Camp":"2 "},{"ID":"1002 ","X":"7 ","Y":"1 ","Camp":"2 "},{"ID":"1002 ","X":"7 ","Y":"15 ","Camp":"1 "},{"ID":"1002 ","X":"7 ","Y":"16 ","Camp":"1 "},{"ID":"1003 ","X":"4 ","Y":"15 ","Camp":"1 "},{"ID":"1003 ","X":"4 ","Y":"16 ","Camp":"1 "},{"ID":"1003 ","X":"5 ","Y":"15 ","Camp":"1 "},{"ID":"1003 ","X":"6 ","Y":"0 ","Camp":"2 "},{"ID":"1003 ","X":"6 ","Y":"1 ","Camp":"2 "},{"ID":"1003 ","X":"6 ","Y":"15 ","Camp":"1 "},{"ID":"1003 ","X":"6 ","Y":"16 ","Camp":"1 "},{"ID":"1003 ","X":"7 ","Y":"1 ","Camp":"2 "},{"ID":"1003 ","X":"8 ","Y":"0 ","Camp":"2 "},{"ID":"1003 ","X":"8 ","Y":"1 ","Camp":"2 "},{"ID":"1004 ","X":"5 ","Y":"3 ","Camp":"2 "},{"ID":"1004 ","X":"5 ","Y":"4 ","Camp":"2 "},{"ID":"1004 ","X":"5 ","Y":"12 ","Camp":"1 "},{"ID":"1004 ","X":"5 ","Y":"13 ","Camp":"1 "},{"ID":"1004 ","X":"6 ","Y":"3 ","Camp":"2 "},{"ID":"1004 ","X":"6 ","Y":"13 ","Camp":"1 "},{"ID":"1004 ","X":"7 ","Y":"3 ","Camp":"2 "},{"ID":"1004 ","X":"7 ","Y":"4 ","Camp":"2 "},{"ID":"1004 ","X":"7 ","Y":"12 ","Camp":"1 "},{"ID":"1004 ","X":"7 ","Y":"13 ","Camp":"1 "}]}