{"TResHeadAll":{"resHead":{"Count":"533 "}},"ResRandomNamesC":[{"Name":"\u4e00\u96e8"},{"Name":"\u4e07\u9752"},{"Name":"\u4e16\u534e"},{"Name":"\u4e1c\u7fa4"},{"Name":"\u4e2d\u534e"},{"Name":"\u4e39"},{"Name":"\u4e3d"},{"Name":"\u4e3d\u534e"},{"Name":"\u4e3d\u541b"},{"Name":"\u4e3d\u743c"},{"Name":"\u4e3d\u840d"},{"Name":"\u4e3d\u84c9"},{"Name":"\u4e45\u5764"},{"Name":"\u4e50"},{"Name":"\u4e50\u8d35"},{"Name":"\u4e91"},{"Name":"\u4e91\u5170"},{"Name":"\u4e91\u82b3"},{"Name":"\u4e9a\u4e3d"},{"Name":"\u4e9a\u51e4"},{"Name":"\u4e9a\u5347"},{"Name":"\u4e9a\u5947"},{"Name":"\u4eae"},{"Name":"\u4eae\u5bb6"},{"Name":"\u4ee3\u5e73"},{"Name":"\u4ee3\u743c"},{"Name":"\u4ef2\u743c"},{"Name":"\u4ef2\u78a7"},{"Name":"\u4f1f"},{"Name":"\u4f20\u5947"},{"Name":"\u4f26\u6c11"},{"Name":"\u4fa0"},{"Name":"\u4fca\u5982"},{"Name":"\u4fca\u8fdc"},{"Name":"\u4fca\u9716"},{"Name":"\u4fee\u840d"},{"Name":"\u501a\u5a34"},{"Name":"\u5029"},{"Name":"\u5143\u624d"},{"Name":"\u5143\u82ac"},{"Name":"\u5143\u96c4"},{"Name":"\u5146\u658c"},{"Name":"\u5149\u4e3d"},{"Name":"\u5149\u8d35"},{"Name":"\u5149\u8f89"},{"Name":"\u514b\u5170"},{"Name":"\u5170"},{"Name":"\u5170\u6dd1"},{"Name":"\u5174"},{"Name":"\u5174\u4f1a"},{"Name":"\u5174\u5175"},{"Name":"\u5174\u52c7"},{"Name":"\u5174\u5bb9"},{"Name":"\u5174\u743c"},{"Name":"\u5174\u78a7"},{"Name":"\u5174\u84c9"},{"Name":"\u5175"},{"Name":"\u5176\u6d77"},{"Name":"\u5189\u5a77"},{"Name":"\u519b"},{"Name":"\u51ac\u6885"},{"Name":"\u51b0\u8574"},{"Name":"\u51b0\u97f5"},{"Name":"\u51cc\u4e91"},{"Name":"\u51cc\u8273"},{"Name":"\u51e1\u7389"},{"Name":"\u51e4\u82f1"},{"Name":"\u51ef\u5999"},{"Name":"\u51ef\u88d5"},{"Name":"\u5219\u9f99"},{"Name":"\u521a"},{"Name":"\u5229\u535a"},{"Name":"\u5229\u658c"},{"Name":"\u524d\u5c9a"},{"Name":"\u52c7"},{"Name":"\u52c7\u6b66"},{"Name":"\u52c7\u8d85"},{"Name":"\u52e4"},{"Name":"\u5347\u743c"},{"Name":"\u534e"},{"Name":"\u534e\u7389"},{"Name":"\u534e\u743c"},{"Name":"\u534e\u82f1"},{"Name":"\u5353\u8d85"},{"Name":"\u536b\u7ea2"},{"Name":"\u53cb"},{"Name":"\u53cb\u5a1f"},{"Name":"\u53cc\u6c11"},{"Name":"\u53d1\u658c"},{"Name":"\u5411\u83ca"},{"Name":"\u541b\u79c0"},{"Name":"\u542f\u83ca"},{"Name":"\u548f\u5a34"},{"Name":"\u55bb\u6676"},{"Name":"\u5609\u6f9c"},{"Name":"\u56fd\u4f1a"},{"Name":"\u56fd\u52c7"},{"Name":"\u56fd\u5e86"},{"Name":"\u56fd\u8f89"},{"Name":"\u5747\u6b66"},{"Name":"\u575a"},{"Name":"\u575a\u5229"},{"Name":"\u575a\u9999"},{"Name":"\u5764\u709c"},{"Name":"\u5792"},{"Name":"\u579f\u951f"},{"Name":"\u57f9"},{"Name":"\u5927"},{"Name":"\u5927\u4f1f"},{"Name":"\u5929\u4f1f"},{"Name":"\u5929\u59ff"},{"Name":"\u5929\u632f"},{"Name":"\u5929\u6839"},{"Name":"\u5929\u8d35"},{"Name":"\u5929\u9e4f"},{"Name":"\u592a"},{"Name":"\u592a\u5229"},{"Name":"\u592a\u9756"},{"Name":"\u594e"},{"Name":"\u594e\u6625"},{"Name":"\u594e\u8339"},{"Name":"\u598d"},{"Name":"\u5999"},{"Name":"\u5a05\u5a34"},{"Name":"\u5a05\u743c"},{"Name":"\u5a05\u7ea2"},{"Name":"\u5a05\u8431"},{"Name":"\u5a07\u7fd4"},{"Name":"\u5a1c\u5a1c"},{"Name":"\u5a1f"},{"Name":"\u5a1f\u594e"},{"Name":"\u5a55\u7075"},{"Name":"\u5a77"},{"Name":"\u5b50\u5e0c"},{"Name":"\u5b66\u519b"},{"Name":"\u5b66\u6797"},{"Name":"\u5b66\u793c"},{"Name":"\u5b66\u7ea2"},{"Name":"\u5b66\u84c9"},{"Name":"\u5b87\u65fa"},{"Name":"\u5b87\u6f2b"},{"Name":"\u5b87\u98de"},{"Name":"\u5b89\u53d1"},{"Name":"\u5b89\u6770"},{"Name":"\u5b89\u74a8"},{"Name":"\u5b89\u805a"},{"Name":"\u5b8f"},{"Name":"\u5b8f\u9756"},{"Name":"\u5b97\u548c"},{"Name":"\u5b9d\u4eae"},{"Name":"\u5bb6\u6c49"},{"Name":"\u5bb6\u8d4b"},{"Name":"\u5bb6\u9e4f"},{"Name":"\u5bb9"},{"Name":"\u5bcc\u6b66"},{"Name":"\u5bcc\u7384"},{"Name":"\u5bcc\u8fde"},{"Name":"\u5bff\u6e0a"},{"Name":"\u5c09\u84c9"},{"Name":"\u5c0f"},{"Name":"\u5c0f\u5747"},{"Name":"\u5c0f\u59b9"},{"Name":"\u5c0f\u5a1f"},{"Name":"\u5c0f\u5c71"},{"Name":"\u5c0f\u5e73"},{"Name":"\u5c0f\u660e"},{"Name":"\u5c0f\u7389"},{"Name":"\u5c0f\u7ea2"},{"Name":"\u5c0f\u82b3"},{"Name":"\u5c11\u5e86"},{"Name":"\u5c1a\u5f6c"},{"Name":"\u5ddd"},{"Name":"\u5e05"},{"Name":"\u5e0c\u96e8"},{"Name":"\u5e73"},{"Name":"\u5e73\u6d2a"},{"Name":"\u5e78\u798f"},{"Name":"\u5e86\u70b3"},{"Name":"\u5e86\u8f69"},{"Name":"\u5e86\u8f89"},{"Name":"\u5ef7\u8d22"},{"Name":"\u5efa"},{"Name":"\u5efa\u519b"},{"Name":"\u5efa\u534e"},{"Name":"\u5efa\u537f"},{"Name":"\u5efa\u5747"},{"Name":"\u5efa\u5bb9"},{"Name":"\u5efa\u83ca"},{"Name":"\u5f00\u5170"},{"Name":"\u5f00\u82b3"},{"Name":"\u5f0b"},{"Name":"\u5f3a\u6167"},{"Name":"\u5f66\u82b1"},{"Name":"\u5f69\u534e"},{"Name":"\u5f6c"},{"Name":"\u5fb7"},{"Name":"\u5fb7\u53d1"},{"Name":"\u5fb7\u5bb9"},{"Name":"\u5fb7\u83ca"},{"Name":"\u5fb7\u8d35"},{"Name":"\u5fb7\u98de"},{"Name":"\u5fd7"},{"Name":"\u5fd7\u4e3d"},{"Name":"\u5fd7\u5999"},{"Name":"\u5fd7\u5b8f"},{"Name":"\u5fd7\u5f6c"},{"Name":"\u5fd7\u7965"},{"Name":"\u5fe0\u5143"},{"Name":"\u5fe0\u6797"},{"Name":"\u601d\u6613"},{"Name":"\u601d\u71d5"},{"Name":"\u6021"},{"Name":"\u6021\u7389"},{"Name":"\u6021\u82ac"},{"Name":"\u606d\u7434"},{"Name":"\u60e0\u5b9c"},{"Name":"\u60e0\u8339"},{"Name":"\u60e0\u8363"},{"Name":"\u610f\u840d"},{"Name":"\u6167\u78a7"},{"Name":"\u6167\u9686"},{"Name":"\u6210\u4e39"},{"Name":"\u6210\u5188"},{"Name":"\u6210\u5bb9"},{"Name":"\u6210\u5fe0"},{"Name":"\u6210\u654f"},{"Name":"\u632f\u534e"},{"Name":"\u632f\u53d1"},{"Name":"\u632f\u57f9"},{"Name":"\u6377"},{"Name":"\u654f"},{"Name":"\u656c\u752b"},{"Name":"\u6587"},{"Name":"\u6587\u6865"},{"Name":"\u6587\u6d77"},{"Name":"\u65b0\u660e"},{"Name":"\u660c\u6d69"},{"Name":"\u660c\u8273"},{"Name":"\u660e"},{"Name":"\u660e\u6587"},{"Name":"\u660e\u708e"},{"Name":"\u660e\u73cd"},{"Name":"\u660e\u82b8"},{"Name":"\u660e\u8389"},{"Name":"\u661f\u632f"},{"Name":"\u6620\u541b"},{"Name":"\u6620\u79cb"},{"Name":"\u6625"},{"Name":"\u6625\u5229"},{"Name":"\u6625\u5bb9"},{"Name":"\u6625\u6885"},{"Name":"\u6625\u6c5f"},{"Name":"\u6625\u71d5"},{"Name":"\u6625\u73b2"},{"Name":"\u6625\u83b2"},{"Name":"\u6625\u971e"},{"Name":"\u662d\u5b8f"},{"Name":"\u664b\u4e3d"},{"Name":"\u6653"},{"Name":"\u6653\u4e39"},{"Name":"\u6653\u4e3d"},{"Name":"\u6653\u519b"},{"Name":"\u6653\u539f"},{"Name":"\u6653\u5e73"},{"Name":"\u6653\u658c"},{"Name":"\u6653\u6885"},{"Name":"\u6653\u6e05"},{"Name":"\u6653\u71d5"},{"Name":"\u6653\u7ea2"},{"Name":"\u6653\u96ea"},{"Name":"\u6653\u9759"},{"Name":"\u6653\u9999"},{"Name":"\u666f\u8427"},{"Name":"\u6674"},{"Name":"\u667a\u781d"},{"Name":"\u667a\u9999"},{"Name":"\u6708\u8fb0"},{"Name":"\u670b\u4e39"},{"Name":"\u670b\u519b"},{"Name":"\u670b\u658c"},{"Name":"\u670b\u9686"},{"Name":"\u674f\u501a"},{"Name":"\u674f\u7389"},{"Name":"\u6750\u6c11"},{"Name":"\u677e"},{"Name":"\u677e\u4f26"},{"Name":"\u677e\u88d5"},{"Name":"\u6797"},{"Name":"\u6797\u5b89"},{"Name":"\u67cf"},{"Name":"\u67f3\u971e"},{"Name":"\u6842\u73b2"},{"Name":"\u6842\u84d3"},{"Name":"\u6865\u5f3a"},{"Name":"\u6885"},{"Name":"\u6960\u84d3"},{"Name":"\u6b23\u4e39"},{"Name":"\u6b23\u5f66"},{"Name":"\u6b63\u548c"},{"Name":"\u6b63\u8273"},{"Name":"\u6b63\u84c9"},{"Name":"\u6b66"},{"Name":"\u6b66\u4ec1"},{"Name":"\u6b66\u6c11"},{"Name":"\u6bc5\u52c7"},{"Name":"\u6c11\u8339"},{"Name":"\u6c38\u521a"},{"Name":"\u6c38\u5c9a"},{"Name":"\u6c38\u5f3a"},{"Name":"\u6c38\u7ea2"},{"Name":"\u6c38\u82b3"},{"Name":"\u6c38\u8fdb"},{"Name":"\u6c5d\u743c"},{"Name":"\u6c5f"},{"Name":"\u6c5f\u6d9b"},{"Name":"\u6cbb\u53cb"},{"Name":"\u6ce2"},{"Name":"\u6ce2\u6b63"},{"Name":"\u6cfd\u5347"},{"Name":"\u6d01"},{"Name":"\u6d2a\u5168"},{"Name":"\u6d69\u534e"},{"Name":"\u6d77\u535a"},{"Name":"\u6d77\u6797"},{"Name":"\u6d77\u71d5"},{"Name":"\u6d77\u79cb"},{"Name":"\u6d77\u8273"},{"Name":"\u6d77\u9ccc"},{"Name":"\u6dd1\u5170"},{"Name":"\u6dfb\u6842"},{"Name":"\u6e05\u5170"},{"Name":"\u6e05\u534e"},{"Name":"\u6e05\u6e05"},{"Name":"\u6e05\u8d35"},{"Name":"\u6e58\u7389"},{"Name":"\u6ed5\u9f99"},{"Name":"\u6f47\u51e4"},{"Name":"\u6f47\u7426"},{"Name":"\u708e"},{"Name":"\u70af"},{"Name":"\u7131\u4e39"},{"Name":"\u71d5"},{"Name":"\u71d5\u56fd"},{"Name":"\u71d5\u6c49"},{"Name":"\u7261\u99a8"},{"Name":"\u7389\u5170"},{"Name":"\u7389\u559c"},{"Name":"\u7389\u6885"},{"Name":"\u7389\u6d77"},{"Name":"\u7389\u743c"},{"Name":"\u7389\u82b3"},{"Name":"\u7389\u82f1"},{"Name":"\u7389\u83b2"},{"Name":"\u73b2"},{"Name":"\u73b2\u5fe0"},{"Name":"\u73b2\u78ca"},{"Name":"\u73b2\u8679"},{"Name":"\u73c8"},{"Name":"\u73cf"},{"Name":"\u7426"},{"Name":"\u7434"},{"Name":"\u743c"},{"Name":"\u743c\u534e"},{"Name":"\u743c\u82b3"},{"Name":"\u743c\u82f1"},{"Name":"\u743c\u971e"},{"Name":"\u745c\u99a8"},{"Name":"\u745e\u751f"},{"Name":"\u7476"},{"Name":"\u7476\u4f36"},{"Name":"\u7476\u82b3"},{"Name":"\u7490"},{"Name":"\u751a\u74a8"},{"Name":"\u751f\u6ce2"},{"Name":"\u751f\u83b2"},{"Name":"\u767b\u6b66"},{"Name":"\u76db\u7433"},{"Name":"\u776b\u8587"},{"Name":"\u777f"},{"Name":"\u78a7"},{"Name":"\u78a7\u60e0"},{"Name":"\u78a7\u79c0"},{"Name":"\u78ca"},{"Name":"\u793c"},{"Name":"\u793c\u743c"},{"Name":"\u793c\u8273"},{"Name":"\u7956"},{"Name":"\u7956\u5fb7"},{"Name":"\u7956\u7389"},{"Name":"\u7965"},{"Name":"\u79c0\u5170"},{"Name":"\u79c0\u6676"},{"Name":"\u79cb\u4f36"},{"Name":"\u79cb\u83ca"},{"Name":"\u79ef\u660e"},{"Name":"\u7a0b"},{"Name":"\u7a0b\u6866"},{"Name":"\u7acb\u743c"},{"Name":"\u7acb\u82b3"},{"Name":"\u7af9\u7ef4"},{"Name":"\u7afd\u840d"},{"Name":"\u7d20\u541b"},{"Name":"\u7d20\u7ea2"},{"Name":"\u7d2b\u5b87"},{"Name":"\u7ea2"},{"Name":"\u7ea2\u541b"},{"Name":"\u7ea2\u6885"},{"Name":"\u7ea2\u7389"},{"Name":"\u7ea2\u82f1"},{"Name":"\u7ecd\u7fa4"},{"Name":"\u7ecf\u5c9a"},{"Name":"\u7ee7\u805a"},{"Name":"\u7ef4"},{"Name":"\u7f8e\u5a55"},{"Name":"\u7f8e\u73cd"},{"Name":"\u7fd4"},{"Name":"\u7fd4\u5b87"},{"Name":"\u7fe0"},{"Name":"\u7fe0\u534e"},{"Name":"\u806a\u534e"},{"Name":"\u80fd\u53cb"},{"Name":"\u81f4\u7389"},{"Name":"\u822a"},{"Name":"\u826f\u8d85"},{"Name":"\u826f\u9f99"},{"Name":"\u8273"},{"Name":"\u8273\u5e73"},{"Name":"\u8273\u743c"},{"Name":"\u8273\u82ac"},{"Name":"\u827a\u6866"},{"Name":"\u827e\u5065"},{"Name":"\u827e\u5f08"},{"Name":"\u827e\u6770"},{"Name":"\u829d\u5170"},{"Name":"\u829d\u51e4"},{"Name":"\u829d\u8363"},{"Name":"\u82ac"},{"Name":"\u82b3"},{"Name":"\u82b8"},{"Name":"\u82b8\u658c"},{"Name":"\u82c7\u5a07"},{"Name":"\u82f1"},{"Name":"\u82f1\u5747"},{"Name":"\u82f9"},{"Name":"\u82f9\u5fb7"},{"Name":"\u82f9\u6587"},{"Name":"\u8302\u6e05"},{"Name":"\u8363\u5999"},{"Name":"\u8363\u65f6"},{"Name":"\u8363\u660e"},{"Name":"\u8363\u6653"},{"Name":"\u8363\u6d69"},{"Name":"\u8363\u743c"},{"Name":"\u8389"},{"Name":"\u8398\u51ef"},{"Name":"\u8398\u521a"},{"Name":"\u8398\u667a"},{"Name":"\u83b2\u7709"},{"Name":"\u83ca\u534e"},{"Name":"\u83ca\u6590"},{"Name":"\u83ca\u9999"},{"Name":"\u840d"},{"Name":"\u840d\u5a34"},{"Name":"\u84c9"},{"Name":"\u84dd\u82b8"},{"Name":"\u84dd\u83b9"},{"Name":"\u8679"},{"Name":"\u8679\u4e1c"},{"Name":"\u8679\u521a"},{"Name":"\u8679\u5b87"},{"Name":"\u8679\u5dde"},{"Name":"\u871c"},{"Name":"\u8776\u5983"},{"Name":"\u8776\u8fb0"},{"Name":"\u88d5"},{"Name":"\u8a00\u67d4"},{"Name":"\u8bed"},{"Name":"\u8d35"},{"Name":"\u8d3b\u840d"},{"Name":"\u8d85"},{"Name":"\u8d85\u7fa4"},{"Name":"\u8d8a"},{"Name":"\u8def\u5bb9"},{"Name":"\u8eab\u840d"},{"Name":"\u8f89\u743c"},{"Name":"\u8fbe\u4e61"},{"Name":"\u8fd0\u658c"},{"Name":"\u8fd0\u6885"},{"Name":"\u8fdb"},{"Name":"\u8fdb\u68c9"},{"Name":"\u8fdc"},{"Name":"\u8fdc\u5148"},{"Name":"\u8fea\u632f"},{"Name":"\u901a\u83ca"},{"Name":"\u9053\u6839"},{"Name":"\u9053\u76ca"},{"Name":"\u90a6\u83ca"},{"Name":"\u91cf"},{"Name":"\u91d1\u6728"},{"Name":"\u91d1\u7f8e"},{"Name":"\u91d1\u82b1"},{"Name":"\u946b\u5b9d"},{"Name":"\u94f6"},{"Name":"\u94f6\u5174"},{"Name":"\u9510"},{"Name":"\u9510\u8427"},{"Name":"\u9526\u5b81"},{"Name":"\u9526\u6c49"},{"Name":"\u9526\u8fdc"},{"Name":"\u9633"},{"Name":"\u96ea\u6885"},{"Name":"\u96ea\u6d9b"},{"Name":"\u96ea\u82f1"},{"Name":"\u96ea\u8587"},{"Name":"\u96ef\u5029"},{"Name":"\u971e"},{"Name":"\u9752"},{"Name":"\u9752\u84c9"},{"Name":"\u9753"},{"Name":"\u9756"},{"Name":"\u9759"},{"Name":"\u9759\u8587"},{"Name":"\u9759\u9999"},{"Name":"\u9769\u6c11"},{"Name":"\u987a\u534e"},{"Name":"\u9882\u658c"},{"Name":"\u9882\u8679"},{"Name":"\u98d8\u96e8"},{"Name":"\u9999\u592a"},{"Name":"\u9999\u67d4"},{"Name":"\u9e3f"},{"Name":"\u9e4f"},{"Name":"\u9e64"}]}