{"TResHeadAll":{"resHead":{"Count":"26 "}},"ResGMCmd":[{"ID":"1001 ","GMClass":"GM_NORMAL ","GMCondition":"GM_CON_ANY ","Desc":"\u589e\u52a0\u94bb\u77f3","CmdType":"GM__CMD_TYPE_DIAMOND ","Param":"0 0 0 ","GMExecuteType":"GM_ACTION ","GMCmdString":{}},{"ID":"1002 ","GMClass":"GM_NORMAL ","GMCondition":"GM_CON_BATTLE ","Desc":"\u83b7\u5f97\u6307\u5b9a\u9053\u5177","CmdType":"GM_CMD_TYPE_GET_ITEM ","Param":"0 0 0 ","GMExecuteType":"GM_ACTION ","GMCmdString":"get_item"},{"ID":"1003 ","GMClass":"GM_NORMAL ","GMCondition":"GM_CON_BATTLE ","Desc":"\u8bbe\u7f6e\u81ea\u5df1\u751f\u547d","CmdType":"GM_CMD_TYPE_ATTR ","Param":"0 1 0 ","GMExecuteType":"GM_ACTION ","GMCmdString":"set_attr"},{"ID":"1004 ","GMClass":"GM_NORMAL ","GMCondition":"GM_CON_BATTLE ","Desc":"\u8bbe\u7f6e\u57fa\u5730\u751f\u547d","CmdType":"GM_CMD_TYPE_ATTR ","Param":"1 1 0 ","GMExecuteType":"GM_ACTION ","GMCmdString":"set_attr"},{"ID":"1005 ","GMClass":"GM_NORMAL ","GMCondition":"GM_CON_BATTLE ","Desc":"\u8bbe\u7f6e\u53cb\u519b\u751f\u547d","CmdType":"GM_CMD_TYPE_ATTR ","Param":"2 1 0 ","GMExecuteType":"GM_ACTION ","GMCmdString":"set_attr"},{"ID":"1006 ","GMClass":"GM_NORMAL ","GMCondition":"GM_CON_BATTLE ","Desc":"\u8bbe\u7f6e\u654c\u519b\u751f\u547d","CmdType":"GM_CMD_TYPE_ATTR ","Param":"3 1 0 ","GMExecuteType":"GM_ACTION ","GMCmdString":"set_attr"},{"ID":"1007 ","GMClass":"GM_NORMAL ","GMCondition":"GM_CON_BATTLE ","Desc":"\u8bbe\u7f6e\u81ea\u5df1\u901f\u5ea6","CmdType":"GM_CMD_TYPE_ATTR ","Param":"0 3 0 ","GMExecuteType":"GM_ACTION ","GMCmdString":"set_attr"},{"ID":"1008 ","GMClass":"GM_NORMAL ","GMCondition":"GM_CON_BATTLE ","Desc":"\u8bbe\u7f6e\u53cb\u519b\u901f\u5ea6","CmdType":"GM_CMD_TYPE_ATTR ","Param":"2 3 0 ","GMExecuteType":"GM_ACTION ","GMCmdString":"set_attr"},{"ID":"1009 ","GMClass":"GM_NORMAL ","GMCondition":"GM_CON_BATTLE ","Desc":"\u8bbe\u7f6e\u654c\u519b\u901f\u5ea6","CmdType":"GM_CMD_TYPE_ATTR ","Param":"3 3 0 ","GMExecuteType":"GM_ACTION ","GMCmdString":"set_attr"},{"ID":"1010 ","GMClass":"GM_NORMAL ","GMCondition":"GM_CON_BATTLE ","Desc":"\u8bbe\u7f6e\u7784\u51c6\u89d2\u5ea6","CmdType":"GM_CMD_TYPE_ATTR ","Param":"0 0 0 ","GMExecuteType":"GM_ACTION ","GMCmdString":"set_attr"},{"ID":"1011 ","GMClass":"GM_NORMAL ","GMCondition":"GM_CON_BATTLE ","Desc":"\u5237\u9053\u5177","CmdType":"GM_CMD_TYPE_CREATE_ITEM ","Param":"0 0 0 ","GMExecuteType":"GM_ACTION ","GMCmdString":{}},{"ID":"1012 ","GMClass":"GM_NORMAL ","GMCondition":"GM_CON_OUT_ROOM ","Desc":"\u4fee\u6539\u80dc\u573a","CmdType":"GM_CMD_TYPE_M_WINCOUNT ","Param":"0 0 0 ","GMExecuteType":"GM_ACTION ","GMCmdString":"set_win_cnt"},{"ID":"1013 ","GMClass":"GM_NORMAL ","GMCondition":"GM_CON_OUT_ROOM ","Desc":"\u4fee\u6539\u51fb\u6740","CmdType":"GM_CMD_TYPE_M_KILLCOUNT ","Param":"0 0 0 ","GMExecuteType":"GM_ACTION ","GMCmdString":"set_kill_cnt"},{"ID":"1014 ","GMClass":"GM_NORMAL ","GMCondition":"GM_CON_OUT_ROOM ","Desc":"\u4fee\u6539\u6253\u7816\u5757\u6570","CmdType":"GM_CMD_TYPE_M_BLOCKCOUNT ","Param":"0 0 0 ","GMExecuteType":"GM_ACTION ","GMCmdString":"set_brick_cnt"},{"ID":"1015 ","GMClass":"GM_NORMAL ","GMCondition":"GM_CON_OUT_ROOM ","Desc":"\u5f00\u542f\u65b0\u624b\u5f15\u5bfc","CmdType":"GM_CMD_TYPE_OPEN_GUIDE ","Param":"0 0 0 ","GMExecuteType":"GM_ACTION ","GMCmdString":{}},{"ID":"2001 ","GMClass":"GM_ADVANCE ","GMCondition":"GM_CON_OUT_ROOM ","Desc":"\u9009\u670d\u52a1\u5668","CmdType":"GM_CMD_TYPE_SELECT_SERVER ","Param":"0 0 0 ","GMExecuteType":"GM_ACTION ","GMCmdString":{}},{"ID":"2002 ","GMClass":"GM_ADVANCE ","GMCondition":"GM_CON_OUT_ROOM ","Desc":"\u9009\u5730\u56fe","CmdType":"GM_CMD_TYPE_SELECT_MAP ","Param":"0 0 0 ","GMExecuteType":"GM_ACTION ","GMCmdString":{}},{"ID":"2003 ","GMClass":"GM_ADVANCE ","GMCondition":"GM_CON_OUT_ROOM ","Desc":"\u9009\u5766\u514b","CmdType":"GM_CMD_TYPE_SELECT_TANK ","Param":"0 0 0 ","GMExecuteType":"GM_ACTION ","GMCmdString":{}},{"ID":"2004 ","GMClass":"GM_ADVANCE ","GMCondition":"GM_CON_BATTLE ","Desc":"\u81ea\u5df1\u589e\u52a0BUFF","CmdType":"GM_CMD_TYPE_ADD_BUFF ","Param":"0 0 0 ","GMExecuteType":"GM_ACTION ","GMCmdString":"add_buff"},{"ID":"2005 ","GMClass":"GM_ADVANCE ","GMCondition":"GM_CON_BATTLE ","Desc":"\u53cb\u519b\u589e\u52a0BUFF","CmdType":"GM_CMD_TYPE_ADD_BUFF ","Param":"2 0 0 ","GMExecuteType":"GM_ACTION ","GMCmdString":"add_buff"},{"ID":"2006 ","GMClass":"GM_ADVANCE ","GMCondition":"GM_CON_BATTLE ","Desc":"\u654c\u519b\u589e\u52a0BUFF","CmdType":"GM_CMD_TYPE_ADD_BUFF ","Param":"3 0 0 ","GMExecuteType":"GM_ACTION ","GMCmdString":"add_buff"},{"ID":"2007 ","GMClass":"GM_ADVANCE ","GMCondition":"GM_CON_BATTLE ","Desc":"\u81ea\u5df1\u79fb\u9664BUFF","CmdType":"GM_CMD_TYPE_DEL_BUFF ","Param":"0 0 0 ","GMExecuteType":"GM_ACTION ","GMCmdString":"del_buff"},{"ID":"2008 ","GMClass":"GM_ADVANCE ","GMCondition":"GM_CON_BATTLE ","Desc":"\u53cb\u519b\u79fb\u9664BUFF","CmdType":"GM_CMD_TYPE_DEL_BUFF ","Param":"2 0 0 ","GMExecuteType":"GM_ACTION ","GMCmdString":"del_buff"},{"ID":"2009 ","GMClass":"GM_ADVANCE ","GMCondition":"GM_CON_BATTLE ","Desc":"\u654c\u519b\u79fb\u9664BUFF","CmdType":"GM_CMD_TYPE_DEL_BUFF ","Param":"3 0 0 ","GMExecuteType":"GM_ACTION ","GMCmdString":"del_buff"},{"ID":"2010 ","GMClass":"GM_ADVANCE ","GMCondition":"GM_CON_OUT_ROOM ","Desc":"\u5f00\u542f\u6307\u5b9a\u6d3b\u52a8","CmdType":"GM_CMD_TYPE_OPEN_ACTIVITY ","Param":"0 0 0 ","GMExecuteType":"GM_ACTION ","GMCmdString":{}},{"ID":"2011 ","GMClass":"GM_ADVANCE ","GMCondition":"GM_CON_BATTLE ","Desc":"\u83b7\u5f97\u6307\u5b9a\u5b50\u5f39","CmdType":"GM_CMD_TYPE_SET_BULLET ","Param":"0 0 0 ","GMExecuteType":"GM_ACTION ","GMCmdString":{}}]}