{"TResHeadAll":{"resHead":{"Count":"20 "}},"ResChest":[{"ID":"1501 ","HP":"100 ","Resource":"xiangzi","ChestItems":[{"ItemID":"1301 ","Weight":"40 "},{"ItemID":"1309 ","Weight":"10 "},{"ItemID":"1306 ","Weight":"1 "},{"ItemID":"0 ","Weight":"0 "},{"ItemID":"0 ","Weight":"0 "},{"ItemID":"0 ","Weight":"0 "}]},{"ID":"1502 ","HP":"100 ","Resource":"xiangzi_shengji","ChestItems":[{"ItemID":"1307 ","Weight":"1 "},{"ItemID":"0 ","Weight":"0 "},{"ItemID":"0 ","Weight":"0 "},{"ItemID":"0 ","Weight":"0 "},{"ItemID":"0 ","Weight":"0 "},{"ItemID":"0 ","Weight":"0 "}]},{"ID":"1503 ","HP":"100 ","Resource":"xiangzi","ChestItems":[{"ItemID":"1309 ","Weight":"1 "},{"ItemID":"0 ","Weight":"0 "},{"ItemID":"0 ","Weight":"0 "},{"ItemID":"0 ","Weight":"0 "},{"ItemID":"0 ","Weight":"0 "},{"ItemID":"0 ","Weight":"0 "}]},{"ID":"1504 ","HP":"100 ","Resource":"xiangzi","ChestItems":[{"ItemID":"1304 ","Weight":"1 "},{"ItemID":"0 ","Weight":"0 "},{"ItemID":"0 ","Weight":"0 "},{"ItemID":"0 ","Weight":"0 "},{"ItemID":"0 ","Weight":"0 "},{"ItemID":"0 ","Weight":"0 "}]},{"ID":"1505 ","HP":"100 ","Resource":"xiangzi","ChestItems":[{"ItemID":"1301 ","Weight":"1 "},{"ItemID":"0 ","Weight":"0 "},{"ItemID":"0 ","Weight":"0 "},{"ItemID":"0 ","Weight":"0 "},{"ItemID":"0 ","Weight":"0 "},{"ItemID":"0 ","Weight":"0 "}]},{"ID":"1506 ","HP":"100 ","Resource":"xiangzi","ChestItems":[{"ItemID":"1301 ","Weight":"1 "},{"ItemID":"1309 ","Weight":"1 "},{"ItemID":"0 ","Weight":"0 "},{"ItemID":"0 ","Weight":"0 "},{"ItemID":"0 ","Weight":"0 "},{"ItemID":"0 ","Weight":"0 "}]},{"ID":"1507 ","HP":"100 ","Resource":"xiangzi","ChestItems":[{"ItemID":"1309 ","Weight":"99 "},{"ItemID":"1306 ","Weight":"1 "},{"ItemID":"0 ","Weight":"0 "},{"ItemID":"0 ","Weight":"0 "},{"ItemID":"0 ","Weight":"0 "},{"ItemID":"0 ","Weight":"0 "}]},{"ID":"1508 ","HP":"100 ","Resource":"xiangzi","ChestItems":[{"ItemID":"1308 ","Weight":"1 "},{"ItemID":"0 ","Weight":"0 "},{"ItemID":"0 ","Weight":"0 "},{"ItemID":"0 ","Weight":"0 "},{"ItemID":"0 ","Weight":"0 "},{"ItemID":"0 ","Weight":"0 "}]},{"ID":"1521 ","HP":"50 ","Resource":"xiangzi","ChestItems":[{"ItemID":"1304 ","Weight":"1 "},{"ItemID":"0 ","Weight":"0 "},{"ItemID":"0 ","Weight":"0 "},{"ItemID":"0 ","Weight":"0 "},{"ItemID":"0 ","Weight":"0 "},{"ItemID":"0 ","Weight":"0 "}]},{"ID":"1522 ","HP":"50 ","Resource":"xiangzi_shengji","ChestItems":[{"ItemID":"1307 ","Weight":"1 "},{"ItemID":"0 ","Weight":"0 "},{"ItemID":"0 ","Weight":"0 "},{"ItemID":"0 ","Weight":"0 "},{"ItemID":"0 ","Weight":"0 "},{"ItemID":"0 ","Weight":"0 "}]},{"ID":"1523 ","HP":"50 ","Resource":"xiangzi","ChestItems":[{"ItemID":"0 ","Weight":"0 "},{"ItemID":"0 ","Weight":"0 "},{"ItemID":"0 ","Weight":"0 "},{"ItemID":"0 ","Weight":"0 "},{"ItemID":"0 ","Weight":"0 "},{"ItemID":"0 ","Weight":"0 "}]},{"ID":"1901 ","HP":"25 ","Resource":"xiangzi","ChestItems":[{"ItemID":"1309 ","Weight":"49 "},{"ItemID":"1306 ","Weight":"1 "},{"ItemID":"0 ","Weight":"0 "},{"ItemID":"0 ","Weight":"0 "},{"ItemID":"0 ","Weight":"0 "},{"ItemID":"0 ","Weight":"0 "}]},{"ID":"1902 ","HP":"25 ","Resource":"xiangzi","ChestItems":[{"ItemID":"1304 ","Weight":"1 "},{"ItemID":"0 ","Weight":"0 "},{"ItemID":"0 ","Weight":"0 "},{"ItemID":"0 ","Weight":"0 "},{"ItemID":"0 ","Weight":"0 "},{"ItemID":"0 ","Weight":"0 "}]},{"ID":"1903 ","HP":"25 ","Resource":"xiangzi","ChestItems":[{"ItemID":"1309 ","Weight":"99 "},{"ItemID":"1306 ","Weight":"1 "},{"ItemID":"0 ","Weight":"0 "},{"ItemID":"0 ","Weight":"0 "},{"ItemID":"0 ","Weight":"0 "},{"ItemID":"0 ","Weight":"0 "}]},{"ID":"2001 ","HP":"25 ","Resource":"xiangzi","ChestItems":[{"ItemID":"1301 ","Weight":"1 "},{"ItemID":"1309 ","Weight":"1 "},{"ItemID":"0 ","Weight":"0 "},{"ItemID":"0 ","Weight":"0 "},{"ItemID":"0 ","Weight":"0 "},{"ItemID":"0 ","Weight":"0 "}]},{"ID":"2002 ","HP":"25 ","Resource":"xiangzi","ChestItems":[{"ItemID":"1304 ","Weight":"8 "},{"ItemID":"1303 ","Weight":"8 "},{"ItemID":"1307 ","Weight":"4 "},{"ItemID":"0 ","Weight":"0 "},{"ItemID":"0 ","Weight":"0 "},{"ItemID":"0 ","Weight":"0 "}]},{"ID":"2003 ","HP":"25 ","Resource":"xiangzi_shengji","ChestItems":[{"ItemID":"1307 ","Weight":"1 "},{"ItemID":"0 ","Weight":"0 "},{"ItemID":"0 ","Weight":"0 "},{"ItemID":"0 ","Weight":"0 "},{"ItemID":"0 ","Weight":"0 "},{"ItemID":"0 ","Weight":"0 "}]},{"ID":"2004 ","HP":"25 ","Resource":"xiangzi","ChestItems":[{"ItemID":"0 ","Weight":"0 "},{"ItemID":"0 ","Weight":"0 "},{"ItemID":"0 ","Weight":"0 "},{"ItemID":"0 ","Weight":"0 "},{"ItemID":"0 ","Weight":"0 "},{"ItemID":"0 ","Weight":"0 "}]},{"ID":"2005 ","HP":"100 ","Resource":"xiangzi","ChestItems":[{"ItemID":"1301 ","Weight":"1 "},{"ItemID":"1309 ","Weight":"1 "},{"ItemID":"0 ","Weight":"0 "},{"ItemID":"0 ","Weight":"0 "},{"ItemID":"0 ","Weight":"0 "},{"ItemID":"0 ","Weight":"0 "}]},{"ID":"2006 ","HP":"100 ","Resource":"xiangzi","ChestItems":[{"ItemID":"1312 ","Weight":"5 "},{"ItemID":"1303 ","Weight":"5 "},{"ItemID":"1308 ","Weight":"5 "},{"ItemID":"1307 ","Weight":"2 "},{"ItemID":"0 ","Weight":"0 "},{"ItemID":"0 ","Weight":"0 "}]}]}