{"TResHeadAll":{"resHead":{"Count":"12 "}},"ResItem":[{"ID":"1301 ","Resource":".\/Prefabs\/Item\/PowerbuffPrefab","Type":"1 ","Param":"20002 -1 0 0 0 ","BuffId":"2 "},{"ID":"1302 ","Resource":".\/Prefabs\/Item\/chanzi","Type":"2 ","Param":"0 0 0 0 0 ","BuffId":"4 "},{"ID":"1303 ","Resource":".\/Prefabs\/Item\/jiasu2","Type":"3 ","Param":"0 0 0 0 0 ","BuffId":"11 "},{"ID":"1304 ","Resource":".\/Prefabs\/Item\/jiaxue","Type":"4 ","Param":"0 0 0 0 0 ","BuffId":"17 "},{"ID":"1305 ","Resource":".\/Prefabs\/Item\/jiasu_H","Type":"5 ","Param":"0 0 0 0 0 ","BuffId":"18 "},{"ID":"1306 ","Resource":".\/Prefabs\/Item\/huixue","Type":"6 ","Param":"0 0 0 0 0 ","BuffId":"19 "},{"ID":"1307 ","Resource":".\/Prefabs\/Item\/tuji","Type":"6 ","Param":"0 0 0 0 0 ","BuffId":"20 "},{"ID":"1308 ","Resource":".\/Prefabs\/Item\/cisha","Type":"6 ","Param":"0 0 0 0 0 ","BuffId":"21 "},{"ID":"1309 ","Resource":".\/Prefabs\/Item\/kuangbao","Type":"6 ","Param":"0 0 0 0 0 ","BuffId":"22 "},{"ID":"1310 ","Resource":".\/Prefabs\/Item\/tuji","Type":"6 ","Param":"0 0 0 0 0 ","BuffId":"24 "},{"ID":"1311 ","Resource":".\/Prefabs\/Item\/tuji","Type":"6 ","Param":"0 0 0 0 0 ","BuffId":"26 "},{"ID":"1312 ","Resource":".\/Prefabs\/Item\/jiaxue","Type":"4 ","Param":"0 0 0 0 0 ","BuffId":"27 "}]}