{"TResHeadAll":{"resHead":{"Count":"12 "}},"ResBullet":[{"ID":"20001 ","Atk":"25 ","Speed":"600 ","Dist":"350 ","BoxX":"40 ","BoxY":"30 ","HurtRange":"70 ","Type":"1 ","Pic":".\/Prefabs\/Bullet\/Bullet1_H","BoxPic":{},"Column":"0 ","Angle":"0 ","BlueFort":"Tank_G","BlueChassis":{},"BlueCannon":{},"RedFort":"Tank_R","RedChassis":{},"RedCannon":{},"ShiftingX":"0 ","ShiftingY":"0 ","IsRebound":"0 ","ReboundCnt":"0 ","ReboundType":"0 "},{"ID":"20002 ","Atk":"50 ","Speed":"750 ","Dist":"350 ","BoxX":"40 ","BoxY":"30 ","HurtRange":"90 ","Type":"2 ","Pic":".\/Prefabs\/Bullet\/BulletThrough_H","BoxPic":{},"Column":"0 ","Angle":"0 ","BlueFort":"Tank_G2","BlueChassis":{},"BlueCannon":{},"RedFort":"Tank_R2","RedChassis":{},"RedCannon":{},"ShiftingX":"0 ","ShiftingY":"0 ","IsRebound":"0 ","ReboundCnt":"0 ","ReboundType":"0 "},{"ID":"20003 ","Atk":"50 ","Speed":"750 ","Dist":"350 ","BoxX":"40 ","BoxY":"30 ","HurtRange":"90 ","Type":"1 ","Pic":".\/Prefabs\/Bullet\/Bulletqianghua_H","BoxPic":{},"Column":"0 ","Angle":"0 ","BlueFort":"Tank_G2","BlueChassis":{},"BlueCannon":{},"RedFort":"Tank_R2","RedChassis":{},"RedCannon":{},"ShiftingX":"0 ","ShiftingY":"0 ","IsRebound":"0 ","ReboundCnt":"0 ","ReboundType":"0 "},{"ID":"20004 ","Atk":"25 ","Speed":"450 ","Dist":"225 ","BoxX":"40 ","BoxY":"30 ","HurtRange":"50 ","Type":"3 ","Pic":".\/Prefabs\/Bullet\/Bulletjiaxue_H","BoxPic":{},"Column":"3 ","Angle":"35 ","BlueFort":"Tank_G1","BlueChassis":{},"BlueCannon":{},"RedFort":"Tank_R1","RedChassis":{},"RedCannon":{},"ShiftingX":"0 ","ShiftingY":"0 ","IsRebound":"0 ","ReboundCnt":"0 ","ReboundType":"0 "},{"ID":"20005 ","Atk":"25 ","Speed":"600 ","Dist":"350 ","BoxX":"40 ","BoxY":"30 ","HurtRange":"70 ","Type":"1 ","Pic":".\/Prefabs\/Bullet\/Bullet1_H","BoxPic":{},"Column":"3 ","Angle":"15 ","BlueFort":"Tank_G3","BlueChassis":{},"BlueCannon":{},"RedFort":"Tank_R3","RedChassis":{},"RedCannon":{},"ShiftingX":"0 ","ShiftingY":"0 ","IsRebound":"0 ","ReboundCnt":"0 ","ReboundType":"0 "},{"ID":"20006 ","Atk":"25 ","Speed":"1200 ","Dist":"225 ","BoxX":"40 ","BoxY":"30 ","HurtRange":"70 ","Type":"1 ","Pic":".\/Prefabs\/Bullet\/Bullet1_H","BoxPic":{},"Column":"3 ","Angle":"20 ","BlueFort":"Tank_G3","BlueChassis":{},"BlueCannon":{},"RedFort":"Tank_R3","RedChassis":{},"RedCannon":{},"ShiftingX":"0 ","ShiftingY":"0 ","IsRebound":"0 ","ReboundCnt":"0 ","ReboundType":"0 "},{"ID":"20007 ","Atk":"50 ","Speed":"1200 ","Dist":"350 ","BoxX":"40 ","BoxY":"30 ","HurtRange":"70 ","Type":"3 ","Pic":".\/Prefabs\/Bullet\/Bulletjiaxue_H","BoxPic":{},"Column":"18 ","Angle":"20 ","BlueFort":"Tank_G","BlueChassis":{},"BlueCannon":{},"RedFort":"Tank_R","RedChassis":{},"RedCannon":{},"ShiftingX":"0 ","ShiftingY":"-32 ","IsRebound":"0 ","ReboundCnt":"0 ","ReboundType":"0 "},{"ID":"20008 ","Atk":"150 ","Speed":"450 ","Dist":"600 ","BoxX":"40 ","BoxY":"30 ","HurtRange":"70 ","Type":"1 ","Pic":".\/Prefabs\/Bullet\/Bullet1_H","BoxPic":{},"Column":"0 ","Angle":"0 ","BlueFort":"Tank_G","BlueChassis":{},"BlueCannon":{},"RedFort":"Tank_R","RedChassis":{},"RedCannon":{},"ShiftingX":"0 ","ShiftingY":"0 ","IsRebound":"0 ","ReboundCnt":"0 ","ReboundType":"0 "},{"ID":"20009 ","Atk":"25 ","Speed":"550 ","Dist":"450 ","BoxX":"40 ","BoxY":"30 ","HurtRange":"70 ","Type":"1 ","Pic":".\/Prefabs\/Bullet\/Bullet1_H","BoxPic":{},"Column":"4 ","Angle":"90 ","BlueFort":"Tank_G3","BlueChassis":{},"BlueCannon":{},"RedFort":"Tank_R3","RedChassis":{},"RedCannon":{},"ShiftingX":"0 ","ShiftingY":"-32 ","IsRebound":"0 ","ReboundCnt":"0 ","ReboundType":"0 "},{"ID":"20010 ","Atk":"25 ","Speed":"300 ","Dist":"625 ","BoxX":"40 ","BoxY":"30 ","HurtRange":"70 ","Type":"1 ","Pic":".\/Prefabs\/Bullet\/Bulletfantan","BoxPic":{},"Column":"3 ","Angle":"35 ","BlueFort":"Tank_G3","BlueChassis":{},"BlueCannon":{},"RedFort":"Tank_R3","RedChassis":{},"RedCannon":{},"ShiftingX":"0 ","ShiftingY":"0 ","IsRebound":"1 ","ReboundCnt":"5 ","ReboundType":"1048592 "},{"ID":"20011 ","Atk":"50 ","Speed":"1200 ","Dist":"350 ","BoxX":"40 ","BoxY":"30 ","HurtRange":"70 ","Type":"3 ","Pic":".\/Prefabs\/Bullet\/Bulletjiaxue_H","BoxPic":{},"Column":"10 ","Angle":"36 ","BlueFort":"Tank_G","BlueChassis":{},"BlueCannon":{},"RedFort":"Tank_R","RedChassis":{},"RedCannon":{},"ShiftingX":"0 ","ShiftingY":"-32 ","IsRebound":"0 ","ReboundCnt":"0 ","ReboundType":"0 "},{"ID":"20012 ","Atk":"75 ","Speed":"1200 ","Dist":"500 ","BoxX":"40 ","BoxY":"30 ","HurtRange":"70 ","Type":"1 ","Pic":".\/Prefabs\/Bullet\/Bullet1_H","BoxPic":{},"Column":"0 ","Angle":"0 ","BlueFort":"Tank_G2","BlueChassis":{},"BlueCannon":{},"RedFort":"Tank_R2","RedChassis":{},"RedCannon":{},"ShiftingX":"0 ","ShiftingY":"0 ","IsRebound":"0 ","ReboundCnt":"0 ","ReboundType":"0 "}]}