{"TResHeadAll":{"resHead":{"Count":"12 "}},"ResMapDesc":[{"ID":"1 ","Width":"13 ","Height":"19 ","Border":"701 ","Ground":"201 ","ResTankID":"10001 "},{"ID":"11 ","Width":"7 ","Height":"17 ","Border":"701 ","Ground":"201 ","ResTankID":"10001 "},{"ID":"1001 ","Width":"13 ","Height":"17 ","Border":"701 ","Ground":"201 ","ResTankID":"10001 "},{"ID":"1002 ","Width":"13 ","Height":"17 ","Border":"701 ","Ground":"201 ","ResTankID":"10001 "},{"ID":"1003 ","Width":"13 ","Height":"17 ","Border":"701 ","Ground":"201 ","ResTankID":"10001 "},{"ID":"1004 ","Width":"13 ","Height":"17 ","Border":"701 ","Ground":"201 ","ResTankID":"10001 "},{"ID":"1005 ","Width":"13 ","Height":"17 ","Border":"701 ","Ground":"201 ","ResTankID":"10001 "},{"ID":"1051 ","Width":"13 ","Height":"17 ","Border":"701 ","Ground":"201 ","ResTankID":"10004 "},{"ID":"1052 ","Width":"13 ","Height":"13 ","Border":"701 ","Ground":"201 ","ResTankID":"10001 "},{"ID":"1053 ","Width":"13 ","Height":"13 ","Border":"701 ","Ground":"201 ","ResTankID":"10001 "},{"ID":"1054 ","Width":"13 ","Height":"17 ","Border":"701 ","Ground":"201 ","ResTankID":"10001 "},{"ID":"2001 ","Width":"13 ","Height":"13 ","Border":"701 ","Ground":"201 ","ResTankID":"10006 "}]}