{"TResHeadAll":{"resHead":{"Count":"63 "}},"ResGuide":[{"ID":"1 ","Type":"12 ","Param":"0 0 0 0 0 ","Text":{},"Time":"0 ","NextID":"2 "},{"ID":"2 ","Type":"4 ","Param":"0 0 0 0 0 ","Text":{},"Time":"5000 ","NextID":"3 "},{"ID":"3 ","Type":"11 ","Param":"1 1 3 0 0 ","Text":{},"Time":"0 ","NextID":"4 "},{"ID":"4 ","Type":"10 ","Param":"1 2 100 150 0 ","Text":{},"Time":"0 ","NextID":"5 "},{"ID":"5 ","Type":"13 ","Param":"1 1 3 60 0 ","Text":{},"Time":"0 ","NextID":"6 "},{"ID":"6 ","Type":"1 ","Param":"1 3 0 0 0 ","Text":"\u8bf7\u79fb\u52a8\u5230\u6307\u5b9a\u4f4d\u7f6e\u3002","Time":"600000 ","NextID":"7 "},{"ID":"7 ","Type":"10 ","Param":"0 2 100 150 0 ","Text":{},"Time":"0 ","NextID":"8 "},{"ID":"8 ","Type":"11 ","Param":"0 1 3 0 0 ","Text":{},"Time":"0 ","NextID":"9 "},{"ID":"9 ","Type":"13 ","Param":"0 1 3 60 0 ","Text":{},"Time":"0 ","NextID":"10 "},{"ID":"10 ","Type":"12 ","Param":"1 0 0 0 0 ","Text":{},"Time":"0 ","NextID":"11 "},{"ID":"11 ","Type":"11 ","Param":"1 3 5 0 0 ","Text":{},"Time":"0 ","NextID":"12 "},{"ID":"12 ","Type":"13 ","Param":"1 3 5 60 0 ","Text":{},"Time":"0 ","NextID":"13 "},{"ID":"13 ","Type":"10 ","Param":"1 1 100 150 0 ","Text":{},"Time":"0 ","NextID":"14 "},{"ID":"14 ","Type":"3 ","Param":"3 5 0 0 0 ","Text":"\u5c04\u51fb\u9500\u6bc1\u8fd9\u4e2a\u7816\u5757\uff01","Time":"600000 ","NextID":"15 "},{"ID":"15 ","Type":"11 ","Param":"0 3 5 0 0 ","Text":{},"Time":"0 ","NextID":"16 "},{"ID":"16 ","Type":"13 ","Param":"0 3 5 60 0 ","Text":{},"Time":"0 ","NextID":"17 "},{"ID":"17 ","Type":"10 ","Param":"0 1 100 150 0 ","Text":{},"Time":"0 ","NextID":"18 "},{"ID":"18 ","Type":"5 ","Param":"4 5 1301 0 0 ","Text":{},"Time":"0 ","NextID":"19 "},{"ID":"19 ","Type":"11 ","Param":"1 4 5 0 0 ","Text":{},"Time":"0 ","NextID":"20 "},{"ID":"20 ","Type":"13 ","Param":"1 4 5 60 0 ","Text":{},"Time":"0 ","NextID":"21 "},{"ID":"21 ","Type":"6 ","Param":"4 5 1301 0 0 ","Text":"\u8bf7\u62fe\u53d6\u9053\u5177\u3002","Time":"600000 ","NextID":"22 "},{"ID":"22 ","Type":"11 ","Param":"0 4 5 0 0 ","Text":{},"Time":"0 ","NextID":"23 "},{"ID":"23 ","Type":"13 ","Param":"0 4 5 60 0 ","Text":{},"Time":"0 ","NextID":"24 "},{"ID":"24 ","Type":"11 ","Param":"1 4 6 0 0 ","Text":{},"Time":"0 ","NextID":"25 "},{"ID":"25 ","Type":"13 ","Param":"1 4 6 60 0 ","Text":{},"Time":"0 ","NextID":"26 "},{"ID":"26 ","Type":"10 ","Param":"1 1 100 150 0 ","Text":{},"Time":"0 ","NextID":"27 "},{"ID":"27 ","Type":"3 ","Param":"4 6 0 0 0 ","Text":"\u73b0\u5728\u53ef\u4ee5\u9500\u6bc1\u94c1\u7816\u5566\uff01","Time":"600000 ","NextID":"28 "},{"ID":"28 ","Type":"11 ","Param":"0 4 6 0 0 ","Text":{},"Time":"0 ","NextID":"29 "},{"ID":"29 ","Type":"13 ","Param":"0 4 6 60 0 ","Text":{},"Time":"0 ","NextID":"30 "},{"ID":"30 ","Type":"10 ","Param":"0 1 100 150 0 ","Text":{},"Time":"0 ","NextID":"31 "},{"ID":"31 ","Type":"11 ","Param":"1 4 8 0 0 ","Text":{},"Time":"0 ","NextID":"32 "},{"ID":"32 ","Type":"13 ","Param":"1 4 8 60 0 ","Text":{},"Time":"0 ","NextID":"33 "},{"ID":"33 ","Type":"1 ","Param":"4 8 0 0 0 ","Text":"\u8bf7\u79fb\u52a8\u5230\u6307\u5b9a\u4f4d\u7f6e\u3002","Time":"600000 ","NextID":"34 "},{"ID":"34 ","Type":"11 ","Param":"0 4 8 0 0 ","Text":{},"Time":"0 ","NextID":"35 "},{"ID":"35 ","Type":"13 ","Param":"0 4 8 60 0 ","Text":{},"Time":"0 ","NextID":"36 "},{"ID":"36 ","Type":"11 ","Param":"1 4 10 0 0 ","Text":{},"Time":"0 ","NextID":"37 "},{"ID":"37 ","Type":"13 ","Param":"1 4 10 60 0 ","Text":{},"Time":"0 ","NextID":"38 "},{"ID":"38 ","Type":"7 ","Param":"4 10 2 2 0 ","Text":{},"Time":"0 ","NextID":"39 "},{"ID":"39 ","Type":"4 ","Param":"0 0 0 0 0 ","Text":{},"Time":"300 ","NextID":"40 "},{"ID":"40 ","Type":"8 ","Param":"0 0 0 0 0 ","Text":{},"Time":"0 ","NextID":"41 "},{"ID":"41 ","Type":"4 ","Param":"0 0 0 0 0 ","Text":{},"Time":"300 ","NextID":"42 "},{"ID":"42 ","Type":"8 ","Param":"0 0 0 0 0 ","Text":{},"Time":"0 ","NextID":"43 "},{"ID":"43 ","Type":"4 ","Param":"0 0 0 0 0 ","Text":{},"Time":"300 ","NextID":"44 "},{"ID":"44 ","Type":"8 ","Param":"0 0 0 0 0 ","Text":{},"Time":"0 ","NextID":"45 "},{"ID":"45 ","Type":"10 ","Param":"1 1 100 150 0 ","Text":{},"Time":"0 ","NextID":"46 "},{"ID":"46 ","Type":"9 ","Param":"4 10 2 0 0 ","Text":"\u53cd\u51fb\uff01\u6253\u7206\u4ed6\uff01","Time":"600000 ","NextID":"47 "},{"ID":"47 ","Type":"11 ","Param":"0 4 10 0 0 ","Text":{},"Time":"0 ","NextID":"48 "},{"ID":"48 ","Type":"13 ","Param":"0 4 10 60 0 ","Text":{},"Time":"0 ","NextID":"49 "},{"ID":"49 ","Type":"10 ","Param":"0 1 100 150 0 ","Text":{},"Time":"0 ","NextID":"50 "},{"ID":"50 ","Type":"5 ","Param":"2 13 1304 0 0 ","Text":{},"Time":"0 ","NextID":"51 "},{"ID":"51 ","Type":"5 ","Param":"3 12 1304 0 0 ","Text":{},"Time":"0 ","NextID":"52 "},{"ID":"52 ","Type":"5 ","Param":"4 11 1304 0 0 ","Text":{},"Time":"0 ","NextID":"53 "},{"ID":"53 ","Type":"5 ","Param":"5 12 1304 0 0 ","Text":{},"Time":"0 ","NextID":"54 "},{"ID":"54 ","Type":"5 ","Param":"6 13 1304 0 0 ","Text":{},"Time":"0 ","NextID":"55 "},{"ID":"55 ","Type":"11 ","Param":"1 4 16 0 0 ","Text":{},"Time":"0 ","NextID":"56 "},{"ID":"56 ","Type":"13 ","Param":"1 4 16 60 0 ","Text":{},"Time":"0 ","NextID":"57 "},{"ID":"57 ","Type":"10 ","Param":"1 1 100 150 0 ","Text":{},"Time":"0 ","NextID":"58 "},{"ID":"58 ","Type":"3 ","Param":"4 16 0 0 0 ","Text":"\u6467\u6bc1\u654c\u65b9\u57fa\u5730\u4ece\u800c\u83b7\u80dc\uff01","Time":"600000 ","NextID":"59 "},{"ID":"59 ","Type":"11 ","Param":"0 4 16 0 0 ","Text":{},"Time":"0 ","NextID":"60 "},{"ID":"60 ","Type":"13 ","Param":"0 4 16 60 0 ","Text":{},"Time":"0 ","NextID":"61 "},{"ID":"61 ","Type":"10 ","Param":"0 1 100 150 0 ","Text":{},"Time":"0 ","NextID":"62 "},{"ID":"62 ","Type":"4 ","Param":"0 0 0 0 0 ","Text":"\u5f15\u5bfc\u5b8c\u6210\uff0c\u8fd4\u56de\u4e3b\u754c\u9762","Time":"3000 ","NextID":"63 "},{"ID":"63 ","Type":"2 ","Param":"0 0 0 0 0 ","Text":{},"Time":"0 ","NextID":"0 "}]}