{"TResHeadAll":{"resHead":{"Count":"6 "}},"ResTank":[{"ID":"10001 ","HP":"150 ","CD":"100 ","ButtleNum":"4 ","ButtleInt":"900 ","MoveSpeed":"220 ","ButtleID":"20001 ","StartSpeed":"20 ","StartSpeedTime":"300 ","MidSpeed":"21 ","MidSpeedTime":"50 "},{"ID":"10002 ","HP":"75 ","CD":"800 ","ButtleNum":"4 ","ButtleInt":"1500 ","MoveSpeed":"200 ","ButtleID":"20001 ","StartSpeed":"10 ","StartSpeedTime":"300 ","MidSpeed":"10 ","MidSpeedTime":"50 "},{"ID":"10003 ","HP":"150 ","CD":"300 ","ButtleNum":"3 ","ButtleInt":"800 ","MoveSpeed":"220 ","ButtleID":"20009 ","StartSpeed":"10 ","StartSpeedTime":"300 ","MidSpeed":"10 ","MidSpeedTime":"350 "},{"ID":"10004 ","HP":"150 ","CD":"100 ","ButtleNum":"1 ","ButtleInt":"1300 ","MoveSpeed":"220 ","ButtleID":"20008 ","StartSpeed":"10 ","StartSpeedTime":"300 ","MidSpeed":"10 ","MidSpeedTime":"350 "},{"ID":"10005 ","HP":"150 ","CD":"1000 ","ButtleNum":"4 ","ButtleInt":"1500 ","MoveSpeed":"220 ","ButtleID":"20010 ","StartSpeed":"10 ","StartSpeedTime":"300 ","MidSpeed":"21 ","MidSpeedTime":"350 "},{"ID":"10006 ","HP":"150 ","CD":"100 ","ButtleNum":"4 ","ButtleInt":"900 ","MoveSpeed":"220 ","ButtleID":"20002 ","StartSpeed":"20 ","StartSpeedTime":"300 ","MidSpeed":"21 ","MidSpeedTime":"50 "}]}