{"TResHeadAll":{"resHead":{"Count":"52 "}},"ResGlobalConf":[{"ID":"1 ","Value":"80 "},{"ID":"2 ","Value":"60 "},{"ID":"3 ","Value":"25 "},{"ID":"5 ","Value":"600 "},{"ID":"6 ","Value":"1012011 "},{"ID":"7 ","Value":"2012011 "},{"ID":"8 ","Value":"4012011 "},{"ID":"9 ","Value":"5012011 "},{"ID":"10 ","Value":"7012011 "},{"ID":"11 ","Value":"9012011 "},{"ID":"12 ","Value":"75 "},{"ID":"13 ","Value":"14 "},{"ID":"14 ","Value":"1 "},{"ID":"15 ","Value":"7 "},{"ID":"17 ","Value":"1 "},{"ID":"18 ","Value":"300 "},{"ID":"19 ","Value":"3200 "},{"ID":"20 ","Value":"3 "},{"ID":"21 ","Value":"1 "},{"ID":"22 ","Value":"5 "},{"ID":"23 ","Value":"90 "},{"ID":"24 ","Value":"125 "},{"ID":"25 ","Value":"1140 "},{"ID":"26 ","Value":"1170 "},{"ID":"27 ","Value":"10 "},{"ID":"28 ","Value":"400 "},{"ID":"29 ","Value":"1 "},{"ID":"30 ","Value":"1 "},{"ID":"31 ","Value":"1 "},{"ID":"32 ","Value":"1 "},{"ID":"33 ","Value":"1 "},{"ID":"34 ","Value":"1 "},{"ID":"35 ","Value":"20 "},{"ID":"36 ","Value":"10 "},{"ID":"37 ","Value":"1 "},{"ID":"38 ","Value":"1000 "},{"ID":"39 ","Value":"5000 "},{"ID":"40 ","Value":"1 "},{"ID":"41 ","Value":"2 "},{"ID":"42 ","Value":"250 "},{"ID":"43 ","Value":"1 "},{"ID":"44 ","Value":"10000 "},{"ID":"45 ","Value":"50 "},{"ID":"46 ","Value":"120 "},{"ID":"47 ","Value":"0 "},{"ID":"48 ","Value":"0 "},{"ID":"49 ","Value":"2000 "},{"ID":"50 ","Value":"10 "},{"ID":"51 ","Value":"40 "},{"ID":"52 ","Value":"500 "},{"ID":"53 ","Value":"20 "},{"ID":"54 ","Value":"20000 "}]}