{"TResHeadAll":{"resHead":{"Count":"3 "}},"ResGameModel":[{"ID":"0 ","ModelName":"\u7ecf\u5178\u6a21\u5f0f","PicName":"Z","ScaleShow":"3V3","ScaleLimit":"0 ","Weight":"99 ","IsDisplay":"0 ","MapId":"1003 ","PicUrl":"conglindazuozhanlargeditu","NameUrl":"conglindazuozhan","Desc":"\u5168\u5929\u5f00\u653e","CloseDesc":"\u5168\u5929\u5f00\u542f\u4e0d\u9700\u8981\u5173\u95ed\u63d0\u793a","OpenAlways":"1 ","ScheduleID":"0 0 0 0 ","WxInvitePic":"ShareJDMS.png","WxInviteWord":"\"\u6b22\u4e50\u5bf9\u6218\uff0c\u706b\u529b\u5168\u5f00\"\uff0c\u70b9\u51fb\u8fdb\u5165\uff0c\u548c\u6211\u4e00\u8d77\u5bf9\u6218\u5427\uff01"},{"ID":"1 ","ModelName":"\u4e1b\u6797\u5927\u4f5c\u6218","PicName":"\u4e9a\u9a6c\u900a\u4e1b\u6797","ScaleShow":"3V3","ScaleLimit":"3 ","Weight":"98 ","IsDisplay":"1 ","MapId":"2001 ","PicUrl":"conglindazuozhanlargeditu","NameUrl":"conglindazuozhan","Desc":"\u5468\u516d\u5f00\u542f","CloseDesc":"\u5468\u516d\u5f00\u542f","OpenAlways":"0 ","ScheduleID":"101 0 0 0 ","WxInvitePic":"ShareCLDZZ.png","WxInviteWord":"\"\u6b22\u4e50\u5bf9\u6218\uff0c\u706b\u529b\u5168\u5f00\"\uff0c\u70b9\u51fb\u8fdb\u5165\u4e1b\u6797\u5927\u4f5c\u6218\uff0c\u548c\u6211\u4e00\u8d77\u5bf9\u6218\u5427\uff01"},{"ID":"2 ","ModelName":"\u75af\u72c2\u8df3\u8df3\u4e50","PicName":"\u6cb3\u8c37\u4e4b\u5730","ScaleShow":"3V3","ScaleLimit":"3 ","Weight":"93 ","IsDisplay":"1 ","MapId":"1052 ","PicUrl":"fengkuangtiaotiaoleditu","NameUrl":"fengkuangtiaotiaole","Desc":"\u5468\u65e5\u5f00\u542f","CloseDesc":"\u5468\u65e5\u5f00\u542f","OpenAlways":"0 ","ScheduleID":"102 0 0 0 ","WxInvitePic":"ShareFKTTL.png","WxInviteWord":"\"\u6b22\u4e50\u5bf9\u6218\uff0c\u706b\u529b\u5168\u5f00\"\uff0c\u70b9\u51fb\u8fdb\u5165\u75af\u72c2\u8df3\u8df3\u4e50\uff0c\u548c\u6211\u4e00\u8d77\u5bf9\u6218\u5427\uff01"}]}