{"TResHeadAll":{"resHead":{"Count":"87 "}},"ResClient":[{"ID":"1 ","Context":"\u96f7\u9706\u7a81\u88ad\u5373\u5c06\u5230\u8fbe!!!"},{"ID":"2 ","Context":"\u654c\u65b9\u57fa\u5730\u88ab\u6467\u6bc1"},{"ID":"3 ","Context":"\u6211\u65b9\u57fa\u5730\u88ab\u6467\u6bc1"},{"ID":"4 ","Context":"\u65f6\u95f4\u5230\uff0c\u6211\u65b9\u51fb\u6740\u6570\u9ad8"},{"ID":"5 ","Context":"\u65f6\u95f4\u5230\uff0c\u654c\u65b9\u51fb\u6740\u6570\u9ad8"},{"ID":"6 ","Context":"\u65f6\u95f4\u5230\uff0c\u52bf\u5747\u529b\u654c"},{"ID":"7 ","Context":"\u65f6\u95f4\u5230\uff0c\u6211\u65b9\u9996\u6740"},{"ID":"8 ","Context":"\u65f6\u95f4\u5230\uff0c\u654c\u65b9\u9996\u6740"},{"ID":"9 ","Context":"\u623f\u95f4\u4e0d\u5b58\u5728\uff0c\u8bf7\u9009\u62e9\u65b0\u7684\u9080\u8bf7\u8fdb\u5165\u3002"},{"ID":"10 ","Context":"\u623f\u95f4\u8fdb\u5165\u5931\u8d25\uff0c\u8bf7\u91cd\u65b0\u8fdb\u5165\u3002"},{"ID":"11 ","Context":"\u8fde\u63a5\u5931\u8d25,\u8bf7\u786e\u4fdd\u7f51\u7edc\u7545\u901a"},{"ID":"12 ","Context":"\u60a8\u5f53\u524d\u6240\u5728\u670d\u52a1\u5668({0})\u4e0e\u6e38\u620f\u9080\u8bf7\u4e0d\u5728\u540c\u4e00\u670d\u52a1\u5668\u4e0a\uff0c\u8bf7\u7ed3\u675f\u6389\u5fae\u4fe1\u91cd\u8bd5."},{"ID":"13 ","Context":"\u52a0\u5165\u623f\u95f4\u5931\u8d25,\u8bf7\u786e\u4fdd\u7f51\u7edc\u7545\u901a"},{"ID":"14 ","Context":"\u79bb\u5f00\u623f\u95f4\u5931\u8d25,\u8bf7\u786e\u4fdd\u7f51\u7edc\u7545\u901a"},{"ID":"15 ","Context":"\u51c6\u5907\u5931\u8d25,\u8bf7\u786e\u4fdd\u7f51\u7edc\u7545\u901a"},{"ID":"16 ","Context":"\u5f00\u6218\u5931\u8d25,\u8bf7\u786e\u4fdd\u7f51\u7edc\u7545\u901a"},{"ID":"17 ","Context":"\u8e22\u4eba\u5931\u8d25,\u8bf7\u786e\u4fdd\u7f51\u7edc\u7545\u901a"},{"ID":"18 ","Context":"\u4ea4\u6362\u4f4d\u7f6e\u5931\u8d25,\u8bf7\u786e\u4fdd\u7f51\u7edc\u7545\u901a"},{"ID":"19 ","Context":"\u60a8\u7684\u8d26\u53f7\u88ab\u5c01\u505c\uff0c\u6682\u65f6\u65e0\u6cd5\u767b\u9646"},{"ID":"20 ","Context":"\u623f\u95f4\u5df2\u89e3\u6563\uff0c\u8bf7\u91cd\u65b0\u8fdb\u5165"},{"ID":"21 ","Context":"\u88ab\u623f\u4e3b\u8e22\u51fa"},{"ID":"22 ","Context":"\u623f\u4e3b\u89e3\u6563\u623f\u95f4"},{"ID":"51 ","Context":"\u6e38\u620f\u767b\u5f55\u5fae\u4fe1\u5931\u8d25\uff0c\u8bf7\u7ed3\u675f\u6389\u5fae\u4fe1\u91cd\u65b0\u518d\u8bd5"},{"ID":"52 ","Context":"\u6709\u4e00\u573a\u6218\u5c40\u8fdb\u884c\u5f53\u4e2d..."},{"ID":"53 ","Context":"\u6e38\u620f\u9080\u8bf7\u5df2\u8fc7\u671f\uff0c\u662f\u5426\u7ee7\u7eed\u5c1d\u8bd5\uff1f"},{"ID":"54 ","Context":"\u6ca1\u6709\u53ef\u7528\u7f51\u7edc\uff0c\u8bf7\u786e\u4fdd\u7f51\u7edc\u7545\u901a"},{"ID":"55 ","Context":"\u7f51\u7edc\u91cd\u8fde\u4e0d\u6210\u529f\uff0c\u662f\u5426\u91cd\u8bd5\uff1f"},{"ID":"56 ","Context":"\u91cd\u8fde\u5931\u8d25,\u8bf7\u786e\u4fdd\u7f51\u7edc\u7545\u901a"},{"ID":"57 ","Context":"\u5e10\u53f7\u88ab\u5c01,\u5f00\u59cb\u65f6\u95f4:{0}\u5c01\u53f7\u65f6\u957f:{1}"},{"ID":"58 ","Context":"\u5c1a\u672a\u5f00\u670d\uff0c\u8bf7\u5173\u6ce8\u5b98\u65b9\u516c\u544a\uff0c\u53ef\u4f53\u9a8c\u5355\u673a\u6e38\u620f"},{"ID":"59 ","Context":"\u8fde\u63a5\u5931\u8d25,\u8bf7\u786e\u4fdd\u7f51\u7edc\u7545\u901a"},{"ID":"60 ","Context":"\u4e0b\u8f7d\u914d\u7f6e\u6587\u4ef6\u5931\u8d25\uff0c\u8bf7\u786e\u4fdd\u7f51\u7edc\u7545\u901a"},{"ID":"61 ","Context":"\u4e0b\u8f7d\u6587\u4ef6\u5931\u8d25\uff01\u8bf7\u4e0b\u8f7d\u6700\u65b0\u7248\u672c\u7684\u5fae\u4fe1\u3002"},{"ID":"62 ","Context":"\u4e0b\u8f7d\u6587\u4ef6\u9519\u8bef\uff01\u8bf7\u4e0b\u8f7d\u6700\u65b0\u7248\u672c\u7684\u5fae\u4fe1\u3002"},{"ID":"63 ","Context":"\u9274\u6743\u5f02\u5e38({0})"},{"ID":"64 ","Context":"\u5f53\u524d\u7f51\u7edc\u72b6\u6001\u4e0d\u597d\uff0c\u6218\u6597\u5df2\u7ed3\u7b97\uff0c\u8bf7\u8fd4\u56de\u4e3b\u754c\u9762\u91cd\u65b0\u5f00\u59cb\u3002"},{"ID":"65 ","Context":"\u786e\u5b9a\u8981\u9000\u51fa\u6218\u6597\u5417?"},{"ID":"66 ","Context":"\u5f53\u524d\u7f51\u7edc\u5f02\u5e38\uff0c\u65e0\u6cd5\u53d1\u9001\u8868\u60c5\uff0c\u8bf7\u786e\u4fdd\u7f51\u7edc\u7545\u901a"},{"ID":"67 ","Context":"\u5f53\u524d\u670d\u52a1\u5668\u4eba\u6570\u5df2\u6ee1\uff0c\u60a8\u6b63\u5728\u767b\u5f55\u961f\u5217\u4e2d\u2026"},{"ID":"68 ","Context":"\u60a8\u5728\u961f\u5217\u4e2d\u7684\u4f4d\u7f6e\uff1a"},{"ID":"69 ","Context":"\u9884\u8ba1\u7b49\u5f85\u65f6\u95f4\uff1a"},{"ID":"70 ","Context":"\u670d\u52a1\u5668\u7e41\u5fd9\uff0c\u961f\u5217\u4e2d\u2026"},{"ID":"71 ","Context":"\u4f60\u662f\u623f\u4e3b\uff0c\u9000\u51fa\u7ec4\u961f\u754c\u9762\u4f1a\u89e3\u6563\u623f\u95f4\uff0c\u662f\u5426\u9000\u51fa\uff1f"},{"ID":"72 ","Context":"\u786e\u8ba4\u9000\u51fa"},{"ID":"73 ","Context":"\u623f\u95f4\u4e0d\u5b58\u5728\uff0c\u8bf7\u91cd\u65b0\u8fdb\u5165\u591a\u4eba\u6a21\u5f0f\u3002"},{"ID":"74 ","Context":"\u53e6\u4e00\u4e2a\u9635\u8425\u8fd8\u6ca1\u6709\u73a9\u5bb6\uff0c\u65e0\u6cd5\u5f00\u59cb\u6e38\u620f"},{"ID":"75 ","Context":"\u8fd8\u6709\u73a9\u5bb6\u672a\u51c6\u5907\uff0c\u65e0\u6cd5\u5f00\u59cb\u6e38\u620f"},{"ID":"76 ","Context":"\u53cc\u65b9\u9635\u8425\u4eba\u6570\u4e0d\u5747\uff0c\u662f\u5426\u786e\u8ba4\u5f00\u59cb\u6e38\u620f\uff1f"},{"ID":"77 ","Context":"\u8be5\u4f4d\u7f6e\u5df2\u7ecf\u6709\u4eba\uff0c\u8bf7\u9009\u62e9\u7a7a\u7684\u4f4d\u7f6e"},{"ID":"78 ","Context":"\u83b7\u53d6\u5f53\u524d\u6218\u5c40\u7684\u73a9\u5bb6\u4fe1\u606f\u5931\u8d25"},{"ID":"79 ","Context":"\u5929\u4e0b\u65e0\u53cc"},{"ID":"80 ","Context":"\u4e07\u4eba\u4e4b\u4e0a"},{"ID":"81 ","Context":"\u72ec\u9738\u4e00\u65b9"},{"ID":"82 ","Context":"\u5e38\u80dc\u5c06\u519b"},{"ID":"83 ","Context":"\u4e2d\u6d41\u7825\u67f1"},{"ID":"84 ","Context":"\uff08\u7f51\u9875\u7248\uff09\u7ed9\u670d\u52a1\u56683\u79d2\u949f\u6e05\u7406\u65f6\u95f4\uff0c\u8bf7\u518d\u8bd5"},{"ID":"85 ","Context":"\u6b63\u5728\u8fdb\u5165\u623f\u95f4\u2026"},{"ID":"86 ","Context":"\u5145\u503c\u6210\u529f\uff01"},{"ID":"87 ","Context":"\u201c\u5c0f\u6e38\u620f\u201c\u6b22\u4e50\u5766\u514b\u5927\u6218\u201d\u865a\u4f4d\u4ee5\u5f85"},{"ID":"10001 ","Context":"({0}) \u73a9\u5bb6\u5728\u5176\u4ed6\u8bbe\u5907\u767b\u5f55"},{"ID":"10002 ","Context":"({0}) \u670d\u52a1\u5668\u5df2\u6ee1"},{"ID":"10004 ","Context":"({0}) \u83b7\u53d6\u89d2\u8272\u6570\u636e\u5931\u8d25"},{"ID":"10005 ","Context":"({0}) \u83b7\u53d6\u89d2\u8272\u6570\u636e\u5931\u8d25"},{"ID":"10007 ","Context":"({0}) \u7248\u672c\u8fc7\u65e7\u8bf7\u66f4\u65b0\u7248\u672c"},{"ID":"10008 ","Context":"({0}) \u7248\u672c\u8fc7\u65b0\u8bf7\u7a0d\u540e\u518d\u8bd5"},{"ID":"10012 ","Context":"({0}) \u89e3\u5305\u5931\u8d25"},{"ID":"10013 ","Context":"({0}) openid\u4e3a\u7a7a"},{"ID":"10016 ","Context":"({0}) \u623f\u95f4\u6216\u6218\u6597\u4e0d\u5b58\u5728\uff0c\u8bf7\u91cd\u65b0\u5f00\u59cb"},{"ID":"10017 ","Context":"({0}) \u521b\u5efa\u6216\u52a0\u5165\u623f\u95f4\u592a\u9891\u7e41\uff0c\u8bf7\u7a0d\u7b49\u518d\u8bd5"},{"ID":"11001 ","Context":"({0}) \u623f\u95f4\u5df2\u7ecf\u5b58\u5728"},{"ID":"11002 ","Context":"({0}) \u623f\u95f4\u7c7b\u578b\u9519\u8bef\uff01"},{"ID":"11003 ","Context":"({0}) \u8be5\u4f4d\u7f6e\u5df2\u7ecf\u6709\u4eba"},{"ID":"11004 ","Context":"({0}) \u975e\u623f\u4e3b\u4e0d\u80fd\u8e22\u4eba"},{"ID":"11005 ","Context":"({0}) \u623f\u95f4\u5df2\u6ee1"},{"ID":"11006 ","Context":"({0}) \u521b\u5efa\u623f\u95f4\u5931\u8d25"},{"ID":"11007 ","Context":"({0}) \u623f\u95f4\u4e0d\u5b58\u5728"},{"ID":"11007 ","Context":"({0}) \u623f\u95f4\u4e0d\u5b58\u5728, \u8bf7\u91cd\u65b0\u521b\u5efa\uff01"},{"ID":"11010 ","Context":"({0}) \u65e0\u6cd5\u5c06\u81ea\u5df1\u8e22\u51fa\u623f\u95f4"},{"ID":"11011 ","Context":"({0}) \u5f53\u524d\u5bf9\u6218\u5df2\u5f00\u59cb"},{"ID":"11012 ","Context":"({0}) \u623f\u95f4\u5df2\u6ee1"},{"ID":"11014 ","Context":"({0}) \u5df2\u7ecf\u5728\u8fd9\u4e2a\u4f4d\u7f6e\u4e86\uff0c\u65e0\u9700\u66f4\u6362\u4f4d\u7f6e"},{"ID":"11019 ","Context":"({0}) \u975e\u623f\u4e3b\u4e0d\u80fd\u5f00\u59cb\u6e38\u620f"},{"ID":"11020 ","Context":"({0}) \u8fd8\u6709\u73a9\u5bb6\u672a\u51c6\u5907\uff0c\u65e0\u6cd5\u5f00\u59cb\u6e38\u620f"},{"ID":"11021 ","Context":"({0}) \u654c\u5bf9\u9635\u8425\u8fd8\u6ca1\u6709\u73a9\u5bb6\uff0c\u65e0\u6cd5\u5f00\u59cb\u6e38\u620f"},{"ID":"11032 ","Context":"({0}) \u60a8\u7684\u8d26\u53f7\u88ab\u5c01\u505c\uff0c\u6682\u65f6\u65e0\u6cd5\u767b\u9646"},{"ID":"11035 ","Context":"({0}) \u975e\u623f\u4e3b\u65e0\u6cd5\u8bbe\u7f6e\u623f\u95f4\u72b6\u6001"},{"ID":"11036 ","Context":"({0}) \u8be5\u6a21\u5f0f\u5f53\u524d\u672a\u5f00\u542f"}]}