{"TResHeadAll":{"resHead":{"Count":"12 "}},"ProgramEffCfg":[{"ID":"1 ","H":"0 ","M":"0 ","L":"1 "},{"ID":"2 ","H":"0 ","M":"0 ","L":"1 "},{"ID":"3 ","H":"0 ","M":"0 ","L":"1 "},{"ID":"4 ","H":"0 ","M":"0 ","L":"1 "},{"ID":"5 ","H":"0 ","M":"0 ","L":"0 "},{"ID":"6 ","H":"0 ","M":"1 ","L":"1 "},{"ID":"7 ","H":"0 ","M":"1 ","L":"1 "},{"ID":"8 ","H":"0 ","M":"1 ","L":"1 "},{"ID":"9 ","H":"0 ","M":"1 ","L":"2 "},{"ID":"10 ","H":"0 ","M":"0 ","L":"1 "},{"ID":"11 ","H":"0 ","M":"1 ","L":"1 "},{"ID":"12 ","H":"0 ","M":"1 ","L":"2 "}]}