{"TResHeadAll":{"resHead":{"Count":"37 "}},"EffResCfg":[{"ID":"1 ","H":"Fire01_H","M":"Fire01_M","L":{},"Cnt":"6 "},{"ID":"2 ","H":"Fire02_H","M":"Fire02_M","L":{},"Cnt":"4 "},{"ID":"3 ","H":"Fire03_H","M":"Fire03_M","L":{},"Cnt":"4 "},{"ID":"4 ","H":"JD_boom_H","M":"JD_boom_H","L":"JD_boom_H","Cnt":"2 "},{"ID":"5 ","H":"T_boom_H","M":"T_boom_M","L":"T_boom_L","Cnt":"6 "},{"ID":"6 ","H":"T_canying_H","M":"T_canying_H","L":"T_canying_H","Cnt":"20 "},{"ID":"7 ","H":"NullEffect_H","M":{},"L":{},"Cnt":"24 "},{"ID":"8 ","H":"T_shouji_n_H","M":"T_shouji_n_M","L":"T_shouji_n_L","Cnt":"20 "},{"ID":"9 ","H":"T_shouji_qianghua_H","M":"T_shouji_qianghua_M","L":"T_shouji_qianghua_L","Cnt":"20 "},{"ID":"10 ","H":"T_shouji_q_H","M":"T_shouji_q_M","L":"T_shouji_q_L","Cnt":"8 "},{"ID":"11 ","H":"T_shouji_zhiliao_H","M":"T_shouji_zhiliao_M","L":"T_shouji_zhiliao_L","Cnt":"24 "},{"ID":"12 ","H":"Zhangai_hit_01_H","M":"Zhangai_hit_01_M","L":{},"Cnt":"24 "},{"ID":"13 ","H":"Zhangai_hit_H","M":"Zhangai_hit_M","L":{},"Cnt":"24 "},{"ID":"14 ","H":"baohuzhao_H","M":"baohuzhao_M","L":"baohuzhao_L","Cnt":"6 "},{"ID":"15 ","H":"daojuxiaoshi_H","M":"daojuxiaoshi_M","L":{},"Cnt":"8 "},{"ID":"16 ","H":"dingshen_H","M":"dingshen_M","L":"dingshen_L","Cnt":"6 "},{"ID":"17 ","H":"feiji_pre_H","M":"feiji_pre_M","L":"feiji_pre_L","Cnt":"1 "},{"ID":"18 ","H":"jiaxue_2_H","M":"jiaxue_2_M","L":{},"Cnt":"6 "},{"ID":"19 ","H":"xiangzi_die_H","M":"xiangzi_die_M","L":{},"Cnt":"6 "},{"ID":"20 ","H":"yinshen_H","M":"yinshen_M","L":{},"Cnt":"6 "},{"ID":"21 ","H":"Player_die_H","M":"Player_die_M","L":"Player_die_M","Cnt":"6 "},{"ID":"22 ","H":"Player_yinshen_H","M":"Player_yinshen_M","L":"Player_yinshen_L","Cnt":"6 "},{"ID":"23 ","H":".\/Prefabs\/Bullet\/Bulletjiaxue_H","M":".\/Prefabs\/Bullet\/Bulletjiaxue_M","L":".\/Prefabs\/Bullet\/Bulletjiaxue_L","Cnt":"0 "},{"ID":"24 ","H":".\/Prefabs\/Bullet\/Bullet1_H","M":".\/Prefabs\/Bullet\/Bullet1_M","L":".\/Prefabs\/Bullet\/Bullet1_L","Cnt":"0 "},{"ID":"25 ","H":".\/Prefabs\/Bullet\/Bulletqianghua_H","M":".\/Prefabs\/Bullet\/Bulletqianghua_M","L":".\/Prefabs\/Bullet\/Bulletqianghua_L","Cnt":"0 "},{"ID":"26 ","H":".\/Prefabs\/Bullet\/BulletThrough_H","M":".\/Prefabs\/Bullet\/BulletThrough_M","L":".\/Prefabs\/Bullet\/BulletThrough_L","Cnt":"0 "},{"ID":"27 ","H":"xiangzi_H","M":"xiangzi_M","L":"xiangzi_L","Cnt":"10 "},{"ID":"28 ","H":".\/Prefabs\/Item\/PowerbuffPrefab","M":".\/Prefabs\/Item\/PowerbuffPrefab","L":".\/Prefabs\/Item\/PowerbuffPrefab","Cnt":"0 "},{"ID":"29 ","H":".\/Prefabs\/Item\/chanzi","M":".\/Prefabs\/Item\/chanzi","L":".\/Prefabs\/Item\/chanzi","Cnt":"0 "},{"ID":"30 ","H":".\/Prefabs\/Item\/jiasu2","M":".\/Prefabs\/Item\/jiasu2","L":".\/Prefabs\/Item\/jiasu2","Cnt":"0 "},{"ID":"31 ","H":".\/Prefabs\/Item\/jiaxue","M":".\/Prefabs\/Item\/jiaxue","L":".\/Prefabs\/Item\/jiaxue","Cnt":"0 "},{"ID":"32 ","H":".\/Prefabs\/Item\/jiasu_H","M":".\/Prefabs\/Item\/jiasu_M","L":".\/Prefabs\/Item\/jiasu_M","Cnt":"0 "},{"ID":"33 ","H":".\/Prefabs\/Item\/huixue","M":".\/Prefabs\/Item\/huixue","L":".\/Prefabs\/Item\/huixue","Cnt":"0 "},{"ID":"34 ","H":".\/Prefabs\/Item\/tuji","M":".\/Prefabs\/Item\/tuji","L":".\/Prefabs\/Item\/tuji_L","Cnt":"0 "},{"ID":"35 ","H":".\/Prefabs\/Item\/cisha","M":".\/Prefabs\/Item\/cisha","L":".\/Prefabs\/Item\/cisha","Cnt":"0 "},{"ID":"36 ","H":".\/Prefabs\/Item\/kuangbao","M":".\/Prefabs\/Item\/kuangbao","L":".\/Prefabs\/Item\/kuangbao","Cnt":"0 "},{"ID":"37 ","H":".\/Prefabs\/Bullet\/Bulletfantan","M":".\/Prefabs\/Bullet\/Bulletfantan","L":".\/Prefabs\/Bullet\/Bulletfantan","Cnt":"0 "}]}