{"TResHeadAll":{"resHead":{"Count":"127 "}},"ResRandomNamesA":[{"Name":"\u4e01"},{"Name":"\u4e07"},{"Name":"\u4e25"},{"Name":"\u4e8e"},{"Name":"\u4e95"},{"Name":"\u4efb"},{"Name":"\u4f0d"},{"Name":"\u4f55"},{"Name":"\u4f59"},{"Name":"\u4fde"},{"Name":"\u4fee"},{"Name":"\u5143"},{"Name":"\u5148"},{"Name":"\u5189"},{"Name":"\u51af"},{"Name":"\u51b7"},{"Name":"\u51cc"},{"Name":"\u5218"},{"Name":"\u5321"},{"Name":"\u5355"},{"Name":"\u536b"},{"Name":"\u53f2"},{"Name":"\u53f6"},{"Name":"\u5411"},{"Name":"\u5415"},{"Name":"\u5434"},{"Name":"\u5468"},{"Name":"\u5510"},{"Name":"\u590f"},{"Name":"\u5949"},{"Name":"\u59da"},{"Name":"\u59dc"},{"Name":"\u5b54"},{"Name":"\u5b59"},{"Name":"\u5b5f"},{"Name":"\u5b89"},{"Name":"\u5b8b"},{"Name":"\u5bc7"},{"Name":"\u5cb3"},{"Name":"\u5d14"},{"Name":"\u5de6"},{"Name":"\u5e38"},{"Name":"\u5eb7"},{"Name":"\u5ed6"},{"Name":"\u5f20"},{"Name":"\u5f3a"},{"Name":"\u5f6d"},{"Name":"\u5f90"},{"Name":"\u6210"},{"Name":"\u6587"},{"Name":"\u65b9"},{"Name":"\u666f"},{"Name":"\u66f9"},{"Name":"\u66fe"},{"Name":"\u6731"},{"Name":"\u674e"},{"Name":"\u675c"},{"Name":"\u6768"},{"Name":"\u6797"},{"Name":"\u67cf"},{"Name":"\u6881"},{"Name":"\u6a0a"},{"Name":"\u6b66"},{"Name":"\u6bb7"},{"Name":"\u6bdb"},{"Name":"\u6c5f"},{"Name":"\u6c6a"},{"Name":"\u6c88"},{"Name":"\u6e29"},{"Name":"\u7126"},{"Name":"\u718a"},{"Name":"\u725f"},{"Name":"\u738b"},{"Name":"\u7530"},{"Name":"\u767d"},{"Name":"\u77bf"},{"Name":"\u77f3"},{"Name":"\u79e6"},{"Name":"\u7b26"},{"Name":"\u7b80"},{"Name":"\u7c73"},{"Name":"\u7f57"},{"Name":"\u7f8a"},{"Name":"\u8096"},{"Name":"\u80e1"},{"Name":"\u8212"},{"Name":"\u82cf"},{"Name":"\u82df"},{"Name":"\u8303"},{"Name":"\u845b"},{"Name":"\u8463"},{"Name":"\u848b"},{"Name":"\u8499"},{"Name":"\u84b2"},{"Name":"\u8521"},{"Name":"\u859b"},{"Name":"\u8881"},{"Name":"\u8bb8"},{"Name":"\u8c22"},{"Name":"\u8c2d"},{"Name":"\u8d3e"},{"Name":"\u8d56"},{"Name":"\u8d75"},{"Name":"\u9093"},{"Name":"\u90ac"},{"Name":"\u90b9"},{"Name":"\u90d1"},{"Name":"\u90ed"},{"Name":"\u91d1"},{"Name":"\u949f"},{"Name":"\u94b1"},{"Name":"\u962e"},{"Name":"\u9646"},{"Name":"\u9648"},{"Name":"\u9676"},{"Name":"\u96cd"},{"Name":"\u96f7"},{"Name":"\u97e9"},{"Name":"\u987e"},{"Name":"\u9a6c"},{"Name":"\u9ad8"},{"Name":"\u9b4f"},{"Name":"\u9c81"},{"Name":"\u9ec4"},{"Name":"\u9ece"},{"Name":"\u9f99"},{"Name":"\u9f9a"}]}