{"TResHeadAll":{"resHead":{"Count":"6 "}},"ResBrickDropConf":[{"ID":"1304 ","MapId":"1 ","Pos":"1,8;1,11;2,8;3,6;3,9;3,12;6,10;6,11;"},{"ID":"1304 ","MapId":"1 ","Pos":"9,8;9,11;10,8;11,6;11,9;11,12;6,8;6,7;"},{"ID":"1309 ","MapId":"1 ","Pos":"1,6;1,9;1,12;2,9;3,8;3,11;5,10;7,10;6,12;"},{"ID":"1309 ","MapId":"1 ","Pos":"9,6;9,9;9,12;10,9;11,8;11,11;5,8;7,8;6,6;"},{"ID":"1309 ","MapId":"1003 ","Pos":"1,12;2,12;1,9;3,9;3,7;4,6;4,10;"},{"ID":"1309 ","MapId":"1003 ","Pos":"10,4;11,4;8,6;9,7;11,7;9,9;8,10;"}]}