{"TResHeadAll":{"resHead":{"Count":"15 "}},"ResItemBuffer":[{"ID":"1 ","Type":"1 ","Map":"0 ","DataList":"20001 30 0 0 0 "},{"ID":"2 ","Type":"1 ","Map":"0 ","DataList":"20002 30 0 0 0 "},{"ID":"3 ","Type":"1 ","Map":"0 ","DataList":"20003 0 0 0 0 "},{"ID":"4 ","Type":"1 ","Map":"0 ","DataList":"20004 30 0 0 0 "},{"ID":"5 ","Type":"1 ","Map":"0 ","DataList":"20005 0 0 0 0 "},{"ID":"6 ","Type":"1 ","Map":"0 ","DataList":"20006 36 0 0 0 "},{"ID":"7 ","Type":"1 ","Map":"0 ","DataList":"20007 40 0 0 0 "},{"ID":"8 ","Type":"1 ","Map":"1051 ","DataList":"20008 12 0 0 0 "},{"ID":"9 ","Type":"1 ","Map":"0 ","DataList":"20012 60 0 0 0 "},{"ID":"10 ","Type":"1 ","Map":"2002 ","DataList":"20010 50 0 0 0 "},{"ID":"11 ","Type":"2 ","Map":"0 ","DataList":"0 8 0 0 0 "},{"ID":"12 ","Type":"2 ","Map":"2001 ","DataList":"0 20 0 0 0 "},{"ID":"13 ","Type":"2 ","Map":"1051 ","DataList":"0 12 0 0 0 "},{"ID":"14 ","Type":"2 ","Map":"1054 ","DataList":"0 33 0 0 0 "},{"ID":"15 ","Type":"1 ","Map":"1052 ","DataList":"20011 150 0 0 0 "}]}