{"TResHeadAll":{"resHead":{"Count":"12 "}},"ResBornPos":[{"ID":"1 ","BattleTime":"120000 ","RebornTime":"5000 ","MaxItemNum":"5 ","RedBorn":["3,18;","6,16;","9,18;"],"BlueBorn":["3,0;","6,2;","9,0;"]},{"ID":"11 ","BattleTime":"600000 ","RebornTime":"600000 ","MaxItemNum":"2 ","RedBorn":["4,10;",{},{}],"BlueBorn":[{},{},{}]},{"ID":"1001 ","BattleTime":"120000 ","RebornTime":"5000 ","MaxItemNum":"8 ","RedBorn":["3,16;","6,14;","9,16;"],"BlueBorn":["3,0;","6,2;","9,0;"]},{"ID":"1002 ","BattleTime":"120000 ","RebornTime":"5000 ","MaxItemNum":"12 ","RedBorn":["3,16;","6,14;","9,16;"],"BlueBorn":["3,0;","6,2;","9,0;"]},{"ID":"1003 ","BattleTime":"120000 ","RebornTime":"5000 ","MaxItemNum":"20 ","RedBorn":["8,16;","2,16;","5,14;"],"BlueBorn":["4,0;","10,0;","7,2;"]},{"ID":"1004 ","BattleTime":"120000 ","RebornTime":"5000 ","MaxItemNum":"8 ","RedBorn":["3,16;","6,16;","9,16;"],"BlueBorn":["3,0;","6,0;","9,0;"]},{"ID":"1005 ","BattleTime":"120000 ","RebornTime":"5000 ","MaxItemNum":"8 ","RedBorn":["3,16;","6,16;","9,16;"],"BlueBorn":["3,0;","6,0;","9,0;"]},{"ID":"1051 ","BattleTime":"120000 ","RebornTime":"4000 ","MaxItemNum":"20 ","RedBorn":["6,16;","0,4;","12,4;"],"BlueBorn":["6,0;","0,12;","12,12;"]},{"ID":"1052 ","BattleTime":"90000 ","RebornTime":"4000 ","MaxItemNum":"30 ","RedBorn":["0,0;0,12;8,0;","0,0;0,12;8,0;","0,0;0,12;8,0;"],"BlueBorn":["4,12;12,12;12,0;","4,12;12,12;12,0;","4,12;12,12;12,0;"]},{"ID":"1053 ","BattleTime":"90000 ","RebornTime":"3000 ","MaxItemNum":"20 ","RedBorn":["2,0;4,0;8,0;10,0;","2,0;4,0;8,0;10,0;","2,0;4,0;8,0;10,0;"],"BlueBorn":["2,12;4,12;8,12;10,12;","2,12;4,12;8,12;10,12;","2,12;4,12;8,12;10,12;"]},{"ID":"1054 ","BattleTime":"120000 ","RebornTime":"5000 ","MaxItemNum":"20 ","RedBorn":["0,5;0,11;6,16;12,11;12,5;6,0;","0,5;0,11;6,16;12,11;12,5;6,0;","0,5;0,11;6,16;12,11;12,5;6,0;"],"BlueBorn":["0,5;0,11;6,16;12,11;12,5;6,0;","0,5;0,11;6,16;12,11;12,5;6,0;","0,5;0,11;6,16;12,11;12,5;6,0;"]},{"ID":"2001 ","BattleTime":"90000 ","RebornTime":"3000 ","MaxItemNum":"25 ","RedBorn":["0,8;1,8;1,9;1,10;","4,0;4,1;6,0;6,1;8,0;8,1;","11,8;11,9;11,10;12,8;"],"BlueBorn":["0,4;1,2;1,3;1,4;","4,11;4,12;6,11;6,12;8,11;8,12;","11,2;11,3;11,4;12,4;"]}]}