{"TResHeadAll":{"resHead":{"Count":"25 "}},"ResTips":[{"ID":"1 ","Type":"1 ","Icon":"tp__01","Desc":"\u7a7f\u7532\u5f39\uff1a\u5a01\u529b\u5de8\u5927\u7684\u70ae\u5f39\uff0c\u53ef\u51fb\u788e\u94a2\u677f\u3002"},{"ID":"2 ","Type":"1 ","Icon":"chaiqiang_01","Desc":"\u6218\u672f\u7834\u574f\uff1a\u80fd\u4f7f\u53cc\u65b9\u57fa\u5730\u7684\u4fdd\u62a4\u5899\u6d88\u5931\u3002"},{"ID":"3 ","Type":"1 ","Icon":"jiaxue","Desc":"\u4fee\u590d\uff1a\u589e\u52a0\u5766\u514b\u7684\u5f53\u524d\u8010\u4e45\u503c\u3002"},{"ID":"4 ","Type":"2 ","Icon":{},"Desc":"\u52a0\u901f\u5e26\uff1a\u80fd\u4f7f\u7a7f\u8fc7\u7684\u5766\u514b\u77ed\u65f6\u95f4\u5185\u79fb\u52a8\u901f\u5ea6\u53d8\u5feb\u3002"},{"ID":"5 ","Type":"1 ","Icon":"huixue","Desc":"\u4fee\u590d\u5f39\uff1a\u51fb\u4e2d\u53cb\u65b9\u5766\u514b\u540e\u589e\u52a0\u5176\u5f53\u524d\u8010\u4e45\u503c\u3002"},{"ID":"6 ","Type":"1 ","Icon":"tuji","Desc":"\u96f7\u9706\u7a81\u51fb\uff1a\u5feb\u901f\u5411\u524d\u65b9\u7a81\u8fdb\u540e\u5411\u56db\u5468\u53d1\u5c04\u5927\u91cf\u70ae\u5f39\u3002"},{"ID":"7 ","Type":"1 ","Icon":"cisha","Desc":"\u4f2a\u88c5\uff1a\u4f7f\u5766\u514b\u53d8\u6210\u5bf9\u654c\u65b9\u4e0d\u53ef\u89c1\u72b6\u6001\u3002"},{"ID":"8 ","Type":"1 ","Icon":"kuangbao","Desc":"\u6563\u5f39\uff1a\u5766\u514b\u53ef\u5411\u524d\u65b9\u4e00\u6b21\u53d1\u5c04\u591a\u9897\u70ae\u5f39\u3002"},{"ID":"9 ","Type":"2 ","Icon":{},"Desc":"\u6218\u6597\u5012\u8ba1\u65f6\u7ed3\u675f\uff0c\u51fb\u6bc1\u6570\u66f4\u591a\u7684\u4e00\u65b9\u5c06\u4f1a\u83b7\u80dc\u3002"},{"ID":"10 ","Type":"2 ","Icon":{},"Desc":"\u98de\u673a\u7a7a\u6295\u7684\u7bb1\u5b50\u80fd\u628a\u5766\u514b\u7838\u6b7b\u3002"},{"ID":"11 ","Type":"2 ","Icon":{},"Desc":"\u6ce8\u610f\u7eff\u8272\u7684\u8349\u4e1b\uff0c\u654c\u4eba\u53ef\u80fd\u6b63\u57cb\u4f0f\u5176\u4e2d\uff01"},{"ID":"12 ","Type":"2 ","Icon":{},"Desc":"\u653b\u51fb\u961f\u53cb\u4f1a\u5bfc\u81f4\u5176\u65e0\u6cd5\u79fb\u52a8\uff0c\u4fee\u590d\u5f39\u9664\u5916\u3002"},{"ID":"13 ","Type":"2 ","Icon":{},"Desc":"\u5012\u8ba1\u65f6\u7ed3\u675f\u4e14\u53cc\u65b9\u5f97\u5206\u76f8\u540c\uff0c\u9996\u6740\u65b9\u83b7\u80dc\u3002"},{"ID":"14 ","Type":"2 ","Icon":{},"Desc":"\u6218\u6597\u4e2d\u53ef\u4ee5\u624b\u52a8\u5f00\u542f\u548c\u5173\u95ed\u7784\u51c6\u8f85\u52a9\u3002"},{"ID":"15 ","Type":"1 ","Icon":"_0003_road","Desc":"\u6b22\u8fce\u5173\u6ce8\u5fae\u4fe1\u516c\u4f17\u53f7\uff1a\u6b22\u4e50\u5766\u514b\u5927\u6218\u3002"},{"ID":"16 ","Type":"1 ","Icon":"_0003_road","Desc":"\u6b22\u8fce\u5173\u6ce8\u5fae\u4fe1\u516c\u4f17\u53f7\uff1a\u6b22\u4e50\u5766\u514b\u5927\u6218\u3002"},{"ID":"17 ","Type":"1 ","Icon":"_0003_road","Desc":"\u6b22\u8fce\u5173\u6ce8\u5fae\u4fe1\u516c\u4f17\u53f7\uff1a\u6b22\u4e50\u5766\u514b\u5927\u6218\u3002"},{"ID":"18 ","Type":"1 ","Icon":"_0003_road","Desc":"\u6b22\u8fce\u5173\u6ce8\u5fae\u4fe1\u516c\u4f17\u53f7\uff1a\u6b22\u4e50\u5766\u514b\u5927\u6218\u3002"},{"ID":"19 ","Type":"1 ","Icon":"_0003_road","Desc":"\u6b22\u8fce\u5173\u6ce8\u5fae\u4fe1\u516c\u4f17\u53f7\uff1a\u6b22\u4e50\u5766\u514b\u5927\u6218\u3002"},{"ID":"20 ","Type":"1 ","Icon":"_0003_road","Desc":"\u6b22\u8fce\u5173\u6ce8\u5fae\u4fe1\u516c\u4f17\u53f7\uff1a\u6b22\u4e50\u5766\u514b\u5927\u6218\u3002"},{"ID":"21 ","Type":"1 ","Icon":"_0003_road","Desc":"\u6b22\u8fce\u5173\u6ce8\u5fae\u4fe1\u516c\u4f17\u53f7\uff1a\u6b22\u4e50\u5766\u514b\u5927\u6218\u3002"},{"ID":"22 ","Type":"1 ","Icon":"_0003_road","Desc":"\u6b22\u8fce\u5173\u6ce8\u5fae\u4fe1\u516c\u4f17\u53f7\uff1a\u6b22\u4e50\u5766\u514b\u5927\u6218\u3002"},{"ID":"23 ","Type":"1 ","Icon":"_0003_road","Desc":"\u6b22\u8fce\u5173\u6ce8\u5fae\u4fe1\u516c\u4f17\u53f7\uff1a\u6b22\u4e50\u5766\u514b\u5927\u6218\u3002"},{"ID":"24 ","Type":"1 ","Icon":"_0003_road","Desc":"\u6b22\u8fce\u5173\u6ce8\u5fae\u4fe1\u516c\u4f17\u53f7\uff1a\u6b22\u4e50\u5766\u514b\u5927\u6218\u3002"},{"ID":"25 ","Type":"1 ","Icon":"_0003_road","Desc":"\u6b22\u8fce\u5173\u6ce8\u5fae\u4fe1\u516c\u4f17\u53f7\uff1a\u6b22\u4e50\u5766\u514b\u5927\u6218\u3002"}]}