{"TResHeadAll":{"resHead":{"Count":"26 "}},"ResBuff":[{"ID":"2 ","Resource":{},"Time":"-1 ","EffectType":"2 ","ReviveRemove":"1 ","Param":"0 0 0 0 0 ","BuffGroup":"1 ","Priority":"10 ","Effects":[{"Type":"BET_NONE ","Param":"0 0 0 0 0 ","Resource":{}},{"Type":"BET_NONE ","Param":"0 0 0 0 0 ","Resource":{}},{"Type":"BET_NONE ","Param":"0 0 0 0 0 ","Resource":{}},{"Type":"BET_NONE ","Param":"0 0 0 0 0 ","Resource":{}},{"Type":"BET_NONE ","Param":"0 0 0 0 0 ","Resource":{}}],"Remove":{"Type":"0 ","Param":"0 0 0 0 0 "}},{"ID":"3 ","Resource":".\/Prefabs\/Effect\/dingshen_H","Time":"300 ","EffectType":"3 ","ReviveRemove":"0 ","Param":"0 0 0 0 0 ","BuffGroup":"0 ","Priority":"0 ","Effects":[{"Type":"BET_NONE ","Param":"0 0 0 0 0 ","Resource":{}},{"Type":"BET_NONE ","Param":"0 0 0 0 0 ","Resource":{}},{"Type":"BET_NONE ","Param":"0 0 0 0 0 ","Resource":{}},{"Type":"BET_NONE ","Param":"0 0 0 0 0 ","Resource":{}},{"Type":"BET_NONE ","Param":"0 0 0 0 0 ","Resource":{}}],"Remove":{"Type":"0 ","Param":"0 0 0 0 0 "}},{"ID":"4 ","Resource":{},"Time":"0 ","EffectType":"4 ","ReviveRemove":"0 ","Param":"0 0 0 0 0 ","BuffGroup":"0 ","Priority":"0 ","Effects":[{"Type":"BET_NONE ","Param":"0 0 0 0 0 ","Resource":{}},{"Type":"BET_NONE ","Param":"0 0 0 0 0 ","Resource":{}},{"Type":"BET_NONE ","Param":"0 0 0 0 0 ","Resource":{}},{"Type":"BET_NONE ","Param":"0 0 0 0 0 ","Resource":{}},{"Type":"BET_NONE ","Param":"0 0 0 0 0 ","Resource":{}}],"Remove":{"Type":"0 ","Param":"0 0 0 0 0 "}},{"ID":"5 ","Resource":".\/Prefabs\/Effect\/baohuzhao_H","Time":"3000 ","EffectType":"5 ","ReviveRemove":"0 ","Param":"0 0 0 0 0 ","BuffGroup":"0 ","Priority":"0 ","Effects":[{"Type":"BET_NONE ","Param":"0 0 0 0 0 ","Resource":{}},{"Type":"BET_NONE ","Param":"0 0 0 0 0 ","Resource":{}},{"Type":"BET_NONE ","Param":"0 0 0 0 0 ","Resource":{}},{"Type":"BET_NONE ","Param":"0 0 0 0 0 ","Resource":{}},{"Type":"BET_NONE ","Param":"0 0 0 0 0 ","Resource":{}}],"Remove":{"Type":"0 ","Param":"0 0 0 0 0 "}},{"ID":"6 ","Resource":{},"Time":"-1 ","EffectType":"6 ","ReviveRemove":"0 ","Param":"220 0 0 0 0 ","BuffGroup":"0 ","Priority":"0 ","Effects":[{"Type":"BET_NONE ","Param":"0 0 0 0 0 ","Resource":{}},{"Type":"BET_NONE ","Param":"0 0 0 0 0 ","Resource":{}},{"Type":"BET_NONE ","Param":"0 0 0 0 0 ","Resource":{}},{"Type":"BET_NONE ","Param":"0 0 0 0 0 ","Resource":{}},{"Type":"BET_NONE ","Param":"0 0 0 0 0 ","Resource":{}}],"Remove":{"Type":"0 ","Param":"0 0 0 0 0 "}},{"ID":"7 ","Resource":{},"Time":"-1 ","EffectType":"7 ","ReviveRemove":"0 ","Param":"2 0 0 0 0 ","BuffGroup":"0 ","Priority":"0 ","Effects":[{"Type":"BET_NONE ","Param":"0 0 0 0 0 ","Resource":{}},{"Type":"BET_NONE ","Param":"0 0 0 0 0 ","Resource":{}},{"Type":"BET_NONE ","Param":"0 0 0 0 0 ","Resource":{}},{"Type":"BET_NONE ","Param":"0 0 0 0 0 ","Resource":{}},{"Type":"BET_NONE ","Param":"0 0 0 0 0 ","Resource":{}}],"Remove":{"Type":"0 ","Param":"0 0 0 0 0 "}},{"ID":"8 ","Resource":{},"Time":"-1 ","EffectType":"8 ","ReviveRemove":"0 ","Param":"500 0 0 0 0 ","BuffGroup":"0 ","Priority":"0 ","Effects":[{"Type":"BET_NONE ","Param":"0 0 0 0 0 ","Resource":{}},{"Type":"BET_NONE ","Param":"0 0 0 0 0 ","Resource":{}},{"Type":"BET_NONE ","Param":"0 0 0 0 0 ","Resource":{}},{"Type":"BET_NONE ","Param":"0 0 0 0 0 ","Resource":{}},{"Type":"BET_NONE ","Param":"0 0 0 0 0 ","Resource":{}}],"Remove":{"Type":"0 ","Param":"0 0 0 0 0 "}},{"ID":"9 ","Resource":{},"Time":"-1 ","EffectType":"9 ","ReviveRemove":"0 ","Param":"640 0 0 0 0 ","BuffGroup":"0 ","Priority":"0 ","Effects":[{"Type":"BET_NONE ","Param":"0 0 0 0 0 ","Resource":{}},{"Type":"BET_NONE ","Param":"0 0 0 0 0 ","Resource":{}},{"Type":"BET_NONE ","Param":"0 0 0 0 0 ","Resource":{}},{"Type":"BET_NONE ","Param":"0 0 0 0 0 ","Resource":{}},{"Type":"BET_NONE ","Param":"0 0 0 0 0 ","Resource":{}}],"Remove":{"Type":"0 ","Param":"0 0 0 0 0 "}},{"ID":"10 ","Resource":{},"Time":"-1 ","EffectType":"10 ","ReviveRemove":"0 ","Param":"400 0 0 0 0 ","BuffGroup":"0 ","Priority":"0 ","Effects":[{"Type":"BET_NONE ","Param":"0 0 0 0 0 ","Resource":{}},{"Type":"BET_NONE ","Param":"0 0 0 0 0 ","Resource":{}},{"Type":"BET_NONE ","Param":"0 0 0 0 0 ","Resource":{}},{"Type":"BET_NONE ","Param":"0 0 0 0 0 ","Resource":{}},{"Type":"BET_NONE ","Param":"0 0 0 0 0 ","Resource":{}}],"Remove":{"Type":"0 ","Param":"0 0 0 0 0 "}},{"ID":"11 ","Resource":{},"Time":"15000 ","EffectType":"11 ","ReviveRemove":"1 ","Param":"100 0 0 0 0 ","BuffGroup":"0 ","Priority":"0 ","Effects":[{"Type":"BET_NONE ","Param":"0 0 0 0 0 ","Resource":{}},{"Type":"BET_NONE ","Param":"0 0 0 0 0 ","Resource":{}},{"Type":"BET_NONE ","Param":"0 0 0 0 0 ","Resource":{}},{"Type":"BET_NONE ","Param":"0 0 0 0 0 ","Resource":{}},{"Type":"BET_NONE ","Param":"0 0 0 0 0 ","Resource":{}}],"Remove":{"Type":"0 ","Param":"0 0 0 0 0 "}},{"ID":"12 ","Resource":"GameBg2.mp3","Time":"-1 ","EffectType":"12 ","ReviveRemove":"0 ","Param":"0 0 0 0 0 ","BuffGroup":"0 ","Priority":"0 ","Effects":[{"Type":"BET_NONE ","Param":"0 0 0 0 0 ","Resource":{}},{"Type":"BET_NONE ","Param":"0 0 0 0 0 ","Resource":{}},{"Type":"BET_NONE ","Param":"0 0 0 0 0 ","Resource":{}},{"Type":"BET_NONE ","Param":"0 0 0 0 0 ","Resource":{}},{"Type":"BET_NONE ","Param":"0 0 0 0 0 ","Resource":{}}],"Remove":{"Type":"0 ","Param":"0 0 0 0 0 "}},{"ID":"13 ","Resource":".\/Prefabs\/Effect\/pingmu_red_H","Time":"-1 ","EffectType":"13 ","ReviveRemove":"0 ","Param":"0 0 0 0 0 ","BuffGroup":"0 ","Priority":"0 ","Effects":[{"Type":"BET_NONE ","Param":"0 0 0 0 0 ","Resource":{}},{"Type":"BET_NONE ","Param":"0 0 0 0 0 ","Resource":{}},{"Type":"BET_NONE ","Param":"0 0 0 0 0 ","Resource":{}},{"Type":"BET_NONE ","Param":"0 0 0 0 0 ","Resource":{}},{"Type":"BET_NONE ","Param":"0 0 0 0 0 ","Resource":{}}],"Remove":{"Type":"0 ","Param":"0 0 0 0 0 "}},{"ID":"14 ","Resource":".\/Prefabs\/Effect\/Fire01_H","Time":"-1 ","EffectType":"14 ","ReviveRemove":"1 ","Param":"0 0 0 0 0 ","BuffGroup":"0 ","Priority":"0 ","Effects":[{"Type":"BET_NONE ","Param":"0 0 0 0 0 ","Resource":{}},{"Type":"BET_NONE ","Param":"0 0 0 0 0 ","Resource":{}},{"Type":"BET_NONE ","Param":"0 0 0 0 0 ","Resource":{}},{"Type":"BET_NONE ","Param":"0 0 0 0 0 ","Resource":{}},{"Type":"BET_NONE ","Param":"0 0 0 0 0 ","Resource":{}}],"Remove":{"Type":"0 ","Param":"0 0 0 0 0 "}},{"ID":"15 ","Resource":".\/Prefabs\/Effect\/Fire02_H","Time":"-1 ","EffectType":"15 ","ReviveRemove":"1 ","Param":"0 0 0 0 0 ","BuffGroup":"0 ","Priority":"0 ","Effects":[{"Type":"BET_NONE ","Param":"0 0 0 0 0 ","Resource":{}},{"Type":"BET_NONE ","Param":"0 0 0 0 0 ","Resource":{}},{"Type":"BET_NONE ","Param":"0 0 0 0 0 ","Resource":{}},{"Type":"BET_NONE ","Param":"0 0 0 0 0 ","Resource":{}},{"Type":"BET_NONE ","Param":"0 0 0 0 0 ","Resource":{}}],"Remove":{"Type":"0 ","Param":"0 0 0 0 0 "}},{"ID":"16 ","Resource":".\/Prefabs\/Effect\/Fire03_H","Time":"-1 ","EffectType":"16 ","ReviveRemove":"1 ","Param":"0 0 0 0 0 ","BuffGroup":"0 ","Priority":"0 ","Effects":[{"Type":"BET_NONE ","Param":"0 0 0 0 0 ","Resource":{}},{"Type":"BET_NONE ","Param":"0 0 0 0 0 ","Resource":{}},{"Type":"BET_NONE ","Param":"0 0 0 0 0 ","Resource":{}},{"Type":"BET_NONE ","Param":"0 0 0 0 0 ","Resource":{}},{"Type":"BET_NONE ","Param":"0 0 0 0 0 ","Resource":{}}],"Remove":{"Type":"0 ","Param":"0 0 0 0 0 "}},{"ID":"17 ","Resource":".\/Prefabs\/Effect\/jiaxue_2_H","Time":"1300 ","EffectType":"17 ","ReviveRemove":"0 ","Param":"25 0 0 0 0 ","BuffGroup":"0 ","Priority":"0 ","Effects":[{"Type":"BET_NONE ","Param":"0 0 0 0 0 ","Resource":{}},{"Type":"BET_NONE ","Param":"0 0 0 0 0 ","Resource":{}},{"Type":"BET_NONE ","Param":"0 0 0 0 0 ","Resource":{}},{"Type":"BET_NONE ","Param":"0 0 0 0 0 ","Resource":{}},{"Type":"BET_NONE ","Param":"0 0 0 0 0 ","Resource":{}}],"Remove":{"Type":"0 ","Param":"0 0 0 0 0 "}},{"ID":"18 ","Resource":{},"Time":"1000 ","EffectType":"18 ","ReviveRemove":"1 ","Param":"600 500 0 0 0 ","BuffGroup":"0 ","Priority":"0 ","Effects":[{"Type":"BET_NONE ","Param":"0 0 0 0 0 ","Resource":{}},{"Type":"BET_NONE ","Param":"0 0 0 0 0 ","Resource":{}},{"Type":"BET_NONE ","Param":"0 0 0 0 0 ","Resource":{}},{"Type":"BET_NONE ","Param":"0 0 0 0 0 ","Resource":{}},{"Type":"BET_NONE ","Param":"0 0 0 0 0 ","Resource":{}}],"Remove":{"Type":"0 ","Param":"0 0 0 0 0 "}},{"ID":"19 ","Resource":{},"Time":"-1 ","EffectType":"0 ","ReviveRemove":"1 ","Param":"0 0 0 0 0 ","BuffGroup":"1 ","Priority":"10 ","Effects":[{"Type":"BET_CHANGE_BULLET ","Param":"20004 0 0 0 0 ","Resource":{}},{"Type":"BET_NONE ","Param":"0 0 0 0 0 ","Resource":{}},{"Type":"BET_NONE ","Param":"0 0 0 0 0 ","Resource":{}},{"Type":"BET_NONE ","Param":"0 0 0 0 0 ","Resource":{}},{"Type":"BET_NONE ","Param":"0 0 0 0 0 ","Resource":{}}],"Remove":{"Type":"0 ","Param":"0 0 0 0 0 "}},{"ID":"20 ","Resource":{},"Time":"-1 ","EffectType":"0 ","ReviveRemove":"1 ","Param":"0 0 0 0 0 ","BuffGroup":"0 ","Priority":"0 ","Effects":[{"Type":"BET_FLUSH_MOVE_ALLOW ","Param":"0 0 0 0 0 ","Resource":{}},{"Type":"BET_FLUSH_MOVE_EXEC ","Param":"300 20007 0 1 0 ","Resource":{}},{"Type":"BET_NONE ","Param":"0 0 0 0 0 ","Resource":{}},{"Type":"BET_NONE ","Param":"0 0 0 0 0 ","Resource":{}},{"Type":"BET_NONE ","Param":"0 0 0 0 0 ","Resource":{}}],"Remove":{"Type":"0 ","Param":"0 0 0 0 0 "}},{"ID":"21 ","Resource":{},"Time":"5000 ","EffectType":"0 ","ReviveRemove":"1 ","Param":"0 0 0 0 0 ","BuffGroup":"0 ","Priority":"0 ","Effects":[{"Type":"BET_HIDE_EXEC ","Param":"7000 350 0 0 0 ","Resource":".\/Prefabs\/Effect\/Player_yinshen_H"},{"Type":"BET_CHANGE_ATTR ","Param":"3 100 0 0 0 ","Resource":{}},{"Type":"BET_NONE ","Param":"0 0 0 0 0 ","Resource":{}},{"Type":"BET_NONE ","Param":"0 0 0 0 0 ","Resource":{}},{"Type":"BET_NONE ","Param":"0 0 0 0 0 ","Resource":{}}],"Remove":{"Type":"BR_SPELL_ACTION ","Param":"0 0 0 0 0 "}},{"ID":"22 ","Resource":{},"Time":"-1 ","EffectType":"0 ","ReviveRemove":"1 ","Param":"0 0 0 0 0 ","BuffGroup":"1 ","Priority":"10 ","Effects":[{"Type":"BET_CHANGE_BULLET ","Param":"20006 0 0 0 0 ","Resource":{}},{"Type":"BET_CHANGE_ATTR ","Param":"5 400 0 0 0 ","Resource":{}},{"Type":"BET_NONE ","Param":"0 0 0 0 0 ","Resource":{}},{"Type":"BET_NONE ","Param":"0 0 0 0 0 ","Resource":{}},{"Type":"BET_NONE ","Param":"0 0 0 0 0 ","Resource":{}}],"Remove":{"Type":"0 ","Param":"0 0 0 0 0 "}},{"ID":"23 ","Resource":".\/Prefabs\/Effect\/baohuzhao_H","Time":"1250 ","EffectType":"0 ","ReviveRemove":"0 ","Param":"0 0 0 0 0 ","BuffGroup":"0 ","Priority":"0 ","Effects":[{"Type":"BET_NONE ","Param":"0 0 0 0 0 ","Resource":{}},{"Type":"BET_NONE ","Param":"0 0 0 0 0 ","Resource":{}},{"Type":"BET_NONE ","Param":"0 0 0 0 0 ","Resource":{}},{"Type":"BET_NONE ","Param":"0 0 0 0 0 ","Resource":{}},{"Type":"BET_NONE ","Param":"0 0 0 0 0 ","Resource":{}}],"Remove":{"Type":"0 ","Param":"0 0 0 0 0 "}},{"ID":"24 ","Resource":{},"Time":"-1 ","EffectType":"0 ","ReviveRemove":"1 ","Param":"0 0 0 0 0 ","BuffGroup":"0 ","Priority":"0 ","Effects":[{"Type":"BET_FLUSH_MOVE_ALLOW ","Param":"0 0 0 0 0 ","Resource":{}},{"Type":"BET_FLUSH_MOVE_EXEC ","Param":"400 20011 0 1 0 ","Resource":{}},{"Type":"BET_NONE ","Param":"0 0 0 0 0 ","Resource":{}},{"Type":"BET_NONE ","Param":"0 0 0 0 0 ","Resource":{}},{"Type":"BET_NONE ","Param":"0 0 0 0 0 ","Resource":{}}],"Remove":{"Type":"0 ","Param":"0 0 0 0 0 "}},{"ID":"25 ","Resource":{},"Time":"-1 ","EffectType":"0 ","ReviveRemove":"1 ","Param":"0 0 0 0 0 ","BuffGroup":"0 ","Priority":"0 ","Effects":[{"Type":"BET_FLUSH_MOVE_ALLOW ","Param":"0 0 0 0 0 ","Resource":{}},{"Type":"BET_FLUSH_MOVE_EXEC ","Param":"400 20011 0 1 0 ","Resource":{}},{"Type":"BET_NONE ","Param":"0 0 0 0 0 ","Resource":{}},{"Type":"BET_NONE ","Param":"0 0 0 0 0 ","Resource":{}},{"Type":"BET_NONE ","Param":"0 0 0 0 0 ","Resource":{}}],"Remove":{"Type":"0 ","Param":"0 0 0 0 0 "}},{"ID":"26 ","Resource":{},"Time":"-1 ","EffectType":"0 ","ReviveRemove":"1 ","Param":"0 0 0 0 0 ","BuffGroup":"0 ","Priority":"0 ","Effects":[{"Type":"BET_LASER_ALLOW ","Param":"0 0 0 0 0 ","Resource":{}},{"Type":"BET_LASER_EXEC ","Param":"10 500 10 3000 0 ","Resource":{}},{"Type":"BET_CHANGE_BULLET ","Param":"0 0 0 0 0 ","Resource":{}},{"Type":"BET_NONE ","Param":"0 0 0 0 0 ","Resource":{}},{"Type":"BET_NONE ","Param":"0 0 0 0 0 ","Resource":{}}],"Remove":{"Type":"0 ","Param":"0 0 0 0 0 "}},{"ID":"27 ","Resource":".\/Prefabs\/Effect\/jiaxue_2_H","Time":"1300 ","EffectType":"17 ","ReviveRemove":"0 ","Param":"100 0 0 0 0 ","BuffGroup":"0 ","Priority":"0 ","Effects":[{"Type":"BET_NONE ","Param":"0 0 0 0 0 ","Resource":{}},{"Type":"BET_NONE ","Param":"0 0 0 0 0 ","Resource":{}},{"Type":"BET_NONE ","Param":"0 0 0 0 0 ","Resource":{}},{"Type":"BET_NONE ","Param":"0 0 0 0 0 ","Resource":{}},{"Type":"BET_NONE ","Param":"0 0 0 0 0 ","Resource":{}}],"Remove":{"Type":"0 ","Param":"0 0 0 0 0 "}}]}