{"__type__":"cc.AnimationClip","_name":"daojishi_enter","_duration":3.33,"sample":30,"curveData":{"paths":{"_0006_daojishiditu":{"props":{"opacity":[{"frame":0,"value":0},{"frame":0.16666666666666666,"value":200},{"frame":0.26666666666666666,"value":255},{"frame":0.7666666666666667,"value":170},{"frame":0.9666666666666667,"value":0},{"frame":1.0333333333333334,"value":0},{"frame":1.1666666666666667,"value":200},{"frame":1.2666666666666666,"value":255},{"frame":1.7666666666666666,"value":170},{"frame":1.9666666666666666,"value":0},{"frame":2.033333333333333,"value":0},{"frame":2.1666666666666665,"value":200},{"frame":2.2666666666666666,"value":255},{"frame":2.7666666666666666,"value":175},{"frame":3,"value":0}],"scaleX":[{"frame":0,"value":0.01},{"frame":0.16666666666666666,"value":0.23},{"frame":0.26666666666666666,"value":0.97},{"frame":0.9666666666666667,"value":1},{"frame":1,"value":0.14},{"frame":1.1666666666666667,"value":1.13},{"frame":1.2666666666666666,"value":1.06},{"frame":1.9666666666666666,"value":1},{"frame":2,"value":0.02},{"frame":2.1666666666666665,"value":0.23},{"frame":2.2666666666666666,"value":0.97},{"frame":3,"value":1}],"scaleY":[{"frame":0,"value":0.14},{"frame":0.16666666666666666,"value":1.02},{"frame":0.26666666666666666,"value":1.06},{"frame":0.9666666666666667,"value":1},{"frame":1,"value":0.01},{"frame":1.1666666666666667,"value":0.23},{"frame":1.2666666666666666,"value":0.97},{"frame":1.9666666666666666,"value":1},{"frame":2,"value":0.27},{"frame":2.1666666666666665,"value":1.02},{"frame":2.2666666666666666,"value":1.06},{"frame":3,"value":1}],"rotation":[{"frame":0,"value":0},{"frame":0.16666666666666666,"value":0},{"frame":0.9666666666666667,"value":0},{"frame":1,"value":90},{"frame":1.1666666666666667,"value":90},{"frame":1.9666666666666666,"value":90},{"frame":2,"value":0},{"frame":3,"value":0}]}},"CountDown":{"props":{}},"_0004_cuihuidifangjididitu":{"props":{"scaleX":[{"frame":3.1666666666666665,"value":1},{"frame":3.3333333333333335,"value":1.55}],"scaleY":[{"frame":3.1666666666666665,"value":1},{"frame":3.2333333333333334,"value":0.16},{"frame":3.3333333333333335,"value":0.06}],"opacity":[{"frame":3.1666666666666665,"value":255},{"frame":3.3333333333333335,"value":0}]}},"_0004_cuihuidifangjididitu/New Label":{"props":{"scaleX":[{"frame":3,"value":1}],"opacity":[{"frame":3.1666666666666665,"value":255},{"frame":3.2666666666666666,"value":0}]}},"DJSBG":{"props":{"scaleX":[{"frame":0,"value":0},{"frame":0.2,"value":0.9},{"frame":0.3,"value":1},{"frame":2.7333333333333334,"value":1},{"frame":3,"value":1.8}],"opacity":[{"frame":2.7333333333333334,"value":255},{"frame":3,"value":0}]}}}}}