[{"__type__":"cc.Prefab","_name":"Tank_R","data":{"__id__":1},"asyncLoadAssets":false},{"__type__":"cc.Node","_name":"Tank_R","_children":[{"__id__":2}],"_components":[{"__type__":"cc.Animation","node":{"__id__":1},"_defaultClip":{"__uuid__":"f36ysosrRK47uCOraPea33"},"_clips":[{"__uuid__":"eaIFxZgZFISosIIoKPhGfh"},{"__uuid__":"f36ysosrRK47uCOraPea33"}],"playOnLoad":true}],"_prefab":{"__type__":"cc.PrefabInfo","root":{"__id__":1},"asset":{"__uuid__":"4akHte6RdNmb8wU3gf4dQV"},"fileId":"59LhXB5Z5B6J5N39Mr0np+"}},{"__type__":"cc.Node","_name":"Tank_group","_parent":{"__id__":1},"_children":[{"__id__":3},{"__id__":4}],"_prefab":{"__type__":"cc.PrefabInfo","root":{"__id__":1},"asset":{"__uuid__":"4akHte6RdNmb8wU3gf4dQV"},"fileId":"afuHWTLRRKCYXuGRvXXxZ0"},"_position":{"__type__":"cc.Vec2","y":-3.8}},{"__type__":"cc.Node","_name":"Tank_pao","_parent":{"__id__":2},"_components":[{"__type__":"cc.Sprite","node":{"__id__":3}}],"_prefab":{"__type__":"cc.PrefabInfo","root":{"__id__":1},"asset":{"__uuid__":"4akHte6RdNmb8wU3gf4dQV"},"fileId":"e0kan+Vm9HFIOiU0wtpWKs"},"_anchorPoint":{"__type__":"cc.Vec2","x":0.5},"_contentSize":{"__type__":"cc.Size","width":17,"height":26},"_position":{"__type__":"cc.Vec2","y":23}},{"__type__":"cc.Node","_name":"Tank_gaizi","_parent":{"__id__":2},"_components":[{"__type__":"cc.Sprite","node":{"__id__":4}}],"_prefab":{"__type__":"cc.PrefabInfo","root":{"__id__":1},"asset":{"__uuid__":"4akHte6RdNmb8wU3gf4dQV"},"fileId":"4dSxZ9m6BHv6oYXh05IeUp"},"_contentSize":{"__type__":"cc.Size","width":47,"height":53},"_position":{"__type__":"cc.Vec2","y":3.8}}]