{"__type__":"cc.AnimationClip","_name":"Logo_light_ani01","_duration":0.93,"curveData":{"paths":{"N_Logo_light01":{"props":{"scaleX":[{"frame":0.7666666666666667,"value":4},{"frame":0.9333333333333333,"value":4}],"scaleY":[{"frame":0.7666666666666667,"value":4},{"frame":0.9333333333333333,"value":4}],"rotation":[{"frame":0.7666666666666667,"value":0},{"frame":0.9333333333333333,"value":0}],"opacity":[{"frame":0.7666666666666667,"value":0},{"frame":0.9333333333333333,"value":255}]}},"N_Logo_light02":{"props":{"scaleY":[{"frame":0,"value":0.5},{"frame":0.7666666666666667,"value":1},{"frame":0.8166666666666667,"value":2},{"frame":0.9333333333333333,"value":2}],"scaleX":[{"frame":0,"value":0.5},{"frame":0.7666666666666667,"value":1},{"frame":0.8166666666666667,"value":2},{"frame":0.9333333333333333,"value":2}],"rotation":[{"frame":0,"value":-16},{"frame":0.7666666666666667,"value":-15},{"frame":0.8166666666666667,"value":-10},{"frame":0.9333333333333333,"value":0}],"opacity":[{"frame":0,"value":0},{"frame":0.7666666666666667,"value":0.1},{"frame":0.8166666666666667,"value":255},{"frame":0.9333333333333333,"value":255}]}}}}}